 	count
00000000000000	203
00000000000001	170
00000000000010	206
00000000000011	182
00000000000100	221
00000000000101	235
00000000000110	202
00000000000111	253
00000000001000	227
00000000001001	335
00000000001010	127
00000000001011	278
00000000001100	220
00000000001101	254
00000000001110	174
00000000001111	275
00000000010000	71
00000000010001	214
00000000010010	109
00000000010011	224
00000000010100	118
00000000010101	260
00000000010110	97
00000000010111	193
00000000011000	143
00000000011001	222
00000000011010	135
00000000011011	174
00000000011100	121
00000000011101	186
00000000011110	145
00000000011111	207
00000000100000	200
00000000100001	385
00000000100010	200
00000000100011	293
00000000100100	260
00000000100101	298
00000000100110	180
00000000100111	278
00000000101000	282
00000000101001	361
00000000101010	217
00000000101011	285
00000000101100	239
00000000101101	265
00000000101110	210
00000000101111	219
00000000110000	154
00000000110001	234
00000000110010	118
00000000110011	177
00000000110100	136
00000000110101	266
00000000110110	69
00000000110111	177
00000000111000	211
00000000111001	319
00000000111010	165
00000000111011	223
00000000111100	207
00000000111101	253
00000000111110	168
00000000111111	194
00000001000000	147
00000001000001	175
00000001000010	108
00000001000011	232
00000001000100	85
00000001000101	224
00000001000110	125
00000001000111	199
00000001001000	154
00000001001001	224
00000001001010	131
00000001001011	181
00000001001100	131
00000001001101	215
00000001001110	141
00000001001111	157
00000001010000	65
00000001010001	173
00000001010010	53
00000001010011	126
00000001010100	36
00000001010101	133
00000001010110	60
00000001010111	123
00000001011000	77
00000001011001	188
00000001011010	94
00000001011011	161
00000001011100	96
00000001011101	203
00000001011110	84
00000001011111	157
00000001100000	142
00000001100001	226
00000001100010	149
00000001100011	233
00000001100100	150
00000001100101	263
00000001100110	127
00000001100111	201
00000001101000	184
00000001101001	337
00000001101010	162
00000001101011	157
00000001101100	139
00000001101101	231
00000001101110	159
00000001101111	190
00000001110000	74
00000001110001	234
00000001110010	51
00000001110011	175
00000001110100	75
00000001110101	210
00000001110110	98
00000001110111	186
00000001111000	103
00000001111001	246
00000001111010	104
00000001111011	205
00000001111100	103
00000001111101	210
00000001111110	95
00000001111111	177
00000010000000	136
00000010000001	193
00000010000010	100
00000010000011	199
00000010000100	170
00000010000101	231
00000010000110	166
00000010000111	205
00000010001000	195
00000010001001	278
00000010001010	119
00000010001011	196
00000010001100	150
00000010001101	201
00000010001110	189
00000010001111	173
00000010010000	98
00000010010001	189
00000010010010	62
00000010010011	156
00000010010100	82
00000010010101	210
00000010010110	62
00000010010111	187
00000010011000	84
00000010011001	250
00000010011010	94
00000010011011	157
00000010011100	94
00000010011101	160
00000010011110	73
00000010011111	206
00000010100000	238
00000010100001	385
00000010100010	152
00000010100011	225
00000010100100	249
00000010100101	411
00000010100110	157
00000010100111	186
00000010101000	249
00000010101001	328
00000010101010	157
00000010101011	234
00000010101100	200
00000010101101	348
00000010101110	157
00000010101111	255
00000010110000	117
00000010110001	214
00000010110010	71
00000010110011	153
00000010110100	108
00000010110101	187
00000010110110	66
00000010110111	128
00000010111000	186
00000010111001	314
00000010111010	111
00000010111011	202
00000010111100	205
00000010111101	323
00000010111110	122
00000010111111	209
00000011000000	109
00000011000001	256
00000011000010	77
00000011000011	173
00000011000100	129
00000011000101	227
00000011000110	159
00000011000111	167
00000011001000	117
00000011001001	227
00000011001010	138
00000011001011	180
00000011001100	154
00000011001101	247
00000011001110	93
00000011001111	165
00000011010000	55
00000011010001	114
00000011010010	62
00000011010011	157
00000011010100	66
00000011010101	179
00000011010110	70
00000011010111	164
00000011011000	89
00000011011001	111
00000011011010	83
00000011011011	104
00000011011100	109
00000011011101	218
00000011011110	100
00000011011111	141
00000011100000	167
00000011100001	204
00000011100010	120
00000011100011	165
00000011100100	134
00000011100101	246
00000011100110	126
00000011100111	184
00000011101000	221
00000011101001	255
00000011101010	146
00000011101011	206
00000011101100	131
00000011101101	220
00000011101110	125
00000011101111	182
00000011110000	76
00000011110001	188
00000011110010	71
00000011110011	126
00000011110100	79
00000011110101	207
00000011110110	74
00000011110111	192
00000011111000	174
00000011111001	202
00000011111010	93
00000011111011	196
00000011111100	130
00000011111101	237
00000011111110	131
00000011111111	185
00000100000000	182
00000100000001	210
00000100000010	117
00000100000011	120
00000100000100	188
00000100000101	292
00000100000110	178
00000100000111	241
00000100001000	242
00000100001001	123
00000100001010	163
00000100001011	159
00000100001100	200
00000100001101	153
00000100001110	160
00000100001111	145
00000100010000	82
00000100010001	126
00000100010010	63
00000100010011	125
00000100010100	85
00000100010101	143
00000100010110	93
00000100010111	119
00000100011000	113
00000100011001	197
00000100011010	137
00000100011011	199
00000100011100	122
00000100011101	149
00000100011110	124
00000100011111	158
00000100100000	218
00000100100001	372
00000100100010	183
00000100100011	242
00000100100100	208
00000100100101	299
00000100100110	135
00000100100111	239
00000100101000	257
00000100101001	247
00000100101010	182
00000100101011	212
00000100101100	262
00000100101101	239
00000100101110	186
00000100101111	201
00000100110000	99
00000100110001	240
00000100110010	93
00000100110011	168
00000100110100	106
00000100110101	225
00000100110110	108
00000100110111	176
00000100111000	197
00000100111001	321
00000100111010	113
00000100111011	170
00000100111100	120
00000100111101	242
00000100111110	132
00000100111111	212
00000101000000	93
00000101000001	190
00000101000010	88
00000101000011	169
00000101000100	83
00000101000101	223
00000101000110	59
00000101000111	131
00000101001000	98
00000101001001	148
00000101001010	88
00000101001011	172
00000101001100	93
00000101001101	163
00000101001110	114
00000101001111	185
00000101010000	41
00000101010001	92
00000101010010	52
00000101010011	118
00000101010100	61
00000101010101	156
00000101010110	36
00000101010111	121
00000101011000	60
00000101011001	198
00000101011010	64
00000101011011	157
00000101011100	79
00000101011101	105
00000101011110	63
00000101011111	160
00000101100000	96
00000101100001	218
00000101100010	90
00000101100011	199
00000101100100	132
00000101100101	233
00000101100110	112
00000101100111	145
00000101101000	142
00000101101001	239
00000101101010	105
00000101101011	169
00000101101100	209
00000101101101	222
00000101101110	133
00000101101111	231
00000101110000	50
00000101110001	191
00000101110010	43
00000101110011	153
00000101110100	80
00000101110101	143
00000101110110	47
00000101110111	92
00000101111000	98
00000101111001	212
00000101111010	97
00000101111011	171
00000101111100	85
00000101111101	142
00000101111110	91
00000101111111	141
00000110000000	205
00000110000001	259
00000110000010	146
00000110000011	230
00000110000100	174
00000110000101	270
00000110000110	124
00000110000111	227
00000110001000	266
00000110001001	272
00000110001010	184
00000110001011	170
00000110001100	200
00000110001101	281
00000110001110	137
00000110001111	212
00000110010000	104
00000110010001	204
00000110010010	46
00000110010011	199
00000110010100	104
00000110010101	173
00000110010110	61
00000110010111	172
00000110011000	137
00000110011001	199
00000110011010	100
00000110011011	162
00000110011100	118
00000110011101	199
00000110011110	133
00000110011111	150
00000110100000	180
00000110100001	333
00000110100010	134
00000110100011	235
00000110100100	215
00000110100101	284
00000110100110	182
00000110100111	233
00000110101000	270
00000110101001	377
00000110101010	181
00000110101011	239
00000110101100	222
00000110101101	256
00000110101110	180
00000110101111	216
00000110110000	122
00000110110001	228
00000110110010	90
00000110110011	231
00000110110100	101
00000110110101	300
00000110110110	74
00000110110111	189
00000110111000	183
00000110111001	395
00000110111010	114
00000110111011	157
00000110111100	173
00000110111101	218
00000110111110	165
00000110111111	185
00000111000000	127
00000111000001	215
00000111000010	112
00000111000011	136
00000111000100	135
00000111000101	213
00000111000110	97
00000111000111	329
00000111001000	128
00000111001001	204
00000111001010	177
00000111001011	226
00000111001100	208
00000111001101	251
00000111001110	141
00000111001111	185
00000111010000	66
00000111010001	166
00000111010010	97
00000111010011	133
00000111010100	72
00000111010101	182
00000111010110	72
00000111010111	188
00000111011000	151
00000111011001	152
00000111011010	105
00000111011011	190
00000111011100	96
00000111011101	196
00000111011110	114
00000111011111	148
00000111100000	190
00000111100001	249
00000111100010	125
00000111100011	181
00000111100100	207
00000111100101	282
00000111100110	165
00000111100111	190
00000111101000	230
00000111101001	259
00000111101010	159
00000111101011	229
00000111101100	156
00000111101101	317
00000111101110	169
00000111101111	145
00000111110000	124
00000111110001	217
00000111110010	50
00000111110011	181
00000111110100	111
00000111110101	199
00000111110110	91
00000111110111	138
00000111111000	148
00000111111001	211
00000111111010	80
00000111111011	222
00000111111100	102
00000111111101	232
00000111111110	124
00000111111111	168
00001000000000	239
00001000000001	376
00001000000010	242
00001000000011	350
00001000000100	268
00001000000101	333
00001000000110	197
00001000000111	326
00001000001000	316
00001000001001	472
00001000001010	253
00001000001011	307
00001000001100	324
00001000001101	362
00001000001110	240
00001000001111	268
00001000010000	139
00001000010001	283
00001000010010	110
00001000010011	241
00001000010100	123
00001000010101	255
00001000010110	157
00001000010111	263
00001000011000	200
00001000011001	348
00001000011010	192
00001000011011	256
00001000011100	208
00001000011101	298
00001000011110	135
00001000011111	204
00001000100000	312
00001000100001	502
00001000100010	282
00001000100011	336
00001000100100	323
00001000100101	376
00001000100110	216
00001000100111	405
00001000101000	363
00001000101001	426
00001000101010	328
00001000101011	432
00001000101100	371
00001000101101	414
00001000101110	267
00001000101111	338
00001000110000	223
00001000110001	411
00001000110010	161
00001000110011	264
00001000110100	167
00001000110101	357
00001000110110	132
00001000110111	236
00001000111000	240
00001000111001	413
00001000111010	180
00001000111011	372
00001000111100	230
00001000111101	346
00001000111110	220
00001000111111	322
00001001000000	131
00001001000001	285
00001001000010	105
00001001000011	211
00001001000100	167
00001001000101	282
00001001000110	138
00001001000111	291
00001001001000	180
00001001001001	276
00001001001010	159
00001001001011	236
00001001001100	171
00001001001101	319
00001001001110	139
00001001001111	233
00001001010000	70
00001001010001	212
00001001010010	76
00001001010011	203
00001001010100	89
00001001010101	288
00001001010110	86
00001001010111	223
00001001011000	98
00001001011001	202
00001001011010	72
00001001011011	167
00001001011100	124
00001001011101	288
00001001011110	120
00001001011111	196
00001001100000	175
00001001100001	328
00001001100010	139
00001001100011	315
00001001100100	204
00001001100101	429
00001001100110	123
00001001100111	300
00001001101000	261
00001001101001	320
00001001101010	213
00001001101011	279
00001001101100	241
00001001101101	378
00001001101110	164
00001001101111	262
00001001110000	137
00001001110001	279
00001001110010	91
00001001110011	194
00001001110100	120
00001001110101	198
00001001110110	111
00001001110111	198
00001001111000	185
00001001111001	356
00001001111010	152
00001001111011	237
00001001111100	156
00001001111101	393
00001001111110	138
00001001111111	250
00001010000000	229
00001010000001	293
00001010000010	182
00001010000011	248
00001010000100	240
00001010000101	413
00001010000110	247
00001010000111	387
00001010001000	198
00001010001001	385
00001010001010	279
00001010001011	276
00001010001100	279
00001010001101	430
00001010001110	198
00001010001111	226
00001010010000	125
00001010010001	254
00001010010010	137
00001010010011	247
00001010010100	97
00001010010101	273
00001010010110	100
00001010010111	232
00001010011000	183
00001010011001	323
00001010011010	177
00001010011011	334
00001010011100	180
00001010011101	288
00001010011110	150
00001010011111	255
00001010100000	275
00001010100001	527
00001010100010	227
00001010100011	341
00001010100100	322
00001010100101	436
00001010100110	243
00001010100111	342
00001010101000	322
00001010101001	410
00001010101010	246
00001010101011	320
00001010101100	377
00001010101101	526
00001010101110	202
00001010101111	354
00001010110000	175
00001010110001	361
00001010110010	89
00001010110011	312
00001010110100	196
00001010110101	401
00001010110110	114
00001010110111	222
00001010111000	292
00001010111001	422
00001010111010	180
00001010111011	365
00001010111100	232
00001010111101	352
00001010111110	141
00001010111111	262
00001011000000	140
00001011000001	263
00001011000010	147
00001011000011	225
00001011000100	150
00001011000101	251
00001011000110	180
00001011000111	272
00001011001000	204
00001011001001	261
00001011001010	195
00001011001011	238
00001011001100	163
00001011001101	275
00001011001110	204
00001011001111	238
00001011010000	95
00001011010001	218
00001011010010	83
00001011010011	222
00001011010100	99
00001011010101	221
00001011010110	123
00001011010111	267
00001011011000	138
00001011011001	259
00001011011010	114
00001011011011	205
00001011011100	134
00001011011101	284
00001011011110	138
00001011011111	258
00001011100000	199
00001011100001	362
00001011100010	129
00001011100011	244
00001011100100	220
00001011100101	399
00001011100110	168
00001011100111	348
00001011101000	292
00001011101001	417
00001011101010	256
00001011101011	314
00001011101100	266
00001011101101	289
00001011101110	216
00001011101111	275
00001011110000	108
00001011110001	282
00001011110010	127
00001011110011	168
00001011110100	122
00001011110101	172
00001011110110	110
00001011110111	250
00001011111000	181
00001011111001	257
00001011111010	111
00001011111011	250
00001011111100	161
00001011111101	246
00001011111110	147
00001011111111	247
00001100000000	265
00001100000001	350
00001100000010	181
00001100000011	296
00001100000100	212
00001100000101	278
00001100000110	186
00001100000111	242
00001100001000	259
00001100001001	369
00001100001010	257
00001100001011	241
00001100001100	245
00001100001101	308
00001100001110	208
00001100001111	239
00001100010000	117
00001100010001	247
00001100010010	74
00001100010011	179
00001100010100	155
00001100010101	237
00001100010110	89
00001100010111	230
00001100011000	209
00001100011001	264
00001100011010	97
00001100011011	256
00001100011100	166
00001100011101	261
00001100011110	145
00001100011111	207
00001100100000	266
00001100100001	355
00001100100010	198
00001100100011	288
00001100100100	341
00001100100101	417
00001100100110	229
00001100100111	248
00001100101000	351
00001100101001	416
00001100101010	264
00001100101011	311
00001100101100	328
00001100101101	300
00001100101110	256
00001100101111	234
00001100110000	161
00001100110001	253
00001100110010	132
00001100110011	229
00001100110100	131
00001100110101	253
00001100110110	123
00001100110111	268
00001100111000	172
00001100111001	304
00001100111010	158
00001100111011	225
00001100111100	243
00001100111101	455
00001100111110	152
00001100111111	253
00001101000000	110
00001101000001	173
00001101000010	126
00001101000011	231
00001101000100	134
00001101000101	262
00001101000110	122
00001101000111	227
00001101001000	149
00001101001001	210
00001101001010	133
00001101001011	226
00001101001100	106
00001101001101	197
00001101001110	132
00001101001111	216
00001101010000	69
00001101010001	163
00001101010010	63
00001101010011	169
00001101010100	60
00001101010101	190
00001101010110	65
00001101010111	221
00001101011000	102
00001101011001	152
00001101011010	77
00001101011011	191
00001101011100	114
00001101011101	188
00001101011110	74
00001101011111	158
00001101100000	138
00001101100001	277
00001101100010	107
00001101100011	210
00001101100100	160
00001101100101	343
00001101100110	149
00001101100111	273
00001101101000	185
00001101101001	335
00001101101010	154
00001101101011	196
00001101101100	188
00001101101101	242
00001101101110	180
00001101101111	243
00001101110000	78
00001101110001	163
00001101110010	60
00001101110011	223
00001101110100	84
00001101110101	188
00001101110110	85
00001101110111	246
00001101111000	106
00001101111001	245
00001101111010	112
00001101111011	174
00001101111100	109
00001101111101	225
00001101111110	99
00001101111111	180
00001110000000	230
00001110000001	293
00001110000010	184
00001110000011	322
00001110000100	302
00001110000101	495
00001110000110	219
00001110000111	353
00001110001000	286
00001110001001	405
00001110001010	245
00001110001011	255
00001110001100	302
00001110001101	448
00001110001110	222
00001110001111	397
00001110010000	97
00001110010001	322
00001110010010	105
00001110010011	263
00001110010100	122
00001110010101	338
00001110010110	111
00001110010111	281
00001110011000	180
00001110011001	352
00001110011010	189
00001110011011	294
00001110011100	217
00001110011101	324
00001110011110	154
00001110011111	234
00001110100000	307
00001110100001	582
00001110100010	218
00001110100011	375
00001110100100	316
00001110100101	487
00001110100110	245
00001110100111	310
00001110101000	396
00001110101001	579
00001110101010	250
00001110101011	356
00001110101100	455
00001110101101	521
00001110101110	273
00001110101111	296
00001110110000	160
00001110110001	402
00001110110010	143
00001110110011	244
00001110110100	177
00001110110101	414
00001110110110	120
00001110110111	280
00001110111000	254
00001110111001	464
00001110111010	181
00001110111011	400
00001110111100	224
00001110111101	388
00001110111110	243
00001110111111	331
00001111000000	172
00001111000001	253
00001111000010	136
00001111000011	262
00001111000100	157
00001111000101	318
00001111000110	153
00001111000111	285
00001111001000	237
00001111001001	267
00001111001010	261
00001111001011	351
00001111001100	165
00001111001101	401
00001111001110	190
00001111001111	267
00001111010000	90
00001111010001	207
00001111010010	88
00001111010011	228
00001111010100	106
00001111010101	303
00001111010110	98
00001111010111	262
00001111011000	154
00001111011001	228
00001111011010	140
00001111011011	223
00001111011100	153
00001111011101	270
00001111011110	173
00001111011111	269
00001111100000	229
00001111100001	372
00001111100010	203
00001111100011	312
00001111100100	215
00001111100101	410
00001111100110	181
00001111100111	304
00001111101000	262
00001111101001	353
00001111101010	208
00001111101011	290
00001111101100	281
00001111101101	420
00001111101110	218
00001111101111	292
00001111110000	101
00001111110001	268
00001111110010	105
00001111110011	230
00001111110100	141
00001111110101	378
00001111110110	114
00001111110111	234
00001111111000	190
00001111111001	341
00001111111010	149
00001111111011	284
00001111111100	141
00001111111101	332
00001111111110	142
00001111111111	206
00010000000000	283
00010000000001	355
00010000000010	322
00010000000011	385
00010000000100	313
00010000000101	406
00010000000110	240
00010000000111	274
00010000001000	387
00010000001001	410
00010000001010	334
00010000001011	479
00010000001100	355
00010000001101	429
00010000001110	369
00010000001111	310
00010000010000	177
00010000010001	343
00010000010010	152
00010000010011	315
00010000010100	201
00010000010101	321
00010000010110	151
00010000010111	269
00010000011000	218
00010000011001	355
00010000011010	278
00010000011011	308
00010000011100	236
00010000011101	352
00010000011110	232
00010000011111	317
00010000100000	345
00010000100001	538
00010000100010	276
00010000100011	400
00010000100100	375
00010000100101	549
00010000100110	257
00010000100111	408
00010000101000	500
00010000101001	710
00010000101010	416
00010000101011	504
00010000101100	516
00010000101101	673
00010000101110	364
00010000101111	434
00010000110000	189
00010000110001	392
00010000110010	164
00010000110011	306
00010000110100	198
00010000110101	516
00010000110110	153
00010000110111	262
00010000111000	383
00010000111001	438
00010000111010	190
00010000111011	432
00010000111100	325
00010000111101	454
00010000111110	223
00010000111111	398
00010001000000	199
00010001000001	291
00010001000010	190
00010001000011	219
00010001000100	258
00010001000101	388
00010001000110	203
00010001000111	359
00010001001000	207
00010001001001	364
00010001001010	192
00010001001011	308
00010001001100	232
00010001001101	270
00010001001110	199
00010001001111	297
00010001010000	146
00010001010001	280
00010001010010	67
00010001010011	304
00010001010100	104
00010001010101	271
00010001010110	101
00010001010111	295
00010001011000	155
00010001011001	203
00010001011010	161
00010001011011	306
00010001011100	183
00010001011101	265
00010001011110	151
00010001011111	334
00010001100000	251
00010001100001	437
00010001100010	186
00010001100011	320
00010001100100	294
00010001100101	480
00010001100110	228
00010001100111	306
00010001101000	205
00010001101001	433
00010001101010	274
00010001101011	324
00010001101100	271
00010001101101	338
00010001101110	194
00010001101111	362
00010001110000	121
00010001110001	300
00010001110010	118
00010001110011	324
00010001110100	151
00010001110101	333
00010001110110	122
00010001110111	212
00010001111000	162
00010001111001	434
00010001111010	161
00010001111011	304
00010001111100	210
00010001111101	389
00010001111110	192
00010001111111	268
00010010000000	276
00010010000001	359
00010010000010	254
00010010000011	374
00010010000100	329
00010010000101	559
00010010000110	261
00010010000111	423
00010010001000	333
00010010001001	512
00010010001010	279
00010010001011	469
00010010001100	323
00010010001101	452
00010010001110	256
00010010001111	347
00010010010000	143
00010010010001	267
00010010010010	139
00010010010011	330
00010010010100	161
00010010010101	404
00010010010110	140
00010010010111	207
00010010011000	236
00010010011001	341
00010010011010	198
00010010011011	279
00010010011100	238
00010010011101	307
00010010011110	190
00010010011111	307
00010010100000	342
00010010100001	568
00010010100010	291
00010010100011	394
00010010100100	354
00010010100101	575
00010010100110	241
00010010100111	391
00010010101000	434
00010010101001	569
00010010101010	300
00010010101011	517
00010010101100	424
00010010101101	515
00010010101110	285
00010010101111	313
00010010110000	181
00010010110001	376
00010010110010	141
00010010110011	260
00010010110100	195
00010010110101	330
00010010110110	160
00010010110111	245
00010010111000	334
00010010111001	538
00010010111010	191
00010010111011	335
00010010111100	310
00010010111101	483
00010010111110	217
00010010111111	377
00010011000000	169
00010011000001	283
00010011000010	160
00010011000011	255
00010011000100	184
00010011000101	300
00010011000110	204
00010011000111	277
00010011001000	242
00010011001001	357
00010011001010	207
00010011001011	331
00010011001100	195
00010011001101	307
00010011001110	208
00010011001111	277
00010011010000	133
00010011010001	210
00010011010010	77
00010011010011	206
00010011010100	127
00010011010101	255
00010011010110	123
00010011010111	251
00010011011000	166
00010011011001	342
00010011011010	142
00010011011011	239
00010011011100	121
00010011011101	309
00010011011110	137
00010011011111	302
00010011100000	267
00010011100001	478
00010011100010	229
00010011100011	348
00010011100100	297
00010011100101	316
00010011100110	262
00010011100111	238
00010011101000	315
00010011101001	446
00010011101010	247
00010011101011	342
00010011101100	264
00010011101101	333
00010011101110	183
00010011101111	269
00010011110000	156
00010011110001	365
00010011110010	110
00010011110011	206
00010011110100	163
00010011110101	399
00010011110110	113
00010011110111	269
00010011111000	161
00010011111001	414
00010011111010	180
00010011111011	268
00010011111100	206
00010011111101	323
00010011111110	170
00010011111111	273
00010100000000	298
00010100000001	296
00010100000010	252
00010100000011	376
00010100000100	245
00010100000101	482
00010100000110	269
00010100000111	259
00010100001000	376
00010100001001	450
00010100001010	319
00010100001011	299
00010100001100	353
00010100001101	347
00010100001110	212
00010100001111	296
00010100010000	138
00010100010001	365
00010100010010	147
00010100010011	168
00010100010100	167
00010100010101	331
00010100010110	126
00010100010111	274
00010100011000	253
00010100011001	303
00010100011010	204
00010100011011	321
00010100011100	198
00010100011101	329
00010100011110	197
00010100011111	325
00010100100000	324
00010100100001	516
00010100100010	226
00010100100011	345
00010100100100	374
00010100100101	486
00010100100110	268
00010100100111	415
00010100101000	319
00010100101001	453
00010100101010	268
00010100101011	414
00010100101100	415
00010100101101	438
00010100101110	270
00010100101111	301
00010100110000	191
00010100110001	291
00010100110010	118
00010100110011	276
00010100110100	200
00010100110101	454
00010100110110	140
00010100110111	295
00010100111000	243
00010100111001	373
00010100111010	199
00010100111011	211
00010100111100	306
00010100111101	420
00010100111110	194
00010100111111	274
00010101000000	137
00010101000001	260
00010101000010	195
00010101000011	264
00010101000100	184
00010101000101	359
00010101000110	153
00010101000111	257
00010101001000	160
00010101001001	231
00010101001010	157
00010101001011	237
00010101001100	179
00010101001101	363
00010101001110	114
00010101001111	234
00010101010000	93
00010101010001	273
00010101010010	103
00010101010011	199
00010101010100	93
00010101010101	212
00010101010110	93
00010101010111	211
00010101011000	101
00010101011001	258
00010101011010	119
00010101011011	263
00010101011100	155
00010101011101	233
00010101011110	156
00010101011111	280
00010101100000	206
00010101100001	429
00010101100010	132
00010101100011	254
00010101100100	246
00010101100101	413
00010101100110	187
00010101100111	342
00010101101000	264
00010101101001	361
00010101101010	201
00010101101011	219
00010101101100	216
00010101101101	377
00010101101110	166
00010101101111	266
00010101110000	93
00010101110001	282
00010101110010	86
00010101110011	223
00010101110100	161
00010101110101	287
00010101110110	85
00010101110111	262
00010101111000	145
00010101111001	363
00010101111010	138
00010101111011	279
00010101111100	205
00010101111101	349
00010101111110	137
00010101111111	260
00010110000000	351
00010110000001	549
00010110000010	244
00010110000011	372
00010110000100	407
00010110000101	402
00010110000110	318
00010110000111	387
00010110001000	427
00010110001001	514
00010110001010	370
00010110001011	383
00010110001100	477
00010110001101	535
00010110001110	259
00010110001111	379
00010110010000	180
00010110010001	434
00010110010010	126
00010110010011	300
00010110010100	192
00010110010101	392
00010110010110	139
00010110010111	312
00010110011000	284
00010110011001	451
00010110011010	206
00010110011011	480
00010110011100	328
00010110011101	422
00010110011110	192
00010110011111	313
00010110100000	440
00010110100001	778
00010110100010	297
00010110100011	445
00010110100100	520
00010110100101	745
00010110100110	303
00010110100111	372
00010110101000	538
00010110101001	723
00010110101010	403
00010110101011	489
00010110101100	473
00010110101101	496
00010110101110	316
00010110101111	409
00010110110000	207
00010110110001	464
00010110110010	200
00010110110011	354
00010110110100	250
00010110110101	519
00010110110110	189
00010110110111	314
00010110111000	396
00010110111001	673
00010110111010	233
00010110111011	444
00010110111100	327
00010110111101	410
00010110111110	233
00010110111111	400
00010111000000	242
00010111000001	338
00010111000010	215
00010111000011	394
00010111000100	254
00010111000101	346
00010111000110	249
00010111000111	362
00010111001000	295
00010111001001	454
00010111001010	205
00010111001011	373
00010111001100	252
00010111001101	466
00010111001110	179
00010111001111	277
00010111010000	114
00010111010001	222
00010111010010	99
00010111010011	305
00010111010100	114
00010111010101	258
00010111010110	134
00010111010111	254
00010111011000	189
00010111011001	353
00010111011010	174
00010111011011	389
00010111011100	228
00010111011101	236
00010111011110	127
00010111011111	296
00010111100000	277
00010111100001	534
00010111100010	246
00010111100011	320
00010111100100	293
00010111100101	550
00010111100110	192
00010111100111	373
00010111101000	404
00010111101001	461
00010111101010	277
00010111101011	350
00010111101100	354
00010111101101	423
00010111101110	267
00010111101111	279
00010111110000	165
00010111110001	409
00010111110010	113
00010111110011	299
00010111110100	166
00010111110101	368
00010111110110	113
00010111110111	320
00010111111000	191
00010111111001	558
00010111111010	187
00010111111011	351
00010111111100	248
00010111111101	375
00010111111110	234
00010111111111	257
00011000000000	194
00011000000001	361
00011000000010	186
00011000000011	259
00011000000100	248
00011000000101	343
00011000000110	223
00011000000111	254
00011000001000	287
00011000001001	329
00011000001010	255
00011000001011	242
00011000001100	277
00011000001101	371
00011000001110	191
00011000001111	233
00011000010000	126
00011000010001	217
00011000010010	57
00011000010011	259
00011000010100	116
00011000010101	327
00011000010110	106
00011000010111	222
00011000011000	201
00011000011001	361
00011000011010	179
00011000011011	210
00011000011100	143
00011000011101	198
00011000011110	169
00011000011111	198
00011000100000	326
00011000100001	393
00011000100010	228
00011000100011	231
00011000100100	317
00011000100101	399
00011000100110	214
00011000100111	261
00011000101000	412
00011000101001	366
00011000101010	263
00011000101011	256
00011000101100	342
00011000101101	463
00011000101110	230
00011000101111	296
00011000110000	175
00011000110001	365
00011000110010	118
00011000110011	262
00011000110100	165
00011000110101	275
00011000110110	100
00011000110111	216
00011000111000	213
00011000111001	379
00011000111010	213
00011000111011	290
00011000111100	205
00011000111101	349
00011000111110	166
00011000111111	235
00011001000000	158
00011001000001	277
00011001000010	131
00011001000011	216
00011001000100	184
00011001000101	273
00011001000110	197
00011001000111	227
00011001001000	176
00011001001001	277
00011001001010	120
00011001001011	202
00011001001100	139
00011001001101	281
00011001001110	177
00011001001111	236
00011001010000	66
00011001010001	217
00011001010010	82
00011001010011	144
00011001010100	73
00011001010101	239
00011001010110	60
00011001010111	186
00011001011000	128
00011001011001	231
00011001011010	74
00011001011011	265
00011001011100	108
00011001011101	221
00011001011110	99
00011001011111	173
00011001100000	195
00011001100001	296
00011001100010	143
00011001100011	246
00011001100100	200
00011001100101	403
00011001100110	160
00011001100111	293
00011001101000	271
00011001101001	342
00011001101010	106
00011001101011	291
00011001101100	229
00011001101101	346
00011001101110	159
00011001101111	154
00011001110000	105
00011001110001	231
00011001110010	95
00011001110011	218
00011001110100	105
00011001110101	295
00011001110110	112
00011001110111	227
00011001111000	148
00011001111001	271
00011001111010	106
00011001111011	223
00011001111100	107
00011001111101	188
00011001111110	127
00011001111111	228
00011010000000	160
00011010000001	388
00011010000010	177
00011010000011	276
00011010000100	226
00011010000101	263
00011010000110	167
00011010000111	280
00011010001000	283
00011010001001	379
00011010001010	280
00011010001011	234
00011010001100	181
00011010001101	278
00011010001110	194
00011010001111	237
00011010010000	125
00011010010001	243
00011010010010	93
00011010010011	226
00011010010100	134
00011010010101	218
00011010010110	99
00011010010111	235
00011010011000	139
00011010011001	346
00011010011010	137
00011010011011	278
00011010011100	132
00011010011101	335
00011010011110	121
00011010011111	242
00011010100000	333
00011010100001	448
00011010100010	214
00011010100011	358
00011010100100	264
00011010100101	496
00011010100110	191
00011010100111	210
00011010101000	314
00011010101001	423
00011010101010	215
00011010101011	352
00011010101100	384
00011010101101	333
00011010101110	188
00011010101111	278
00011010110000	167
00011010110001	346
00011010110010	116
00011010110011	186
00011010110100	115
00011010110101	401
00011010110110	112
00011010110111	185
00011010111000	221
00011010111001	370
00011010111010	174
00011010111011	233
00011010111100	216
00011010111101	336
00011010111110	128
00011010111111	248
00011011000000	138
00011011000001	240
00011011000010	123
00011011000011	258
00011011000100	136
00011011000101	214
00011011000110	148
00011011000111	265
00011011001000	176
00011011001001	287
00011011001010	189
00011011001011	236
00011011001100	190
00011011001101	211
00011011001110	158
00011011001111	230
00011011010000	71
00011011010001	192
00011011010010	68
00011011010011	201
00011011010100	108
00011011010101	231
00011011010110	71
00011011010111	172
00011011011000	113
00011011011001	226
00011011011010	108
00011011011011	169
00011011011100	149
00011011011101	229
00011011011110	121
00011011011111	203
00011011100000	177
00011011100001	315
00011011100010	166
00011011100011	199
00011011100100	193
00011011100101	341
00011011100110	133
00011011100111	174
00011011101000	208
00011011101001	421
00011011101010	209
00011011101011	221
00011011101100	253
00011011101101	297
00011011101110	184
00011011101111	223
00011011110000	104
00011011110001	239
00011011110010	102
00011011110011	189
00011011110100	78
00011011110101	236
00011011110110	89
00011011110111	173
00011011111000	129
00011011111001	353
00011011111010	90
00011011111011	262
00011011111100	174
00011011111101	226
00011011111110	124
00011011111111	182
00011100000000	244
00011100000001	302
00011100000010	183
00011100000011	223
00011100000100	232
00011100000101	338
00011100000110	159
00011100000111	247
00011100001000	247
00011100001001	314
00011100001010	260
00011100001011	249
00011100001100	179
00011100001101	284
00011100001110	165
00011100001111	195
00011100010000	149
00011100010001	261
00011100010010	91
00011100010011	194
00011100010100	92
00011100010101	237
00011100010110	64
00011100010111	222
00011100011000	104
00011100011001	215
00011100011010	126
00011100011011	243
00011100011100	149
00011100011101	251
00011100011110	103
00011100011111	187
00011100100000	265
00011100100001	365
00011100100010	195
00011100100011	305
00011100100100	257
00011100100101	402
00011100100110	212
00011100100111	295
00011100101000	221
00011100101001	360
00011100101010	183
00011100101011	300
00011100101100	308
00011100101101	339
00011100101110	213
00011100101111	224
00011100110000	130
00011100110001	259
00011100110010	87
00011100110011	211
00011100110100	153
00011100110101	327
00011100110110	151
00011100110111	192
00011100111000	244
00011100111001	317
00011100111010	147
00011100111011	249
00011100111100	162
00011100111101	280
00011100111110	96
00011100111111	200
00011101000000	78
00011101000001	306
00011101000010	126
00011101000011	222
00011101000100	119
00011101000101	268
00011101000110	124
00011101000111	181
00011101001000	129
00011101001001	236
00011101001010	105
00011101001011	221
00011101001100	151
00011101001101	170
00011101001110	129
00011101001111	195
00011101010000	75
00011101010001	168
00011101010010	56
00011101010011	200
00011101010100	74
00011101010101	176
00011101010110	60
00011101010111	186
00011101011000	66
00011101011001	212
00011101011010	65
00011101011011	141
00011101011100	87
00011101011101	214
00011101011110	80
00011101011111	239
00011101100000	122
00011101100001	283
00011101100010	111
00011101100011	212
00011101100100	125
00011101100101	293
00011101100110	92
00011101100111	238
00011101101000	151
00011101101001	356
00011101101010	135
00011101101011	246
00011101101100	221
00011101101101	230
00011101101110	176
00011101101111	242
00011101110000	88
00011101110001	249
00011101110010	53
00011101110011	121
00011101110100	104
00011101110101	270
00011101110110	81
00011101110111	162
00011101111000	95
00011101111001	199
00011101111010	83
00011101111011	238
00011101111100	126
00011101111101	277
00011101111110	99
00011101111111	185
00011110000000	275
00011110000001	448
00011110000010	184
00011110000011	289
00011110000100	284
00011110000101	398
00011110000110	222
00011110000111	381
00011110001000	287
00011110001001	305
00011110001010	246
00011110001011	301
00011110001100	307
00011110001101	371
00011110001110	234
00011110001111	278
00011110010000	124
00011110010001	315
00011110010010	97
00011110010011	257
00011110010100	135
00011110010101	255
00011110010110	108
00011110010111	223
00011110011000	136
00011110011001	361
00011110011010	142
00011110011011	286
00011110011100	231
00011110011101	251
00011110011110	112
00011110011111	249
00011110100000	254
00011110100001	376
00011110100010	235
00011110100011	352
00011110100100	300
00011110100101	391
00011110100110	211
00011110100111	366
00011110101000	405
00011110101001	453
00011110101010	310
00011110101011	358
00011110101100	404
00011110101101	442
00011110101110	241
00011110101111	328
00011110110000	136
00011110110001	354
00011110110010	87
00011110110011	290
00011110110100	186
00011110110101	362
00011110110110	109
00011110110111	279
00011110111000	296
00011110111001	425
00011110111010	207
00011110111011	341
00011110111100	273
00011110111101	363
00011110111110	221
00011110111111	249
00011111000000	170
00011111000001	231
00011111000010	167
00011111000011	249
00011111000100	149
00011111000101	284
00011111000110	137
00011111000111	307
00011111001000	189
00011111001001	281
00011111001010	201
00011111001011	230
00011111001100	215
00011111001101	311
00011111001110	129
00011111001111	184
00011111010000	102
00011111010001	170
00011111010010	57
00011111010011	180
00011111010100	74
00011111010101	233
00011111010110	103
00011111010111	185
00011111011000	117
00011111011001	276
00011111011010	113
00011111011011	248
00011111011100	133
00011111011101	225
00011111011110	111
00011111011111	241
00011111100000	178
00011111100001	365
00011111100010	160
00011111100011	262
00011111100100	281
00011111100101	363
00011111100110	158
00011111100111	220
00011111101000	298
00011111101001	330
00011111101010	215
00011111101011	272
00011111101100	264
00011111101101	325
00011111101110	172
00011111101111	255
00011111110000	104
00011111110001	212
00011111110010	70
00011111110011	164
00011111110100	112
00011111110101	218
00011111110110	125
00011111110111	254
00011111111000	153
00011111111001	302
00011111111010	130
00011111111011	238
00011111111100	160
00011111111101	281
00011111111110	113
00011111111111	274
00100000000000	227
00100000000001	270
00100000000010	207
00100000000011	261
00100000000100	260
00100000000101	263
00100000000110	161
00100000000111	222
00100000001000	341
00100000001001	316
00100000001010	170
00100000001011	211
00100000001100	237
00100000001101	243
00100000001110	160
00100000001111	197
00100000010000	107
00100000010001	223
00100000010010	114
00100000010011	216
00100000010100	89
00100000010101	284
00100000010110	106
00100000010111	212
00100000011000	197
00100000011001	252
00100000011010	159
00100000011011	221
00100000011100	172
00100000011101	254
00100000011110	126
00100000011111	175
00100000100000	258
00100000100001	343
00100000100010	225
00100000100011	313
00100000100100	296
00100000100101	385
00100000100110	183
00100000100111	277
00100000101000	341
00100000101001	410
00100000101010	185
00100000101011	379
00100000101100	266
00100000101101	370
00100000101110	199
00100000101111	236
00100000110000	180
00100000110001	270
00100000110010	128
00100000110011	258
00100000110100	140
00100000110101	294
00100000110110	126
00100000110111	240
00100000111000	226
00100000111001	360
00100000111010	175
00100000111011	233
00100000111100	228
00100000111101	211
00100000111110	207
00100000111111	195
00100001000000	117
00100001000001	242
00100001000010	118
00100001000011	188
00100001000100	108
00100001000101	241
00100001000110	109
00100001000111	228
00100001001000	149
00100001001001	238
00100001001010	133
00100001001011	152
00100001001100	130
00100001001101	131
00100001001110	91
00100001001111	164
00100001010000	65
00100001010001	123
00100001010010	58
00100001010011	186
00100001010100	85
00100001010101	149
00100001010110	67
00100001010111	144
00100001011000	109
00100001011001	231
00100001011010	55
00100001011011	175
00100001011100	107
00100001011101	112
00100001011110	92
00100001011111	166
00100001100000	133
00100001100001	266
00100001100010	103
00100001100011	228
00100001100100	164
00100001100101	322
00100001100110	134
00100001100111	238
00100001101000	105
00100001101001	225
00100001101010	210
00100001101011	234
00100001101100	186
00100001101101	260
00100001101110	143
00100001101111	193
00100001110000	91
00100001110001	201
00100001110010	56
00100001110011	124
00100001110100	85
00100001110101	234
00100001110110	76
00100001110111	203
00100001111000	111
00100001111001	268
00100001111010	103
00100001111011	185
00100001111100	127
00100001111101	242
00100001111110	107
00100001111111	166
00100010000000	138
00100010000001	309
00100010000010	110
00100010000011	153
00100010000100	200
00100010000101	266
00100010000110	123
00100010000111	191
00100010001000	193
00100010001001	316
00100010001010	121
00100010001011	160
00100010001100	172
00100010001101	239
00100010001110	171
00100010001111	133
00100010010000	109
00100010010001	234
00100010010010	62
00100010010011	134
00100010010100	92
00100010010101	177
00100010010110	66
00100010010111	171
00100010011000	144
00100010011001	265
00100010011010	100
00100010011011	249
00100010011100	116
00100010011101	210
00100010011110	101
00100010011111	142
00100010100000	249
00100010100001	356
00100010100010	157
00100010100011	152
00100010100100	248
00100010100101	405
00100010100110	175
00100010100111	237
00100010101000	246
00100010101001	270
00100010101010	206
00100010101011	141
00100010101100	235
00100010101101	299
00100010101110	161
00100010101111	220
00100010110000	149
00100010110001	209
00100010110010	98
00100010110011	184
00100010110100	123
00100010110101	307
00100010110110	84
00100010110111	248
00100010111000	179
00100010111001	288
00100010111010	149
00100010111011	269
00100010111100	154
00100010111101	317
00100010111110	89
00100010111111	189
00100011000000	146
00100011000001	169
00100011000010	98
00100011000011	144
00100011000100	95
00100011000101	144
00100011000110	118
00100011000111	144
00100011001000	137
00100011001001	148
00100011001010	139
00100011001011	125
00100011001100	114
00100011001101	170
00100011001110	96
00100011001111	135
00100011010000	82
00100011010001	188
00100011010010	45
00100011010011	138
00100011010100	57
00100011010101	146
00100011010110	51
00100011010111	135
00100011011000	108
00100011011001	149
00100011011010	93
00100011011011	124
00100011011100	114
00100011011101	208
00100011011110	96
00100011011111	125
00100011100000	176
00100011100001	274
00100011100010	125
00100011100011	169
00100011100100	183
00100011100101	283
00100011100110	147
00100011100111	157
00100011101000	173
00100011101001	235
00100011101010	175
00100011101011	183
00100011101100	156
00100011101101	243
00100011101110	138
00100011101111	245
00100011110000	83
00100011110001	203
00100011110010	90
00100011110011	161
00100011110100	92
00100011110101	188
00100011110110	76
00100011110111	184
00100011111000	138
00100011111001	210
00100011111010	81
00100011111011	237
00100011111100	121
00100011111101	230
00100011111110	65
00100011111111	134
00100100000000	180
00100100000001	277
00100100000010	185
00100100000011	199
00100100000100	179
00100100000101	267
00100100000110	149
00100100000111	259
00100100001000	174
00100100001001	290
00100100001010	148
00100100001011	138
00100100001100	199
00100100001101	221
00100100001110	141
00100100001111	173
00100100010000	115
00100100010001	158
00100100010010	61
00100100010011	116
00100100010100	93
00100100010101	183
00100100010110	102
00100100010111	170
00100100011000	145
00100100011001	235
00100100011010	135
00100100011011	195
00100100011100	131
00100100011101	198
00100100011110	105
00100100011111	116
00100100100000	250
00100100100001	307
00100100100010	192
00100100100011	218
00100100100100	211
00100100100101	331
00100100100110	182
00100100100111	246
00100100101000	265
00100100101001	280
00100100101010	185
00100100101011	242
00100100101100	231
00100100101101	249
00100100101110	217
00100100101111	189
00100100110000	128
00100100110001	264
00100100110010	73
00100100110011	197
00100100110100	120
00100100110101	290
00100100110110	79
00100100110111	150
00100100111000	136
00100100111001	302
00100100111010	171
00100100111011	186
00100100111100	160
00100100111101	243
00100100111110	102
00100100111111	300
00100101000000	66
00100101000001	170
00100101000010	64
00100101000011	164
00100101000100	107
00100101000101	172
00100101000110	53
00100101000111	175
00100101001000	128
00100101001001	152
00100101001010	92
00100101001011	166
00100101001100	105
00100101001101	143
00100101001110	98
00100101001111	117
00100101010000	63
00100101010001	190
00100101010010	39
00100101010011	108
00100101010100	54
00100101010101	108
00100101010110	40
00100101010111	138
00100101011000	62
00100101011001	172
00100101011010	69
00100101011011	164
00100101011100	57
00100101011101	125
00100101011110	64
00100101011111	166
00100101100000	113
00100101100001	143
00100101100010	83
00100101100011	195
00100101100100	136
00100101100101	298
00100101100110	94
00100101100111	165
00100101101000	107
00100101101001	242
00100101101010	83
00100101101011	175
00100101101100	125
00100101101101	243
00100101101110	65
00100101101111	158
00100101110000	57
00100101110001	146
00100101110010	40
00100101110011	124
00100101110100	60
00100101110101	251
00100101110110	43
00100101110111	157
00100101111000	87
00100101111001	189
00100101111010	59
00100101111011	125
00100101111100	88
00100101111101	178
00100101111110	89
00100101111111	114
00100110000000	223
00100110000001	260
00100110000010	162
00100110000011	213
00100110000100	258
00100110000101	233
00100110000110	140
00100110000111	161
00100110001000	238
00100110001001	317
00100110001010	160
00100110001011	191
00100110001100	190
00100110001101	305
00100110001110	168
00100110001111	194
00100110010000	128
00100110010001	151
00100110010010	64
00100110010011	201
00100110010100	117
00100110010101	198
00100110010110	98
00100110010111	246
00100110011000	183
00100110011001	292
00100110011010	126
00100110011011	245
00100110011100	189
00100110011101	246
00100110011110	129
00100110011111	131
00100110100000	232
00100110100001	400
00100110100010	157
00100110100011	267
00100110100100	237
00100110100101	391
00100110100110	132
00100110100111	209
00100110101000	331
00100110101001	363
00100110101010	211
00100110101011	261
00100110101100	265
00100110101101	239
00100110101110	212
00100110101111	223
00100110110000	89
00100110110001	312
00100110110010	108
00100110110011	176
00100110110100	193
00100110110101	280
00100110110110	125
00100110110111	247
00100110111000	201
00100110111001	302
00100110111010	169
00100110111011	171
00100110111100	210
00100110111101	311
00100110111110	164
00100110111111	186
00100111000000	116
00100111000001	203
00100111000010	121
00100111000011	176
00100111000100	141
00100111000101	216
00100111000110	121
00100111000111	166
00100111001000	149
00100111001001	178
00100111001010	133
00100111001011	162
00100111001100	114
00100111001101	194
00100111001110	91
00100111001111	126
00100111010000	67
00100111010001	237
00100111010010	74
00100111010011	177
00100111010100	68
00100111010101	165
00100111010110	105
00100111010111	169
00100111011000	103
00100111011001	230
00100111011010	113
00100111011011	178
00100111011100	120
00100111011101	159
00100111011110	75
00100111011111	182
00100111100000	162
00100111100001	331
00100111100010	123
00100111100011	158
00100111100100	163
00100111100101	294
00100111100110	136
00100111100111	239
00100111101000	172
00100111101001	265
00100111101010	197
00100111101011	181
00100111101100	220
00100111101101	255
00100111101110	158
00100111101111	175
00100111110000	112
00100111110001	213
00100111110010	57
00100111110011	226
00100111110100	99
00100111110101	246
00100111110110	124
00100111110111	165
00100111111000	136
00100111111001	234
00100111111010	119
00100111111011	179
00100111111100	133
00100111111101	192
00100111111110	110
00100111111111	143
00101000000000	362
00101000000001	434
00101000000010	155
00101000000011	274
00101000000100	284
00101000000101	471
00101000000110	169
00101000000111	343
00101000001000	360
00101000001001	445
00101000001010	263
00101000001011	257
00101000001100	257
00101000001101	380
00101000001110	281
00101000001111	330
00101000010000	158
00101000010001	257
00101000010010	111
00101000010011	259
00101000010100	138
00101000010101	338
00101000010110	181
00101000010111	288
00101000011000	290
00101000011001	414
00101000011010	202
00101000011011	290
00101000011100	216
00101000011101	275
00101000011110	219
00101000011111	308
00101000100000	372
00101000100001	408
00101000100010	243
00101000100011	312
00101000100100	349
00101000100101	489
00101000100110	259
00101000100111	408
00101000101000	472
00101000101001	493
00101000101010	280
00101000101011	363
00101000101100	453
00101000101101	435
00101000101110	294
00101000101111	347
00101000110000	206
00101000110001	347
00101000110010	127
00101000110011	309
00101000110100	177
00101000110101	450
00101000110110	145
00101000110111	332
00101000111000	320
00101000111001	411
00101000111010	203
00101000111011	353
00101000111100	299
00101000111101	341
00101000111110	203
00101000111111	318
00101001000000	175
00101001000001	303
00101001000010	170
00101001000011	231
00101001000100	156
00101001000101	293
00101001000110	122
00101001000111	219
00101001001000	183
00101001001001	366
00101001001010	130
00101001001011	246
00101001001100	144
00101001001101	204
00101001001110	142
00101001001111	252
00101001010000	60
00101001010001	191
00101001010010	82
00101001010011	274
00101001010100	78
00101001010101	209
00101001010110	81
00101001010111	197
00101001011000	111
00101001011001	220
00101001011010	157
00101001011011	248
00101001011100	113
00101001011101	231
00101001011110	106
00101001011111	260
00101001100000	152
00101001100001	397
00101001100010	159
00101001100011	284
00101001100100	226
00101001100101	419
00101001100110	195
00101001100111	286
00101001101000	233
00101001101001	334
00101001101010	183
00101001101011	358
00101001101100	198
00101001101101	390
00101001101110	200
00101001101111	207
00101001110000	96
00101001110001	266
00101001110010	65
00101001110011	169
00101001110100	122
00101001110101	291
00101001110110	109
00101001110111	239
00101001111000	141
00101001111001	299
00101001111010	140
00101001111011	244
00101001111100	154
00101001111101	277
00101001111110	132
00101001111111	347
00101010000000	254
00101010000001	459
00101010000010	214
00101010000011	220
00101010000100	313
00101010000101	409
00101010000110	226
00101010000111	281
00101010001000	289
00101010001001	367
00101010001010	244
00101010001011	420
00101010001100	291
00101010001101	288
00101010001110	268
00101010001111	303
00101010010000	138
00101010010001	244
00101010010010	99
00101010010011	247
00101010010100	180
00101010010101	285
00101010010110	137
00101010010111	381
00101010011000	205
00101010011001	466
00101010011010	160
00101010011011	306
00101010011100	241
00101010011101	259
00101010011110	119
00101010011111	311
00101010100000	273
00101010100001	460
00101010100010	252
00101010100011	373
00101010100100	304
00101010100101	643
00101010100110	210
00101010100111	408
00101010101000	488
00101010101001	605
00101010101010	332
00101010101011	359
00101010101100	383
00101010101101	491
00101010101110	252
00101010101111	324
00101010110000	131
00101010110001	465
00101010110010	105
00101010110011	217
00101010110100	229
00101010110101	455
00101010110110	131
00101010110111	285
00101010111000	291
00101010111001	461
00101010111010	153
00101010111011	361
00101010111100	239
00101010111101	356
00101010111110	147
00101010111111	274
00101011000000	176
00101011000001	257
00101011000010	147
00101011000011	247
00101011000100	208
00101011000101	364
00101011000110	171
00101011000111	244
00101011001000	181
00101011001001	272
00101011001010	143
00101011001011	246
00101011001100	153
00101011001101	253
00101011001110	142
00101011001111	225
00101011010000	75
00101011010001	159
00101011010010	100
00101011010011	156
00101011010100	123
00101011010101	249
00101011010110	106
00101011010111	160
00101011011000	168
00101011011001	285
00101011011010	121
00101011011011	222
00101011011100	93
00101011011101	255
00101011011110	131
00101011011111	165
00101011100000	243
00101011100001	361
00101011100010	134
00101011100011	304
00101011100100	222
00101011100101	462
00101011100110	194
00101011100111	286
00101011101000	268
00101011101001	386
00101011101010	250
00101011101011	295
00101011101100	282
00101011101101	367
00101011101110	274
00101011101111	221
00101011110000	112
00101011110001	275
00101011110010	125
00101011110011	252
00101011110100	179
00101011110101	292
00101011110110	122
00101011110111	290
00101011111000	204
00101011111001	329
00101011111010	179
00101011111011	229
00101011111100	191
00101011111101	278
00101011111110	145
00101011111111	221
00101100000000	195
00101100000001	281
00101100000010	143
00101100000011	253
00101100000100	201
00101100000101	226
00101100000110	163
00101100000111	261
00101100001000	338
00101100001001	317
00101100001010	262
00101100001011	232
00101100001100	307
00101100001101	343
00101100001110	197
00101100001111	185
00101100010000	98
00101100010001	225
00101100010010	109
00101100010011	247
00101100010100	114
00101100010101	295
00101100010110	116
00101100010111	152
00101100011000	173
00101100011001	320
00101100011010	177
00101100011011	226
00101100011100	158
00101100011101	355
00101100011110	172
00101100011111	211
00101100100000	284
00101100100001	298
00101100100010	225
00101100100011	267
00101100100100	292
00101100100101	435
00101100100110	262
00101100100111	340
00101100101000	351
00101100101001	362
00101100101010	278
00101100101011	360
00101100101100	348
00101100101101	475
00101100101110	287
00101100101111	222
00101100110000	184
00101100110001	274
00101100110010	116
00101100110011	245
00101100110100	168
00101100110101	302
00101100110110	140
00101100110111	275
00101100111000	240
00101100111001	429
00101100111010	201
00101100111011	309
00101100111100	212
00101100111101	273
00101100111110	154
00101100111111	234
00101101000000	117
00101101000001	203
00101101000010	144
00101101000011	170
00101101000100	117
00101101000101	186
00101101000110	127
00101101000111	179
00101101001000	127
00101101001001	167
00101101001010	81
00101101001011	201
00101101001100	178
00101101001101	194
00101101001110	95
00101101001111	133
00101101010000	70
00101101010001	220
00101101010010	60
00101101010011	120
00101101010100	45
00101101010101	132
00101101010110	54
00101101010111	140
00101101011000	76
00101101011001	189
00101101011010	62
00101101011011	233
00101101011100	93
00101101011101	154
00101101011110	100
00101101011111	201
00101101100000	133
00101101100001	259
00101101100010	109
00101101100011	235
00101101100100	147
00101101100101	297
00101101100110	110
00101101100111	272
00101101101000	196
00101101101001	250
00101101101010	136
00101101101011	266
00101101101100	170
00101101101101	337
00101101101110	150
00101101101111	228
00101101110000	61
00101101110001	214
00101101110010	63
00101101110011	169
00101101110100	82
00101101110101	246
00101101110110	73
00101101110111	214
00101101111000	117
00101101111001	272
00101101111010	92
00101101111011	176
00101101111100	103
00101101111101	237
00101101111110	101
00101101111111	221
00101110000000	218
00101110000001	442
00101110000010	182
00101110000011	278
00101110000100	296
00101110000101	520
00101110000110	207
00101110000111	382
00101110001000	296
00101110001001	326
00101110001010	206
00101110001011	343
00101110001100	332
00101110001101	471
00101110001110	192
00101110001111	271
00101110010000	123
00101110010001	326
00101110010010	115
00101110010011	237
00101110010100	167
00101110010101	444
00101110010110	134
00101110010111	247
00101110011000	202
00101110011001	389
00101110011010	164
00101110011011	291
00101110011100	196
00101110011101	322
00101110011110	147
00101110011111	273
00101110100000	305
00101110100001	661
00101110100010	239
00101110100011	369
00101110100100	372
00101110100101	587
00101110100110	282
00101110100111	363
00101110101000	468
00101110101001	607
00101110101010	359
00101110101011	386
00101110101100	383
00101110101101	523
00101110101110	330
00101110101111	373
00101110110000	159
00101110110001	347
00101110110010	109
00101110110011	279
00101110110100	158
00101110110101	394
00101110110110	152
00101110110111	309
00101110111000	269
00101110111001	479
00101110111010	224
00101110111011	410
00101110111100	224
00101110111101	487
00101110111110	204
00101110111111	300
00101111000000	168
00101111000001	228
00101111000010	154
00101111000011	257
00101111000100	204
00101111000101	348
00101111000110	139
00101111000111	249
00101111001000	230
00101111001001	281
00101111001010	190
00101111001011	233
00101111001100	199
00101111001101	227
00101111001110	151
00101111001111	262
00101111010000	125
00101111010001	219
00101111010010	98
00101111010011	204
00101111010100	64
00101111010101	242
00101111010110	123
00101111010111	288
00101111011000	183
00101111011001	287
00101111011010	174
00101111011011	193
00101111011100	205
00101111011101	266
00101111011110	118
00101111011111	258
00101111100000	253
00101111100001	310
00101111100010	168
00101111100011	312
00101111100100	261
00101111100101	370
00101111100110	207
00101111100111	378
00101111101000	334
00101111101001	340
00101111101010	245
00101111101011	328
00101111101100	338
00101111101101	340
00101111101110	244
00101111101111	303
00101111110000	90
00101111110001	236
00101111110010	84
00101111110011	188
00101111110100	174
00101111110101	293
00101111110110	120
00101111110111	232
00101111111000	204
00101111111001	334
00101111111010	132
00101111111011	307
00101111111100	245
00101111111101	375
00101111111110	177
00101111111111	281
00110000000000	302
00110000000001	463
00110000000010	257
00110000000011	323
00110000000100	352
00110000000101	350
00110000000110	254
00110000000111	362
00110000001000	426
00110000001001	463
00110000001010	326
00110000001011	242
00110000001100	349
00110000001101	563
00110000001110	309
00110000001111	272
00110000010000	145
00110000010001	321
00110000010010	145
00110000010011	355
00110000010100	226
00110000010101	363
00110000010110	149
00110000010111	275
00110000011000	266
00110000011001	420
00110000011010	266
00110000011011	363
00110000011100	215
00110000011101	297
00110000011110	239
00110000011111	253
00110000100000	383
00110000100001	666
00110000100010	330
00110000100011	575
00110000100100	518
00110000100101	495
00110000100110	280
00110000100111	410
00110000101000	536
00110000101001	535
00110000101010	373
00110000101011	340
00110000101100	464
00110000101101	411
00110000101110	362
00110000101111	437
00110000110000	214
00110000110001	571
00110000110010	173
00110000110011	295
00110000110100	210
00110000110101	501
00110000110110	175
00110000110111	366
00110000111000	415
00110000111001	469
00110000111010	228
00110000111011	342
00110000111100	346
00110000111101	493
00110000111110	232
00110000111111	376
00110001000000	186
00110001000001	263
00110001000010	144
00110001000011	296
00110001000100	211
00110001000101	285
00110001000110	136
00110001000111	279
00110001001000	193
00110001001001	416
00110001001010	185
00110001001011	248
00110001001100	167
00110001001101	327
00110001001110	106
00110001001111	111
00110001010000	119
00110001010001	254
00110001010010	77
00110001010011	228
00110001010100	130
00110001010101	284
00110001010110	80
00110001010111	260
00110001011000	160
00110001011001	235
00110001011010	116
00110001011011	283
00110001011100	131
00110001011101	278
00110001011110	132
00110001011111	281
00110001100000	259
00110001100001	365
00110001100010	216
00110001100011	338
00110001100100	267
00110001100101	448
00110001100110	192
00110001100111	275
00110001101000	234
00110001101001	419
00110001101010	191
00110001101011	375
00110001101100	304
00110001101101	410
00110001101110	189
00110001101111	211
00110001110000	103
00110001110001	350
00110001110010	106
00110001110011	223
00110001110100	138
00110001110101	447
00110001110110	78
00110001110111	309
00110001111000	182
00110001111001	469
00110001111010	137
00110001111011	328
00110001111100	186
00110001111101	284
00110001111110	161
00110001111111	309
00110010000000	379
00110010000001	585
00110010000010	180
00110010000011	389
00110010000100	286
00110010000101	394
00110010000110	219
00110010000111	383
00110010001000	354
00110010001001	561
00110010001010	234
00110010001011	340
00110010001100	370
00110010001101	312
00110010001110	196
00110010001111	285
00110010010000	156
00110010010001	388
00110010010010	111
00110010010011	225
00110010010100	204
00110010010101	213
00110010010110	127
00110010010111	259
00110010011000	267
00110010011001	375
00110010011010	179
00110010011011	334
00110010011100	231
00110010011101	424
00110010011110	151
00110010011111	308
00110010100000	395
00110010100001	714
00110010100010	272
00110010100011	398
00110010100100	326
00110010100101	502
00110010100110	316
00110010100111	265
00110010101000	485
00110010101001	608
00110010101010	373
00110010101011	386
00110010101100	438
00110010101101	476
00110010101110	287
00110010101111	391
00110010110000	212
00110010110001	476
00110010110010	126
00110010110011	215
00110010110100	228
00110010110101	470
00110010110110	165
00110010110111	297
00110010111000	270
00110010111001	564
00110010111010	257
00110010111011	399
00110010111100	299
00110010111101	374
00110010111110	221
00110010111111	374
00110011000000	227
00110011000001	310
00110011000010	155
00110011000011	317
00110011000100	167
00110011000101	250
00110011000110	120
00110011000111	218
00110011001000	239
00110011001001	497
00110011001010	192
00110011001011	268
00110011001100	193
00110011001101	235
00110011001110	148
00110011001111	150
00110011010000	97
00110011010001	227
00110011010010	103
00110011010011	253
00110011010100	89
00110011010101	213
00110011010110	95
00110011010111	331
00110011011000	128
00110011011001	314
00110011011010	118
00110011011011	235
00110011011100	150
00110011011101	206
00110011011110	135
00110011011111	235
00110011100000	228
00110011100001	484
00110011100010	192
00110011100011	298
00110011100100	276
00110011100101	320
00110011100110	260
00110011100111	295
00110011101000	308
00110011101001	527
00110011101010	243
00110011101011	299
00110011101100	271
00110011101101	358
00110011101110	210
00110011101111	296
00110011110000	137
00110011110001	305
00110011110010	89
00110011110011	215
00110011110100	132
00110011110101	410
00110011110110	109
00110011110111	244
00110011111000	256
00110011111001	291
00110011111010	165
00110011111011	353
00110011111100	195
00110011111101	308
00110011111110	140
00110011111111	289
00110100000000	224
00110100000001	523
00110100000010	207
00110100000011	274
00110100000100	282
00110100000101	391
00110100000110	234
00110100000111	250
00110100001000	279
00110100001001	426
00110100001010	215
00110100001011	275
00110100001100	365
00110100001101	427
00110100001110	200
00110100001111	218
00110100010000	134
00110100010001	328
00110100010010	125
00110100010011	290
00110100010100	148
00110100010101	296
00110100010110	133
00110100010111	308
00110100011000	201
00110100011001	336
00110100011010	239
00110100011011	214
00110100011100	212
00110100011101	350
00110100011110	165
00110100011111	247
00110100100000	443
00110100100001	544
00110100100010	266
00110100100011	326
00110100100100	381
00110100100101	511
00110100100110	221
00110100100111	247
00110100101000	359
00110100101001	557
00110100101010	340
00110100101011	359
00110100101100	428
00110100101101	501
00110100101110	249
00110100101111	303
00110100110000	199
00110100110001	289
00110100110010	162
00110100110011	287
00110100110100	200
00110100110101	421
00110100110110	164
00110100110111	309
00110100111000	276
00110100111001	375
00110100111010	221
00110100111011	316
00110100111100	262
00110100111101	392
00110100111110	242
00110100111111	318
00110101000000	109
00110101000001	330
00110101000010	117
00110101000011	268
00110101000100	163
00110101000101	282
00110101000110	108
00110101000111	236
00110101001000	163
00110101001001	268
00110101001010	125
00110101001011	182
00110101001100	144
00110101001101	216
00110101001110	77
00110101001111	174
00110101010000	91
00110101010001	290
00110101010010	96
00110101010011	208
00110101010100	71
00110101010101	232
00110101010110	91
00110101010111	191
00110101011000	118
00110101011001	206
00110101011010	105
00110101011011	278
00110101011100	145
00110101011101	262
00110101011110	81
00110101011111	200
00110101100000	193
00110101100001	468
00110101100010	157
00110101100011	258
00110101100100	186
00110101100101	439
00110101100110	155
00110101100111	247
00110101101000	248
00110101101001	332
00110101101010	193
00110101101011	285
00110101101100	216
00110101101101	367
00110101101110	155
00110101101111	255
00110101110000	87
00110101110001	335
00110101110010	75
00110101110011	223
00110101110100	97
00110101110101	370
00110101110110	98
00110101110111	245
00110101111000	122
00110101111001	336
00110101111010	160
00110101111011	261
00110101111100	146
00110101111101	343
00110101111110	118
00110101111111	284
00110110000000	297
00110110000001	514
00110110000010	241
00110110000011	358
00110110000100	358
00110110000101	510
00110110000110	263
00110110000111	404
00110110001000	416
00110110001001	472
00110110001010	318
00110110001011	271
00110110001100	345
00110110001101	464
00110110001110	216
00110110001111	310
00110110010000	184
00110110010001	346
00110110010010	156
00110110010011	336
00110110010100	222
00110110010101	451
00110110010110	154
00110110010111	357
00110110011000	246
00110110011001	416
00110110011010	224
00110110011011	378
00110110011100	297
00110110011101	474
00110110011110	232
00110110011111	328
00110110100000	492
00110110100001	570
00110110100010	313
00110110100011	480
00110110100100	451
00110110100101	631
00110110100110	251
00110110100111	430
00110110101000	507
00110110101001	726
00110110101010	351
00110110101011	397
00110110101100	499
00110110101101	645
00110110101110	356
00110110101111	340
00110110110000	241
00110110110001	551
00110110110010	169
00110110110011	347
00110110110100	287
00110110110101	486
00110110110110	175
00110110110111	381
00110110111000	403
00110110111001	635
00110110111010	274
00110110111011	501
00110110111100	341
00110110111101	649
00110110111110	258
00110110111111	432
00110111000000	237
00110111000001	390
00110111000010	172
00110111000011	324
00110111000100	241
00110111000101	388
00110111000110	142
00110111000111	276
00110111001000	230
00110111001001	387
00110111001010	232
00110111001011	191
00110111001100	154
00110111001101	315
00110111001110	194
00110111001111	224
00110111010000	114
00110111010001	275
00110111010010	103
00110111010011	267
00110111010100	121
00110111010101	291
00110111010110	110
00110111010111	261
00110111011000	215
00110111011001	390
00110111011010	147
00110111011011	247
00110111011100	188
00110111011101	245
00110111011110	175
00110111011111	338
00110111100000	305
00110111100001	404
00110111100010	211
00110111100011	381
00110111100100	262
00110111100101	536
00110111100110	283
00110111100111	345
00110111101000	310
00110111101001	491
00110111101010	275
00110111101011	312
00110111101100	317
00110111101101	532
00110111101110	223
00110111101111	322
00110111110000	157
00110111110001	360
00110111110010	120
00110111110011	276
00110111110100	182
00110111110101	316
00110111110110	149
00110111110111	240
00110111111000	239
00110111111001	348
00110111111010	214
00110111111011	308
00110111111100	247
00110111111101	357
00110111111110	152
00110111111111	253
00111000000000	178
00111000000001	362
00111000000010	175
00111000000011	223
00111000000100	259
00111000000101	422
00111000000110	164
00111000000111	220
00111000001000	288
00111000001001	318
00111000001010	264
00111000001011	284
00111000001100	259
00111000001101	418
00111000001110	206
00111000001111	214
00111000010000	106
00111000010001	247
00111000010010	103
00111000010011	156
00111000010100	143
00111000010101	208
00111000010110	120
00111000010111	209
00111000011000	247
00111000011001	235
00111000011010	232
00111000011011	294
00111000011100	194
00111000011101	240
00111000011110	94
00111000011111	254
00111000100000	352
00111000100001	554
00111000100010	245
00111000100011	251
00111000100100	270
00111000100101	509
00111000100110	205
00111000100111	310
00111000101000	453
00111000101001	491
00111000101010	259
00111000101011	376
00111000101100	351
00111000101101	524
00111000101110	232
00111000101111	317
00111000110000	180
00111000110001	368
00111000110010	117
00111000110011	256
00111000110100	198
00111000110101	346
00111000110110	125
00111000110111	265
00111000111000	288
00111000111001	364
00111000111010	191
00111000111011	299
00111000111100	201
00111000111101	418
00111000111110	178
00111000111111	181
00111001000000	135
00111001000001	227
00111001000010	120
00111001000011	232
00111001000100	154
00111001000101	249
00111001000110	107
00111001000111	233
00111001001000	160
00111001001001	286
00111001001010	138
00111001001011	248
00111001001100	118
00111001001101	277
00111001001110	118
00111001001111	187
00111001010000	78
00111001010001	160
00111001010010	53
00111001010011	174
00111001010100	94
00111001010101	234
00111001010110	51
00111001010111	165
00111001011000	173
00111001011001	249
00111001011010	123
00111001011011	235
00111001011100	112
00111001011101	232
00111001011110	129
00111001011111	202
00111001100000	186
00111001100001	319
00111001100010	149
00111001100011	258
00111001100100	257
00111001100101	354
00111001100110	158
00111001100111	244
00111001101000	173
00111001101001	362
00111001101010	154
00111001101011	237
00111001101100	221
00111001101101	405
00111001101110	187
00111001101111	178
00111001110000	113
00111001110001	211
00111001110010	59
00111001110011	169
00111001110100	117
00111001110101	376
00111001110110	85
00111001110111	237
00111001111000	136
00111001111001	232
00111001111010	119
00111001111011	239
00111001111100	152
00111001111101	238
00111001111110	149
00111001111111	202
00111010000000	196
00111010000001	426
00111010000010	137
00111010000011	223
00111010000100	224
00111010000101	331
00111010000110	149
00111010000111	233
00111010001000	267
00111010001001	386
00111010001010	188
00111010001011	230
00111010001100	270
00111010001101	387
00111010001110	160
00111010001111	279
00111010010000	147
00111010010001	260
00111010010010	86
00111010010011	186
00111010010100	112
00111010010101	258
00111010010110	105
00111010010111	221
00111010011000	160
00111010011001	294
00111010011010	173
00111010011011	195
00111010011100	117
00111010011101	279
00111010011110	128
00111010011111	157
00111010100000	286
00111010100001	355
00111010100010	219
00111010100011	297
00111010100100	288
00111010100101	412
00111010100110	261
00111010100111	356
00111010101000	417
00111010101001	345
00111010101010	224
00111010101011	432
00111010101100	318
00111010101101	335
00111010101110	221
00111010101111	270
00111010110000	144
00111010110001	268
00111010110010	113
00111010110011	202
00111010110100	196
00111010110101	368
00111010110110	104
00111010110111	214
00111010111000	263
00111010111001	346
00111010111010	124
00111010111011	352
00111010111100	195
00111010111101	261
00111010111110	165
00111010111111	239
00111011000000	154
00111011000001	256
00111011000010	113
00111011000011	234
00111011000100	168
00111011000101	292
00111011000110	137
00111011000111	204
00111011001000	187
00111011001001	198
00111011001010	207
00111011001011	152
00111011001100	162
00111011001101	234
00111011001110	103
00111011001111	165
00111011010000	79
00111011010001	176
00111011010010	62
00111011010011	198
00111011010100	97
00111011010101	188
00111011010110	77
00111011010111	151
00111011011000	108
00111011011001	267
00111011011010	130
00111011011011	186
00111011011100	117
00111011011101	191
00111011011110	84
00111011011111	228
00111011100000	170
00111011100001	256
00111011100010	157
00111011100011	258
00111011100100	192
00111011100101	308
00111011100110	168
00111011100111	256
00111011101000	193
00111011101001	224
00111011101010	185
00111011101011	219
00111011101100	213
00111011101101	272
00111011101110	180
00111011101111	162
00111011110000	112
00111011110001	221
00111011110010	88
00111011110011	180
00111011110100	96
00111011110101	214
00111011110110	75
00111011110111	217
00111011111000	153
00111011111001	246
00111011111010	149
00111011111011	275
00111011111100	158
00111011111101	236
00111011111110	157
00111011111111	189
00111100000000	199
00111100000001	302
00111100000010	133
00111100000011	209
00111100000100	192
00111100000101	261
00111100000110	169
00111100000111	195
00111100001000	240
00111100001001	262
00111100001010	188
00111100001011	247
00111100001100	299
00111100001101	329
00111100001110	144
00111100001111	171
00111100010000	145
00111100010001	273
00111100010010	111
00111100010011	200
00111100010100	104
00111100010101	202
00111100010110	98
00111100010111	227
00111100011000	165
00111100011001	262
00111100011010	133
00111100011011	340
00111100011100	189
00111100011101	227
00111100011110	142
00111100011111	242
00111100100000	196
00111100100001	450
00111100100010	209
00111100100011	271
00111100100100	277
00111100100101	300
00111100100110	246
00111100100111	294
00111100101000	306
00111100101001	344
00111100101010	202
00111100101011	271
00111100101100	314
00111100101101	403
00111100101110	195
00111100101111	240
00111100110000	129
00111100110001	272
00111100110010	103
00111100110011	260
00111100110100	149
00111100110101	310
00111100110110	72
00111100110111	240
00111100111000	188
00111100111001	349
00111100111010	170
00111100111011	270
00111100111100	174
00111100111101	433
00111100111110	152
00111100111111	165
00111101000000	110
00111101000001	214
00111101000010	89
00111101000011	164
00111101000100	153
00111101000101	211
00111101000110	80
00111101000111	195
00111101001000	125
00111101001001	219
00111101001010	121
00111101001011	178
00111101001100	130
00111101001101	245
00111101001110	106
00111101001111	134
00111101010000	57
00111101010001	185
00111101010010	66
00111101010011	170
00111101010100	68
00111101010101	138
00111101010110	81
00111101010111	187
00111101011000	93
00111101011001	144
00111101011010	122
00111101011011	231
00111101011100	92
00111101011101	143
00111101011110	75
00111101011111	152
00111101100000	124
00111101100001	323
00111101100010	133
00111101100011	227
00111101100100	211
00111101100101	199
00111101100110	132
00111101100111	244
00111101101000	182
00111101101001	277
00111101101010	162
00111101101011	205
00111101101100	199
00111101101101	202
00111101101110	143
00111101101111	194
00111101110000	58
00111101110001	178
00111101110010	86
00111101110011	177
00111101110100	79
00111101110101	218
00111101110110	56
00111101110111	196
00111101111000	124
00111101111001	238
00111101111010	109
00111101111011	232
00111101111100	121
00111101111101	176
00111101111110	92
00111101111111	209
00111110000000	293
00111110000001	451
00111110000010	168
00111110000011	328
00111110000100	283
00111110000101	365
00111110000110	186
00111110000111	216
00111110001000	264
00111110001001	379
00111110001010	209
00111110001011	266
00111110001100	358
00111110001101	328
00111110001110	174
00111110001111	202
00111110010000	110
00111110010001	319
00111110010010	78
00111110010011	173
00111110010100	142
00111110010101	256
00111110010110	118
00111110010111	239
00111110011000	245
00111110011001	441
00111110011010	199
00111110011011	218
00111110011100	195
00111110011101	320
00111110011110	145
00111110011111	225
00111110100000	337
00111110100001	434
00111110100010	236
00111110100011	367
00111110100100	351
00111110100101	444
00111110100110	226
00111110100111	323
00111110101000	411
00111110101001	619
00111110101010	261
00111110101011	351
00111110101100	474
00111110101101	411
00111110101110	215
00111110101111	291
00111110110000	171
00111110110001	431
00111110110010	141
00111110110011	282
00111110110100	175
00111110110101	318
00111110110110	103
00111110110111	318
00111110111000	307
00111110111001	404
00111110111010	199
00111110111011	336
00111110111100	179
00111110111101	375
00111110111110	148
00111110111111	234
00111111000000	174
00111111000001	228
00111111000010	130
00111111000011	222
00111111000100	162
00111111000101	307
00111111000110	99
00111111000111	250
00111111001000	162
00111111001001	268
00111111001010	174
00111111001011	224
00111111001100	132
00111111001101	235
00111111001110	158
00111111001111	209
00111111010000	85
00111111010001	139
00111111010010	55
00111111010011	155
00111111010100	95
00111111010101	273
00111111010110	88
00111111010111	174
00111111011000	123
00111111011001	285
00111111011010	133
00111111011011	201
00111111011100	130
00111111011101	177
00111111011110	137
00111111011111	223
00111111100000	257
00111111100001	338
00111111100010	190
00111111100011	208
00111111100100	212
00111111100101	326
00111111100110	159
00111111100111	299
00111111101000	287
00111111101001	410
00111111101010	228
00111111101011	290
00111111101100	199
00111111101101	300
00111111101110	195
00111111101111	274
00111111110000	82
00111111110001	216
00111111110010	101
00111111110011	247
00111111110100	134
00111111110101	284
00111111110110	127
00111111110111	226
00111111111000	182
00111111111001	311
00111111111010	151
00111111111011	244
00111111111100	163
00111111111101	355
00111111111110	151
00111111111111	215
01000000000000	178
01000000000001	226
01000000000010	140
01000000000011	239
01000000000100	198
01000000000101	214
01000000000110	187
01000000000111	214
01000000001000	304
01000000001001	257
01000000001010	233
01000000001011	169
01000000001100	197
01000000001101	253
01000000001110	144
01000000001111	203
01000000010000	103
01000000010001	174
01000000010010	78
01000000010011	137
01000000010100	92
01000000010101	150
01000000010110	97
01000000010111	149
01000000011000	147
01000000011001	212
01000000011010	115
01000000011011	134
01000000011100	146
01000000011101	141
01000000011110	89
01000000011111	126
01000000100000	226
01000000100001	291
01000000100010	204
01000000100011	198
01000000100100	266
01000000100101	287
01000000100110	168
01000000100111	213
01000000101000	232
01000000101001	367
01000000101010	220
01000000101011	174
01000000101100	259
01000000101101	308
01000000101110	149
01000000101111	165
01000000110000	127
01000000110001	213
01000000110010	96
01000000110011	151
01000000110100	149
01000000110101	268
01000000110110	85
01000000110111	198
01000000111000	153
01000000111001	208
01000000111010	137
01000000111011	196
01000000111100	170
01000000111101	229
01000000111110	146
01000000111111	159
01000001000000	132
01000001000001	197
01000001000010	116
01000001000011	187
01000001000100	105
01000001000101	215
01000001000110	85
01000001000111	165
01000001001000	104
01000001001001	223
01000001001010	94
01000001001011	178
01000001001100	104
01000001001101	187
01000001001110	95
01000001001111	191
01000001010000	54
01000001010001	98
01000001010010	36
01000001010011	163
01000001010100	73
01000001010101	178
01000001010110	56
01000001010111	173
01000001011000	69
01000001011001	122
01000001011010	65
01000001011011	133
01000001011100	76
01000001011101	222
01000001011110	59
01000001011111	144
01000001100000	138
01000001100001	233
01000001100010	89
01000001100011	177
01000001100100	127
01000001100101	275
01000001100110	68
01000001100111	169
01000001101000	158
01000001101001	282
01000001101010	79
01000001101011	192
01000001101100	168
01000001101101	260
01000001101110	106
01000001101111	126
01000001110000	61
01000001110001	131
01000001110010	60
01000001110011	125
01000001110100	115
01000001110101	178
01000001110110	71
01000001110111	109
01000001111000	107
01000001111001	183
01000001111010	89
01000001111011	186
01000001111100	120
01000001111101	188
01000001111110	77
01000001111111	159
01000010000000	123
01000010000001	255
01000010000010	106
01000010000011	179
01000010000100	161
01000010000101	189
01000010000110	81
01000010000111	197
01000010001000	163
01000010001001	196
01000010001010	134
01000010001011	194
01000010001100	162
01000010001101	202
01000010001110	131
01000010001111	186
01000010010000	114
01000010010001	127
01000010010010	43
01000010010011	116
01000010010100	92
01000010010101	135
01000010010110	60
01000010010111	152
01000010011000	77
01000010011001	179
01000010011010	61
01000010011011	180
01000010011100	135
01000010011101	214
01000010011110	95
01000010011111	111
01000010100000	188
01000010100001	305
01000010100010	94
01000010100011	133
01000010100100	159
01000010100101	202
01000010100110	122
01000010100111	185
01000010101000	226
01000010101001	216
01000010101010	152
01000010101011	147
01000010101100	149
01000010101101	253
01000010101110	147
01000010101111	213
01000010110000	97
01000010110001	217
01000010110010	64
01000010110011	159
01000010110100	69
01000010110101	242
01000010110110	71
01000010110111	144
01000010111000	178
01000010111001	258
01000010111010	112
01000010111011	159
01000010111100	168
01000010111101	251
01000010111110	88
01000010111111	119
01000011000000	100
01000011000001	155
01000011000010	112
01000011000011	126
01000011000100	101
01000011000101	122
01000011000110	111
01000011000111	142
01000011001000	132
01000011001001	131
01000011001010	98
01000011001011	164
01000011001100	140
01000011001101	157
01000011001110	78
01000011001111	160
01000011010000	62
01000011010001	137
01000011010010	46
01000011010011	132
01000011010100	61
01000011010101	143
01000011010110	57
01000011010111	139
01000011011000	75
01000011011001	111
01000011011010	64
01000011011011	131
01000011011100	64
01000011011101	131
01000011011110	76
01000011011111	176
01000011100000	99
01000011100001	178
01000011100010	117
01000011100011	157
01000011100100	169
01000011100101	176
01000011100110	118
01000011100111	150
01000011101000	149
01000011101001	185
01000011101010	122
01000011101011	156
01000011101100	142
01000011101101	159
01000011101110	112
01000011101111	146
01000011110000	96
01000011110001	153
01000011110010	50
01000011110011	72
01000011110100	72
01000011110101	236
01000011110110	57
01000011110111	154
01000011111000	114
01000011111001	176
01000011111010	94
01000011111011	147
01000011111100	120
01000011111101	202
01000011111110	101
01000011111111	138
01000100000000	151
01000100000001	195
01000100000010	148
01000100000011	193
01000100000100	185
01000100000101	254
01000100000110	158
01000100000111	199
01000100001000	214
01000100001001	239
01000100001010	129
01000100001011	155
01000100001100	174
01000100001101	183
01000100001110	167
01000100001111	160
01000100010000	80
01000100010001	144
01000100010010	76
01000100010011	104
01000100010100	71
01000100010101	136
01000100010110	57
01000100010111	147
01000100011000	105
01000100011001	207
01000100011010	113
01000100011011	178
01000100011100	126
01000100011101	182
01000100011110	139
01000100011111	122
01000100100000	167
01000100100001	273
01000100100010	101
01000100100011	229
01000100100100	190
01000100100101	236
01000100100110	149
01000100100111	237
01000100101000	260
01000100101001	220
01000100101010	171
01000100101011	160
01000100101100	222
01000100101101	282
01000100101110	146
01000100101111	147
01000100110000	107
01000100110001	230
01000100110010	84
01000100110011	132
01000100110100	79
01000100110101	178
01000100110110	88
01000100110111	138
01000100111000	154
01000100111001	239
01000100111010	115
01000100111011	134
01000100111100	158
01000100111101	200
01000100111110	109
01000100111111	167
01000101000000	96
01000101000001	155
01000101000010	87
01000101000011	113
01000101000100	80
01000101000101	130
01000101000110	67
01000101000111	135
01000101001000	106
01000101001001	161
01000101001010	119
01000101001011	157
01000101001100	123
01000101001101	151
01000101001110	77
01000101001111	92
01000101010000	21
01000101010001	91
01000101010010	75
01000101010011	103
01000101010100	55
01000101010101	127
01000101010110	27
01000101010111	130
01000101011000	73
01000101011001	120
01000101011010	70
01000101011011	148
01000101011100	74
01000101011101	192
01000101011110	58
01000101011111	138
01000101100000	112
01000101100001	246
01000101100010	73
01000101100011	143
01000101100100	93
01000101100101	195
01000101100110	83
01000101100111	164
01000101101000	179
01000101101001	142
01000101101010	73
01000101101011	144
01000101101100	142
01000101101101	200
01000101101110	88
01000101101111	110
01000101110000	39
01000101110001	141
01000101110010	60
01000101110011	168
01000101110100	81
01000101110101	182
01000101110110	53
01000101110111	123
01000101111000	57
01000101111001	149
01000101111010	67
01000101111011	119
01000101111100	93
01000101111101	129
01000101111110	71
01000101111111	127
01000110000000	162
01000110000001	275
01000110000010	116
01000110000011	290
01000110000100	175
01000110000101	296
01000110000110	129
01000110000111	172
01000110001000	228
01000110001001	257
01000110001010	145
01000110001011	166
01000110001100	219
01000110001101	271
01000110001110	149
01000110001111	213
01000110010000	76
01000110010001	138
01000110010010	64
01000110010011	144
01000110010100	122
01000110010101	216
01000110010110	77
01000110010111	177
01000110011000	147
01000110011001	155
01000110011010	95
01000110011011	133
01000110011100	153
01000110011101	218
01000110011110	126
01000110011111	150
01000110100000	205
01000110100001	337
01000110100010	135
01000110100011	245
01000110100100	248
01000110100101	324
01000110100110	144
01000110100111	236
01000110101000	272
01000110101001	308
01000110101010	179
01000110101011	205
01000110101100	268
01000110101101	250
01000110101110	224
01000110101111	198
01000110110000	90
01000110110001	228
01000110110010	69
01000110110011	136
01000110110100	137
01000110110101	192
01000110110110	96
01000110110111	146
01000110111000	171
01000110111001	292
01000110111010	87
01000110111011	149
01000110111100	154
01000110111101	277
01000110111110	150
01000110111111	130
01000111000000	123
01000111000001	205
01000111000010	98
01000111000011	167
01000111000100	107
01000111000101	137
01000111000110	125
01000111000111	177
01000111001000	142
01000111001001	174
01000111001010	130
01000111001011	182
01000111001100	104
01000111001101	200
01000111001110	146
01000111001111	155
01000111010000	45
01000111010001	151
01000111010010	73
01000111010011	128
01000111010100	61
01000111010101	109
01000111010110	74
01000111010111	147
01000111011000	92
01000111011001	194
01000111011010	93
01000111011011	115
01000111011100	104
01000111011101	166
01000111011110	119
01000111011111	148
01000111100000	108
01000111100001	186
01000111100010	115
01000111100011	178
01000111100100	164
01000111100101	293
01000111100110	135
01000111100111	187
01000111101000	179
01000111101001	203
01000111101010	128
01000111101011	183
01000111101100	184
01000111101101	258
01000111101110	146
01000111101111	162
01000111110000	73
01000111110001	201
01000111110010	97
01000111110011	150
01000111110100	114
01000111110101	224
01000111110110	106
01000111110111	157
01000111111000	143
01000111111001	233
01000111111010	88
01000111111011	138
01000111111100	113
01000111111101	237
01000111111110	138
01000111111111	191
01001000000000	203
01001000000001	261
01001000000010	180
01001000000011	292
01001000000100	229
01001000000101	299
01001000000110	199
01001000000111	275
01001000001000	266
01001000001001	363
01001000001010	203
01001000001011	264
01001000001100	199
01001000001101	256
01001000001110	215
01001000001111	211
01001000010000	114
01001000010001	288
01001000010010	98
01001000010011	203
01001000010100	151
01001000010101	285
01001000010110	94
01001000010111	259
01001000011000	156
01001000011001	280
01001000011010	111
01001000011011	246
01001000011100	146
01001000011101	239
01001000011110	115
01001000011111	183
01001000100000	271
01001000100001	400
01001000100010	217
01001000100011	406
01001000100100	313
01001000100101	435
01001000100110	200
01001000100111	299
01001000101000	370
01001000101001	415
01001000101010	236
01001000101011	280
01001000101100	326
01001000101101	304
01001000101110	253
01001000101111	233
01001000110000	127
01001000110001	306
01001000110010	98
01001000110011	242
01001000110100	109
01001000110101	288
01001000110110	110
01001000110111	193
01001000111000	259
01001000111001	359
01001000111010	155
01001000111011	313
01001000111100	245
01001000111101	295
01001000111110	143
01001000111111	285
01001001000000	139
01001001000001	206
01001001000010	112
01001001000011	210
01001001000100	142
01001001000101	297
01001001000110	141
01001001000111	216
01001001001000	247
01001001001001	256
01001001001010	136
01001001001011	213
01001001001100	120
01001001001101	219
01001001001110	141
01001001001111	236
01001001010000	52
01001001010001	205
01001001010010	73
01001001010011	182
01001001010100	72
01001001010101	206
01001001010110	59
01001001010111	188
01001001011000	106
01001001011001	174
01001001011010	146
01001001011011	255
01001001011100	102
01001001011101	233
01001001011110	96
01001001011111	191
01001001100000	154
01001001100001	312
01001001100010	139
01001001100011	235
01001001100100	206
01001001100101	343
01001001100110	161
01001001100111	273
01001001101000	208
01001001101001	331
01001001101010	147
01001001101011	205
01001001101100	182
01001001101101	288
01001001101110	175
01001001101111	251
01001001110000	96
01001001110001	201
01001001110010	90
01001001110011	222
01001001110100	81
01001001110101	194
01001001110110	76
01001001110111	256
01001001111000	125
01001001111001	262
01001001111010	111
01001001111011	227
01001001111100	128
01001001111101	228
01001001111110	126
01001001111111	123
01001010000000	332
01001010000001	399
01001010000010	165
01001010000011	217
01001010000100	204
01001010000101	327
01001010000110	184
01001010000111	294
01001010001000	270
01001010001001	410
01001010001010	177
01001010001011	227
01001010001100	275
01001010001101	402
01001010001110	168
01001010001111	220
01001010010000	93
01001010010001	273
01001010010010	68
01001010010011	142
01001010010100	130
01001010010101	186
01001010010110	112
01001010010111	263
01001010011000	166
01001010011001	233
01001010011010	177
01001010011011	248
01001010011100	160
01001010011101	224
01001010011110	113
01001010011111	304
01001010100000	280
01001010100001	360
01001010100010	198
01001010100011	182
01001010100100	293
01001010100101	434
01001010100110	208
01001010100111	322
01001010101000	352
01001010101001	503
01001010101010	256
01001010101011	295
01001010101100	384
01001010101101	490
01001010101110	267
01001010101111	266
01001010110000	154
01001010110001	309
01001010110010	97
01001010110011	218
01001010110100	170
01001010110101	308
01001010110110	98
01001010110111	242
01001010111000	183
01001010111001	397
01001010111010	166
01001010111011	267
01001010111100	159
01001010111101	296
01001010111110	139
01001010111111	254
01001011000000	157
01001011000001	242
01001011000010	151
01001011000011	204
01001011000100	122
01001011000101	250
01001011000110	205
01001011000111	214
01001011001000	146
01001011001001	236
01001011001010	159
01001011001011	197
01001011001100	171
01001011001101	289
01001011001110	184
01001011001111	219
01001011010000	79
01001011010001	155
01001011010010	85
01001011010011	192
01001011010100	87
01001011010101	240
01001011010110	70
01001011010111	181
01001011011000	123
01001011011001	246
01001011011010	103
01001011011011	225
01001011011100	134
01001011011101	243
01001011011110	137
01001011011111	206
01001011100000	211
01001011100001	284
01001011100010	139
01001011100011	210
01001011100100	161
01001011100101	311
01001011100110	159
01001011100111	209
01001011101000	267
01001011101001	349
01001011101010	154
01001011101011	241
01001011101100	230
01001011101101	350
01001011101110	127
01001011101111	250
01001011110000	124
01001011110001	274
01001011110010	92
01001011110011	181
01001011110100	131
01001011110101	224
01001011110110	137
01001011110111	201
01001011111000	192
01001011111001	282
01001011111010	142
01001011111011	208
01001011111100	141
01001011111101	234
01001011111110	139
01001011111111	227
01001100000000	155
01001100000001	316
01001100000010	199
01001100000011	248
01001100000100	177
01001100000101	228
01001100000110	182
01001100000111	220
01001100001000	250
01001100001001	271
01001100001010	152
01001100001011	199
01001100001100	240
01001100001101	264
01001100001110	204
01001100001111	187
01001100010000	79
01001100010001	223
01001100010010	73
01001100010011	139
01001100010100	89
01001100010101	190
01001100010110	104
01001100010111	179
01001100011000	182
01001100011001	231
01001100011010	154
01001100011011	181
01001100011100	150
01001100011101	199
01001100011110	128
01001100011111	201
01001100100000	220
01001100100001	317
01001100100010	156
01001100100011	188
01001100100100	261
01001100100101	359
01001100100110	145
01001100100111	176
01001100101000	302
01001100101001	291
01001100101010	231
01001100101011	237
01001100101100	242
01001100101101	414
01001100101110	227
01001100101111	253
01001100110000	112
01001100110001	281
01001100110010	108
01001100110011	198
01001100110100	153
01001100110101	244
01001100110110	116
01001100110111	162
01001100111000	172
01001100111001	296
01001100111010	113
01001100111011	189
01001100111100	182
01001100111101	247
01001100111110	174
01001100111111	215
01001101000000	109
01001101000001	146
01001101000010	105
01001101000011	220
01001101000100	111
01001101000101	159
01001101000110	124
01001101000111	204
01001101001000	129
01001101001001	185
01001101001010	123
01001101001011	187
01001101001100	146
01001101001101	159
01001101001110	119
01001101001111	182
01001101010000	50
01001101010001	142
01001101010010	37
01001101010011	173
01001101010100	64
01001101010101	130
01001101010110	72
01001101010111	164
01001101011000	86
01001101011001	148
01001101011010	93
01001101011011	224
01001101011100	100
01001101011101	172
01001101011110	78
01001101011111	157
01001101100000	135
01001101100001	270
01001101100010	91
01001101100011	223
01001101100100	148
01001101100101	247
01001101100110	96
01001101100111	209
01001101101000	149
01001101101001	279
01001101101010	130
01001101101011	172
01001101101100	139
01001101101101	230
01001101101110	126
01001101101111	167
01001101110000	63
01001101110001	149
01001101110010	41
01001101110011	165
01001101110100	77
01001101110101	158
01001101110110	86
01001101110111	149
01001101111000	97
01001101111001	226
01001101111010	89
01001101111011	269
01001101111100	122
01001101111101	268
01001101111110	105
01001101111111	169
01001110000000	240
01001110000001	351
01001110000010	173
01001110000011	223
01001110000100	235
01001110000101	307
01001110000110	206
01001110000111	257
01001110001000	281
01001110001001	328
01001110001010	210
01001110001011	331
01001110001100	224
01001110001101	345
01001110001110	241
01001110001111	271
01001110010000	127
01001110010001	272
01001110010010	96
01001110010011	188
01001110010100	126
01001110010101	232
01001110010110	79
01001110010111	203
01001110011000	205
01001110011001	307
01001110011010	133
01001110011011	244
01001110011100	182
01001110011101	327
01001110011110	179
01001110011111	242
01001110100000	233
01001110100001	468
01001110100010	224
01001110100011	245
01001110100100	331
01001110100101	440
01001110100110	225
01001110100111	372
01001110101000	423
01001110101001	482
01001110101010	263
01001110101011	359
01001110101100	313
01001110101101	470
01001110101110	245
01001110101111	253
01001110110000	149
01001110110001	390
01001110110010	103
01001110110011	247
01001110110100	144
01001110110101	370
01001110110110	106
01001110110111	244
01001110111000	247
01001110111001	435
01001110111010	183
01001110111011	250
01001110111100	231
01001110111101	339
01001110111110	151
01001110111111	338
01001111000000	167
01001111000001	286
01001111000010	146
01001111000011	200
01001111000100	182
01001111000101	277
01001111000110	204
01001111000111	299
01001111001000	222
01001111001001	262
01001111001010	170
01001111001011	300
01001111001100	197
01001111001101	251
01001111001110	172
01001111001111	215
01001111010000	82
01001111010001	217
01001111010010	103
01001111010011	165
01001111010100	91
01001111010101	222
01001111010110	111
01001111010111	255
01001111011000	145
01001111011001	204
01001111011010	109
01001111011011	161
01001111011100	99
01001111011101	278
01001111011110	126
01001111011111	253
01001111100000	243
01001111100001	340
01001111100010	179
01001111100011	326
01001111100100	249
01001111100101	358
01001111100110	204
01001111100111	309
01001111101000	239
01001111101001	273
01001111101010	186
01001111101011	229
01001111101100	163
01001111101101	349
01001111101110	186
01001111101111	194
01001111110000	136
01001111110001	255
01001111110010	93
01001111110011	179
01001111110100	143
01001111110101	287
01001111110110	100
01001111110111	165
01001111111000	110
01001111111001	323
01001111111010	125
01001111111011	215
01001111111100	142
01001111111101	308
01001111111110	118
01001111111111	292
01010000000000	257
01010000000001	340
01010000000010	223
01010000000011	333
01010000000100	282
01010000000101	402
01010000000110	246
01010000000111	353
01010000001000	331
01010000001001	434
01010000001010	303
01010000001011	287
01010000001100	345
01010000001101	285
01010000001110	248
01010000001111	291
01010000010000	144
01010000010001	317
01010000010010	119
01010000010011	272
01010000010100	137
01010000010101	315
01010000010110	123
01010000010111	190
01010000011000	233
01010000011001	349
01010000011010	196
01010000011011	339
01010000011100	203
01010000011101	369
01010000011110	165
01010000011111	283
01010000100000	361
01010000100001	415
01010000100010	213
01010000100011	253
01010000100100	296
01010000100101	499
01010000100110	237
01010000100111	316
01010000101000	473
01010000101001	495
01010000101010	253
01010000101011	393
01010000101100	349
01010000101101	443
01010000101110	232
01010000101111	275
01010000110000	245
01010000110001	318
01010000110010	119
01010000110011	333
01010000110100	188
01010000110101	408
01010000110110	136
01010000110111	254
01010000111000	311
01010000111001	383
01010000111010	164
01010000111011	373
01010000111100	304
01010000111101	407
01010000111110	213
01010000111111	265
01010001000000	188
01010001000001	367
01010001000010	146
01010001000011	251
01010001000100	155
01010001000101	365
01010001000110	159
01010001000111	297
01010001001000	210
01010001001001	291
01010001001010	193
01010001001011	275
01010001001100	165
01010001001101	311
01010001001110	167
01010001001111	278
01010001010000	108
01010001010001	247
01010001010010	69
01010001010011	252
01010001010100	94
01010001010101	250
01010001010110	106
01010001010111	240
01010001011000	111
01010001011001	260
01010001011010	113
01010001011011	215
01010001011100	175
01010001011101	293
01010001011110	144
01010001011111	225
01010001100000	222
01010001100001	393
01010001100010	170
01010001100011	284
01010001100100	263
01010001100101	362
01010001100110	137
01010001100111	294
01010001101000	287
01010001101001	378
01010001101010	177
01010001101011	319
01010001101100	245
01010001101101	319
01010001101110	116
01010001101111	230
01010001110000	84
01010001110001	294
01010001110010	85
01010001110011	227
01010001110100	161
01010001110101	327
01010001110110	76
01010001110111	298
01010001111000	162
01010001111001	283
01010001111010	154
01010001111011	292
01010001111100	183
01010001111101	369
01010001111110	144
01010001111111	255
01010010000000	230
01010010000001	433
01010010000010	232
01010010000011	313
01010010000100	242
01010010000101	360
01010010000110	156
01010010000111	331
01010010001000	314
01010010001001	395
01010010001010	239
01010010001011	341
01010010001100	293
01010010001101	381
01010010001110	212
01010010001111	373
01010010010000	116
01010010010001	289
01010010010010	121
01010010010011	260
01010010010100	145
01010010010101	350
01010010010110	120
01010010010111	269
01010010011000	186
01010010011001	390
01010010011010	135
01010010011011	299
01010010011100	202
01010010011101	356
01010010011110	146
01010010011111	299
01010010100000	317
01010010100001	479
01010010100010	257
01010010100011	300
01010010100100	319
01010010100101	474
01010010100110	224
01010010100111	346
01010010101000	400
01010010101001	480
01010010101010	352
01010010101011	343
01010010101100	322
01010010101101	454
01010010101110	223
01010010101111	245
01010010110000	162
01010010110001	359
01010010110010	130
01010010110011	278
01010010110100	162
01010010110101	355
01010010110110	105
01010010110111	299
01010010111000	297
01010010111001	360
01010010111010	200
01010010111011	308
01010010111100	206
01010010111101	379
01010010111110	209
01010010111111	276
01010011000000	179
01010011000001	342
01010011000010	142
01010011000011	316
01010011000100	145
01010011000101	320
01010011000110	201
01010011000111	256
01010011001000	166
01010011001001	264
01010011001010	204
01010011001011	277
01010011001100	169
01010011001101	228
01010011001110	140
01010011001111	236
01010011010000	75
01010011010001	176
01010011010010	95
01010011010011	205
01010011010100	118
01010011010101	273
01010011010110	79
01010011010111	228
01010011011000	107
01010011011001	230
01010011011010	155
01010011011011	286
01010011011100	128
01010011011101	205
01010011011110	139
01010011011111	202
01010011100000	205
01010011100001	363
01010011100010	158
01010011100011	301
01010011100100	222
01010011100101	310
01010011100110	160
01010011100111	253
01010011101000	243
01010011101001	371
01010011101010	190
01010011101011	281
01010011101100	211
01010011101101	298
01010011101110	176
01010011101111	228
01010011110000	98
01010011110001	243
01010011110010	92
01010011110011	216
01010011110100	100
01010011110101	258
01010011110110	111
01010011110111	235
01010011111000	191
01010011111001	258
01010011111010	126
01010011111011	288
01010011111100	157
01010011111101	286
01010011111110	147
01010011111111	247
01010100000000	239
01010100000001	337
01010100000010	193
01010100000011	278
01010100000100	249
01010100000101	436
01010100000110	218
01010100000111	293
01010100001000	256
01010100001001	338
01010100001010	247
01010100001011	348
01010100001100	279
01010100001101	388
01010100001110	290
01010100001111	225
01010100010000	124
01010100010001	247
01010100010010	127
01010100010011	261
01010100010100	142
01010100010101	309
01010100010110	145
01010100010111	190
01010100011000	216
01010100011001	335
01010100011010	168
01010100011011	298
01010100011100	199
01010100011101	224
01010100011110	125
01010100011111	220
01010100100000	282
01010100100001	425
01010100100010	204
01010100100011	253
01010100100100	320
01010100100101	480
01010100100110	201
01010100100111	310
01010100101000	438
01010100101001	450
01010100101010	268
01010100101011	225
01010100101100	353
01010100101101	424
01010100101110	245
01010100101111	270
01010100110000	154
01010100110001	389
01010100110010	102
01010100110011	260
01010100110100	170
01010100110101	297
01010100110110	102
01010100110111	204
01010100111000	225
01010100111001	369
01010100111010	195
01010100111011	209
01010100111100	243
01010100111101	378
01010100111110	217
01010100111111	254
01010101000000	112
01010101000001	336
01010101000010	158
01010101000011	298
01010101000100	155
01010101000101	282
01010101000110	136
01010101000111	264
01010101001000	185
01010101001001	235
01010101001010	140
01010101001011	239
01010101001100	140
01010101001101	275
01010101001110	117
01010101001111	215
01010101010000	84
01010101010001	231
01010101010010	68
01010101010011	193
01010101010100	90
01010101010101	244
01010101010110	72
01010101010111	195
01010101011000	103
01010101011001	232
01010101011010	109
01010101011011	193
01010101011100	117
01010101011101	255
01010101011110	136
01010101011111	221
01010101100000	188
01010101100001	342
01010101100010	115
01010101100011	233
01010101100100	215
01010101100101	387
01010101100110	123
01010101100111	253
01010101101000	217
01010101101001	427
01010101101010	163
01010101101011	297
01010101101100	203
01010101101101	362
01010101101110	87
01010101101111	248
01010101110000	81
01010101110001	198
01010101110010	72
01010101110011	245
01010101110100	112
01010101110101	299
01010101110110	83
01010101110111	274
01010101111000	147
01010101111001	324
01010101111010	121
01010101111011	264
01010101111100	200
01010101111101	296
01010101111110	138
01010101111111	217
01010110000000	344
01010110000001	411
01010110000010	239
01010110000011	452
01010110000100	265
01010110000101	517
01010110000110	216
01010110000111	329
01010110001000	423
01010110001001	440
01010110001010	266
01010110001011	380
01010110001100	352
01010110001101	447
01010110001110	236
01010110001111	305
01010110010000	178
01010110010001	297
01010110010010	110
01010110010011	278
01010110010100	201
01010110010101	303
01010110010110	125
01010110010111	251
01010110011000	224
01010110011001	442
01010110011010	189
01010110011011	337
01010110011100	319
01010110011101	427
01010110011110	221
01010110011111	296
01010110100000	342
01010110100001	431
01010110100010	316
01010110100011	333
01010110100100	421
01010110100101	675
01010110100110	223
01010110100111	304
01010110101000	517
01010110101001	564
01010110101010	288
01010110101011	372
01010110101100	503
01010110101101	656
01010110101110	245
01010110101111	270
01010110110000	208
01010110110001	448
01010110110010	147
01010110110011	277
01010110110100	168
01010110110101	398
01010110110110	142
01010110110111	313
01010110111000	291
01010110111001	556
01010110111010	220
01010110111011	305
01010110111100	341
01010110111101	514
01010110111110	167
01010110111111	302
01010111000000	196
01010111000001	334
01010111000010	189
01010111000011	363
01010111000100	266
01010111000101	338
01010111000110	185
01010111000111	274
01010111001000	245
01010111001001	284
01010111001010	240
01010111001011	362
01010111001100	206
01010111001101	262
01010111001110	192
01010111001111	304
01010111010000	129
01010111010001	285
01010111010010	141
01010111010011	285
01010111010100	104
01010111010101	292
01010111010110	117
01010111010111	218
01010111011000	139
01010111011001	302
01010111011010	134
01010111011011	286
01010111011100	167
01010111011101	208
01010111011110	142
01010111011111	330
01010111100000	218
01010111100001	453
01010111100010	235
01010111100011	222
01010111100100	246
01010111100101	431
01010111100110	225
01010111100111	300
01010111101000	252
01010111101001	430
01010111101010	225
01010111101011	328
01010111101100	230
01010111101101	372
01010111101110	194
01010111101111	216
01010111110000	125
01010111110001	392
01010111110010	110
01010111110011	276
01010111110100	161
01010111110101	389
01010111110110	148
01010111110111	283
01010111111000	205
01010111111001	349
01010111111010	202
01010111111011	317
01010111111100	198
01010111111101	327
01010111111110	144
01010111111111	320
01011000000000	171
01011000000001	294
01011000000010	148
01011000000011	257
01011000000100	197
01011000000101	352
01011000000110	153
01011000000111	253
01011000001000	304
01011000001001	405
01011000001010	199
01011000001011	288
01011000001100	226
01011000001101	277
01011000001110	173
01011000001111	212
01011000010000	109
01011000010001	165
01011000010010	104
01011000010011	208
01011000010100	146
01011000010101	231
01011000010110	111
01011000010111	191
01011000011000	134
01011000011001	270
01011000011010	156
01011000011011	234
01011000011100	166
01011000011101	208
01011000011110	140
01011000011111	176
01011000100000	213
01011000100001	238
01011000100010	150
01011000100011	226
01011000100100	292
01011000100101	393
01011000100110	145
01011000100111	248
01011000101000	272
01011000101001	421
01011000101010	176
01011000101011	259
01011000101100	321
01011000101101	417
01011000101110	206
01011000101111	174
01011000110000	156
01011000110001	253
01011000110010	98
01011000110011	185
01011000110100	117
01011000110101	328
01011000110110	93
01011000110111	182
01011000111000	225
01011000111001	330
01011000111010	192
01011000111011	158
01011000111100	175
01011000111101	278
01011000111110	131
01011000111111	195
01011001000000	91
01011001000001	241
01011001000010	115
01011001000011	172
01011001000100	165
01011001000101	225
01011001000110	115
01011001000111	217
01011001001000	167
01011001001001	248
01011001001010	118
01011001001011	255
01011001001100	181
01011001001101	259
01011001001110	130
01011001001111	205
01011001010000	53
01011001010001	165
01011001010010	78
01011001010011	205
01011001010100	69
01011001010101	179
01011001010110	77
01011001010111	191
01011001011000	95
01011001011001	198
01011001011010	87
01011001011011	157
01011001011100	107
01011001011101	198
01011001011110	104
01011001011111	150
01011001100000	133
01011001100001	262
01011001100010	134
01011001100011	241
01011001100100	181
01011001100101	299
01011001100110	119
01011001100111	202
01011001101000	148
01011001101001	231
01011001101010	167
01011001101011	275
01011001101100	192
01011001101101	271
01011001101110	103
01011001101111	197
01011001110000	108
01011001110001	202
01011001110010	54
01011001110011	163
01011001110100	88
01011001110101	221
01011001110110	89
01011001110111	189
01011001111000	137
01011001111001	290
01011001111010	119
01011001111011	185
01011001111100	118
01011001111101	257
01011001111110	107
01011001111111	183
01011010000000	205
01011010000001	261
01011010000010	169
01011010000011	233
01011010000100	172
01011010000101	275
01011010000110	159
01011010000111	225
01011010001000	239
01011010001001	183
01011010001010	220
01011010001011	202
01011010001100	237
01011010001101	257
01011010001110	128
01011010001111	231
01011010010000	88
01011010010001	189
01011010010010	62
01011010010011	150
01011010010100	81
01011010010101	205
01011010010110	71
01011010010111	144
01011010011000	178
01011010011001	261
01011010011010	134
01011010011011	172
01011010011100	159
01011010011101	146
01011010011110	125
01011010011111	191
01011010100000	244
01011010100001	425
01011010100010	145
01011010100011	270
01011010100100	285
01011010100101	343
01011010100110	141
01011010100111	239
01011010101000	319
01011010101001	425
01011010101010	181
01011010101011	171
01011010101100	291
01011010101101	309
01011010101110	184
01011010101111	228
01011010110000	152
01011010110001	279
01011010110010	87
01011010110011	204
01011010110100	149
01011010110101	242
01011010110110	129
01011010110111	137
01011010111000	253
01011010111001	310
01011010111010	147
01011010111011	239
01011010111100	156
01011010111101	341
01011010111110	157
01011010111111	150
01011011000000	128
01011011000001	159
01011011000010	87
01011011000011	191
01011011000100	103
01011011000101	212
01011011000110	96
01011011000111	153
01011011001000	156
01011011001001	274
01011011001010	100
01011011001011	192
01011011001100	119
01011011001101	280
01011011001110	123
01011011001111	214
01011011010000	56
01011011010001	137
01011011010010	61
01011011010011	114
01011011010100	74
01011011010101	178
01011011010110	40
01011011010111	110
01011011011000	94
01011011011001	243
01011011011010	92
01011011011011	193
01011011011100	80
01011011011101	141
01011011011110	87
01011011011111	135
01011011100000	175
01011011100001	245
01011011100010	118
01011011100011	233
01011011100100	158
01011011100101	329
01011011100110	95
01011011100111	155
01011011101000	186
01011011101001	238
01011011101010	160
01011011101011	208
01011011101100	184
01011011101101	251
01011011101110	148
01011011101111	192
01011011110000	75
01011011110001	215
01011011110010	81
01011011110011	171
01011011110100	82
01011011110101	154
01011011110110	87
01011011110111	163
01011011111000	127
01011011111001	211
01011011111010	113
01011011111011	203
01011011111100	121
01011011111101	231
01011011111110	101
01011011111111	172
01011100000000	190
01011100000001	206
01011100000010	127
01011100000011	174
01011100000100	184
01011100000101	264
01011100000110	167
01011100000111	221
01011100001000	193
01011100001001	315
01011100001010	179
01011100001011	211
01011100001100	183
01011100001101	262
01011100001110	157
01011100001111	192
01011100010000	64
01011100010001	266
01011100010010	57
01011100010011	153
01011100010100	124
01011100010101	230
01011100010110	75
01011100010111	213
01011100011000	156
01011100011001	200
01011100011010	143
01011100011011	237
01011100011100	135
01011100011101	198
01011100011110	141
01011100011111	191
01011100100000	234
01011100100001	396
01011100100010	131
01011100100011	198
01011100100100	224
01011100100101	288
01011100100110	129
01011100100111	226
01011100101000	250
01011100101001	357
01011100101010	241
01011100101011	204
01011100101100	230
01011100101101	298
01011100101110	178
01011100101111	202
01011100110000	109
01011100110001	233
01011100110010	89
01011100110011	154
01011100110100	149
01011100110101	222
01011100110110	95
01011100110111	144
01011100111000	141
01011100111001	274
01011100111010	88
01011100111011	198
01011100111100	146
01011100111101	275
01011100111110	149
01011100111111	161
01011101000000	106
01011101000001	218
01011101000010	70
01011101000011	183
01011101000100	113
01011101000101	201
01011101000110	108
01011101000111	187
01011101001000	188
01011101001001	177
01011101001010	114
01011101001011	205
01011101001100	126
01011101001101	147
01011101001110	116
01011101001111	159
01011101010000	45
01011101010001	96
01011101010010	61
01011101010011	167
01011101010100	83
01011101010101	180
01011101010110	72
01011101010111	150
01011101011000	84
01011101011001	151
01011101011010	107
01011101011011	166
01011101011100	94
01011101011101	235
01011101011110	102
01011101011111	200
01011101100000	147
01011101100001	226
01011101100010	103
01011101100011	176
01011101100100	124
01011101100101	265
01011101100110	107
01011101100111	195
01011101101000	171
01011101101001	171
01011101101010	140
01011101101011	183
01011101101100	176
01011101101101	239
01011101101110	96
01011101101111	148
01011101110000	52
01011101110001	189
01011101110010	63
01011101110011	156
01011101110100	83
01011101110101	211
01011101110110	64
01011101110111	162
01011101111000	83
01011101111001	257
01011101111010	65
01011101111011	202
01011101111100	97
01011101111101	215
01011101111110	76
01011101111111	155
01011110000000	163
01011110000001	350
01011110000010	148
01011110000011	350
01011110000100	276
01011110000101	276
01011110000110	165
01011110000111	219
01011110001000	246
01011110001001	309
01011110001010	145
01011110001011	260
01011110001100	197
01011110001101	300
01011110001110	170
01011110001111	221
01011110010000	133
01011110010001	204
01011110010010	108
01011110010011	252
01011110010100	89
01011110010101	195
01011110010110	89
01011110010111	246
01011110011000	163
01011110011001	271
01011110011010	157
01011110011011	250
01011110011100	160
01011110011101	375
01011110011110	130
01011110011111	215
01011110100000	302
01011110100001	342
01011110100010	151
01011110100011	292
01011110100100	291
01011110100101	404
01011110100110	188
01011110100111	268
01011110101000	375
01011110101001	457
01011110101010	224
01011110101011	221
01011110101100	377
01011110101101	482
01011110101110	189
01011110101111	231
01011110110000	104
01011110110001	289
01011110110010	91
01011110110011	190
01011110110100	180
01011110110101	332
01011110110110	113
01011110110111	212
01011110111000	197
01011110111001	326
01011110111010	166
01011110111011	267
01011110111100	219
01011110111101	383
01011110111110	180
01011110111111	152
01011111000000	153
01011111000001	182
01011111000010	113
01011111000011	213
01011111000100	145
01011111000101	253
01011111000110	117
01011111000111	224
01011111001000	155
01011111001001	267
01011111001010	113
01011111001011	215
01011111001100	120
01011111001101	243
01011111001110	132
01011111001111	200
01011111010000	78
01011111010001	153
01011111010010	93
01011111010011	229
01011111010100	89
01011111010101	194
01011111010110	72
01011111010111	183
01011111011000	105
01011111011001	212
01011111011010	121
01011111011011	213
01011111011100	117
01011111011101	195
01011111011110	100
01011111011111	147
01011111100000	150
01011111100001	326
01011111100010	129
01011111100011	241
01011111100100	243
01011111100101	288
01011111100110	174
01011111100111	183
01011111101000	212
01011111101001	318
01011111101010	186
01011111101011	323
01011111101100	196
01011111101101	293
01011111101110	146
01011111101111	233
01011111110000	97
01011111110001	209
01011111110010	79
01011111110011	170
01011111110100	102
01011111110101	272
01011111110110	60
01011111110111	181
01011111111000	117
01011111111001	293
01011111111010	93
01011111111011	227
01011111111100	123
01011111111101	135
01011111111110	101
01011111111111	208
01100000000000	157
01100000000001	362
01100000000010	141
01100000000011	207
01100000000100	225
01100000000101	327
01100000000110	164
01100000000111	235
01100000001000	219
01100000001001	201
01100000001010	186
01100000001011	162
01100000001100	215
01100000001101	209
01100000001110	128
01100000001111	132
01100000010000	86
01100000010001	191
01100000010010	76
01100000010011	115
01100000010100	85
01100000010101	184
01100000010110	90
01100000010111	171
01100000011000	152
01100000011001	266
01100000011010	118
01100000011011	209
01100000011100	126
01100000011101	180
01100000011110	154
01100000011111	229
01100000100000	204
01100000100001	293
01100000100010	198
01100000100011	221
01100000100100	235
01100000100101	275
01100000100110	154
01100000100111	229
01100000101000	351
01100000101001	292
01100000101010	209
01100000101011	226
01100000101100	233
01100000101101	226
01100000101110	179
01100000101111	257
01100000110000	104
01100000110001	255
01100000110010	78
01100000110011	146
01100000110100	139
01100000110101	208
01100000110110	98
01100000110111	214
01100000111000	188
01100000111001	285
01100000111010	94
01100000111011	223
01100000111100	161
01100000111101	270
01100000111110	154
01100000111111	142
01100001000000	101
01100001000001	145
01100001000010	94
01100001000011	206
01100001000100	66
01100001000101	137
01100001000110	55
01100001000111	121
01100001001000	115
01100001001001	208
01100001001010	96
01100001001011	115
01100001001100	68
01100001001101	135
01100001001110	73
01100001001111	90
01100001010000	55
01100001010001	178
01100001010010	88
01100001010011	168
01100001010100	58
01100001010101	101
01100001010110	65
01100001010111	145
01100001011000	86
01100001011001	137
01100001011010	67
01100001011011	155
01100001011100	62
01100001011101	121
01100001011110	94
01100001011111	129
01100001100000	135
01100001100001	186
01100001100010	83
01100001100011	145
01100001100100	119
01100001100101	234
01100001100110	118
01100001100111	175
01100001101000	153
01100001101001	216
01100001101010	138
01100001101011	222
01100001101100	130
01100001101101	166
01100001101110	119
01100001101111	170
01100001110000	77
01100001110001	139
01100001110010	61
01100001110011	156
01100001110100	73
01100001110101	145
01100001110110	74
01100001110111	197
01100001111000	96
01100001111001	172
01100001111010	110
01100001111011	175
01100001111100	132
01100001111101	208
01100001111110	73
01100001111111	166
01100010000000	163
01100010000001	200
01100010000010	64
01100010000011	188
01100010000100	130
01100010000101	182
01100010000110	128
01100010000111	134
01100010001000	215
01100010001001	204
01100010001010	99
01100010001011	138
01100010001100	122
01100010001101	147
01100010001110	101
01100010001111	153
01100010010000	42
01100010010001	113
01100010010010	72
01100010010011	134
01100010010100	86
01100010010101	180
01100010010110	75
01100010010111	126
01100010011000	99
01100010011001	149
01100010011010	79
01100010011011	161
01100010011100	101
01100010011101	199
01100010011110	80
01100010011111	136
01100010100000	195
01100010100001	312
01100010100010	99
01100010100011	150
01100010100100	175
01100010100101	259
01100010100110	147
01100010100111	220
01100010101000	197
01100010101001	256
01100010101010	120
01100010101011	181
01100010101100	184
01100010101101	263
01100010101110	139
01100010101111	129
01100010110000	83
01100010110001	225
01100010110010	30
01100010110011	134
01100010110100	79
01100010110101	176
01100010110110	70
01100010110111	125
01100010111000	162
01100010111001	265
01100010111010	90
01100010111011	118
01100010111100	178
01100010111101	125
01100010111110	79
01100010111111	110
01100011000000	62
01100011000001	177
01100011000010	93
01100011000011	167
01100011000100	119
01100011000101	166
01100011000110	90
01100011000111	129
01100011001000	116
01100011001001	173
01100011001010	79
01100011001011	140
01100011001100	112
01100011001101	150
01100011001110	94
01100011001111	118
01100011010000	40
01100011010001	114
01100011010010	54
01100011010011	89
01100011010100	71
01100011010101	146
01100011010110	66
01100011010111	120
01100011011000	63
01100011011001	112
01100011011010	62
01100011011011	117
01100011011100	71
01100011011101	113
01100011011110	73
01100011011111	140
01100011100000	129
01100011100001	255
01100011100010	134
01100011100011	133
01100011100100	123
01100011100101	241
01100011100110	104
01100011100111	183
01100011101000	138
01100011101001	184
01100011101010	109
01100011101011	146
01100011101100	139
01100011101101	175
01100011101110	105
01100011101111	122
01100011110000	58
01100011110001	147
01100011110010	58
01100011110011	117
01100011110100	67
01100011110101	191
01100011110110	69
01100011110111	158
01100011111000	118
01100011111001	216
01100011111010	79
01100011111011	148
01100011111100	69
01100011111101	144
01100011111110	107
01100011111111	161
01100100000000	146
01100100000001	224
01100100000010	129
01100100000011	157
01100100000100	173
01100100000101	182
01100100000110	125
01100100000111	175
01100100001000	161
01100100001001	216
01100100001010	148
01100100001011	117
01100100001100	161
01100100001101	180
01100100001110	137
01100100001111	57
01100100010000	84
01100100010001	152
01100100010010	50
01100100010011	138
01100100010100	110
01100100010101	126
01100100010110	83
01100100010111	157
01100100011000	111
01100100011001	200
01100100011010	111
01100100011011	154
01100100011100	108
01100100011101	161
01100100011110	80
01100100011111	142
01100100100000	195
01100100100001	213
01100100100010	127
01100100100011	179
01100100100100	160
01100100100101	213
01100100100110	129
01100100100111	138
01100100101000	154
01100100101001	227
01100100101010	196
01100100101011	211
01100100101100	176
01100100101101	184
01100100101110	121
01100100101111	136
01100100110000	87
01100100110001	231
01100100110010	66
01100100110011	135
01100100110100	124
01100100110101	255
01100100110110	93
01100100110111	151
01100100111000	155
01100100111001	181
01100100111010	99
01100100111011	191
01100100111100	176
01100100111101	266
01100100111110	104
01100100111111	144
01100101000000	48
01100101000001	143
01100101000010	74
01100101000011	97
01100101000100	83
01100101000101	117
01100101000110	50
01100101000111	116
01100101001000	66
01100101001001	118
01100101001010	88
01100101001011	84
01100101001100	64
01100101001101	123
01100101001110	50
01100101001111	74
01100101010000	30
01100101010001	78
01100101010010	34
01100101010011	137
01100101010100	29
01100101010101	126
01100101010110	33
01100101010111	118
01100101011000	62
01100101011001	149
01100101011010	39
01100101011011	161
01100101011100	82
01100101011101	85
01100101011110	43
01100101011111	92
01100101100000	99
01100101100001	218
01100101100010	63
01100101100011	165
01100101100100	66
01100101100101	217
01100101100110	63
01100101100111	183
01100101101000	107
01100101101001	173
01100101101010	97
01100101101011	181
01100101101100	140
01100101101101	115
01100101101110	79
01100101101111	134
01100101110000	70
01100101110001	165
01100101110010	37
01100101110011	111
01100101110100	59
01100101110101	169
01100101110110	53
01100101110111	159
01100101111000	68
01100101111001	175
01100101111010	86
01100101111011	156
01100101111100	71
01100101111101	171
01100101111110	66
01100101111111	103
01100110000000	145
01100110000001	182
01100110000010	127
01100110000011	148
01100110000100	165
01100110000101	260
01100110000110	96
01100110000111	175
01100110001000	158
01100110001001	235
01100110001010	107
01100110001011	180
01100110001100	178
01100110001101	239
01100110001110	105
01100110001111	145
01100110010000	102
01100110010001	185
01100110010010	59
01100110010011	149
01100110010100	134
01100110010101	180
01100110010110	75
01100110010111	136
01100110011000	114
01100110011001	188
01100110011010	92
01100110011011	202
01100110011100	146
01100110011101	211
01100110011110	61
01100110011111	122
01100110100000	147
01100110100001	217
01100110100010	123
01100110100011	189
01100110100100	210
01100110100101	299
01100110100110	139
01100110100111	219
01100110101000	239
01100110101001	288
01100110101010	143
01100110101011	149
01100110101100	173
01100110101101	307
01100110101110	108
01100110101111	159
01100110110000	121
01100110110001	221
01100110110010	73
01100110110011	135
01100110110100	140
01100110110101	281
01100110110110	76
01100110110111	148
01100110111000	152
01100110111001	235
01100110111010	118
01100110111011	152
01100110111100	179
01100110111101	222
01100110111110	111
01100110111111	199
01100111000000	96
01100111000001	212
01100111000010	115
01100111000011	160
01100111000100	111
01100111000101	193
01100111000110	64
01100111000111	138
01100111001000	110
01100111001001	164
01100111001010	103
01100111001011	179
01100111001100	107
01100111001101	125
01100111001110	86
01100111001111	125
01100111010000	55
01100111010001	134
01100111010010	72
01100111010011	126
01100111010100	37
01100111010101	169
01100111010110	69
01100111010111	175
01100111011000	100
01100111011001	148
01100111011010	78
01100111011011	136
01100111011100	61
01100111011101	185
01100111011110	60
01100111011111	200
01100111100000	152
01100111100001	194
01100111100010	107
01100111100011	192
01100111100100	159
01100111100101	171
01100111100110	119
01100111100111	137
01100111101000	164
01100111101001	159
01100111101010	157
01100111101011	136
01100111101100	148
01100111101101	178
01100111101110	114
01100111101111	135
01100111110000	70
01100111110001	87
01100111110010	95
01100111110011	157
01100111110100	65
01100111110101	178
01100111110110	59
01100111110111	124
01100111111000	97
01100111111001	197
01100111111010	93
01100111111011	213
01100111111100	141
01100111111101	161
01100111111110	112
01100111111111	144
01101000000000	244
01101000000001	455
01101000000010	145
01101000000011	318
01101000000100	202
01101000000101	379
01101000000110	191
01101000000111	303
01101000001000	300
01101000001001	315
01101000001010	206
01101000001011	346
01101000001100	286
01101000001101	305
01101000001110	197
01101000001111	249
01101000010000	102
01101000010001	185
01101000010010	110
01101000010011	245
01101000010100	143
01101000010101	251
01101000010110	87
01101000010111	217
01101000011000	191
01101000011001	325
01101000011010	162
01101000011011	231
01101000011100	164
01101000011101	289
01101000011110	141
01101000011111	285
01101000100000	305
01101000100001	390
01101000100010	234
01101000100011	242
01101000100100	293
01101000100101	487
01101000100110	209
01101000100111	335
01101000101000	387
01101000101001	408
01101000101010	296
01101000101011	311
01101000101100	326
01101000101101	384
01101000101110	260
01101000101111	294
01101000110000	121
01101000110001	337
01101000110010	93
01101000110011	224
01101000110100	178
01101000110101	365
01101000110110	107
01101000110111	293
01101000111000	220
01101000111001	394
01101000111010	174
01101000111011	268
01101000111100	243
01101000111101	290
01101000111110	165
01101000111111	206
01101001000000	66
01101001000001	255
01101001000010	113
01101001000011	223
01101001000100	151
01101001000101	193
01101001000110	119
01101001000111	209
01101001001000	149
01101001001001	201
01101001001010	130
01101001001011	286
01101001001100	139
01101001001101	210
01101001001110	132
01101001001111	197
01101001010000	39
01101001010001	177
01101001010010	47
01101001010011	206
01101001010100	76
01101001010101	196
01101001010110	86
01101001010111	178
01101001011000	77
01101001011001	246
01101001011010	112
01101001011011	242
01101001011100	98
01101001011101	197
01101001011110	84
01101001011111	245
01101001100000	156
01101001100001	269
01101001100010	129
01101001100011	201
01101001100100	215
01101001100101	314
01101001100110	149
01101001100111	239
01101001101000	190
01101001101001	414
01101001101010	140
01101001101011	271
01101001101100	238
01101001101101	327
01101001101110	109
01101001101111	163
01101001110000	117
01101001110001	249
01101001110010	71
01101001110011	174
01101001110100	100
01101001110101	233
01101001110110	70
01101001110111	212
01101001111000	95
01101001111001	216
01101001111010	91
01101001111011	237
01101001111100	105
01101001111101	281
01101001111110	137
01101001111111	244
01101010000000	260
01101010000001	349
01101010000010	151
01101010000011	287
01101010000100	261
01101010000101	408
01101010000110	163
01101010000111	321
01101010001000	233
01101010001001	358
01101010001010	191
01101010001011	311
01101010001100	299
01101010001101	328
01101010001110	187
01101010001111	267
01101010010000	99
01101010010001	227
01101010010010	90
01101010010011	202
01101010010100	98
01101010010101	289
01101010010110	96
01101010010111	338
01101010011000	222
01101010011001	315
01101010011010	131
01101010011011	225
01101010011100	200
01101010011101	314
01101010011110	134
01101010011111	269
01101010100000	301
01101010100001	442
01101010100010	160
01101010100011	321
01101010100100	289
01101010100101	468
01101010100110	162
01101010100111	297
01101010101000	343
01101010101001	486
01101010101010	258
01101010101011	279
01101010101100	270
01101010101101	504
01101010101110	231
01101010101111	284
01101010110000	180
01101010110001	333
01101010110010	101
01101010110011	291
01101010110100	164
01101010110101	304
01101010110110	126
01101010110111	313
01101010111000	230
01101010111001	472
01101010111010	183
01101010111011	257
01101010111100	192
01101010111101	354
01101010111110	179
01101010111111	215
01101011000000	114
01101011000001	254
01101011000010	133
01101011000011	232
01101011000100	175
01101011000101	278
01101011000110	169
01101011000111	224
01101011001000	158
01101011001001	283
01101011001010	222
01101011001011	149
01101011001100	175
01101011001101	228
01101011001110	144
01101011001111	188
01101011010000	53
01101011010001	189
01101011010010	69
01101011010011	217
01101011010100	83
01101011010101	212
01101011010110	84
01101011010111	208
01101011011000	114
01101011011001	253
01101011011010	92
01101011011011	190
01101011011100	123
01101011011101	171
01101011011110	79
01101011011111	247
01101011100000	205
01101011100001	277
01101011100010	143
01101011100011	259
01101011100100	184
01101011100101	367
01101011100110	129
01101011100111	277
01101011101000	245
01101011101001	278
01101011101010	138
01101011101011	275
01101011101100	222
01101011101101	285
01101011101110	186
01101011101111	195
01101011110000	99
01101011110001	243
01101011110010	49
01101011110011	185
01101011110100	105
01101011110101	279
01101011110110	86
01101011110111	237
01101011111000	139
01101011111001	321
01101011111010	104
01101011111011	204
01101011111100	142
01101011111101	217
01101011111110	147
01101011111111	226
01101100000000	195
01101100000001	268
01101100000010	149
01101100000011	294
01101100000100	222
01101100000101	330
01101100000110	163
01101100000111	176
01101100001000	279
01101100001001	229
01101100001010	158
01101100001011	185
01101100001100	159
01101100001101	240
01101100001110	157
01101100001111	205
01101100010000	106
01101100010001	224
01101100010010	115
01101100010011	194
01101100010100	114
01101100010101	238
01101100010110	107
01101100010111	184
01101100011000	155
01101100011001	293
01101100011010	125
01101100011011	203
01101100011100	185
01101100011101	280
01101100011110	113
01101100011111	243
01101100100000	222
01101100100001	410
01101100100010	139
01101100100011	268
01101100100100	243
01101100100101	333
01101100100110	217
01101100100111	279
01101100101000	303
01101100101001	475
01101100101010	253
01101100101011	265
01101100101100	296
01101100101101	317
01101100101110	177
01101100101111	251
01101100110000	116
01101100110001	307
01101100110010	95
01101100110011	170
01101100110100	152
01101100110101	281
01101100110110	105
01101100110111	228
01101100111000	209
01101100111001	270
01101100111010	136
01101100111011	147
01101100111100	219
01101100111101	294
01101100111110	131
01101100111111	185
01101101000000	79
01101101000001	159
01101101000010	99
01101101000011	167
01101101000100	110
01101101000101	192
01101101000110	89
01101101000111	210
01101101001000	161
01101101001001	207
01101101001010	117
01101101001011	152
01101101001100	101
01101101001101	219
01101101001110	96
01101101001111	173
01101101010000	51
01101101010001	126
01101101010010	58
01101101010011	119
01101101010100	98
01101101010101	168
01101101010110	41
01101101010111	192
01101101011000	55
01101101011001	191
01101101011010	88
01101101011011	165
01101101011100	101
01101101011101	217
01101101011110	65
01101101011111	177
01101101100000	108
01101101100001	292
01101101100010	115
01101101100011	142
01101101100100	165
01101101100101	266
01101101100110	117
01101101100111	203
01101101101000	155
01101101101001	223
01101101101010	129
01101101101011	202
01101101101100	207
01101101101101	310
01101101101110	115
01101101101111	217
01101101110000	45
01101101110001	201
01101101110010	62
01101101110011	188
01101101110100	92
01101101110101	269
01101101110110	88
01101101110111	212
01101101111000	117
01101101111001	215
01101101111010	92
01101101111011	212
01101101111100	153
01101101111101	214
01101101111110	69
01101101111111	154
01101110000000	266
01101110000001	363
01101110000010	181
01101110000011	360
01101110000100	223
01101110000101	424
01101110000110	172
01101110000111	288
01101110001000	254
01101110001001	326
01101110001010	195
01101110001011	276
01101110001100	264
01101110001101	413
01101110001110	211
01101110001111	236
01101110010000	110
01101110010001	282
01101110010010	82
01101110010011	228
01101110010100	139
01101110010101	297
01101110010110	95
01101110010111	220
01101110011000	198
01101110011001	315
01101110011010	123
01101110011011	292
01101110011100	186
01101110011101	303
01101110011110	156
01101110011111	314
01101110100000	318
01101110100001	507
01101110100010	243
01101110100011	245
01101110100100	306
01101110100101	544
01101110100110	185
01101110100111	324
01101110101000	391
01101110101001	643
01101110101010	191
01101110101011	379
01101110101100	359
01101110101101	588
01101110101110	259
01101110101111	283
01101110110000	124
01101110110001	374
01101110110010	120
01101110110011	266
01101110110100	172
01101110110101	361
01101110110110	130
01101110110111	253
01101110111000	251
01101110111001	345
01101110111010	154
01101110111011	318
01101110111100	210
01101110111101	461
01101110111110	150
01101110111111	306
01101111000000	121
01101111000001	256
01101111000010	159
01101111000011	200
01101111000100	163
01101111000101	226
01101111000110	179
01101111000111	222
01101111001000	176
01101111001001	307
01101111001010	164
01101111001011	209
01101111001100	157
01101111001101	148
01101111001110	141
01101111001111	207
01101111010000	55
01101111010001	210
01101111010010	75
01101111010011	179
01101111010100	85
01101111010101	247
01101111010110	118
01101111010111	179
01101111011000	114
01101111011001	204
01101111011010	101
01101111011011	231
01101111011100	132
01101111011101	251
01101111011110	114
01101111011111	197
01101111100000	224
01101111100001	333
01101111100010	156
01101111100011	272
01101111100100	215
01101111100101	349
01101111100110	143
01101111100111	231
01101111101000	200
01101111101001	296
01101111101010	164
01101111101011	280
01101111101100	222
01101111101101	321
01101111101110	171
01101111101111	267
01101111110000	60
01101111110001	265
01101111110010	99
01101111110011	193
01101111110100	94
01101111110101	257
01101111110110	104
01101111110111	238
01101111111000	157
01101111111001	322
01101111111010	155
01101111111011	265
01101111111100	168
01101111111101	278
01101111111110	150
01101111111111	186
01110000000000	266
01110000000001	298
01110000000010	193
01110000000011	253
01110000000100	308
01110000000101	304
01110000000110	229
01110000000111	271
01110000001000	252
01110000001001	380
01110000001010	247
01110000001011	319
01110000001100	230
01110000001101	356
01110000001110	212
01110000001111	284
01110000010000	106
01110000010001	277
01110000010010	128
01110000010011	225
01110000010100	139
01110000010101	285
01110000010110	131
01110000010111	200
01110000011000	221
01110000011001	363
01110000011010	143
01110000011011	284
01110000011100	225
01110000011101	360
01110000011110	206
01110000011111	274
01110000100000	361
01110000100001	409
01110000100010	268
01110000100011	333
01110000100100	344
01110000100101	374
01110000100110	244
01110000100111	296
01110000101000	466
01110000101001	404
01110000101010	293
01110000101011	276
01110000101100	414
01110000101101	393
01110000101110	196
01110000101111	305
01110000110000	144
01110000110001	343
01110000110010	137
01110000110011	279
01110000110100	210
01110000110101	361
01110000110110	164
01110000110111	256
01110000111000	293
01110000111001	397
01110000111010	204
01110000111011	347
01110000111100	263
01110000111101	440
01110000111110	180
01110000111111	276
01110001000000	142
01110001000001	183
01110001000010	89
01110001000011	253
01110001000100	121
01110001000101	210
01110001000110	108
01110001000111	204
01110001001000	154
01110001001001	205
01110001001010	117
01110001001011	241
01110001001100	141
01110001001101	205
01110001001110	80
01110001001111	193
01110001010000	66
01110001010001	236
01110001010010	77
01110001010011	186
01110001010100	115
01110001010101	210
01110001010110	96
01110001010111	215
01110001011000	136
01110001011001	245
01110001011010	131
01110001011011	242
01110001011100	111
01110001011101	251
01110001011110	111
01110001011111	232
01110001100000	167
01110001100001	373
01110001100010	134
01110001100011	285
01110001100100	184
01110001100101	350
01110001100110	128
01110001100111	203
01110001101000	200
01110001101001	449
01110001101010	135
01110001101011	276
01110001101100	273
01110001101101	362
01110001101110	148
01110001101111	187
01110001110000	107
01110001110001	347
01110001110010	85
01110001110011	233
01110001110100	95
01110001110101	303
01110001110110	85
01110001110111	255
01110001111000	126
01110001111001	444
01110001111010	128
01110001111011	260
01110001111100	178
01110001111101	342
01110001111110	91
01110001111111	260
01110010000000	207
01110010000001	436
01110010000010	197
01110010000011	339
01110010000100	268
01110010000101	405
01110010000110	208
01110010000111	217
01110010001000	230
01110010001001	454
01110010001010	259
01110010001011	313
01110010001100	272
01110010001101	358
01110010001110	161
01110010001111	172
01110010010000	105
01110010010001	225
01110010010010	102
01110010010011	277
01110010010100	113
01110010010101	289
01110010010110	104
01110010010111	202
01110010011000	145
01110010011001	301
01110010011010	163
01110010011011	316
01110010011100	246
01110010011101	407
01110010011110	121
01110010011111	228
01110010100000	272
01110010100001	437
01110010100010	145
01110010100011	303
01110010100100	261
01110010100101	503
01110010100110	180
01110010100111	324
01110010101000	393
01110010101001	549
01110010101010	205
01110010101011	323
01110010101100	336
01110010101101	455
01110010101110	184
01110010101111	297
01110010110000	171
01110010110001	405
01110010110010	93
01110010110011	297
01110010110100	162
01110010110101	382
01110010110110	136
01110010110111	258
01110010111000	212
01110010111001	475
01110010111010	210
01110010111011	264
01110010111100	217
01110010111101	397
01110010111110	142
01110010111111	292
01110011000000	140
01110011000001	205
01110011000010	157
01110011000011	300
01110011000100	180
01110011000101	254
01110011000110	144
01110011000111	160
01110011001000	183
01110011001001	260
01110011001010	142
01110011001011	182
01110011001100	127
01110011001101	223
01110011001110	98
01110011001111	133
01110011010000	71
01110011010001	181
01110011010010	74
01110011010011	236
01110011010100	79
01110011010101	212
01110011010110	94
01110011010111	199
01110011011000	167
01110011011001	210
01110011011010	156
01110011011011	211
01110011011100	100
01110011011101	207
01110011011110	100
01110011011111	140
01110011100000	200
01110011100001	362
01110011100010	136
01110011100011	249
01110011100100	216
01110011100101	303
01110011100110	147
01110011100111	294
01110011101000	208
01110011101001	291
01110011101010	199
01110011101011	230
01110011101100	218
01110011101101	309
01110011101110	131
01110011101111	194
01110011110000	122
01110011110001	296
01110011110010	72
01110011110011	205
01110011110100	114
01110011110101	255
01110011110110	112
01110011110111	231
01110011111000	175
01110011111001	351
01110011111010	112
01110011111011	245
01110011111100	149
01110011111101	260
01110011111110	104
01110011111111	211
01110100000000	262
01110100000001	334
01110100000010	183
01110100000011	271
01110100000100	241
01110100000101	315
01110100000110	135
01110100000111	292
01110100001000	273
01110100001001	282
01110100001010	188
01110100001011	205
01110100001100	210
01110100001101	326
01110100001110	139
01110100001111	187
01110100010000	112
01110100010001	250
01110100010010	77
01110100010011	161
01110100010100	112
01110100010101	313
01110100010110	127
01110100010111	226
01110100011000	212
01110100011001	319
01110100011010	134
01110100011011	233
01110100011100	149
01110100011101	222
01110100011110	128
01110100011111	231
01110100100000	304
01110100100001	466
01110100100010	158
01110100100011	301
01110100100100	300
01110100100101	445
01110100100110	215
01110100100111	301
01110100101000	396
01110100101001	521
01110100101010	247
01110100101011	220
01110100101100	301
01110100101101	339
01110100101110	191
01110100101111	198
01110100110000	147
01110100110001	266
01110100110010	149
01110100110011	163
01110100110100	153
01110100110101	323
01110100110110	107
01110100110111	234
01110100111000	205
01110100111001	401
01110100111010	154
01110100111011	312
01110100111100	300
01110100111101	337
01110100111110	156
01110100111111	292
01110101000000	102
01110101000001	224
01110101000010	96
01110101000011	187
01110101000100	108
01110101000101	204
01110101000110	87
01110101000111	125
01110101001000	95
01110101001001	240
01110101001010	111
01110101001011	119
01110101001100	135
01110101001101	235
01110101001110	98
01110101001111	185
01110101010000	64
01110101010001	154
01110101010010	34
01110101010011	233
01110101010100	87
01110101010101	253
01110101010110	59
01110101010111	210
01110101011000	78
01110101011001	203
01110101011010	93
01110101011011	204
01110101011100	93
01110101011101	229
01110101011110	81
01110101011111	173
01110101100000	109
01110101100001	344
01110101100010	107
01110101100011	303
01110101100100	141
01110101100101	320
01110101100110	83
01110101100111	209
01110101101000	167
01110101101001	302
01110101101010	100
01110101101011	200
01110101101100	172
01110101101101	347
01110101101110	101
01110101101111	220
01110101110000	93
01110101110001	249
01110101110010	69
01110101110011	247
01110101110100	136
01110101110101	263
01110101110110	75
01110101110111	251
01110101111000	133
01110101111001	318
01110101111010	132
01110101111011	186
01110101111100	93
01110101111101	336
01110101111110	118
01110101111111	248
01110110000000	296
01110110000001	374
01110110000010	202
01110110000011	268
01110110000100	236
01110110000101	536
01110110000110	150
01110110000111	307
01110110001000	332
01110110001001	384
01110110001010	155
01110110001011	297
01110110001100	321
01110110001101	314
01110110001110	207
01110110001111	259
01110110010000	153
01110110010001	344
01110110010010	117
01110110010011	278
01110110010100	142
01110110010101	369
01110110010110	112
01110110010111	341
01110110011000	233
01110110011001	416
01110110011010	210
01110110011011	294
01110110011100	241
01110110011101	377
01110110011110	122
01110110011111	306
01110110100000	366
01110110100001	557
01110110100010	230
01110110100011	262
01110110100100	381
01110110100101	496
01110110100110	262
01110110100111	382
01110110101000	406
01110110101001	581
01110110101010	279
01110110101011	299
01110110101100	431
01110110101101	650
01110110101110	216
01110110101111	334
01110110110000	175
01110110110001	406
01110110110010	124
01110110110011	257
01110110110100	242
01110110110101	458
01110110110110	118
01110110110111	234
01110110111000	302
01110110111001	433
01110110111010	210
01110110111011	396
01110110111100	260
01110110111101	390
01110110111110	156
01110110111111	316
01110111000000	166
01110111000001	273
01110111000010	133
01110111000011	287
01110111000100	157
01110111000101	308
01110111000110	151
01110111000111	234
01110111001000	221
01110111001001	290
01110111001010	219
01110111001011	268
01110111001100	179
01110111001101	178
01110111001110	157
01110111001111	206
01110111010000	103
01110111010001	210
01110111010010	105
01110111010011	201
01110111010100	122
01110111010101	243
01110111010110	86
01110111010111	219
01110111011000	139
01110111011001	274
01110111011010	103
01110111011011	205
01110111011100	141
01110111011101	248
01110111011110	64
01110111011111	226
01110111100000	223
01110111100001	396
01110111100010	143
01110111100011	295
01110111100100	244
01110111100101	373
01110111100110	155
01110111100111	292
01110111101000	294
01110111101001	355
01110111101010	204
01110111101011	323
01110111101100	337
01110111101101	310
01110111101110	122
01110111101111	244
01110111110000	127
01110111110001	283
01110111110010	72
01110111110011	246
01110111110100	143
01110111110101	283
01110111110110	133
01110111110111	272
01110111111000	195
01110111111001	343
01110111111010	161
01110111111011	299
01110111111100	191
01110111111101	294
01110111111110	215
01110111111111	264
01111000000000	195
01111000000001	235
01111000000010	137
01111000000011	258
01111000000100	173
01111000000101	277
01111000000110	163
01111000000111	254
01111000001000	194
01111000001001	257
01111000001010	214
01111000001011	236
01111000001100	240
01111000001101	308
01111000001110	164
01111000001111	173
01111000010000	86
01111000010001	234
01111000010010	74
01111000010011	185
01111000010100	117
01111000010101	281
01111000010110	81
01111000010111	166
01111000011000	157
01111000011001	296
01111000011010	179
01111000011011	252
01111000011100	166
01111000011101	243
01111000011110	121
01111000011111	232
01111000100000	283
01111000100001	309
01111000100010	160
01111000100011	330
01111000100100	241
01111000100101	413
01111000100110	167
01111000100111	301
01111000101000	309
01111000101001	366
01111000101010	204
01111000101011	244
01111000101100	304
01111000101101	334
01111000101110	218
01111000101111	185
01111000110000	95
01111000110001	253
01111000110010	78
01111000110011	164
01111000110100	157
01111000110101	324
01111000110110	106
01111000110111	220
01111000111000	217
01111000111001	311
01111000111010	117
01111000111011	276
01111000111100	228
01111000111101	300
01111000111110	162
01111000111111	218
01111001000000	123
01111001000001	209
01111001000010	98
01111001000011	190
01111001000100	109
01111001000101	222
01111001000110	83
01111001000111	112
01111001001000	123
01111001001001	278
01111001001010	89
01111001001011	147
01111001001100	146
01111001001101	185
01111001001110	102
01111001001111	114
01111001010000	58
01111001010001	179
01111001010010	71
01111001010011	159
01111001010100	59
01111001010101	141
01111001010110	58
01111001010111	135
01111001011000	100
01111001011001	179
01111001011010	79
01111001011011	152
01111001011100	86
01111001011101	237
01111001011110	92
01111001011111	147
01111001100000	156
01111001100001	286
01111001100010	95
01111001100011	230
01111001100100	161
01111001100101	259
01111001100110	86
01111001100111	176
01111001101000	187
01111001101001	213
01111001101010	169
01111001101011	197
01111001101100	151
01111001101101	157
01111001101110	109
01111001101111	224
01111001110000	95
01111001110001	163
01111001110010	71
01111001110011	146
01111001110100	109
01111001110101	257
01111001110110	88
01111001110111	174
01111001111000	98
01111001111001	224
01111001111010	85
01111001111011	182
01111001111100	121
01111001111101	255
01111001111110	82
01111001111111	138
01111010000000	163
01111010000001	284
01111010000010	132
01111010000011	251
01111010000100	203
01111010000101	352
01111010000110	154
01111010000111	142
01111010001000	202
01111010001001	361
01111010001010	185
01111010001011	163
01111010001100	192
01111010001101	285
01111010001110	159
01111010001111	161
01111010010000	95
01111010010001	295
01111010010010	96
01111010010011	173
01111010010100	116
01111010010101	224
01111010010110	63
01111010010111	241
01111010011000	145
01111010011001	239
01111010011010	112
01111010011011	163
01111010011100	174
01111010011101	247
01111010011110	130
01111010011111	129
01111010100000	218
01111010100001	289
01111010100010	163
01111010100011	213
01111010100100	231
01111010100101	413
01111010100110	185
01111010100111	201
01111010101000	272
01111010101001	386
01111010101010	186
01111010101011	328
01111010101100	257
01111010101101	369
01111010101110	151
01111010101111	207
01111010110000	112
01111010110001	304
01111010110010	90
01111010110011	216
01111010110100	118
01111010110101	317
01111010110110	72
01111010110111	207
01111010111000	215
01111010111001	308
01111010111010	141
01111010111011	237
01111010111100	184
01111010111101	350
01111010111110	112
01111010111111	215
01111011000000	142
01111011000001	174
01111011000010	113
01111011000011	169
01111011000100	114
01111011000101	186
01111011000110	91
01111011000111	181
01111011001000	146
01111011001001	189
01111011001010	164
01111011001011	208
01111011001100	96
01111011001101	143
01111011001110	91
01111011001111	171
01111011010000	75
01111011010001	162
01111011010010	63
01111011010011	140
01111011010100	64
01111011010101	165
01111011010110	65
01111011010111	152
01111011011000	72
01111011011001	216
01111011011010	60
01111011011011	186
01111011011100	107
01111011011101	124
01111011011110	80
01111011011111	161
01111011100000	174
01111011100001	313
01111011100010	137
01111011100011	209
01111011100100	103
01111011100101	212
01111011100110	96
01111011100111	225
01111011101000	189
01111011101001	265
01111011101010	122
01111011101011	207
01111011101100	232
01111011101101	242
01111011101110	118
01111011101111	195
01111011110000	84
01111011110001	211
01111011110010	79
01111011110011	193
01111011110100	91
01111011110101	187
01111011110110	76
01111011110111	130
01111011111000	102
01111011111001	237
01111011111010	81
01111011111011	173
01111011111100	144
01111011111101	205
01111011111110	81
01111011111111	135
01111100000000	125
01111100000001	257
01111100000010	114
01111100000011	119
01111100000100	152
01111100000101	238
01111100000110	136
01111100000111	219
01111100001000	201
01111100001001	211
01111100001010	116
01111100001011	146
01111100001100	148
01111100001101	208
01111100001110	156
01111100001111	202
01111100010000	59
01111100010001	230
01111100010010	62
01111100010011	175
01111100010100	111
01111100010101	191
01111100010110	93
01111100010111	225
01111100011000	115
01111100011001	192
01111100011010	98
01111100011011	202
01111100011100	149
01111100011101	231
01111100011110	98
01111100011111	201
01111100100000	231
01111100100001	283
01111100100010	154
01111100100011	274
01111100100100	208
01111100100101	377
01111100100110	131
01111100100111	183
01111100101000	297
01111100101001	323
01111100101010	181
01111100101011	231
01111100101100	226
01111100101101	306
01111100101110	179
01111100101111	187
01111100110000	127
01111100110001	210
01111100110010	55
01111100110011	189
01111100110100	104
01111100110101	244
01111100110110	92
01111100110111	156
01111100111000	216
01111100111001	372
01111100111010	152
01111100111011	187
01111100111100	130
01111100111101	320
01111100111110	128
01111100111111	210
01111101000000	80
01111101000001	206
01111101000010	81
01111101000011	201
01111101000100	106
01111101000101	119
01111101000110	72
01111101000111	192
01111101001000	151
01111101001001	198
01111101001010	76
01111101001011	138
01111101001100	96
01111101001101	167
01111101001110	80
01111101001111	110
01111101010000	43
01111101010001	148
01111101010010	52
01111101010011	125
01111101010100	60
01111101010101	136
01111101010110	35
01111101010111	111
01111101011000	65
01111101011001	215
01111101011010	62
01111101011011	204
01111101011100	82
01111101011101	201
01111101011110	68
01111101011111	141
01111101100000	96
01111101100001	196
01111101100010	86
01111101100011	151
01111101100100	114
01111101100101	222
01111101100110	73
01111101100111	160
01111101101000	122
01111101101001	244
01111101101010	110
01111101101011	204
01111101101100	106
01111101101101	213
01111101101110	81
01111101101111	168
01111101110000	75
01111101110001	180
01111101110010	51
01111101110011	165
01111101110100	85
01111101110101	213
01111101110110	70
01111101110111	186
01111101111000	92
01111101111001	155
01111101111010	75
01111101111011	184
01111101111100	94
01111101111101	174
01111101111110	87
01111101111111	219
01111110000000	195
01111110000001	358
01111110000010	141
01111110000011	215
01111110000100	251
01111110000101	229
01111110000110	161
01111110000111	202
01111110001000	253
01111110001001	273
01111110001010	174
01111110001011	238
01111110001100	289
01111110001101	265
01111110001110	170
01111110001111	225
01111110010000	96
01111110010001	254
01111110010010	84
01111110010011	144
01111110010100	114
01111110010101	243
01111110010110	78
01111110010111	246
01111110011000	175
01111110011001	305
01111110011010	149
01111110011011	262
01111110011100	169
01111110011101	196
01111110011110	97
01111110011111	187
01111110100000	262
01111110100001	425
01111110100010	182
01111110100011	311
01111110100100	271
01111110100101	514
01111110100110	242
01111110100111	205
01111110101000	344
01111110101001	512
01111110101010	174
01111110101011	285
01111110101100	326
01111110101101	362
01111110101110	215
01111110101111	221
01111110110000	157
01111110110001	316
01111110110010	74
01111110110011	260
01111110110100	172
01111110110101	318
01111110110110	106
01111110110111	224
01111110111000	235
01111110111001	349
01111110111010	126
01111110111011	256
01111110111100	236
01111110111101	306
01111110111110	131
01111110111111	244
01111111000000	109
01111111000001	243
01111111000010	88
01111111000011	200
01111111000100	129
01111111000101	223
01111111000110	116
01111111000111	206
01111111001000	172
01111111001001	199
01111111001010	158
01111111001011	247
01111111001100	143
01111111001101	199
01111111001110	88
01111111001111	147
01111111010000	69
01111111010001	140
01111111010010	51
01111111010011	210
01111111010100	67
01111111010101	142
01111111010110	63
01111111010111	170
01111111011000	104
01111111011001	206
01111111011010	87
01111111011011	199
01111111011100	95
01111111011101	187
01111111011110	93
01111111011111	118
01111111100000	192
01111111100001	294
01111111100010	119
01111111100011	234
01111111100100	153
01111111100101	351
01111111100110	152
01111111100111	221
01111111101000	211
01111111101001	268
01111111101010	155
01111111101011	227
01111111101100	187
01111111101101	214
01111111101110	114
01111111101111	203
01111111110000	81
01111111110001	155
01111111110010	54
01111111110011	181
01111111110100	89
01111111110101	209
01111111110110	64
01111111110111	175
01111111111000	125
01111111111001	280
01111111111010	139
01111111111011	244
01111111111100	110
01111111111101	180
01111111111110	136
01111111111111	215
10000000000000	155
10000000000001	327
10000000000010	137
10000000000011	207
10000000000100	219
10000000000101	299
10000000000110	135
10000000000111	164
10000000001000	179
10000000001001	228
10000000001010	194
10000000001011	168
10000000001100	245
10000000001101	264
10000000001110	111
10000000001111	190
10000000010000	131
10000000010001	147
10000000010010	42
10000000010011	153
10000000010100	88
10000000010101	139
10000000010110	68
10000000010111	179
10000000011000	118
10000000011001	221
10000000011010	133
10000000011011	169
10000000011100	141
10000000011101	204
10000000011110	75
10000000011111	117
10000000100000	184
10000000100001	304
10000000100010	112
10000000100011	225
10000000100100	223
10000000100101	285
10000000100110	151
10000000100111	223
10000000101000	223
10000000101001	364
10000000101010	128
10000000101011	180
10000000101100	256
10000000101101	234
10000000101110	161
10000000101111	152
10000000110000	113
10000000110001	211
10000000110010	56
10000000110011	202
10000000110100	129
10000000110101	257
10000000110110	65
10000000110111	197
10000000111000	241
10000000111001	253
10000000111010	132
10000000111011	164
10000000111100	181
10000000111101	247
10000000111110	116
10000000111111	153
10000001000000	102
10000001000001	210
10000001000010	51
10000001000011	170
10000001000100	106
10000001000101	173
10000001000110	123
10000001000111	176
10000001001000	103
10000001001001	263
10000001001010	65
10000001001011	119
10000001001100	99
10000001001101	150
10000001001110	57
10000001001111	107
10000001010000	54
10000001010001	207
10000001010010	24
10000001010011	139
10000001010100	40
10000001010101	169
10000001010110	45
10000001010111	156
10000001011000	50
10000001011001	190
10000001011010	50
10000001011011	145
10000001011100	82
10000001011101	128
10000001011110	58
10000001011111	130
10000001100000	94
10000001100001	202
10000001100010	58
10000001100011	185
10000001100100	136
10000001100101	230
10000001100110	54
10000001100111	131
10000001101000	130
10000001101001	251
10000001101010	88
10000001101011	179
10000001101100	112
10000001101101	276
10000001101110	75
10000001101111	165
10000001110000	57
10000001110001	176
10000001110010	38
10000001110011	115
10000001110100	54
10000001110101	174
10000001110110	47
10000001110111	134
10000001111000	112
10000001111001	204
10000001111010	70
10000001111011	121
10000001111100	85
10000001111101	165
10000001111110	64
10000001111111	146
10000010000000	87
10000010000001	199
10000010000010	69
10000010000011	113
10000010000100	109
10000010000101	155
10000010000110	62
10000010000111	152
10000010001000	140
10000010001001	265
10000010001010	93
10000010001011	104
10000010001100	136
10000010001101	216
10000010001110	109
10000010001111	160
10000010010000	58
10000010010001	164
10000010010010	34
10000010010011	72
10000010010100	78
10000010010101	167
10000010010110	48
10000010010111	80
10000010011000	74
10000010011001	186
10000010011010	85
10000010011011	133
10000010011100	85
10000010011101	151
10000010011110	51
10000010011111	120
10000010100000	152
10000010100001	273
10000010100010	72
10000010100011	143
10000010100100	139
10000010100101	229
10000010100110	90
10000010100111	117
10000010101000	159
10000010101001	265
10000010101010	126
10000010101011	133
10000010101100	144
10000010101101	261
10000010101110	109
10000010101111	148
10000010110000	67
10000010110001	185
10000010110010	55
10000010110011	88
10000010110100	69
10000010110101	151
10000010110110	63
10000010110111	86
10000010111000	110
10000010111001	243
10000010111010	79
10000010111011	137
10000010111100	91
10000010111101	154
10000010111110	56
10000010111111	101
10000011000000	54
10000011000001	138
10000011000010	63
10000011000011	83
10000011000100	86
10000011000101	155
10000011000110	38
10000011000111	151
10000011001000	69
10000011001001	117
10000011001010	61
10000011001011	84
10000011001100	67
10000011001101	116
10000011001110	42
10000011001111	90
10000011010000	38
10000011010001	98
10000011010010	24
10000011010011	40
10000011010100	50
10000011010101	94
10000011010110	38
10000011010111	118
10000011011000	39
10000011011001	96
10000011011010	41
10000011011011	124
10000011011100	33
10000011011101	100
10000011011110	46
10000011011111	87
10000011100000	73
10000011100001	166
10000011100010	73
10000011100011	106
10000011100100	93
10000011100101	150
10000011100110	67
10000011100111	115
10000011101000	83
10000011101001	179
10000011101010	64
10000011101011	130
10000011101100	68
10000011101101	167
10000011101110	54
10000011101111	117
10000011110000	17
10000011110001	92
10000011110010	19
10000011110011	66
10000011110100	41
10000011110101	118
10000011110110	43
10000011110111	101
10000011111000	61
10000011111001	103
10000011111010	44
10000011111011	122
10000011111100	46
10000011111101	116
10000011111110	41
10000011111111	102
10000100000000	164
10000100000001	230
10000100000010	118
10000100000011	149
10000100000100	167
10000100000101	196
10000100000110	115
10000100000111	119
10000100001000	150
10000100001001	206
10000100001010	80
10000100001011	124
10000100001100	161
10000100001101	182
10000100001110	91
10000100001111	120
10000100010000	89
10000100010001	155
10000100010010	61
10000100010011	117
10000100010100	72
10000100010101	192
10000100010110	44
10000100010111	108
10000100011000	105
10000100011001	164
10000100011010	91
10000100011011	129
10000100011100	92
10000100011101	176
10000100011110	90
10000100011111	107
10000100100000	167
10000100100001	191
10000100100010	118
10000100100011	167
10000100100100	152
10000100100101	214
10000100100110	116
10000100100111	186
10000100101000	229
10000100101001	251
10000100101010	122
10000100101011	130
10000100101100	186
10000100101101	236
10000100101110	116
10000100101111	118
10000100110000	76
10000100110001	148
10000100110010	53
10000100110011	100
10000100110100	96
10000100110101	222
10000100110110	58
10000100110111	108
10000100111000	112
10000100111001	189
10000100111010	79
10000100111011	151
10000100111100	144
10000100111101	209
10000100111110	85
10000100111111	136
10000101000000	63
10000101000001	122
10000101000010	52
10000101000011	138
10000101000100	82
10000101000101	119
10000101000110	58
10000101000111	114
10000101001000	94
10000101001001	132
10000101001010	33
10000101001011	82
10000101001100	41
10000101001101	147
10000101001110	58
10000101001111	55
10000101010000	42
10000101010001	174
10000101010010	33
10000101010011	118
10000101010100	54
10000101010101	113
10000101010110	29
10000101010111	107
10000101011000	60
10000101011001	155
10000101011010	46
10000101011011	84
10000101011100	40
10000101011101	120
10000101011110	28
10000101011111	147
10000101100000	61
10000101100001	131
10000101100010	68
10000101100011	133
10000101100100	103
10000101100101	194
10000101100110	72
10000101100111	136
10000101101000	64
10000101101001	187
10000101101010	42
10000101101011	110
10000101101100	88
10000101101101	207
10000101101110	62
10000101101111	108
10000101110000	59
10000101110001	138
10000101110010	31
10000101110011	79
10000101110100	38
10000101110101	125
10000101110110	45
10000101110111	72
10000101111000	32
10000101111001	154
10000101111010	36
10000101111011	126
10000101111100	71
10000101111101	122
10000101111110	54
10000101111111	81
10000110000000	112
10000110000001	220
10000110000010	83
10000110000011	174
10000110000100	105
10000110000101	201
10000110000110	127
10000110000111	149
10000110001000	165
10000110001001	182
10000110001010	113
10000110001011	143
10000110001100	189
10000110001101	285
10000110001110	104
10000110001111	125
10000110010000	62
10000110010001	138
10000110010010	50
10000110010011	165
10000110010100	84
10000110010101	248
10000110010110	54
10000110010111	140
10000110011000	129
10000110011001	154
10000110011010	82
10000110011011	166
10000110011100	129
10000110011101	148
10000110011110	61
10000110011111	90
10000110100000	222
10000110100001	251
10000110100010	90
10000110100011	150
10000110100100	161
10000110100101	199
10000110100110	84
10000110100111	165
10000110101000	194
10000110101001	292
10000110101010	109
10000110101011	173
10000110101100	223
10000110101101	279
10000110101110	109
10000110101111	178
10000110110000	92
10000110110001	189
10000110110010	41
10000110110011	130
10000110110100	98
10000110110101	216
10000110110110	54
10000110110111	154
10000110111000	135
10000110111001	173
10000110111010	83
10000110111011	176
10000110111100	156
10000110111101	216
10000110111110	74
10000110111111	128
10000111000000	74
10000111000001	136
10000111000010	44
10000111000011	113
10000111000100	74
10000111000101	127
10000111000110	66
10000111000111	124
10000111001000	98
10000111001001	104
10000111001010	72
10000111001011	109
10000111001100	87
10000111001101	114
10000111001110	72
10000111001111	107
10000111010000	35
10000111010001	86
10000111010010	39
10000111010011	92
10000111010100	40
10000111010101	83
10000111010110	25
10000111010111	90
10000111011000	34
10000111011001	93
10000111011010	35
10000111011011	104
10000111011100	71
10000111011101	102
10000111011110	54
10000111011111	124
10000111100000	87
10000111100001	169
10000111100010	72
10000111100011	131
10000111100100	82
10000111100101	184
10000111100110	61
10000111100111	112
10000111101000	98
10000111101001	173
10000111101010	125
10000111101011	134
10000111101100	82
10000111101101	110
10000111101110	82
10000111101111	113
10000111110000	28
10000111110001	163
10000111110010	29
10000111110011	80
10000111110100	70
10000111110101	157
10000111110110	26
10000111110111	69
10000111111000	68
10000111111001	143
10000111111010	56
10000111111011	126
10000111111100	63
10000111111101	172
10000111111110	60
10000111111111	101
10001000000000	197
10001000000001	394
10001000000010	164
10001000000011	234
10001000000100	212
10001000000101	388
10001000000110	208
10001000000111	274
10001000001000	320
10001000001001	322
10001000001010	171
10001000001011	249
10001000001100	260
10001000001101	316
10001000001110	203
10001000001111	184
10001000010000	134
10001000010001	298
10001000010010	81
10001000010011	237
10001000010100	109
10001000010101	282
10001000010110	136
10001000010111	209
10001000011000	224
10001000011001	354
10001000011010	184
10001000011011	248
10001000011100	174
10001000011101	327
10001000011110	137
10001000011111	153
10001000100000	265
10001000100001	453
10001000100010	187
10001000100011	260
10001000100100	250
10001000100101	432
10001000100110	203
10001000100111	249
10001000101000	318
10001000101001	476
10001000101010	312
10001000101011	250
10001000101100	306
10001000101101	377
10001000101110	214
10001000101111	262
10001000110000	136
10001000110001	313
10001000110010	78
10001000110011	213
10001000110100	174
10001000110101	263
10001000110110	107
10001000110111	241
10001000111000	227
10001000111001	402
10001000111010	161
10001000111011	248
10001000111100	230
10001000111101	405
10001000111110	141
10001000111111	185
10001001000000	136
10001001000001	231
10001001000010	96
10001001000011	211
10001001000100	139
10001001000101	309
10001001000110	120
10001001000111	178
10001001001000	112
10001001001001	268
10001001001010	128
10001001001011	170
10001001001100	139
10001001001101	200
10001001001110	106
10001001001111	173
10001001010000	84
10001001010001	178
10001001010010	65
10001001010011	186
10001001010100	71
10001001010101	184
10001001010110	65
10001001010111	175
10001001011000	96
10001001011001	218
10001001011010	99
10001001011011	161
10001001011100	75
10001001011101	207
10001001011110	81
10001001011111	218
10001001100000	122
10001001100001	347
10001001100010	95
10001001100011	194
10001001100100	151
10001001100101	273
10001001100110	107
10001001100111	240
10001001101000	176
10001001101001	306
10001001101010	114
10001001101011	180
10001001101100	170
10001001101101	262
10001001101110	121
10001001101111	200
10001001110000	90
10001001110001	227
10001001110010	62
10001001110011	185
10001001110100	94
10001001110101	209
10001001110110	80
10001001110111	160
10001001111000	83
10001001111001	263
10001001111010	99
10001001111011	227
10001001111100	145
10001001111101	240
10001001111110	72
10001001111111	170
10001010000000	225
10001010000001	224
10001010000010	157
10001010000011	219
10001010000100	232
10001010000101	305
10001010000110	152
10001010000111	246
10001010001000	256
10001010001001	308
10001010001010	191
10001010001011	220
10001010001100	177
10001010001101	275
10001010001110	160
10001010001111	205
10001010010000	101
10001010010001	221
10001010010010	83
10001010010011	177
10001010010100	97
10001010010101	300
10001010010110	78
10001010010111	132
10001010011000	208
10001010011001	289
10001010011010	99
10001010011011	209
10001010011100	157
10001010011101	289
10001010011110	145
10001010011111	163
10001010100000	231
10001010100001	333
10001010100010	148
10001010100011	209
10001010100100	228
10001010100101	311
10001010100110	129
10001010100111	192
10001010101000	320
10001010101001	391
10001010101010	144
10001010101011	226
10001010101100	241
10001010101101	376
10001010101110	159
10001010101111	203
10001010110000	152
10001010110001	295
10001010110010	80
10001010110011	149
10001010110100	163
10001010110101	358
10001010110110	79
10001010110111	152
10001010111000	195
10001010111001	318
10001010111010	101
10001010111011	214
10001010111100	163
10001010111101	275
10001010111110	101
10001010111111	177
10001011000000	82
10001011000001	199
10001011000010	50
10001011000011	143
10001011000100	97
10001011000101	156
10001011000110	109
10001011000111	228
10001011001000	133
10001011001001	215
10001011001010	93
10001011001011	184
10001011001100	109
10001011001101	152
10001011001110	102
10001011001111	137
10001011010000	45
10001011010001	133
10001011010010	49
10001011010011	123
10001011010100	44
10001011010101	179
10001011010110	42
10001011010111	162
10001011011000	94
10001011011001	173
10001011011010	80
10001011011011	185
10001011011100	80
10001011011101	149
10001011011110	52
10001011011111	115
10001011100000	123
10001011100001	212
10001011100010	97
10001011100011	148
10001011100100	119
10001011100101	273
10001011100110	121
10001011100111	192
10001011101000	133
10001011101001	258
10001011101010	74
10001011101011	175
10001011101100	173
10001011101101	210
10001011101110	115
10001011101111	219
10001011110000	50
10001011110001	149
10001011110010	48
10001011110011	96
10001011110100	53
10001011110101	217
10001011110110	49
10001011110111	161
10001011111000	108
10001011111001	197
10001011111010	108
10001011111011	177
10001011111100	97
10001011111101	198
10001011111110	79
10001011111111	120
10001100000000	202
10001100000001	240
10001100000010	101
10001100000011	205
10001100000100	175
10001100000101	171
10001100000110	153
10001100000111	224
10001100001000	199
10001100001001	324
10001100001010	141
10001100001011	213
10001100001100	246
10001100001101	349
10001100001110	176
10001100001111	161
10001100010000	117
10001100010001	200
10001100010010	73
10001100010011	163
10001100010100	116
10001100010101	259
10001100010110	79
10001100010111	199
10001100011000	165
10001100011001	227
10001100011010	126
10001100011011	227
10001100011100	133
10001100011101	264
10001100011110	100
10001100011111	213
10001100100000	303
10001100100001	277
10001100100010	141
10001100100011	227
10001100100100	247
10001100100101	363
10001100100110	150
10001100100111	194
10001100101000	291
10001100101001	323
10001100101010	180
10001100101011	241
10001100101100	259
10001100101101	306
10001100101110	217
10001100101111	212
10001100110000	155
10001100110001	284
10001100110010	116
10001100110011	170
10001100110100	163
10001100110101	315
10001100110110	77
10001100110111	174
10001100111000	216
10001100111001	313
10001100111010	127
10001100111011	237
10001100111100	187
10001100111101	298
10001100111110	129
10001100111111	191
10001101000000	81
10001101000001	157
10001101000010	66
10001101000011	205
10001101000100	92
10001101000101	239
10001101000110	79
10001101000111	247
10001101001000	102
10001101001001	244
10001101001010	109
10001101001011	181
10001101001100	89
10001101001101	222
10001101001110	93
10001101001111	184
10001101010000	58
10001101010001	194
10001101010010	38
10001101010011	189
10001101010100	50
10001101010101	143
10001101010110	52
10001101010111	139
10001101011000	56
10001101011001	200
10001101011010	39
10001101011011	122
10001101011100	79
10001101011101	218
10001101011110	46
10001101011111	182
10001101100000	113
10001101100001	257
10001101100010	62
10001101100011	207
10001101100100	128
10001101100101	276
10001101100110	67
10001101100111	203
10001101101000	149
10001101101001	230
10001101101010	107
10001101101011	210
10001101101100	142
10001101101101	243
10001101101110	95
10001101101111	158
10001101110000	71
10001101110001	214
10001101110010	60
10001101110011	189
10001101110100	58
10001101110101	241
10001101110110	60
10001101110111	150
10001101111000	102
10001101111001	177
10001101111010	65
10001101111011	208
10001101111100	116
10001101111101	170
10001101111110	53
10001101111111	165
10001110000000	257
10001110000001	253
10001110000010	131
10001110000011	234
10001110000100	268
10001110000101	382
10001110000110	175
10001110000111	256
10001110001000	235
10001110001001	329
10001110001010	144
10001110001011	171
10001110001100	267
10001110001101	341
10001110001110	148
10001110001111	288
10001110010000	129
10001110010001	333
10001110010010	87
10001110010011	207
10001110010100	125
10001110010101	220
10001110010110	95
10001110010111	274
10001110011000	143
10001110011001	272
10001110011010	140
10001110011011	225
10001110011100	171
10001110011101	253
10001110011110	99
10001110011111	221
10001110100000	241
10001110100001	414
10001110100010	125
10001110100011	211
10001110100100	289
10001110100101	385
10001110100110	185
10001110100111	252
10001110101000	245
10001110101001	441
10001110101010	173
10001110101011	246
10001110101100	282
10001110101101	440
10001110101110	161
10001110101111	254
10001110110000	86
10001110110001	305
10001110110010	63
10001110110011	210
10001110110100	203
10001110110101	339
10001110110110	76
10001110110111	208
10001110111000	217
10001110111001	345
10001110111010	108
10001110111011	236
10001110111100	235
10001110111101	303
10001110111110	150
10001110111111	240
10001111000000	116
10001111000001	179
10001111000010	102
10001111000011	187
10001111000100	86
10001111000101	144
10001111000110	104
10001111000111	199
10001111001000	121
10001111001001	202
10001111001010	167
10001111001011	178
10001111001100	121
10001111001101	179
10001111001110	80
10001111001111	141
10001111010000	44
10001111010001	153
10001111010010	47
10001111010011	111
10001111010100	59
10001111010101	173
10001111010110	54
10001111010111	128
10001111011000	50
10001111011001	188
10001111011010	71
10001111011011	200
10001111011100	90
10001111011101	179
10001111011110	78
10001111011111	164
10001111100000	106
10001111100001	177
10001111100010	102
10001111100011	180
10001111100100	117
10001111100101	220
10001111100110	109
10001111100111	189
10001111101000	139
10001111101001	232
10001111101010	82
10001111101011	242
10001111101100	156
10001111101101	206
10001111101110	122
10001111101111	176
10001111110000	71
10001111110001	188
10001111110010	51
10001111110011	144
10001111110100	65
10001111110101	200
10001111110110	72
10001111110111	147
10001111111000	131
10001111111001	162
10001111111010	90
10001111111011	196
10001111111100	125
10001111111101	166
10001111111110	77
10001111111111	190
10010000000000	239
10010000000001	407
10010000000010	177
10010000000011	305
10010000000100	312
10010000000101	465
10010000000110	189
10010000000111	395
10010000001000	348
10010000001001	361
10010000001010	215
10010000001011	279
10010000001100	269
10010000001101	328
10010000001110	205
10010000001111	228
10010000010000	170
10010000010001	370
10010000010010	121
10010000010011	279
10010000010100	195
10010000010101	316
10010000010110	100
10010000010111	274
10010000011000	235
10010000011001	283
10010000011010	178
10010000011011	246
10010000011100	238
10010000011101	401
10010000011110	165
10010000011111	308
10010000100000	394
10010000100001	522
10010000100010	187
10010000100011	325
10010000100100	364
10010000100101	527
10010000100110	221
10010000100111	320
10010000101000	401
10010000101001	493
10010000101010	244
10010000101011	295
10010000101100	404
10010000101101	406
10010000101110	203
10010000101111	228
10010000110000	189
10010000110001	403
10010000110010	137
10010000110011	220
10010000110100	212
10010000110101	369
10010000110110	115
10010000110111	261
10010000111000	305
10010000111001	415
10010000111010	176
10010000111011	333
10010000111100	250
10010000111101	409
10010000111110	219
10010000111111	238
10010001000000	126
10010001000001	346
10010001000010	112
10010001000011	242
10010001000100	144
10010001000101	305
10010001000110	99
10010001000111	199
10010001001000	145
10010001001001	293
10010001001010	136
10010001001011	239
10010001001100	138
10010001001101	221
10010001001110	94
10010001001111	189
10010001010000	63
10010001010001	246
10010001010010	63
10010001010011	200
10010001010100	60
10010001010101	242
10010001010110	56
10010001010111	193
10010001011000	69
10010001011001	281
10010001011010	78
10010001011011	255
10010001011100	130
10010001011101	285
10010001011110	92
10010001011111	241
10010001100000	119
10010001100001	340
10010001100010	116
10010001100011	264
10010001100100	157
10010001100101	347
10010001100110	125
10010001100111	258
10010001101000	194
10010001101001	279
10010001101010	158
10010001101011	237
10010001101100	150
10010001101101	328
10010001101110	111
10010001101111	140
10010001110000	97
10010001110001	269
10010001110010	66
10010001110011	254
10010001110100	103
10010001110101	285
10010001110110	65
10010001110111	296
10010001111000	151
10010001111001	333
10010001111010	134
10010001111011	277
10010001111100	122
10010001111101	268
10010001111110	118
10010001111111	187
10010010000000	283
10010010000001	298
10010010000010	121
10010010000011	263
10010010000100	289
10010010000101	347
10010010000110	135
10010010000111	221
10010010001000	296
10010010001001	291
10010010001010	152
10010010001011	275
10010010001100	213
10010010001101	363
10010010001110	186
10010010001111	247
10010010010000	159
10010010010001	340
10010010010010	83
10010010010011	191
10010010010100	140
10010010010101	214
10010010010110	84
10010010010111	243
10010010011000	196
10010010011001	285
10010010011010	128
10010010011011	228
10010010011100	151
10010010011101	261
10010010011110	148
10010010011111	208
10010010100000	290
10010010100001	469
10010010100010	126
10010010100011	219
10010010100100	280
10010010100101	513
10010010100110	110
10010010100111	281
10010010101000	353
10010010101001	377
10010010101010	197
10010010101011	228
10010010101100	331
10010010101101	369
10010010101110	172
10010010101111	239
10010010110000	194
10010010110001	282
10010010110010	70
10010010110011	227
10010010110100	161
10010010110101	421
10010010110110	89
10010010110111	205
10010010111000	252
10010010111001	483
10010010111010	121
10010010111011	244
10010010111100	210
10010010111101	359
10010010111110	132
10010010111111	245
10010011000000	121
10010011000001	181
10010011000010	88
10010011000011	190
10010011000100	141
10010011000101	200
10010011000110	95
10010011000111	199
10010011001000	114
10010011001001	232
10010011001010	90
10010011001011	180
10010011001100	110
10010011001101	206
10010011001110	100
10010011001111	166
10010011010000	44
10010011010001	157
10010011010010	44
10010011010011	155
10010011010100	59
10010011010101	140
10010011010110	61
10010011010111	143
10010011011000	68
10010011011001	188
10010011011010	83
10010011011011	174
10010011011100	85
10010011011101	178
10010011011110	66
10010011011111	214
10010011100000	149
10010011100001	327
10010011100010	103
10010011100011	161
10010011100100	133
10010011100101	204
10010011100110	130
10010011100111	221
10010011101000	115
10010011101001	320
10010011101010	98
10010011101011	225
10010011101100	162
10010011101101	315
10010011101110	85
10010011101111	191
10010011110000	90
10010011110001	195
10010011110010	74
10010011110011	111
10010011110100	79
10010011110101	195
10010011110110	56
10010011110111	175
10010011111000	82
10010011111001	228
10010011111010	94
10010011111011	200
10010011111100	104
10010011111101	192
10010011111110	74
10010011111111	125
10010100000000	239
10010100000001	240
10010100000010	174
10010100000011	238
10010100000100	267
10010100000101	450
10010100000110	226
10010100000111	310
10010100001000	313
10010100001001	352
10010100001010	196
10010100001011	317
10010100001100	330
10010100001101	253
10010100001110	204
10010100001111	200
10010100010000	120
10010100010001	271
10010100010010	118
10010100010011	166
10010100010100	118
10010100010101	336
10010100010110	97
10010100010111	237
10010100011000	175
10010100011001	279
10010100011010	128
10010100011011	255
10010100011100	215
10010100011101	403
10010100011110	118
10010100011111	248
10010100100000	398
10010100100001	462
10010100100010	205
10010100100011	295
10010100100100	333
10010100100101	498
10010100100110	170
10010100100111	302
10010100101000	367
10010100101001	545
10010100101010	188
10010100101011	357
10010100101100	326
10010100101101	448
10010100101110	181
10010100101111	258
10010100110000	165
10010100110001	374
10010100110010	86
10010100110011	202
10010100110100	172
10010100110101	401
10010100110110	98
10010100110111	255
10010100111000	234
10010100111001	520
10010100111010	205
10010100111011	220
10010100111100	188
10010100111101	410
10010100111110	166
10010100111111	176
10010101000000	142
10010101000001	307
10010101000010	81
10010101000011	253
10010101000100	99
10010101000101	398
10010101000110	110
10010101000111	230
10010101001000	133
10010101001001	209
10010101001010	80
10010101001011	277
10010101001100	130
10010101001101	285
10010101001110	103
10010101001111	154
10010101010000	69
10010101010001	237
10010101010010	64
10010101010011	216
10010101010100	50
10010101010101	257
10010101010110	73
10010101010111	167
10010101011000	89
10010101011001	182
10010101011010	75
10010101011011	181
10010101011100	100
10010101011101	256
10010101011110	81
10010101011111	211
10010101100000	153
10010101100001	331
10010101100010	98
10010101100011	203
10010101100100	202
10010101100101	380
10010101100110	109
10010101100111	257
10010101101000	190
10010101101001	362
10010101101010	93
10010101101011	203
10010101101100	168
10010101101101	271
10010101101110	111
10010101101111	198
10010101110000	98
10010101110001	373
10010101110010	66
10010101110011	208
10010101110100	115
10010101110101	248
10010101110110	92
10010101110111	194
10010101111000	119
10010101111001	289
10010101111010	93
10010101111011	222
10010101111100	143
10010101111101	389
10010101111110	114
10010101111111	206
10010110000000	223
10010110000001	521
10010110000010	191
10010110000011	308
10010110000100	353
10010110000101	567
10010110000110	184
10010110000111	281
10010110001000	331
10010110001001	379
10010110001010	181
10010110001011	323
10010110001100	251
10010110001101	447
10010110001110	228
10010110001111	252
10010110010000	161
10010110010001	304
10010110010010	100
10010110010011	222
10010110010100	178
10010110010101	395
10010110010110	110
10010110010111	244
10010110011000	261
10010110011001	403
10010110011010	146
10010110011011	274
10010110011100	175
10010110011101	256
10010110011110	157
10010110011111	224
10010110100000	275
10010110100001	433
10010110100010	213
10010110100011	337
10010110100100	362
10010110100101	417
10010110100110	170
10010110100111	351
10010110101000	447
10010110101001	510
10010110101010	212
10010110101011	326
10010110101100	335
10010110101101	412
10010110101110	175
10010110101111	208
10010110110000	207
10010110110001	322
10010110110010	114
10010110110011	295
10010110110100	186
10010110110101	409
10010110110110	107
10010110110111	233
10010110111000	291
10010110111001	340
10010110111010	160
10010110111011	248
10010110111100	261
10010110111101	413
10010110111110	168
10010110111111	220
10010111000000	115
10010111000001	249
10010111000010	100
10010111000011	228
10010111000100	158
10010111000101	217
10010111000110	110
10010111000111	268
10010111001000	137
10010111001001	246
10010111001010	118
10010111001011	155
10010111001100	136
10010111001101	286
10010111001110	86
10010111001111	201
10010111010000	90
10010111010001	211
10010111010010	71
10010111010011	169
10010111010100	46
10010111010101	219
10010111010110	81
10010111010111	234
10010111011000	75
10010111011001	279
10010111011010	83
10010111011011	199
10010111011100	81
10010111011101	247
10010111011110	81
10010111011111	207
10010111100000	157
10010111100001	349
10010111100010	119
10010111100011	213
10010111100100	225
10010111100101	284
10010111100110	111
10010111100111	233
10010111101000	174
10010111101001	307
10010111101010	146
10010111101011	251
10010111101100	160
10010111101101	301
10010111101110	132
10010111101111	200
10010111110000	86
10010111110001	222
10010111110010	79
10010111110011	189
10010111110100	86
10010111110101	279
10010111110110	64
10010111110111	267
10010111111000	117
10010111111001	246
10010111111010	108
10010111111011	214
10010111111100	158
10010111111101	192
10010111111110	101
10010111111111	241
10011000000000	205
10011000000001	235
10011000000010	156
10011000000011	188
10011000000100	204
10011000000101	285
10011000000110	142
10011000000111	179
10011000001000	219
10011000001001	232
10011000001010	187
10011000001011	205
10011000001100	220
10011000001101	276
10011000001110	162
10011000001111	152
10011000010000	86
10011000010001	153
10011000010010	92
10011000010011	212
10011000010100	111
10011000010101	196
10011000010110	57
10011000010111	206
10011000011000	175
10011000011001	271
10011000011010	89
10011000011011	182
10011000011100	139
10011000011101	184
10011000011110	125
10011000011111	234
10011000100000	292
10011000100001	296
10011000100010	190
10011000100011	215
10011000100100	175
10011000100101	401
10011000100110	153
10011000100111	231
10011000101000	344
10011000101001	268
10011000101010	152
10011000101011	240
10011000101100	284
10011000101101	269
10011000101110	172
10011000101111	197
10011000110000	127
10011000110001	219
10011000110010	66
10011000110011	155
10011000110100	129
10011000110101	239
10011000110110	95
10011000110111	190
10011000111000	190
10011000111001	348
10011000111010	151
10011000111011	203
10011000111100	192
10011000111101	228
10011000111110	125
10011000111111	159
10011001000000	106
10011001000001	281
10011001000010	99
10011001000011	247
10011001000100	140
10011001000101	266
10011001000110	108
10011001000111	199
10011001001000	119
10011001001001	199
10011001001010	86
10011001001011	204
10011001001100	132
10011001001101	243
10011001001110	98
10011001001111	128
10011001010000	66
10011001010001	204
10011001010010	35
10011001010011	151
10011001010100	66
10011001010101	156
10011001010110	76
10011001010111	128
10011001011000	88
10011001011001	205
10011001011010	88
10011001011011	125
10011001011100	77
10011001011101	148
10011001011110	60
10011001011111	117
10011001100000	109
10011001100001	230
10011001100010	106
10011001100011	160
10011001100100	173
10011001100101	315
10011001100110	92
10011001100111	188
10011001101000	137
10011001101001	238
10011001101010	117
10011001101011	262
10011001101100	163
10011001101101	292
10011001101110	92
10011001101111	148
10011001110000	65
10011001110001	213
10011001110010	33
10011001110011	180
10011001110100	61
10011001110101	212
10011001110110	42
10011001110111	167
10011001111000	122
10011001111001	291
10011001111010	101
10011001111011	188
10011001111100	122
10011001111101	243
10011001111110	84
10011001111111	150
10011010000000	158
10011010000001	270
10011010000010	82
10011010000011	193
10011010000100	166
10011010000101	214
10011010000110	116
10011010000111	212
10011010001000	183
10011010001001	289
10011010001010	167
10011010001011	211
10011010001100	171
10011010001101	152
10011010001110	166
10011010001111	145
10011010010000	99
10011010010001	223
10011010010010	67
10011010010011	167
10011010010100	94
10011010010101	246
10011010010110	71
10011010010111	202
10011010011000	144
10011010011001	298
10011010011010	90
10011010011011	274
10011010011100	103
10011010011101	164
10011010011110	97
10011010011111	129
10011010100000	192
10011010100001	336
10011010100010	91
10011010100011	151
10011010100100	212
10011010100101	332
10011010100110	108
10011010100111	181
10011010101000	217
10011010101001	413
10011010101010	190
10011010101011	163
10011010101100	220
10011010101101	235
10011010101110	130
10011010101111	183
10011010110000	110
10011010110001	270
10011010110010	59
10011010110011	196
10011010110100	120
10011010110101	223
10011010110110	63
10011010110111	132
10011010111000	240
10011010111001	321
10011010111010	111
10011010111011	169
10011010111100	151
10011010111101	300
10011010111110	106
10011010111111	118
10011011000000	60
10011011000001	171
10011011000010	54
10011011000011	152
10011011000100	92
10011011000101	163
10011011000110	95
10011011000111	130
10011011001000	93
10011011001001	146
10011011001010	85
10011011001011	142
10011011001100	96
10011011001101	144
10011011001110	70
10011011001111	128
10011011010000	38
10011011010001	123
10011011010010	25
10011011010011	109
10011011010100	31
10011011010101	117
10011011010110	25
10011011010111	124
10011011011000	82
10011011011001	140
10011011011010	53
10011011011011	141
10011011011100	46
10011011011101	100
10011011011110	68
10011011011111	104
10011011100000	100
10011011100001	200
10011011100010	65
10011011100011	176
10011011100100	94
10011011100101	169
10011011100110	72
10011011100111	154
10011011101000	106
10011011101001	175
10011011101010	99
10011011101011	154
10011011101100	147
10011011101101	161
10011011101110	75
10011011101111	126
10011011110000	50
10011011110001	99
10011011110010	68
10011011110011	81
10011011110100	68
10011011110101	160
10011011110110	61
10011011110111	118
10011011111000	103
10011011111001	179
10011011111010	67
10011011111011	189
10011011111100	92
10011011111101	155
10011011111110	54
10011011111111	100
10011100000000	170
10011100000001	266
10011100000010	121
10011100000011	164
10011100000100	178
10011100000101	272
10011100000110	115
10011100000111	185
10011100001000	185
10011100001001	283
10011100001010	125
10011100001011	158
10011100001100	181
10011100001101	325
10011100001110	139
10011100001111	184
10011100010000	78
10011100010001	214
10011100010010	63
10011100010011	146
10011100010100	82
10011100010101	263
10011100010110	75
10011100010111	125
10011100011000	132
10011100011001	278
10011100011010	162
10011100011011	163
10011100011100	179
10011100011101	216
10011100011110	78
10011100011111	133
10011100100000	201
10011100100001	303
10011100100010	152
10011100100011	179
10011100100100	205
10011100100101	336
10011100100110	155
10011100100111	139
10011100101000	263
10011100101001	295
10011100101010	183
10011100101011	144
10011100101100	221
10011100101101	253
10011100101110	150
10011100101111	173
10011100110000	129
10011100110001	203
10011100110010	77
10011100110011	132
10011100110100	114
10011100110101	323
10011100110110	91
10011100110111	206
10011100111000	180
10011100111001	337
10011100111010	145
10011100111011	192
10011100111100	180
10011100111101	273
10011100111110	76
10011100111111	133
10011101000000	99
10011101000001	191
10011101000010	66
10011101000011	160
10011101000100	119
10011101000101	170
10011101000110	84
10011101000111	137
10011101001000	98
10011101001001	185
10011101001010	88
10011101001011	179
10011101001100	116
10011101001101	180
10011101001110	73
10011101001111	135
10011101010000	51
10011101010001	145
10011101010010	30
10011101010011	121
10011101010100	71
10011101010101	137
10011101010110	39
10011101010111	147
10011101011000	78
10011101011001	166
10011101011010	51
10011101011011	152
10011101011100	78
10011101011101	122
10011101011110	69
10011101011111	134
10011101100000	99
10011101100001	175
10011101100010	62
10011101100011	180
10011101100100	110
10011101100101	197
10011101100110	84
10011101100111	163
10011101101000	120
10011101101001	223
10011101101010	118
10011101101011	168
10011101101100	129
10011101101101	260
10011101101110	103
10011101101111	144
10011101110000	54
10011101110001	200
10011101110010	30
10011101110011	129
10011101110100	65
10011101110101	204
10011101110110	38
10011101110111	147
10011101111000	77
10011101111001	188
10011101111010	72
10011101111011	148
10011101111100	92
10011101111101	199
10011101111110	85
10011101111111	121
10011110000000	199
10011110000001	334
10011110000010	156
10011110000011	181
10011110000100	203
10011110000101	351
10011110000110	140
10011110000111	176
10011110001000	202
10011110001001	305
10011110001010	188
10011110001011	231
10011110001100	242
10011110001101	305
10011110001110	158
10011110001111	181
10011110010000	94
10011110010001	218
10011110010010	72
10011110010011	151
10011110010100	116
10011110010101	251
10011110010110	83
10011110010111	138
10011110011000	146
10011110011001	350
10011110011010	111
10011110011011	215
10011110011100	155
10011110011101	304
10011110011110	113
10011110011111	248
10011110100000	272
10011110100001	293
10011110100010	136
10011110100011	216
10011110100100	250
10011110100101	313
10011110100110	156
10011110100111	155
10011110101000	351
10011110101001	371
10011110101010	173
10011110101011	252
10011110101100	251
10011110101101	364
10011110101110	158
10011110101111	193
10011110110000	151
10011110110001	326
10011110110010	87
10011110110011	213
10011110110100	132
10011110110101	346
10011110110110	59
10011110110111	220
10011110111000	225
10011110111001	381
10011110111010	132
10011110111011	173
10011110111100	201
10011110111101	329
10011110111110	95
10011110111111	139
10011111000000	119
10011111000001	186
10011111000010	89
10011111000011	197
10011111000100	87
10011111000101	230
10011111000110	78
10011111000111	140
10011111001000	110
10011111001001	174
10011111001010	96
10011111001011	170
10011111001100	108
10011111001101	176
10011111001110	98
10011111001111	106
10011111010000	53
10011111010001	129
10011111010010	38
10011111010011	125
10011111010100	49
10011111010101	150
10011111010110	48
10011111010111	140
10011111011000	69
10011111011001	153
10011111011010	60
10011111011011	186
10011111011100	47
10011111011101	185
10011111011110	77
10011111011111	179
10011111100000	102
10011111100001	202
10011111100010	79
10011111100011	156
10011111100100	150
10011111100101	201
10011111100110	87
10011111100111	196
10011111101000	109
10011111101001	169
10011111101010	93
10011111101011	223
10011111101100	122
10011111101101	261
10011111101110	68
10011111101111	139
10011111110000	65
10011111110001	159
10011111110010	40
10011111110011	163
10011111110100	63
10011111110101	203
10011111110110	69
10011111110111	130
10011111111000	122
10011111111001	199
10011111111010	78
10011111111011	123
10011111111100	116
10011111111101	192
10011111111110	60
10011111111111	129
10100000000000	190
10100000000001	192
10100000000010	118
10100000000011	144
10100000000100	224
10100000000101	245
10100000000110	129
10100000000111	128
10100000001000	217
10100000001001	274
10100000001010	166
10100000001011	146
10100000001100	224
10100000001101	244
10100000001110	128
10100000001111	126
10100000010000	109
10100000010001	209
10100000010010	58
10100000010011	148
10100000010100	107
10100000010101	170
10100000010110	75
10100000010111	127
10100000011000	204
10100000011001	197
10100000011010	92
10100000011011	143
10100000011100	111
10100000011101	157
10100000011110	92
10100000011111	131
10100000100000	200
10100000100001	307
10100000100010	153
10100000100011	229
10100000100100	209
10100000100101	315
10100000100110	138
10100000100111	242
10100000101000	269
10100000101001	233
10100000101010	193
10100000101011	254
10100000101100	245
10100000101101	249
10100000101110	104
10100000101111	223
10100000110000	120
10100000110001	187
10100000110010	84
10100000110011	205
10100000110100	126
10100000110101	227
10100000110110	83
10100000110111	181
10100000111000	187
10100000111001	246
10100000111010	105
10100000111011	157
10100000111100	181
10100000111101	214
10100000111110	130
10100000111111	125
10100001000000	97
10100001000001	171
10100001000010	66
10100001000011	123
10100001000100	89
10100001000101	162
10100001000110	55
10100001000111	142
10100001001000	105
10100001001001	163
10100001001010	109
10100001001011	130
10100001001100	121
10100001001101	220
10100001001110	45
10100001001111	120
10100001010000	60
10100001010001	160
10100001010010	37
10100001010011	138
10100001010100	55
10100001010101	218
10100001010110	35
10100001010111	117
10100001011000	61
10100001011001	164
10100001011010	57
10100001011011	155
10100001011100	92
10100001011101	155
10100001011110	62
10100001011111	125
10100001100000	99
10100001100001	227
10100001100010	73
10100001100011	139
10100001100100	127
10100001100101	201
10100001100110	83
10100001100111	175
10100001101000	134
10100001101001	265
10100001101010	82
10100001101011	143
10100001101100	145
10100001101101	172
10100001101110	87
10100001101111	148
10100001110000	80
10100001110001	235
10100001110010	56
10100001110011	157
10100001110100	51
10100001110101	163
10100001110110	54
10100001110111	145
10100001111000	82
10100001111001	220
10100001111010	37
10100001111011	145
10100001111100	83
10100001111101	209
10100001111110	57
10100001111111	104
10100010000000	158
10100010000001	190
10100010000010	102
10100010000011	117
10100010000100	100
10100010000101	177
10100010000110	70
10100010000111	135
10100010001000	172
10100010001001	214
10100010001010	116
10100010001011	132
10100010001100	112
10100010001101	145
10100010001110	79
10100010001111	147
10100010010000	56
10100010010001	153
10100010010010	51
10100010010011	43
10100010010100	93
10100010010101	171
10100010010110	54
10100010010111	156
10100010011000	93
10100010011001	134
10100010011010	77
10100010011011	112
10100010011100	82
10100010011101	80
10100010011110	49
10100010011111	127
10100010100000	152
10100010100001	237
10100010100010	84
10100010100011	146
10100010100100	149
10100010100101	283
10100010100110	79
10100010100111	121
10100010101000	165
10100010101001	224
10100010101010	105
10100010101011	156
10100010101100	143
10100010101101	270
10100010101110	95
10100010101111	99
10100010110000	77
10100010110001	206
10100010110010	30
10100010110011	122
10100010110100	75
10100010110101	164
10100010110110	47
10100010110111	153
10100010111000	133
10100010111001	229
10100010111010	88
10100010111011	101
10100010111100	88
10100010111101	177
10100010111110	54
10100010111111	127
10100011000000	57
10100011000001	140
10100011000010	52
10100011000011	114
10100011000100	58
10100011000101	103
10100011000110	62
10100011000111	96
10100011001000	57
10100011001001	134
10100011001010	42
10100011001011	99
10100011001100	52
10100011001101	88
10100011001110	46
10100011001111	101
10100011010000	29
10100011010001	57
10100011010010	48
10100011010011	82
10100011010100	49
10100011010101	88
10100011010110	24
10100011010111	97
10100011011000	64
10100011011001	109
10100011011010	63
10100011011011	97
10100011011100	45
10100011011101	93
10100011011110	37
10100011011111	79
10100011100000	75
10100011100001	148
10100011100010	65
10100011100011	112
10100011100100	73
10100011100101	124
10100011100110	68
10100011100111	128
10100011101000	76
10100011101001	181
10100011101010	82
10100011101011	101
10100011101100	125
10100011101101	132
10100011101110	65
10100011101111	115
10100011110000	42
10100011110001	138
10100011110010	29
10100011110011	85
10100011110100	80
10100011110101	131
10100011110110	34
10100011110111	74
10100011111000	68
10100011111001	121
10100011111010	61
10100011111011	104
10100011111100	58
10100011111101	125
10100011111110	62
10100011111111	116
10100100000000	166
10100100000001	340
10100100000010	117
10100100000011	79
10100100000100	165
10100100000101	214
10100100000110	99
10100100000111	97
10100100001000	145
10100100001001	229
10100100001010	115
10100100001011	122
10100100001100	196
10100100001101	156
10100100001110	81
10100100001111	97
10100100010000	81
10100100010001	155
10100100010010	50
10100100010011	118
10100100010100	80
10100100010101	156
10100100010110	57
10100100010111	73
10100100011000	80
10100100011001	222
10100100011010	109
10100100011011	145
10100100011100	117
10100100011101	131
10100100011110	75
10100100011111	199
10100100100000	150
10100100100001	159
10100100100010	120
10100100100011	150
10100100100100	190
10100100100101	207
10100100100110	108
10100100100111	179
10100100101000	183
10100100101001	311
10100100101010	147
10100100101011	153
10100100101100	224
10100100101101	278
10100100101110	140
10100100101111	136
10100100110000	90
10100100110001	185
10100100110010	70
10100100110011	146
10100100110100	101
10100100110101	239
10100100110110	85
10100100110111	185
10100100111000	145
10100100111001	183
10100100111010	90
10100100111011	149
10100100111100	126
10100100111101	244
10100100111110	85
10100100111111	165
10100101000000	80
10100101000001	191
10100101000010	61
10100101000011	97
10100101000100	47
10100101000101	132
10100101000110	35
10100101000111	123
10100101001000	75
10100101001001	108
10100101001010	32
10100101001011	87
10100101001100	63
10100101001101	134
10100101001110	55
10100101001111	125
10100101010000	17
10100101010001	114
10100101010010	32
10100101010011	111
10100101010100	41
10100101010101	111
10100101010110	36
10100101010111	88
10100101011000	45
10100101011001	141
10100101011010	59
10100101011011	124
10100101011100	55
10100101011101	163
10100101011110	28
10100101011111	101
10100101100000	88
10100101100001	144
10100101100010	77
10100101100011	203
10100101100100	64
10100101100101	245
10100101100110	67
10100101100111	119
10100101101000	88
10100101101001	167
10100101101010	43
10100101101011	110
10100101101100	109
10100101101101	139
10100101101110	61
10100101101111	106
10100101110000	50
10100101110001	128
10100101110010	26
10100101110011	136
10100101110100	37
10100101110101	121
10100101110110	39
10100101110111	132
10100101111000	71
10100101111001	124
10100101111010	63
10100101111011	127
10100101111100	55
10100101111101	134
10100101111110	59
10100101111111	113
10100110000000	147
10100110000001	267
10100110000010	109
10100110000011	124
10100110000100	176
10100110000101	225
10100110000110	140
10100110000111	151
10100110001000	160
10100110001001	259
10100110001010	135
10100110001011	168
10100110001100	184
10100110001101	232
10100110001110	124
10100110001111	120
10100110010000	81
10100110010001	184
10100110010010	49
10100110010011	124
10100110010100	70
10100110010101	282
10100110010110	60
10100110010111	135
10100110011000	97
10100110011001	220
10100110011010	109
10100110011011	138
10100110011100	104
10100110011101	219
10100110011110	77
10100110011111	135
10100110100000	181
10100110100001	264
10100110100010	114
10100110100011	231
10100110100100	202
10100110100101	338
10100110100110	145
10100110100111	194
10100110101000	175
10100110101001	278
10100110101010	158
10100110101011	172
10100110101100	192
10100110101101	223
10100110101110	140
10100110101111	148
10100110110000	110
10100110110001	183
10100110110010	58
10100110110011	191
10100110110100	117
10100110110101	279
10100110110110	72
10100110110111	150
10100110111000	161
10100110111001	250
10100110111010	72
10100110111011	174
10100110111100	143
10100110111101	236
10100110111110	94
10100110111111	178
10100111000000	68
10100111000001	109
10100111000010	71
10100111000011	133
10100111000100	60
10100111000101	123
10100111000110	67
10100111000111	109
10100111001000	84
10100111001001	118
10100111001010	55
10100111001011	67
10100111001100	78
10100111001101	120
10100111001110	67
10100111001111	91
10100111010000	43
10100111010001	101
10100111010010	39
10100111010011	123
10100111010100	32
10100111010101	126
10100111010110	36
10100111010111	117
10100111011000	51
10100111011001	114
10100111011010	64
10100111011011	144
10100111011100	69
10100111011101	134
10100111011110	52
10100111011111	112
10100111100000	100
10100111100001	203
10100111100010	82
10100111100011	176
10100111100100	81
10100111100101	174
10100111100110	102
10100111100111	97
10100111101000	121
10100111101001	156
10100111101010	84
10100111101011	115
10100111101100	113
10100111101101	167
10100111101110	69
10100111101111	108
10100111110000	57
10100111110001	97
10100111110010	51
10100111110011	89
10100111110100	69
10100111110101	117
10100111110110	56
10100111110111	100
10100111111000	69
10100111111001	174
10100111111010	73
10100111111011	91
10100111111100	89
10100111111101	147
10100111111110	60
10100111111111	143
10101000000000	238
10101000000001	323
10101000000010	174
10101000000011	209
10101000000100	215
10101000000101	284
10101000000110	198
10101000000111	309
10101000001000	351
10101000001001	332
10101000001010	187
10101000001011	244
10101000001100	314
10101000001101	367
10101000001110	250
10101000001111	148
10101000010000	129
10101000010001	242
10101000010010	98
10101000010011	193
10101000010100	178
10101000010101	240
10101000010110	95
10101000010111	222
10101000011000	160
10101000011001	315
10101000011010	115
10101000011011	178
10101000011100	177
10101000011101	316
10101000011110	119
10101000011111	190
10101000100000	274
10101000100001	396
10101000100010	153
10101000100011	274
10101000100100	291
10101000100101	356
10101000100110	176
10101000100111	254
10101000101000	409
10101000101001	453
10101000101010	217
10101000101011	224
10101000101100	255
10101000101101	377
10101000101110	224
10101000101111	214
10101000110000	137
10101000110001	332
10101000110010	94
10101000110011	205
10101000110100	188
10101000110101	420
10101000110110	80
10101000110111	167
10101000111000	224
10101000111001	421
10101000111010	168
10101000111011	268
10101000111100	214
10101000111101	337
10101000111110	148
10101000111111	254
10101001000000	144
10101001000001	267
10101001000010	95
10101001000011	222
10101001000100	88
10101001000101	226
10101001000110	88
10101001000111	183
10101001001000	125
10101001001001	187
10101001001010	114
10101001001011	160
10101001001100	178
10101001001101	204
10101001001110	102
10101001001111	162
10101001010000	59
10101001010001	211
10101001010010	53
10101001010011	194
10101001010100	58
10101001010101	186
10101001010110	59
10101001010111	166
10101001011000	73
10101001011001	206
10101001011010	73
10101001011011	186
10101001011100	105
10101001011101	300
10101001011110	74
10101001011111	252
10101001100000	108
10101001100001	326
10101001100010	109
10101001100011	242
10101001100100	166
10101001100101	331
10101001100110	142
10101001100111	231
10101001101000	192
10101001101001	320
10101001101010	155
10101001101011	226
10101001101100	187
10101001101101	288
10101001101110	101
10101001101111	193
10101001110000	69
10101001110001	273
10101001110010	60
10101001110011	191
10101001110100	88
10101001110101	293
10101001110110	67
10101001110111	189
10101001111000	104
10101001111001	262
10101001111010	90
10101001111011	211
10101001111100	124
10101001111101	240
10101001111110	101
10101001111111	196
10101010000000	167
10101010000001	281
10101010000010	140
10101010000011	172
10101010000100	230
10101010000101	259
10101010000110	125
10101010000111	246
10101010001000	248
10101010001001	347
10101010001010	164
10101010001011	275
10101010001100	306
10101010001101	379
10101010001110	146
10101010001111	175
10101010010000	111
10101010010001	270
10101010010010	84
10101010010011	160
10101010010100	127
10101010010101	238
10101010010110	67
10101010010111	253
10101010011000	182
10101010011001	258
10101010011010	129
10101010011011	201
10101010011100	156
10101010011101	281
10101010011110	129
10101010011111	194
10101010100000	261
10101010100001	459
10101010100010	147
10101010100011	189
10101010100100	196
10101010100101	457
10101010100110	158
10101010100111	234
10101010101000	272
10101010101001	333
10101010101010	175
10101010101011	229
10101010101100	309
10101010101101	319
10101010101110	151
10101010101111	187
10101010110000	141
10101010110001	307
10101010110010	76
10101010110011	155
10101010110100	156
10101010110101	331
10101010110110	87
10101010110111	149
10101010111000	202
10101010111001	354
10101010111010	133
10101010111011	251
10101010111100	133
10101010111101	371
10101010111110	139
10101010111111	211
10101011000000	72
10101011000001	188
10101011000010	83
10101011000011	157
10101011000100	136
10101011000101	199
10101011000110	79
10101011000111	171
10101011001000	131
10101011001001	164
10101011001010	97
10101011001011	202
10101011001100	123
10101011001101	188
10101011001110	95
10101011001111	113
10101011010000	63
10101011010001	130
10101011010010	50
10101011010011	90
10101011010100	56
10101011010101	135
10101011010110	49
10101011010111	165
10101011011000	85
10101011011001	180
10101011011010	68
10101011011011	176
10101011011100	87
10101011011101	171
10101011011110	87
10101011011111	117
10101011100000	139
10101011100001	153
10101011100010	91
10101011100011	205
10101011100100	160
10101011100101	195
10101011100110	115
10101011100111	231
10101011101000	143
10101011101001	230
10101011101010	108
10101011101011	189
10101011101100	127
10101011101101	217
10101011101110	115
10101011101111	174
10101011110000	62
10101011110001	148
10101011110010	34
10101011110011	115
10101011110100	85
10101011110101	192
10101011110110	66
10101011110111	154
10101011111000	87
10101011111001	249
10101011111010	89
10101011111011	269
10101011111100	94
10101011111101	172
10101011111110	77
10101011111111	203
10101100000000	211
10101100000001	257
10101100000010	135
10101100000011	219
10101100000100	182
10101100000101	324
10101100000110	137
10101100000111	159
10101100001000	216
10101100001001	274
10101100001010	175
10101100001011	184
10101100001100	194
10101100001101	374
10101100001110	141
10101100001111	150
10101100010000	108
10101100010001	232
10101100010010	100
10101100010011	172
10101100010100	108
10101100010101	245
10101100010110	91
10101100010111	163
10101100011000	132
10101100011001	301
10101100011010	136
10101100011011	257
10101100011100	138
10101100011101	301
10101100011110	107
10101100011111	172
10101100100000	175
10101100100001	301
10101100100010	183
10101100100011	259
10101100100100	295
10101100100101	377
10101100100110	142
10101100100111	256
10101100101000	240
10101100101001	360
10101100101010	229
10101100101011	250
10101100101100	304
10101100101101	366
10101100101110	119
10101100101111	160
10101100110000	125
10101100110001	281
10101100110010	83
10101100110011	163
10101100110100	134
10101100110101	393
10101100110110	78
10101100110111	187
10101100111000	186
10101100111001	353
10101100111010	120
10101100111011	174
10101100111100	211
10101100111101	307
10101100111110	120
10101100111111	210
10101101000000	97
10101101000001	173
10101101000010	66
10101101000011	108
10101101000100	102
10101101000101	194
10101101000110	96
10101101000111	126
10101101001000	142
10101101001001	186
10101101001010	85
10101101001011	114
10101101001100	92
10101101001101	139
10101101001110	86
10101101001111	106
10101101010000	56
10101101010001	136
10101101010010	54
10101101010011	157
10101101010100	50
10101101010101	158
10101101010110	47
10101101010111	116
10101101011000	96
10101101011001	152
10101101011010	66
10101101011011	207
10101101011100	100
10101101011101	162
10101101011110	62
10101101011111	150
10101101100000	140
10101101100001	308
10101101100010	99
10101101100011	226
10101101100100	128
10101101100101	255
10101101100110	90
10101101100111	161
10101101101000	143
10101101101001	218
10101101101010	107
10101101101011	187
10101101101100	164
10101101101101	287
10101101101110	104
10101101101111	205
10101101110000	71
10101101110001	182
10101101110010	27
10101101110011	203
10101101110100	55
10101101110101	186
10101101110110	58
10101101110111	187
10101101111000	101
10101101111001	241
10101101111010	79
10101101111011	168
10101101111100	102
10101101111101	173
10101101111110	90
10101101111111	172
10101110000000	211
10101110000001	341
10101110000010	177
10101110000011	220
10101110000100	199
10101110000101	404
10101110000110	152
10101110000111	191
10101110001000	261
10101110001001	392
10101110001010	192
10101110001011	205
10101110001100	232
10101110001101	313
10101110001110	163
10101110001111	185
10101110010000	94
10101110010001	259
10101110010010	88
10101110010011	170
10101110010100	138
10101110010101	254
10101110010110	85
10101110010111	195
10101110011000	196
10101110011001	323
10101110011010	95
10101110011011	293
10101110011100	200
10101110011101	303
10101110011110	113
10101110011111	207
10101110100000	213
10101110100001	426
10101110100010	131
10101110100011	156
10101110100100	272
10101110100101	451
10101110100110	247
10101110100111	254
10101110101000	321
10101110101001	506
10101110101010	190
10101110101011	294
10101110101100	323
10101110101101	373
10101110101110	147
10101110101111	199
10101110110000	155
10101110110001	280
10101110110010	73
10101110110011	189
10101110110100	185
10101110110101	323
10101110110110	84
10101110110111	152
10101110111000	260
10101110111001	320
10101110111010	120
10101110111011	203
10101110111100	196
10101110111101	337
10101110111110	104
10101110111111	221
10101111000000	89
10101111000001	205
10101111000010	99
10101111000011	137
10101111000100	121
10101111000101	252
10101111000110	101
10101111000111	187
10101111001000	111
10101111001001	161
10101111001010	101
10101111001011	160
10101111001100	152
10101111001101	158
10101111001110	123
10101111001111	124
10101111010000	62
10101111010001	171
10101111010010	65
10101111010011	168
10101111010100	65
10101111010101	165
10101111010110	67
10101111010111	136
10101111011000	90
10101111011001	146
10101111011010	74
10101111011011	141
10101111011100	99
10101111011101	116
10101111011110	106
10101111011111	122
10101111100000	135
10101111100001	204
10101111100010	131
10101111100011	217
10101111100100	124
10101111100101	235
10101111100110	106
10101111100111	167
10101111101000	160
10101111101001	226
10101111101010	147
10101111101011	157
10101111101100	161
10101111101101	227
10101111101110	99
10101111101111	193
10101111110000	66
10101111110001	159
10101111110010	51
10101111110011	134
10101111110100	92
10101111110101	196
10101111110110	65
10101111110111	137
10101111111000	93
10101111111001	205
10101111111010	98
10101111111011	217
10101111111100	108
10101111111101	201
10101111111110	85
10101111111111	147
10110000000000	303
10110000000001	364
10110000000010	205
10110000000011	332
10110000000100	247
10110000000101	457
10110000000110	193
10110000000111	240
10110000001000	361
10110000001001	428
10110000001010	240
10110000001011	188
10110000001100	302
10110000001101	428
10110000001110	196
10110000001111	186
10110000010000	147
10110000010001	315
10110000010010	100
10110000010011	235
10110000010100	162
10110000010101	324
10110000010110	134
10110000010111	258
10110000011000	244
10110000011001	437
10110000011010	198
10110000011011	358
10110000011100	200
10110000011101	272
10110000011110	159
10110000011111	265
10110000100000	386
10110000100001	511
10110000100010	265
10110000100011	277
10110000100100	318
10110000100101	533
10110000100110	268
10110000100111	287
10110000101000	429
10110000101001	626
10110000101010	297
10110000101011	315
10110000101100	462
10110000101101	453
10110000101110	262
10110000101111	252
10110000110000	236
10110000110001	399
10110000110010	101
10110000110011	232
10110000110100	213
10110000110101	453
10110000110110	133
10110000110111	226
10110000111000	288
10110000111001	493
10110000111010	195
10110000111011	346
10110000111100	287
10110000111101	417
10110000111110	177
10110000111111	213
10110001000000	129
10110001000001	243
10110001000010	90
10110001000011	178
10110001000100	133
10110001000101	234
10110001000110	65
10110001000111	146
10110001001000	146
10110001001001	343
10110001001010	97
10110001001011	141
10110001001100	170
10110001001101	248
10110001001110	90
10110001001111	144
10110001010000	67
10110001010001	213
10110001010010	75
10110001010011	146
10110001010100	84
10110001010101	281
10110001010110	72
10110001010111	147
10110001011000	119
10110001011001	244
10110001011010	83
10110001011011	140
10110001011100	135
10110001011101	253
10110001011110	96
10110001011111	227
10110001100000	174
10110001100001	295
10110001100010	111
10110001100011	255
10110001100100	141
10110001100101	357
10110001100110	146
10110001100111	237
10110001101000	199
10110001101001	396
10110001101010	147
10110001101011	199
10110001101100	187
10110001101101	349
10110001101110	94
10110001101111	186
10110001110000	86
10110001110001	255
10110001110010	91
10110001110011	261
10110001110100	100
10110001110101	261
10110001110110	59
10110001110111	227
10110001111000	131
10110001111001	313
10110001111010	122
10110001111011	198
10110001111100	217
10110001111101	282
10110001111110	101
10110001111111	169
10110010000000	219
10110010000001	429
10110010000010	165
10110010000011	222
10110010000100	166
10110010000101	413
10110010000110	110
10110010000111	197
10110010001000	285
10110010001001	456
10110010001010	182
10110010001011	274
10110010001100	290
10110010001101	364
10110010001110	155
10110010001111	195
10110010010000	120
10110010010001	286
10110010010010	88
10110010010011	174
10110010010100	120
10110010010101	359
10110010010110	85
10110010010111	207
10110010011000	203
10110010011001	303
10110010011010	109
10110010011011	269
10110010011100	175
10110010011101	237
10110010011110	152
10110010011111	244
10110010100000	326
10110010100001	398
10110010100010	185
10110010100011	187
10110010100100	237
10110010100101	428
10110010100110	156
10110010100111	201
10110010101000	369
10110010101001	357
10110010101010	166
10110010101011	269
10110010101100	346
10110010101101	398
10110010101110	174
10110010101111	201
10110010110000	109
10110010110001	384
10110010110010	67
10110010110011	214
10110010110100	103
10110010110101	395
10110010110110	111
10110010110111	236
10110010111000	182
10110010111001	380
10110010111010	165
10110010111011	200
10110010111100	247
10110010111101	373
10110010111110	126
10110010111111	210
10110011000000	106
10110011000001	228
10110011000010	124
10110011000011	185
10110011000100	87
10110011000101	152
10110011000110	81
10110011000111	149
10110011001000	105
10110011001001	215
10110011001010	80
10110011001011	188
10110011001100	86
10110011001101	145
10110011001110	114
10110011001111	126
10110011010000	47
10110011010001	169
10110011010010	49
10110011010011	181
10110011010100	57
10110011010101	198
10110011010110	58
10110011010111	120
10110011011000	77
10110011011001	207
10110011011010	78
10110011011011	176
10110011011100	104
10110011011101	176
10110011011110	59
10110011011111	117
10110011100000	110
10110011100001	193
10110011100010	105
10110011100011	179
10110011100100	147
10110011100101	157
10110011100110	111
10110011100111	208
10110011101000	206
10110011101001	271
10110011101010	114
10110011101011	169
10110011101100	154
10110011101101	232
10110011101110	118
10110011101111	164
10110011110000	60
10110011110001	178
10110011110010	79
10110011110011	184
10110011110100	82
10110011110101	221
10110011110110	70
10110011110111	161
10110011111000	99
10110011111001	210
10110011111010	87
10110011111011	212
10110011111100	115
10110011111101	213
10110011111110	105
10110011111111	191
10110100000000	243
10110100000001	424
10110100000010	175
10110100000011	259
10110100000100	209
10110100000101	400
10110100000110	187
10110100000111	268
10110100001000	270
10110100001001	401
10110100001010	195
10110100001011	256
10110100001100	285
10110100001101	328
10110100001110	177
10110100001111	191
10110100010000	135
10110100010001	349
10110100010010	83
10110100010011	249
10110100010100	140
10110100010101	358
10110100010110	85
10110100010111	229
10110100011000	251
10110100011001	367
10110100011010	153
10110100011011	234
10110100011100	257
10110100011101	319
10110100011110	166
10110100011111	212
10110100100000	379
10110100100001	456
10110100100010	168
10110100100011	285
10110100100100	360
10110100100101	446
10110100100110	166
10110100100111	292
10110100101000	447
10110100101001	447
10110100101010	223
10110100101011	230
10110100101100	398
10110100101101	409
10110100101110	170
10110100101111	224
10110100110000	185
10110100110001	359
10110100110010	107
10110100110011	219
10110100110100	186
10110100110101	377
10110100110110	102
10110100110111	201
10110100111000	357
10110100111001	378
10110100111010	178
10110100111011	224
10110100111100	228
10110100111101	379
10110100111110	146
10110100111111	254
10110101000000	92
10110101000001	264
10110101000010	81
10110101000011	216
10110101000100	113
10110101000101	167
10110101000110	78
10110101000111	212
10110101001000	132
10110101001001	327
10110101001010	70
10110101001011	189
10110101001100	133
10110101001101	219
10110101001110	78
10110101001111	148
10110101010000	63
10110101010001	187
10110101010010	68
10110101010011	246
10110101010100	56
10110101010101	267
10110101010110	67
10110101010111	172
10110101011000	102
10110101011001	246
10110101011010	103
10110101011011	205
10110101011100	117
10110101011101	237
10110101011110	94
10110101011111	182
10110101100000	139
10110101100001	329
10110101100010	96
10110101100011	249
10110101100100	152
10110101100101	342
10110101100110	92
10110101100111	250
10110101101000	148
10110101101001	260
10110101101010	135
10110101101011	276
10110101101100	164
10110101101101	283
10110101101110	106
10110101101111	200
10110101110000	121
10110101110001	323
10110101110010	92
10110101110011	172
10110101110100	96
10110101110101	300
10110101110110	59
10110101110111	175
10110101111000	107
10110101111001	325
10110101111010	105
10110101111011	207
10110101111100	158
10110101111101	260
10110101111110	91
10110101111111	175
10110110000000	277
10110110000001	428
10110110000010	195
10110110000011	276
10110110000100	317
10110110000101	381
10110110000110	145
10110110000111	302
10110110001000	322
10110110001001	412
10110110001010	241
10110110001011	318
10110110001100	280
10110110001101	424
10110110001110	166
10110110001111	207
10110110010000	118
10110110010001	352
10110110010010	100
10110110010011	246
10110110010100	183
10110110010101	415
10110110010110	102
10110110010111	280
10110110011000	191
10110110011001	411
10110110011010	123
10110110011011	234
10110110011100	239
10110110011101	393
10110110011110	169
10110110011111	192
10110110100000	332
10110110100001	495
10110110100010	159
10110110100011	330
10110110100100	356
10110110100101	580
10110110100110	195
10110110100111	239
10110110101000	385
10110110101001	467
10110110101010	262
10110110101011	261
10110110101100	436
10110110101101	418
10110110101110	244
10110110101111	282
10110110110000	193
10110110110001	484
10110110110010	115
10110110110011	267
10110110110100	210
10110110110101	546
10110110110110	125
10110110110111	214
10110110111000	311
10110110111001	472
10110110111010	207
10110110111011	290
10110110111100	314
10110110111101	463
10110110111110	158
10110110111111	195
10110111000000	136
10110111000001	169
10110111000010	112
10110111000011	202
10110111000100	101
10110111000101	231
10110111000110	74
10110111000111	218
10110111001000	119
10110111001001	131
10110111001010	125
10110111001011	202
10110111001100	145
10110111001101	190
10110111001110	79
10110111001111	163
10110111010000	73
10110111010001	157
10110111010010	63
10110111010011	238
10110111010100	79
10110111010101	290
10110111010110	85
10110111010111	234
10110111011000	128
10110111011001	199
10110111011010	92
10110111011011	211
10110111011100	111
10110111011101	261
10110111011110	72
10110111011111	156
10110111100000	150
10110111100001	311
10110111100010	120
10110111100011	287
10110111100100	190
10110111100101	300
10110111100110	126
10110111100111	170
10110111101000	163
10110111101001	214
10110111101010	170
10110111101011	172
10110111101100	151
10110111101101	218
10110111101110	120
10110111101111	177
10110111110000	97
10110111110001	201
10110111110010	52
10110111110011	216
10110111110100	147
10110111110101	216
10110111110110	76
10110111110111	190
10110111111000	94
10110111111001	309
10110111111010	108
10110111111011	174
10110111111100	174
10110111111101	277
10110111111110	151
10110111111111	192
10111000000000	193
10111000000001	348
10111000000010	141
10111000000011	195
10111000000100	199
10111000000101	362
10111000000110	125
10111000000111	244
10111000001000	234
10111000001001	326
10111000001010	132
10111000001011	229
10111000001100	236
10111000001101	258
10111000001110	170
10111000001111	126
10111000010000	115
10111000010001	234
10111000010010	73
10111000010011	189
10111000010100	119
10111000010101	332
10111000010110	104
10111000010111	164
10111000011000	181
10111000011001	302
10111000011010	100
10111000011011	170
10111000011100	140
10111000011101	243
10111000011110	116
10111000011111	206
10111000100000	221
10111000100001	453
10111000100010	178
10111000100011	289
10111000100100	277
10111000100101	547
10111000100110	123
10111000100111	258
10111000101000	329
10111000101001	448
10111000101010	165
10111000101011	248
10111000101100	291
10111000101101	355
10111000101110	172
10111000101111	144
10111000110000	137
10111000110001	306
10111000110010	95
10111000110011	187
10111000110100	147
10111000110101	263
10111000110110	109
10111000110111	174
10111000111000	229
10111000111001	362
10111000111010	140
10111000111011	109
10111000111100	225
10111000111101	230
10111000111110	124
10111000111111	147
10111001000000	124
10111001000001	184
10111001000010	56
10111001000011	211
10111001000100	130
10111001000101	195
10111001000110	91
10111001000111	131
10111001001000	152
10111001001001	209
10111001001010	79
10111001001011	134
10111001001100	123
10111001001101	197
10111001001110	63
10111001001111	157
10111001010000	68
10111001010001	172
10111001010010	30
10111001010011	154
10111001010100	89
10111001010101	208
10111001010110	48
10111001010111	195
10111001011000	102
10111001011001	178
10111001011010	63
10111001011011	198
10111001011100	127
10111001011101	188
10111001011110	86
10111001011111	148
10111001100000	124
10111001100001	268
10111001100010	123
10111001100011	182
10111001100100	169
10111001100101	271
10111001100110	102
10111001100111	255
10111001101000	184
10111001101001	207
10111001101010	125
10111001101011	184
10111001101100	164
10111001101101	236
10111001101110	85
10111001101111	122
10111001110000	94
10111001110001	217
10111001110010	68
10111001110011	135
10111001110100	81
10111001110101	206
10111001110110	61
10111001110111	138
10111001111000	103
10111001111001	326
10111001111010	88
10111001111011	269
10111001111100	111
10111001111101	247
10111001111110	99
10111001111111	171
10111010000000	192
10111010000001	270
10111010000010	117
10111010000011	146
10111010000100	151
10111010000101	331
10111010000110	112
10111010000111	220
10111010001000	236
10111010001001	319
10111010001010	109
10111010001011	250
10111010001100	200
10111010001101	194
10111010001110	133
10111010001111	154
10111010010000	120
10111010010001	228
10111010010010	72
10111010010011	109
10111010010100	83
10111010010101	226
10111010010110	69
10111010010111	156
10111010011000	139
10111010011001	275
10111010011010	95
10111010011011	138
10111010011100	174
10111010011101	236
10111010011110	96
10111010011111	112
10111010100000	141
10111010100001	332
10111010100010	126
10111010100011	250
10111010100100	237
10111010100101	319
10111010100110	146
10111010100111	197
10111010101000	262
10111010101001	270
10111010101010	146
10111010101011	214
10111010101100	236
10111010101101	203
10111010101110	186
10111010101111	167
10111010110000	104
10111010110001	260
10111010110010	44
10111010110011	138
10111010110100	142
10111010110101	277
10111010110110	94
10111010110111	143
10111010111000	164
10111010111001	304
10111010111010	123
10111010111011	188
10111010111100	151
10111010111101	216
10111010111110	98
10111010111111	139
10111011000000	72
10111011000001	142
10111011000010	79
10111011000011	118
10111011000100	91
10111011000101	102
10111011000110	67
10111011000111	120
10111011001000	78
10111011001001	177
10111011001010	73
10111011001011	137
10111011001100	108
10111011001101	118
10111011001110	60
10111011001111	69
10111011010000	37
10111011010001	107
10111011010010	29
10111011010011	115
10111011010100	59
10111011010101	132
10111011010110	60
10111011010111	134
10111011011000	75
10111011011001	152
10111011011010	67
10111011011011	148
10111011011100	89
10111011011101	138
10111011011110	81
10111011011111	127
10111011100000	111
10111011100001	206
10111011100010	109
10111011100011	136
10111011100100	107
10111011100101	180
10111011100110	91
10111011100111	187
10111011101000	153
10111011101001	212
10111011101010	97
10111011101011	117
10111011101100	132
10111011101101	228
10111011101110	111
10111011101111	96
10111011110000	58
10111011110001	166
10111011110010	61
10111011110011	123
10111011110100	66
10111011110101	100
10111011110110	61
10111011110111	153
10111011111000	94
10111011111001	200
10111011111010	85
10111011111011	198
10111011111100	98
10111011111101	150
10111011111110	64
10111011111111	112
10111100000000	218
10111100000001	320
10111100000010	119
10111100000011	223
10111100000100	181
10111100000101	301
10111100000110	107
10111100000111	202
10111100001000	253
10111100001001	255
10111100001010	119
10111100001011	170
10111100001100	174
10111100001101	244
10111100001110	150
10111100001111	161
10111100010000	99
10111100010001	239
10111100010010	64
10111100010011	127
10111100010100	122
10111100010101	290
10111100010110	89
10111100010111	167
10111100011000	156
10111100011001	315
10111100011010	84
10111100011011	142
10111100011100	145
10111100011101	219
10111100011110	130
10111100011111	163
10111100100000	185
10111100100001	364
10111100100010	144
10111100100011	275
10111100100100	216
10111100100101	310
10111100100110	139
10111100100111	189
10111100101000	303
10111100101001	397
10111100101010	181
10111100101011	213
10111100101100	232
10111100101101	285
10111100101110	136
10111100101111	182
10111100110000	120
10111100110001	260
10111100110010	71
10111100110011	142
10111100110100	116
10111100110101	323
10111100110110	88
10111100110111	141
10111100111000	189
10111100111001	342
10111100111010	107
10111100111011	209
10111100111100	182
10111100111101	262
10111100111110	99
10111100111111	165
10111101000000	72
10111101000001	204
10111101000010	77
10111101000011	129
10111101000100	129
10111101000101	249
10111101000110	61
10111101000111	124
10111101001000	128
10111101001001	174
10111101001010	48
10111101001011	151
10111101001100	80
10111101001101	136
10111101001110	76
10111101001111	128
10111101010000	54
10111101010001	156
10111101010010	73
10111101010011	138
10111101010100	52
10111101010101	151
10111101010110	52
10111101010111	110
10111101011000	74
10111101011001	162
10111101011010	72
10111101011011	176
10111101011100	60
10111101011101	177
10111101011110	70
10111101011111	162
10111101100000	108
10111101100001	255
10111101100010	91
10111101100011	187
10111101100100	141
10111101100101	235
10111101100110	103
10111101100111	171
10111101101000	142
10111101101001	256
10111101101010	108
10111101101011	144
10111101101100	162
10111101101101	186
10111101101110	83
10111101101111	150
10111101110000	64
10111101110001	226
10111101110010	70
10111101110011	113
10111101110100	83
10111101110101	156
10111101110110	51
10111101110111	135
10111101111000	112
10111101111001	194
10111101111010	65
10111101111011	202
10111101111100	113
10111101111101	189
10111101111110	91
10111101111111	191
10111110000000	176
10111110000001	268
10111110000010	133
10111110000011	166
10111110000100	222
10111110000101	249
10111110000110	150
10111110000111	202
10111110001000	223
10111110001001	345
10111110001010	145
10111110001011	211
10111110001100	237
10111110001101	297
10111110001110	99
10111110001111	233
10111110010000	127
10111110010001	305
10111110010010	106
10111110010011	169
10111110010100	156
10111110010101	239
10111110010110	92
10111110010111	196
10111110011000	166
10111110011001	245
10111110011010	116
10111110011011	250
10111110011100	147
10111110011101	220
10111110011110	106
10111110011111	190
10111110100000	222
10111110100001	399
10111110100010	161
10111110100011	265
10111110100100	273
10111110100101	415
10111110100110	121
10111110100111	160
10111110101000	305
10111110101001	442
10111110101010	154
10111110101011	164
10111110101100	312
10111110101101	340
10111110101110	145
10111110101111	251
10111110110000	119
10111110110001	258
10111110110010	77
10111110110011	176
10111110110100	132
10111110110101	387
10111110110110	96
10111110110111	202
10111110111000	218
10111110111001	316
10111110111010	119
10111110111011	261
10111110111100	207
10111110111101	321
10111110111110	124
10111110111111	138
10111111000000	122
10111111000001	165
10111111000010	94
10111111000011	192
10111111000100	85
10111111000101	188
10111111000110	87
10111111000111	160
10111111001000	95
10111111001001	165
10111111001010	96
10111111001011	165
10111111001100	115
10111111001101	170
10111111001110	81
10111111001111	129
10111111010000	55
10111111010001	153
10111111010010	53
10111111010011	134
10111111010100	60
10111111010101	191
10111111010110	62
10111111010111	99
10111111011000	74
10111111011001	129
10111111011010	67
10111111011011	185
10111111011100	70
10111111011101	109
10111111011110	81
10111111011111	163
10111111100000	127
10111111100001	216
10111111100010	96
10111111100011	236
10111111100100	157
10111111100101	187
10111111100110	96
10111111100111	142
10111111101000	168
10111111101001	248
10111111101010	131
10111111101011	170
10111111101100	128
10111111101101	238
10111111101110	87
10111111101111	106
10111111110000	54
10111111110001	148
10111111110010	52
10111111110011	125
10111111110100	94
10111111110101	170
10111111110110	71
10111111110111	152
10111111111000	121
10111111111001	182
10111111111010	82
10111111111011	169
10111111111100	112
10111111111101	179
10111111111110	81
10111111111111	143
11000000000000	165
11000000000001	188
11000000000010	108
11000000000011	93
11000000000100	159
11000000000101	223
11000000000110	98
11000000000111	135
11000000001000	186
11000000001001	170
11000000001010	128
11000000001011	135
11000000001100	180
11000000001101	230
11000000001110	92
11000000001111	113
11000000010000	74
11000000010001	166
11000000010010	67
11000000010011	142
11000000010100	84
11000000010101	172
11000000010110	59
11000000010111	112
11000000011000	134
11000000011001	177
11000000011010	78
11000000011011	122
11000000011100	127
11000000011101	196
11000000011110	102
11000000011111	138
11000000100000	158
11000000100001	281
11000000100010	128
11000000100011	146
11000000100100	175
11000000100101	295
11000000100110	105
11000000100111	158
11000000101000	242
11000000101001	286
11000000101010	112
11000000101011	146
11000000101100	152
11000000101101	214
11000000101110	108
11000000101111	148
11000000110000	118
11000000110001	203
11000000110010	65
11000000110011	125
11000000110100	103
11000000110101	160
11000000110110	93
11000000110111	124
11000000111000	137
11000000111001	198
11000000111010	121
11000000111011	176
11000000111100	154
11000000111101	172
11000000111110	98
11000000111111	104
11000001000000	73
11000001000001	171
11000001000010	71
11000001000011	138
11000001000100	84
11000001000101	131
11000001000110	77
11000001000111	103
11000001001000	98
11000001001001	188
11000001001010	75
11000001001011	135
11000001001100	77
11000001001101	119
11000001001110	78
11000001001111	87
11000001010000	63
11000001010001	135
11000001010010	45
11000001010011	113
11000001010100	45
11000001010101	141
11000001010110	46
11000001010111	130
11000001011000	60
11000001011001	169
11000001011010	56
11000001011011	108
11000001011100	68
11000001011101	127
11000001011110	37
11000001011111	89
11000001100000	88
11000001100001	133
11000001100010	62
11000001100011	159
11000001100100	91
11000001100101	184
11000001100110	83
11000001100111	143
11000001101000	120
11000001101001	179
11000001101010	117
11000001101011	137
11000001101100	95
11000001101101	201
11000001101110	42
11000001101111	117
11000001110000	50
11000001110001	101
11000001110010	59
11000001110011	88
11000001110100	59
11000001110101	137
11000001110110	45
11000001110111	116
11000001111000	39
11000001111001	116
11000001111010	55
11000001111011	108
11000001111100	65
11000001111101	178
11000001111110	62
11000001111111	105
11000010000000	62
11000010000001	166
11000010000010	38
11000010000011	118
11000010000100	119
11000010000101	161
11000010000110	76
11000010000111	83
11000010001000	104
11000010001001	119
11000010001010	84
11000010001011	141
11000010001100	123
11000010001101	188
11000010001110	70
11000010001111	92
11000010010000	61
11000010010001	110
11000010010010	40
11000010010011	124
11000010010100	57
11000010010101	137
11000010010110	49
11000010010111	94
11000010011000	77
11000010011001	139
11000010011010	53
11000010011011	65
11000010011100	68
11000010011101	141
11000010011110	59
11000010011111	89
11000010100000	144
11000010100001	181
11000010100010	99
11000010100011	127
11000010100100	139
11000010100101	205
11000010100110	85
11000010100111	133
11000010101000	162
11000010101001	201
11000010101010	97
11000010101011	106
11000010101100	193
11000010101101	191
11000010101110	88
11000010101111	99
11000010110000	53
11000010110001	127
11000010110010	41
11000010110011	87
11000010110100	60
11000010110101	204
11000010110110	40
11000010110111	106
11000010111000	92
11000010111001	205
11000010111010	78
11000010111011	124
11000010111100	78
11000010111101	129
11000010111110	47
11000010111111	131
11000011000000	37
11000011000001	88
11000011000010	54
11000011000011	107
11000011000100	77
11000011000101	107
11000011000110	68
11000011000111	97
11000011001000	78
11000011001001	147
11000011001010	56
11000011001011	67
11000011001100	75
11000011001101	92
11000011001110	64
11000011001111	108
11000011010000	37
11000011010001	79
11000011010010	23
11000011010011	56
11000011010100	33
11000011010101	78
11000011010110	33
11000011010111	96
11000011011000	48
11000011011001	75
11000011011010	24
11000011011011	68
11000011011100	39
11000011011101	94
11000011011110	34
11000011011111	114
11000011100000	63
11000011100001	91
11000011100010	43
11000011100011	92
11000011100100	82
11000011100101	110
11000011100110	67
11000011100111	121
11000011101000	90
11000011101001	108
11000011101010	71
11000011101011	103
11000011101100	102
11000011101101	97
11000011101110	49
11000011101111	116
11000011110000	38
11000011110001	90
11000011110010	38
11000011110011	92
11000011110100	40
11000011110101	119
11000011110110	30
11000011110111	81
11000011111000	52
11000011111001	85
11000011111010	56
11000011111011	118
11000011111100	83
11000011111101	126
11000011111110	36
11000011111111	81
11000100000000	119
11000100000001	160
11000100000010	74
11000100000011	96
11000100000100	130
11000100000101	185
11000100000110	86
11000100000111	154
11000100001000	131
11000100001001	179
11000100001010	96
11000100001011	93
11000100001100	172
11000100001101	130
11000100001110	76
11000100001111	95
11000100010000	62
11000100010001	86
11000100010010	73
11000100010011	83
11000100010100	43
11000100010101	144
11000100010110	54
11000100010111	107
11000100011000	68
11000100011001	113
11000100011010	64
11000100011011	155
11000100011100	117
11000100011101	139
11000100011110	47
11000100011111	61
11000100100000	142
11000100100001	233
11000100100010	101
11000100100011	132
11000100100100	153
11000100100101	221
11000100100110	119
11000100100111	124
11000100101000	216
11000100101001	215
11000100101010	114
11000100101011	100
11000100101100	153
11000100101101	204
11000100101110	78
11000100101111	172
11000100110000	83
11000100110001	154
11000100110010	52
11000100110011	112
11000100110100	118
11000100110101	145
11000100110110	45
11000100110111	107
11000100111000	123
11000100111001	251
11000100111010	85
11000100111011	153
11000100111100	100
11000100111101	218
11000100111110	85
11000100111111	116
11000101000000	59
11000101000001	108
11000101000010	53
11000101000011	98
11000101000100	64
11000101000101	118
11000101000110	46
11000101000111	105
11000101001000	82
11000101001001	150
11000101001010	85
11000101001011	99
11000101001100	63
11000101001101	121
11000101001110	67
11000101001111	86
11000101010000	38
11000101010001	87
11000101010010	32
11000101010011	99
11000101010100	50
11000101010101	100
11000101010110	48
11000101010111	89
11000101011000	70
11000101011001	149
11000101011010	35
11000101011011	59
11000101011100	48
11000101011101	102
11000101011110	31
11000101011111	98
11000101100000	87
11000101100001	91
11000101100010	76
11000101100011	126
11000101100100	72
11000101100101	103
11000101100110	84
11000101100111	123
11000101101000	86
11000101101001	146
11000101101010	51
11000101101011	130
11000101101100	87
11000101101101	169
11000101101110	71
11000101101111	101
11000101110000	61
11000101110001	104
11000101110010	36
11000101110011	95
11000101110100	46
11000101110101	181
11000101110110	43
11000101110111	72
11000101111000	46
11000101111001	73
11000101111010	53
11000101111011	128
11000101111100	63
11000101111101	133
11000101111110	60
11000101111111	111
11000110000000	90
11000110000001	219
11000110000010	68
11000110000011	117
11000110000100	105
11000110000101	210
11000110000110	95
11000110000111	97
11000110001000	132
11000110001001	164
11000110001010	98
11000110001011	112
11000110001100	110
11000110001101	178
11000110001110	117
11000110001111	103
11000110010000	84
11000110010001	123
11000110010010	68
11000110010011	104
11000110010100	57
11000110010101	138
11000110010110	47
11000110010111	144
11000110011000	86
11000110011001	151
11000110011010	103
11000110011011	142
11000110011100	103
11000110011101	142
11000110011110	71
11000110011111	105
11000110100000	159
11000110100001	236
11000110100010	67
11000110100011	119
11000110100100	165
11000110100101	207
11000110100110	74
11000110100111	155
11000110101000	184
11000110101001	236
11000110101010	101
11000110101011	113
11000110101100	165
11000110101101	161
11000110101110	82
11000110101111	95
11000110110000	62
11000110110001	167
11000110110010	77
11000110110011	86
11000110110100	85
11000110110101	218
11000110110110	52
11000110110111	100
11000110111000	117
11000110111001	199
11000110111010	83
11000110111011	109
11000110111100	145
11000110111101	157
11000110111110	53
11000110111111	101
11000111000000	61
11000111000001	80
11000111000010	51
11000111000011	159
11000111000100	69
11000111000101	91
11000111000110	70
11000111000111	90
11000111001000	70
11000111001001	102
11000111001010	65
11000111001011	113
11000111001100	57
11000111001101	110
11000111001110	101
11000111001111	112
11000111010000	36
11000111010001	64
11000111010010	41
11000111010011	88
11000111010100	50
11000111010101	76
11000111010110	37
11000111010111	79
11000111011000	48
11000111011001	113
11000111011010	63
11000111011011	76
11000111011100	65
11000111011101	113
11000111011110	55
11000111011111	69
11000111100000	91
11000111100001	160
11000111100010	96
11000111100011	138
11000111100100	63
11000111100101	142
11000111100110	74
11000111100111	93
11000111101000	112
11000111101001	83
11000111101010	62
11000111101011	137
11000111101100	117
11000111101101	126
11000111101110	74
11000111101111	92
11000111110000	46
11000111110001	115
11000111110010	30
11000111110011	73
11000111110100	36
11000111110101	96
11000111110110	57
11000111110111	96
11000111111000	83
11000111111001	107
11000111111010	70
11000111111011	90
11000111111100	74
11000111111101	137
11000111111110	59
11000111111111	117
11001000000000	204
11001000000001	270
11001000000010	151
11001000000011	181
11001000000100	162
11001000000101	244
11001000000110	133
11001000000111	203
11001000001000	181
11001000001001	279
11001000001010	212
11001000001011	225
11001000001100	231
11001000001101	211
11001000001110	165
11001000001111	167
11001000010000	111
11001000010001	226
11001000010010	78
11001000010011	155
11001000010100	101
11001000010101	190
11001000010110	80
11001000010111	168
11001000011000	136
11001000011001	313
11001000011010	83
11001000011011	165
11001000011100	141
11001000011101	208
11001000011110	124
11001000011111	158
11001000100000	217
11001000100001	326
11001000100010	135
11001000100011	198
11001000100100	188
11001000100101	353
11001000100110	181
11001000100111	197
11001000101000	329
11001000101001	357
11001000101010	182
11001000101011	207
11001000101100	295
11001000101101	279
11001000101110	141
11001000101111	210
11001000110000	148
11001000110001	232
11001000110010	70
11001000110011	166
11001000110100	148
11001000110101	277
11001000110110	74
11001000110111	173
11001000111000	155
11001000111001	322
11001000111010	133
11001000111011	176
11001000111100	190
11001000111101	285
11001000111110	104
11001000111111	149
11001001000000	97
11001001000001	264
11001001000010	61
11001001000011	200
11001001000100	130
11001001000101	199
11001001000110	88
11001001000111	255
11001001001000	106
11001001001001	193
11001001001010	88
11001001001011	151
11001001001100	134
11001001001101	248
11001001001110	90
11001001001111	178
11001001010000	66
11001001010001	135
11001001010010	42
11001001010011	128
11001001010100	50
11001001010101	175
11001001010110	62
11001001010111	156
11001001011000	102
11001001011001	187
11001001011010	94
11001001011011	186
11001001011100	70
11001001011101	204
11001001011110	85
11001001011111	158
11001001100000	131
11001001100001	269
11001001100010	97
11001001100011	149
11001001100100	128
11001001100101	269
11001001100110	107
11001001100111	169
11001001101000	172
11001001101001	275
11001001101010	107
11001001101011	244
11001001101100	162
11001001101101	228
11001001101110	78
11001001101111	146
11001001110000	40
11001001110001	195
11001001110010	58
11001001110011	193
11001001110100	82
11001001110101	230
11001001110110	29
11001001110111	171
11001001111000	100
11001001111001	207
11001001111010	92
11001001111011	214
11001001111100	91
11001001111101	188
11001001111110	100
11001001111111	179
11001010000000	148
11001010000001	245
11001010000010	113
11001010000011	188
11001010000100	179
11001010000101	269
11001010000110	110
11001010000111	162
11001010001000	188
11001010001001	278
11001010001010	132
11001010001011	186
11001010001100	208
11001010001101	212
11001010001110	114
11001010001111	159
11001010010000	63
11001010010001	187
11001010010010	58
11001010010011	148
11001010010100	94
11001010010101	219
11001010010110	68
11001010010111	152
11001010011000	113
11001010011001	225
11001010011010	72
11001010011011	145
11001010011100	136
11001010011101	227
11001010011110	72
11001010011111	161
11001010100000	223
11001010100001	310
11001010100010	107
11001010100011	200
11001010100100	227
11001010100101	329
11001010100110	118
11001010100111	153
11001010101000	231
11001010101001	240
11001010101010	167
11001010101011	135
11001010101100	163
11001010101101	332
11001010101110	136
11001010101111	151
11001010110000	80
11001010110001	263
11001010110010	72
11001010110011	123
11001010110100	111
11001010110101	236
11001010110110	81
11001010110111	141
11001010111000	171
11001010111001	277
11001010111010	85
11001010111011	194
11001010111100	191
11001010111101	241
11001010111110	99
11001010111111	151
11001011000000	116
11001011000001	151
11001011000010	82
11001011000011	160
11001011000100	81
11001011000101	119
11001011000110	65
11001011000111	185
11001011001000	95
11001011001001	132
11001011001010	104
11001011001011	142
11001011001100	124
11001011001101	111
11001011001110	98
11001011001111	149
11001011010000	30
11001011010001	84
11001011010010	46
11001011010011	117
11001011010100	54
11001011010101	106
11001011010110	41
11001011010111	134
11001011011000	64
11001011011001	132
11001011011010	52
11001011011011	158
11001011011100	60
11001011011101	87
11001011011110	37
11001011011111	118
11001011100000	83
11001011100001	152
11001011100010	65
11001011100011	170
11001011100100	93
11001011100101	168
11001011100110	79
11001011100111	153
11001011101000	132
11001011101001	236
11001011101010	105
11001011101011	135
11001011101100	90
11001011101101	157
11001011101110	71
11001011101111	101
11001011110000	43
11001011110001	128
11001011110010	45
11001011110011	124
11001011110100	59
11001011110101	147
11001011110110	71
11001011110111	91
11001011111000	80
11001011111001	162
11001011111010	83
11001011111011	136
11001011111100	82
11001011111101	102
11001011111110	74
11001011111111	108
11001100000000	153
11001100000001	302
11001100000010	84
11001100000011	184
11001100000100	136
11001100000101	299
11001100000110	118
11001100000111	185
11001100001000	240
11001100001001	277
11001100001010	151
11001100001011	140
11001100001100	199
11001100001101	299
11001100001110	121
11001100001111	164
11001100010000	76
11001100010001	183
11001100010010	66
11001100010011	127
11001100010100	93
11001100010101	166
11001100010110	79
11001100010111	118
11001100011000	128
11001100011001	255
11001100011010	98
11001100011011	127
11001100011100	185
11001100011101	275
11001100011110	104
11001100011111	156
11001100100000	240
11001100100001	348
11001100100010	135
11001100100011	189
11001100100100	198
11001100100101	344
11001100100110	156
11001100100111	236
11001100101000	301
11001100101001	305
11001100101010	133
11001100101011	178
11001100101100	181
11001100101101	220
11001100101110	144
11001100101111	179
11001100110000	92
11001100110001	239
11001100110010	63
11001100110011	165
11001100110100	108
11001100110101	202
11001100110110	51
11001100110111	183
11001100111000	172
11001100111001	219
11001100111010	120
11001100111011	179
11001100111100	130
11001100111101	222
11001100111110	114
11001100111111	172
11001101000000	87
11001101000001	201
11001101000010	94
11001101000011	154
11001101000100	101
11001101000101	231
11001101000110	53
11001101000111	184
11001101001000	114
11001101001001	184
11001101001010	113
11001101001011	157
11001101001100	105
11001101001101	128
11001101001110	70
11001101001111	130
11001101010000	53
11001101010001	123
11001101010010	53
11001101010011	155
11001101010100	61
11001101010101	171
11001101010110	31
11001101010111	116
11001101011000	88
11001101011001	105
11001101011010	65
11001101011011	151
11001101011100	90
11001101011101	146
11001101011110	56
11001101011111	114
11001101100000	102
11001101100001	276
11001101100010	95
11001101100011	110
11001101100100	135
11001101100101	201
11001101100110	75
11001101100111	138
11001101101000	143
11001101101001	191
11001101101010	96
11001101101011	150
11001101101100	158
11001101101101	190
11001101101110	100
11001101101111	108
11001101110000	42
11001101110001	121
11001101110010	46
11001101110011	133
11001101110100	66
11001101110101	180
11001101110110	56
11001101110111	124
11001101111000	85
11001101111001	169
11001101111010	67
11001101111011	123
11001101111100	97
11001101111101	189
11001101111110	81
11001101111111	145
11001110000000	166
11001110000001	263
11001110000010	123
11001110000011	171
11001110000100	187
11001110000101	249
11001110000110	131
11001110000111	225
11001110001000	190
11001110001001	283
11001110001010	129
11001110001011	206
11001110001100	255
11001110001101	242
11001110001110	104
11001110001111	175
11001110010000	78
11001110010001	260
11001110010010	89
11001110010011	195
11001110010100	96
11001110010101	247
11001110010110	95
11001110010111	124
11001110011000	160
11001110011001	217
11001110011010	111
11001110011011	171
11001110011100	174
11001110011101	188
11001110011110	78
11001110011111	180
11001110100000	190
11001110100001	308
11001110100010	150
11001110100011	203
11001110100100	222
11001110100101	406
11001110100110	143
11001110100111	220
11001110101000	296
11001110101001	336
11001110101010	146
11001110101011	194
11001110101100	303
11001110101101	278
11001110101110	178
11001110101111	175
11001110110000	132
11001110110001	264
11001110110010	85
11001110110011	159
11001110110100	110
11001110110101	335
11001110110110	92
11001110110111	194
11001110111000	140
11001110111001	297
11001110111010	116
11001110111011	178
11001110111100	195
11001110111101	325
11001110111110	112
11001110111111	118
11001111000000	85
11001111000001	123
11001111000010	89
11001111000011	146
11001111000100	105
11001111000101	178
11001111000110	101
11001111000111	120
11001111001000	96
11001111001001	132
11001111001010	86
11001111001011	148
11001111001100	91
11001111001101	145
11001111001110	100
11001111001111	136
11001111010000	46
11001111010001	119
11001111010010	68
11001111010011	141
11001111010100	33
11001111010101	130
11001111010110	58
11001111010111	120
11001111011000	85
11001111011001	116
11001111011010	111
11001111011011	157
11001111011100	73
11001111011101	95
11001111011110	70
11001111011111	115
11001111100000	123
11001111100001	208
11001111100010	108
11001111100011	184
11001111100100	154
11001111100101	151
11001111100110	101
11001111100111	187
11001111101000	175
11001111101001	203
11001111101010	133
11001111101011	206
11001111101100	140
11001111101101	162
11001111101110	140
11001111101111	161
11001111110000	58
11001111110001	132
11001111110010	48
11001111110011	131
11001111110100	68
11001111110101	135
11001111110110	60
11001111110111	120
11001111111000	60
11001111111001	175
11001111111010	95
11001111111011	145
11001111111100	88
11001111111101	128
11001111111110	78
11001111111111	136
11010000000000	194
11010000000001	344
11010000000010	182
11010000000011	284
11010000000100	234
11010000000101	442
11010000000110	157
11010000000111	192
11010000001000	292
11010000001001	387
11010000001010	186
11010000001011	218
11010000001100	226
11010000001101	342
11010000001110	187
11010000001111	176
11010000010000	108
11010000010001	267
11010000010010	100
11010000010011	214
11010000010100	99
11010000010101	268
11010000010110	96
11010000010111	226
11010000011000	198
11010000011001	261
11010000011010	138
11010000011011	234
11010000011100	177
11010000011101	249
11010000011110	146
11010000011111	217
11010000100000	248
11010000100001	470
11010000100010	214
11010000100011	281
11010000100100	295
11010000100101	448
11010000100110	156
11010000100111	209
11010000101000	318
11010000101001	409
11010000101010	163
11010000101011	250
11010000101100	317
11010000101101	412
11010000101110	209
11010000101111	197
11010000110000	140
11010000110001	336
11010000110010	105
11010000110011	225
11010000110100	199
11010000110101	308
11010000110110	86
11010000110111	206
11010000111000	287
11010000111001	453
11010000111010	137
11010000111011	274
11010000111100	198
11010000111101	365
11010000111110	91
11010000111111	242
11010001000000	109
11010001000001	238
11010001000010	107
11010001000011	247
11010001000100	109
11010001000101	287
11010001000110	103
11010001000111	244
11010001001000	163
11010001001001	300
11010001001010	113
11010001001011	225
11010001001100	205
11010001001101	295
11010001001110	125
11010001001111	174
11010001010000	80
11010001010001	239
11010001010010	58
11010001010011	110
11010001010100	100
11010001010101	190
11010001010110	84
11010001010111	202
11010001011000	83
11010001011001	206
11010001011010	110
11010001011011	237
11010001011100	93
11010001011101	227
11010001011110	78
11010001011111	160
11010001100000	139
11010001100001	286
11010001100010	88
11010001100011	261
11010001100100	176
11010001100101	290
11010001100110	85
11010001100111	139
11010001101000	196
11010001101001	274
11010001101010	80
11010001101011	171
11010001101100	149
11010001101101	228
11010001101110	94
11010001101111	119
11010001110000	91
11010001110001	229
11010001110010	70
11010001110011	180
11010001110100	84
11010001110101	276
11010001110110	61
11010001110111	164
11010001111000	135
11010001111001	324
11010001111010	102
11010001111011	254
11010001111100	108
11010001111101	275
11010001111110	89
11010001111111	194
11010010000000	190
11010010000001	326
11010010000010	124
11010010000011	233
11010010000100	224
11010010000101	330
11010010000110	103
11010010000111	144
11010010001000	234
11010010001001	334
11010010001010	175
11010010001011	208
11010010001100	247
11010010001101	266
11010010001110	142
11010010001111	163
11010010010000	133
11010010010001	257
11010010010010	80
11010010010011	230
11010010010100	113
11010010010101	215
11010010010110	92
11010010010111	215
11010010011000	121
11010010011001	273
11010010011010	86
11010010011011	168
11010010011100	153
11010010011101	327
11010010011110	93
11010010011111	177
11010010100000	249
11010010100001	428
11010010100010	121
11010010100011	223
11010010100100	261
11010010100101	358
11010010100110	113
11010010100111	209
11010010101000	215
11010010101001	448
11010010101010	156
11010010101011	226
11010010101100	245
11010010101101	235
11010010101110	102
11010010101111	183
11010010110000	129
11010010110001	245
11010010110010	73
11010010110011	172
11010010110100	108
11010010110101	311
11010010110110	87
11010010110111	230
11010010111000	232
11010010111001	290
11010010111010	130
11010010111011	269
11010010111100	184
11010010111101	242
11010010111110	139
11010010111111	191
11010011000000	99
11010011000001	108
11010011000010	93
11010011000011	199
11010011000100	85
11010011000101	172
11010011000110	97
11010011000111	144
11010011001000	122
11010011001001	128
11010011001010	99
11010011001011	132
11010011001100	77
11010011001101	133
11010011001110	93
11010011001111	145
11010011010000	54
11010011010001	146
11010011010010	44
11010011010011	123
11010011010100	69
11010011010101	140
11010011010110	67
11010011010111	162
11010011011000	67
11010011011001	166
11010011011010	87
11010011011011	206
11010011011100	75
11010011011101	136
11010011011110	69
11010011011111	180
11010011100000	123
11010011100001	182
11010011100010	69
11010011100011	120
11010011100100	115
11010011100101	183
11010011100110	88
11010011100111	150
11010011101000	131
11010011101001	223
11010011101010	108
11010011101011	190
11010011101100	129
11010011101101	241
11010011101110	90
11010011101111	156
11010011110000	46
11010011110001	154
11010011110010	53
11010011110011	150
11010011110100	59
11010011110101	135
11010011110110	64
11010011110111	163
11010011111000	69
11010011111001	167
11010011111010	78
11010011111011	121
11010011111100	130
11010011111101	163
11010011111110	105
11010011111111	123
11010100000000	224
11010100000001	355
11010100000010	151
11010100000011	176
11010100000100	251
11010100000101	327
11010100000110	172
11010100000111	206
11010100001000	266
11010100001001	335
11010100001010	193
11010100001011	193
11010100001100	211
11010100001101	310
11010100001110	155
11010100001111	134
11010100010000	135
11010100010001	308
11010100010010	87
11010100010011	192
11010100010100	137
11010100010101	323
11010100010110	73
11010100010111	222
11010100011000	137
11010100011001	291
11010100011010	132
11010100011011	214
11010100011100	198
11010100011101	299
11010100011110	121
11010100011111	273
11010100100000	245
11010100100001	416
11010100100010	162
11010100100011	264
11010100100100	267
11010100100101	428
11010100100110	154
11010100100111	212
11010100101000	323
11010100101001	394
11010100101010	207
11010100101011	291
11010100101100	378
11010100101101	457
11010100101110	154
11010100101111	233
11010100110000	157
11010100110001	429
11010100110010	95
11010100110011	204
11010100110100	165
11010100110101	274
11010100110110	91
11010100110111	242
11010100111000	183
11010100111001	395
11010100111010	139
11010100111011	163
11010100111100	190
11010100111101	302
11010100111110	127
11010100111111	195
11010101000000	116
11010101000001	225
11010101000010	108
11010101000011	197
11010101000100	128
11010101000101	270
11010101000110	92
11010101000111	196
11010101001000	189
11010101001001	284
11010101001010	105
11010101001011	201
11010101001100	127
11010101001101	248
11010101001110	80
11010101001111	167
11010101010000	51
11010101010001	187
11010101010010	49
11010101010011	196
11010101010100	54
11010101010101	217
11010101010110	64
11010101010111	242
11010101011000	100
11010101011001	223
11010101011010	93
11010101011011	169
11010101011100	111
11010101011101	221
11010101011110	113
11010101011111	185
11010101100000	153
11010101100001	251
11010101100010	88
11010101100011	222
11010101100100	172
11010101100101	320
11010101100110	104
11010101100111	193
11010101101000	162
11010101101001	250
11010101101010	125
11010101101011	178
11010101101100	163
11010101101101	211
11010101101110	72
11010101101111	137
11010101110000	89
11010101110001	240
11010101110010	55
11010101110011	195
11010101110100	98
11010101110101	276
11010101110110	66
11010101110111	197
11010101111000	141
11010101111001	234
11010101111010	89
11010101111011	240
11010101111100	121
11010101111101	239
11010101111110	85
11010101111111	155
11010110000000	254
11010110000001	305
11010110000010	138
11010110000011	239
11010110000100	239
11010110000101	472
11010110000110	163
11010110000111	230
11010110001000	255
11010110001001	336
11010110001010	191
11010110001011	277
11010110001100	281
11010110001101	324
11010110001110	171
11010110001111	220
11010110010000	152
11010110010001	269
11010110010010	102
11010110010011	252
11010110010100	155
11010110010101	326
11010110010110	111
11010110010111	264
11010110011000	205
11010110011001	313
11010110011010	119
11010110011011	233
11010110011100	197
11010110011101	274
11010110011110	126
11010110011111	190
11010110100000	225
11010110100001	442
11010110100010	165
11010110100011	332
11010110100100	243
11010110100101	445
11010110100110	165
11010110100111	350
11010110101000	347
11010110101001	414
11010110101010	193
11010110101011	282
11010110101100	317
11010110101101	360
11010110101110	161
11010110101111	268
11010110110000	157
11010110110001	311
11010110110010	96
11010110110011	200
11010110110100	188
11010110110101	407
11010110110110	105
11010110110111	196
11010110111000	264
11010110111001	385
11010110111010	131
11010110111011	285
11010110111100	203
11010110111101	428
11010110111110	136
11010110111111	159
11010111000000	105
11010111000001	171
11010111000010	150
11010111000011	222
11010111000100	109
11010111000101	254
11010111000110	123
11010111000111	186
11010111001000	91
11010111001001	232
11010111001010	153
11010111001011	209
11010111001100	126
11010111001101	154
11010111001110	119
11010111001111	143
11010111010000	75
11010111010001	155
11010111010010	86
11010111010011	180
11010111010100	62
11010111010101	178
11010111010110	73
11010111010111	218
11010111011000	92
11010111011001	189
11010111011010	108
11010111011011	195
11010111011100	92
11010111011101	230
11010111011110	81
11010111011111	194
11010111100000	141
11010111100001	238
11010111100010	118
11010111100011	196
11010111100100	206
11010111100101	233
11010111100110	129
11010111100111	215
11010111101000	154
11010111101001	302
11010111101010	134
11010111101011	223
11010111101100	137
11010111101101	239
11010111101110	111
11010111101111	205
11010111110000	58
11010111110001	185
11010111110010	52
11010111110011	173
11010111110100	103
11010111110101	222
11010111110110	81
11010111110111	233
11010111111000	131
11010111111001	193
11010111111010	104
11010111111011	241
11010111111100	137
11010111111101	220
11010111111110	99
11010111111111	158
11011000000000	169
11011000000001	269
11011000000010	122
11011000000011	217
11011000000100	135
11011000000101	240
11011000000110	97
11011000000111	139
11011000001000	182
11011000001001	198
11011000001010	124
11011000001011	156
11011000001100	181
11011000001101	234
11011000001110	120
11011000001111	142
11011000010000	89
11011000010001	242
11011000010010	51
11011000010011	136
11011000010100	75
11011000010101	228
11011000010110	79
11011000010111	163
11011000011000	117
11011000011001	222
11011000011010	112
11011000011011	208
11011000011100	120
11011000011101	263
11011000011110	108
11011000011111	169
11011000100000	287
11011000100001	320
11011000100010	142
11011000100011	216
11011000100100	218
11011000100101	291
11011000100110	170
11011000100111	131
11011000101000	261
11011000101001	195
11011000101010	138
11011000101011	195
11011000101100	251
11011000101101	305
11011000101110	124
11011000101111	159
11011000110000	97
11011000110001	222
11011000110010	45
11011000110011	140
11011000110100	110
11011000110101	221
11011000110110	75
11011000110111	162
11011000111000	219
11011000111001	343
11011000111010	127
11011000111011	150
11011000111100	184
11011000111101	229
11011000111110	98
11011000111111	163
11011001000000	69
11011001000001	188
11011001000010	90
11011001000011	181
11011001000100	129
11011001000101	228
11011001000110	89
11011001000111	164
11011001001000	129
11011001001001	149
11011001001010	75
11011001001011	212
11011001001100	89
11011001001101	199
11011001001110	103
11011001001111	134
11011001010000	37
11011001010001	133
11011001010010	49
11011001010011	138
11011001010100	64
11011001010101	153
11011001010110	38
11011001010111	108
11011001011000	95
11011001011001	137
11011001011010	49
11011001011011	119
11011001011100	96
11011001011101	179
11011001011110	69
11011001011111	136
11011001100000	86
11011001100001	204
11011001100010	107
11011001100011	176
11011001100100	126
11011001100101	272
11011001100110	86
11011001100111	83
11011001101000	127
11011001101001	225
11011001101010	109
11011001101011	161
11011001101100	125
11011001101101	169
11011001101110	89
11011001101111	128
11011001110000	62
11011001110001	202
11011001110010	64
11011001110011	136
11011001110100	67
11011001110101	200
11011001110110	65
11011001110111	144
11011001111000	85
11011001111001	184
11011001111010	67
11011001111011	151
11011001111100	111
11011001111101	181
11011001111110	91
11011001111111	128
11011010000000	143
11011010000001	179
11011010000010	104
11011010000011	165
11011010000100	189
11011010000101	253
11011010000110	88
11011010000111	142
11011010001000	179
11011010001001	224
11011010001010	125
11011010001011	151
11011010001100	197
11011010001101	164
11011010001110	98
11011010001111	109
11011010010000	79
11011010010001	200
11011010010010	30
11011010010011	132
11011010010100	76
11011010010101	193
11011010010110	61
11011010010111	146
11011010011000	111
11011010011001	254
11011010011010	78
11011010011011	152
11011010011100	141
11011010011101	146
11011010011110	72
11011010011111	141
11011010100000	129
11011010100001	261
11011010100010	73
11011010100011	145
11011010100100	210
11011010100101	291
11011010100110	99
11011010100111	181
11011010101000	198
11011010101001	212
11011010101010	133
11011010101011	177
11011010101100	239
11011010101101	269
11011010101110	133
11011010101111	129
11011010110000	75
11011010110001	163
11011010110010	61
11011010110011	123
11011010110100	115
11011010110101	227
11011010110110	78
11011010110111	128
11011010111000	129
11011010111001	216
11011010111010	58
11011010111011	157
11011010111100	140
11011010111101	212
11011010111110	60
11011010111111	139
11011011000000	58
11011011000001	108
11011011000010	47
11011011000011	153
11011011000100	72
11011011000101	138
11011011000110	53
11011011000111	86
11011011001000	103
11011011001001	96
11011011001010	59
11011011001011	125
11011011001100	69
11011011001101	117
11011011001110	103
11011011001111	116
11011011010000	25
11011011010001	97
11011011010010	29
11011011010011	124
11011011010100	29
11011011010101	105
11011011010110	31
11011011010111	92
11011011011000	42
11011011011001	109
11011011011010	70
11011011011011	168
11011011011100	55
11011011011101	117
11011011011110	60
11011011011111	157
11011011100000	83
11011011100001	132
11011011100010	94
11011011100011	143
11011011100100	106
11011011100101	141
11011011100110	71
11011011100111	121
11011011101000	97
11011011101001	208
11011011101010	100
11011011101011	94
11011011101100	130
11011011101101	168
11011011101110	84
11011011101111	105
11011011110000	53
11011011110001	133
11011011110010	46
11011011110011	105
11011011110100	66
11011011110101	110
11011011110110	43
11011011110111	64
11011011111000	67
11011011111001	181
11011011111010	68
11011011111011	101
11011011111100	65
11011011111101	123
11011011111110	63
11011011111111	113
11011100000000	140
11011100000001	290
11011100000010	110
11011100000011	176
11011100000100	167
11011100000101	247
11011100000110	91
11011100000111	140
11011100001000	166
11011100001001	194
11011100001010	98
11011100001011	203
11011100001100	146
11011100001101	206
11011100001110	107
11011100001111	132
11011100010000	69
11011100010001	156
11011100010010	52
11011100010011	165
11011100010100	108
11011100010101	189
11011100010110	63
11011100010111	172
11011100011000	128
11011100011001	203
11011100011010	87
11011100011011	188
11011100011100	117
11011100011101	180
11011100011110	72
11011100011111	131
11011100100000	202
11011100100001	282
11011100100010	133
11011100100011	158
11011100100100	206
11011100100101	211
11011100100110	132
11011100100111	130
11011100101000	214
11011100101001	303
11011100101010	140
11011100101011	178
11011100101100	164
11011100101101	222
11011100101110	137
11011100101111	129
11011100110000	104
11011100110001	180
11011100110010	55
11011100110011	88
11011100110100	86
11011100110101	255
11011100110110	65
11011100110111	115
11011100111000	171
11011100111001	248
11011100111010	110
11011100111011	169
11011100111100	164
11011100111101	220
11011100111110	99
11011100111111	202
11011101000000	98
11011101000001	207
11011101000010	65
11011101000011	159
11011101000100	87
11011101000101	187
11011101000110	86
11011101000111	152
11011101001000	79
11011101001001	176
11011101001010	75
11011101001011	122
11011101001100	90
11011101001101	156
11011101001110	79
11011101001111	134
11011101010000	30
11011101010001	150
11011101010010	39
11011101010011	148
11011101010100	48
11011101010101	166
11011101010110	53
11011101010111	147
11011101011000	74
11011101011001	150
11011101011010	68
11011101011011	132
11011101011100	125
11011101011101	216
11011101011110	74
11011101011111	134
11011101100000	106
11011101100001	185
11011101100010	86
11011101100011	163
11011101100100	118
11011101100101	191
11011101100110	52
11011101100111	151
11011101101000	106
11011101101001	175
11011101101010	95
11011101101011	158
11011101101100	110
11011101101101	137
11011101101110	59
11011101101111	116
11011101110000	52
11011101110001	172
11011101110010	28
11011101110011	88
11011101110100	71
11011101110101	163
11011101110110	49
11011101110111	113
11011101111000	115
11011101111001	186
11011101111010	76
11011101111011	158
11011101111100	85
11011101111101	162
11011101111110	89
11011101111111	157
11011110000000	216
11011110000001	311
11011110000010	86
11011110000011	169
11011110000100	182
11011110000101	223
11011110000110	154
11011110000111	199
11011110001000	194
11011110001001	330
11011110001010	157
11011110001011	168
11011110001100	199
11011110001101	283
11011110001110	125
11011110001111	177
11011110010000	59
11011110010001	241
11011110010010	88
11011110010011	167
11011110010100	98
11011110010101	144
11011110010110	88
11011110010111	196
11011110011000	167
11011110011001	278
11011110011010	94
11011110011011	192
11011110011100	140
11011110011101	203
11011110011110	80
11011110011111	167
11011110100000	211
11011110100001	304
11011110100010	135
11011110100011	169
11011110100100	202
11011110100101	354
11011110100110	105
11011110100111	209
11011110101000	236
11011110101001	313
11011110101010	122
11011110101011	153
11011110101100	281
11011110101101	333
11011110101110	137
11011110101111	205
11011110110000	96
11011110110001	220
11011110110010	79
11011110110011	131
11011110110100	98
11011110110101	314
11011110110110	82
11011110110111	181
11011110111000	189
11011110111001	225
11011110111010	129
11011110111011	146
11011110111100	184
11011110111101	250
11011110111110	81
11011110111111	163
11011111000000	79
11011111000001	148
11011111000010	74
11011111000011	171
11011111000100	101
11011111000101	147
11011111000110	92
11011111000111	169
11011111001000	81
11011111001001	126
11011111001010	110
11011111001011	186
11011111001100	76
11011111001101	134
11011111001110	60
11011111001111	138
11011111010000	51
11011111010001	69
11011111010010	62
11011111010011	120
11011111010100	64
11011111010101	106
11011111010110	66
11011111010111	156
11011111011000	60
11011111011001	157
11011111011010	70
11011111011011	123
11011111011100	53
11011111011101	159
11011111011110	88
11011111011111	140
11011111100000	102
11011111100001	180
11011111100010	89
11011111100011	194
11011111100100	99
11011111100101	158
11011111100110	69
11011111100111	172
11011111101000	124
11011111101001	217
11011111101010	113
11011111101011	185
11011111101100	116
11011111101101	157
11011111101110	83
11011111101111	108
11011111110000	64
11011111110001	131
11011111110010	26
11011111110011	122
11011111110100	60
11011111110101	188
11011111110110	50
11011111110111	128
11011111111000	102
11011111111001	147
11011111111010	78
11011111111011	158
11011111111100	109
11011111111101	153
11011111111110	65
11011111111111	115
11100000000000	129
11100000000001	190
11100000000010	125
11100000000011	128
11100000000100	137
11100000000101	209
11100000000110	87
11100000000111	159
11100000001000	233
11100000001001	161
11100000001010	116
11100000001011	122
11100000001100	157
11100000001101	188
11100000001110	109
11100000001111	108
11100000010000	55
11100000010001	176
11100000010010	39
11100000010011	107
11100000010100	59
11100000010101	190
11100000010110	77
11100000010111	107
11100000011000	128
11100000011001	154
11100000011010	87
11100000011011	174
11100000011100	82
11100000011101	126
11100000011110	82
11100000011111	92
11100000100000	173
11100000100001	218
11100000100010	80
11100000100011	152
11100000100100	178
11100000100101	215
11100000100110	106
11100000100111	154
11100000101000	257
11100000101001	252
11100000101010	89
11100000101011	161
11100000101100	183
11100000101101	234
11100000101110	89
11100000101111	176
11100000110000	72
11100000110001	137
11100000110010	33
11100000110011	91
11100000110100	119
11100000110101	149
11100000110110	75
11100000110111	117
11100000111000	154
11100000111001	229
11100000111010	77
11100000111011	164
11100000111100	159
11100000111101	154
11100000111110	96
11100000111111	139
11100001000000	81
11100001000001	117
11100001000010	50
11100001000011	115
11100001000100	59
11100001000101	157
11100001000110	37
11100001000111	92
11100001001000	79
11100001001001	121
11100001001010	68
11100001001011	84
11100001001100	65
11100001001101	120
11100001001110	60
11100001001111	52
11100001010000	28
11100001010001	109
11100001010010	30
11100001010011	95
11100001010100	30
11100001010101	106
11100001010110	32
11100001010111	73
11100001011000	35
11100001011001	127
11100001011010	42
11100001011011	142
11100001011100	53
11100001011101	115
11100001011110	52
11100001011111	89
11100001100000	95
11100001100001	193
11100001100010	68
11100001100011	115
11100001100100	97
11100001100101	126
11100001100110	56
11100001100111	73
11100001101000	110
11100001101001	193
11100001101010	78
11100001101011	130
11100001101100	116
11100001101101	127
11100001101110	67
11100001101111	127
11100001110000	71
11100001110001	145
11100001110010	46
11100001110011	93
11100001110100	49
11100001110101	142
11100001110110	39
11100001110111	87
11100001111000	107
11100001111001	133
11100001111010	68
11100001111011	123
11100001111100	64
11100001111101	154
11100001111110	47
11100001111111	135
11100010000000	96
11100010000001	153
11100010000010	53
11100010000011	68
11100010000100	67
11100010000101	191
11100010000110	49
11100010000111	95
11100010001000	105
11100010001001	139
11100010001010	60
11100010001011	71
11100010001100	78
11100010001101	137
11100010001110	63
11100010001111	73
11100010010000	66
11100010010001	125
11100010010010	38
11100010010011	153
11100010010100	27
11100010010101	98
11100010010110	20
11100010010111	71
11100010011000	62
11100010011001	116
11100010011010	55
11100010011011	89
11100010011100	57
11100010011101	144
11100010011110	50
11100010011111	112
11100010100000	90
11100010100001	157
11100010100010	68
11100010100011	104
11100010100100	125
11100010100101	175
11100010100110	69
11100010100111	135
11100010101000	142
11100010101001	195
11100010101010	103
11100010101011	134
11100010101100	111
11100010101101	142
11100010101110	89
11100010101111	96
11100010110000	47
11100010110001	139
11100010110010	19
11100010110011	118
11100010110100	83
11100010110101	140
11100010110110	54
11100010110111	115
11100010111000	120
11100010111001	162
11100010111010	57
11100010111011	108
11100010111100	87
11100010111101	117
11100010111110	54
11100010111111	76
11100011000000	46
11100011000001	70
11100011000010	27
11100011000011	100
11100011000100	57
11100011000101	101
11100011000110	41
11100011000111	50
11100011001000	82
11100011001001	93
11100011001010	56
11100011001011	93
11100011001100	57
11100011001101	54
11100011001110	56
11100011001111	113
11100011010000	19
11100011010001	46
11100011010010	33
11100011010011	65
11100011010100	27
11100011010101	75
11100011010110	35
11100011010111	88
11100011011000	59
11100011011001	71
11100011011010	36
11100011011011	100
11100011011100	33
11100011011101	58
11100011011110	34
11100011011111	64
11100011100000	57
11100011100001	78
11100011100010	78
11100011100011	85
11100011100100	70
11100011100101	101
11100011100110	46
11100011100111	84
11100011101000	70
11100011101001	55
11100011101010	53
11100011101011	77
11100011101100	78
11100011101101	75
11100011101110	42
11100011101111	82
11100011110000	44
11100011110001	49
11100011110010	37
11100011110011	54
11100011110100	39
11100011110101	77
11100011110110	25
11100011110111	78
11100011111000	32
11100011111001	74
11100011111010	49
11100011111011	71
11100011111100	40
11100011111101	66
11100011111110	41
11100011111111	67
11100100000000	96
11100100000001	236
11100100000010	77
11100100000011	132
11100100000100	117
11100100000101	197
11100100000110	95
11100100000111	74
11100100001000	127
11100100001001	169
11100100001010	92
11100100001011	75
11100100001100	143
11100100001101	163
11100100001110	83
11100100001111	88
11100100010000	55
11100100010001	150
11100100010010	41
11100100010011	108
11100100010100	58
11100100010101	114
11100100010110	36
11100100010111	89
11100100011000	82
11100100011001	122
11100100011010	64
11100100011011	76
11100100011100	106
11100100011101	94
11100100011110	75
11100100011111	87
11100100100000	166
11100100100001	187
11100100100010	100
11100100100011	126
11100100100100	159
11100100100101	152
11100100100110	97
11100100100111	107
11100100101000	149
11100100101001	186
11100100101010	138
11100100101011	109
11100100101100	151
11100100101101	137
11100100101110	102
11100100101111	81
11100100110000	97
11100100110001	149
11100100110010	61
11100100110011	108
11100100110100	85
11100100110101	124
11100100110110	52
11100100110111	147
11100100111000	102
11100100111001	200
11100100111010	117
11100100111011	101
11100100111100	108
11100100111101	187
11100100111110	94
11100100111111	111
11100101000000	73
11100101000001	129
11100101000010	50
11100101000011	138
11100101000100	49
11100101000101	166
11100101000110	35
11100101000111	54
11100101001000	44
11100101001001	115
11100101001010	39
11100101001011	79
11100101001100	50
11100101001101	120
11100101001110	25
11100101001111	62
11100101010000	16
11100101010001	85
11100101010010	23
11100101010011	95
11100101010100	42
11100101010101	101
11100101010110	27
11100101010111	109
11100101011000	35
11100101011001	86
11100101011010	53
11100101011011	90
11100101011100	49
11100101011101	99
11100101011110	30
11100101011111	74
11100101100000	38
11100101100001	92
11100101100010	39
11100101100011	143
11100101100100	60
11100101100101	136
11100101100110	52
11100101100111	104
11100101101000	67
11100101101001	116
11100101101010	50
11100101101011	76
11100101101100	65
11100101101101	102
11100101101110	60
11100101101111	79
11100101110000	32
11100101110001	92
11100101110010	15
11100101110011	84
11100101110100	45
11100101110101	118
11100101110110	44
11100101110111	83
11100101111000	64
11100101111001	139
11100101111010	25
11100101111011	99
11100101111100	48
11100101111101	107
11100101111110	43
11100101111111	94
11100110000000	83
11100110000001	186
11100110000010	75
11100110000011	147
11100110000100	99
11100110000101	149
11100110000110	86
11100110000111	118
11100110001000	143
11100110001001	166
11100110001010	92
11100110001011	133
11100110001100	121
11100110001101	134
11100110001110	70
11100110001111	101
11100110010000	55
11100110010001	185
11100110010010	34
11100110010011	111
11100110010100	62
11100110010101	141
11100110010110	48
11100110010111	98
11100110011000	104
11100110011001	135
11100110011010	54
11100110011011	159
11100110011100	84
11100110011101	143
11100110011110	73
11100110011111	150
11100110100000	109
11100110100001	237
11100110100010	84
11100110100011	142
11100110100100	141
11100110100101	169
11100110100110	79
11100110100111	115
11100110101000	167
11100110101001	191
11100110101010	108
11100110101011	102
11100110101100	156
11100110101101	213
11100110101110	114
11100110101111	117
11100110110000	76
11100110110001	166
11100110110010	56
11100110110011	127
11100110110100	77
11100110110101	129
11100110110110	47
11100110110111	83
11100110111000	119
11100110111001	197
11100110111010	80
11100110111011	120
11100110111100	94
11100110111101	198
11100110111110	74
11100110111111	104
11100111000000	48
11100111000001	92
11100111000010	61
11100111000011	121
11100111000100	73
11100111000101	106
11100111000110	60
11100111000111	58
11100111001000	84
11100111001001	82
11100111001010	66
11100111001011	99
11100111001100	59
11100111001101	72
11100111001110	54
11100111001111	73
11100111010000	25
11100111010001	81
11100111010010	45
11100111010011	73
11100111010100	27
11100111010101	73
11100111010110	40
11100111010111	90
11100111011000	43
11100111011001	56
11100111011010	57
11100111011011	75
11100111011100	51
11100111011101	92
11100111011110	42
11100111011111	95
11100111100000	69
11100111100001	89
11100111100010	71
11100111100011	108
11100111100100	54
11100111100101	120
11100111100110	70
11100111100111	95
11100111101000	109
11100111101001	133
11100111101010	73
11100111101011	139
11100111101100	59
11100111101101	128
11100111101110	53
11100111101111	92
11100111110000	42
11100111110001	74
11100111110010	48
11100111110011	105
11100111110100	41
11100111110101	113
11100111110110	49
11100111110111	113
11100111111000	57
11100111111001	120
11100111111010	74
11100111111011	79
11100111111100	98
11100111111101	92
11100111111110	59
11100111111111	120
11101000000000	218
11101000000001	241
11101000000010	123
11101000000011	190
11101000000100	165
11101000000101	304
11101000000110	113
11101000000111	229
11101000001000	239
11101000001001	272
11101000001010	147
11101000001011	180
11101000001100	164
11101000001101	282
11101000001110	191
11101000001111	155
11101000010000	125
11101000010001	216
11101000010010	81
11101000010011	210
11101000010100	98
11101000010101	203
11101000010110	84
11101000010111	124
11101000011000	124
11101000011001	245
11101000011010	105
11101000011011	208
11101000011100	103
11101000011101	209
11101000011110	81
11101000011111	218
11101000100000	215
11101000100001	265
11101000100010	141
11101000100011	207
11101000100100	258
11101000100101	266
11101000100110	152
11101000100111	178
11101000101000	325
11101000101001	389
11101000101010	163
11101000101011	257
11101000101100	262
11101000101101	275
11101000101110	173
11101000101111	135
11101000110000	110
11101000110001	290
11101000110010	103
11101000110011	137
11101000110100	153
11101000110101	255
11101000110110	84
11101000110111	197
11101000111000	178
11101000111001	332
11101000111010	128
11101000111011	207
11101000111100	181
11101000111101	236
11101000111110	150
11101000111111	174
11101001000000	137
11101001000001	196
11101001000010	65
11101001000011	198
11101001000100	103
11101001000101	190
11101001000110	81
11101001000111	132
11101001001000	98
11101001001001	245
11101001001010	73
11101001001011	122
11101001001100	111
11101001001101	163
11101001001110	64
11101001001111	123
11101001010000	55
11101001010001	124
11101001010010	51
11101001010011	146
11101001010100	69
11101001010101	132
11101001010110	41
11101001010111	168
11101001011000	86
11101001011001	240
11101001011010	84
11101001011011	137
11101001011100	91
11101001011101	151
11101001011110	91
11101001011111	186
11101001100000	96
11101001100001	243
11101001100010	91
11101001100011	202
11101001100100	133
11101001100101	275
11101001100110	82
11101001100111	194
11101001101000	154
11101001101001	183
11101001101010	123
11101001101011	191
11101001101100	151
11101001101101	218
11101001101110	107
11101001101111	187
11101001110000	70
11101001110001	167
11101001110010	44
11101001110011	192
11101001110100	74
11101001110101	234
11101001110110	49
11101001110111	209
11101001111000	93
11101001111001	158
11101001111010	87
11101001111011	188
11101001111100	100
11101001111101	135
11101001111110	74
11101001111111	142
11101010000000	158
11101010000001	255
11101010000010	115
11101010000011	154
11101010000100	158
11101010000101	201
11101010000110	138
11101010000111	182
11101010001000	180
11101010001001	252
11101010001010	149
11101010001011	201
11101010001100	166
11101010001101	204
11101010001110	137
11101010001111	117
11101010010000	119
11101010010001	202
11101010010010	53
11101010010011	120
11101010010100	120
11101010010101	184
11101010010110	55
11101010010111	145
11101010011000	126
11101010011001	253
11101010011010	107
11101010011011	119
11101010011100	126
11101010011101	212
11101010011110	97
11101010011111	174
11101010100000	184
11101010100001	323
11101010100010	107
11101010100011	200
11101010100100	161
11101010100101	362
11101010100110	98
11101010100111	231
11101010101000	260
11101010101001	341
11101010101010	110
11101010101011	188
11101010101100	210
11101010101101	361
11101010101110	143
11101010101111	165
11101010110000	65
11101010110001	184
11101010110010	47
11101010110011	172
11101010110100	90
11101010110101	226
11101010110110	76
11101010110111	151
11101010111000	132
11101010111001	280
11101010111010	93
11101010111011	216
11101010111100	181
11101010111101	237
11101010111110	92
11101010111111	126
11101011000000	104
11101011000001	136
11101011000010	52
11101011000011	123
11101011000100	86
11101011000101	165
11101011000110	59
11101011000111	132
11101011001000	80
11101011001001	154
11101011001010	113
11101011001011	128
11101011001100	65
11101011001101	148
11101011001110	68
11101011001111	109
11101011010000	44
11101011010001	75
11101011010010	55
11101011010011	106
11101011010100	34
11101011010101	116
11101011010110	48
11101011010111	143
11101011011000	64
11101011011001	92
11101011011010	69
11101011011011	141
11101011011100	65
11101011011101	131
11101011011110	82
11101011011111	94
11101011100000	71
11101011100001	152
11101011100010	83
11101011100011	151
11101011100100	112
11101011100101	152
11101011100110	108
11101011100111	162
11101011101000	114
11101011101001	142
11101011101010	102
11101011101011	186
11101011101100	133
11101011101101	183
11101011101110	91
11101011101111	101
11101011110000	57
11101011110001	137
11101011110010	51
11101011110011	111
11101011110100	101
11101011110101	178
11101011110110	30
11101011110111	120
11101011111000	89
11101011111001	130
11101011111010	98
11101011111011	132
11101011111100	63
11101011111101	93
11101011111110	53
11101011111111	147
11101100000000	149
11101100000001	330
11101100000010	131
11101100000011	141
11101100000100	152
11101100000101	219
11101100000110	133
11101100000111	204
11101100001000	193
11101100001001	235
11101100001010	142
11101100001011	157
11101100001100	180
11101100001101	174
11101100001110	96
11101100001111	137
11101100010000	85
11101100010001	182
11101100010010	56
11101100010011	153
11101100010100	96
11101100010101	138
11101100010110	78
11101100010111	178
11101100011000	120
11101100011001	234
11101100011010	114
11101100011011	160
11101100011100	138
11101100011101	171
11101100011110	79
11101100011111	147
11101100100000	179
11101100100001	375
11101100100010	126
11101100100011	181
11101100100100	229
11101100100101	320
11101100100110	122
11101100100111	218
11101100101000	300
11101100101001	232
11101100101010	143
11101100101011	187
11101100101100	225
11101100101101	329
11101100101110	151
11101100101111	171
11101100110000	88
11101100110001	175
11101100110010	80
11101100110011	145
11101100110100	94
11101100110101	239
11101100110110	89
11101100110111	107
11101100111000	194
11101100111001	299
11101100111010	145
11101100111011	147
11101100111100	165
11101100111101	204
11101100111110	95
11101100111111	157
11101101000000	46
11101101000001	174
11101101000010	70
11101101000011	179
11101101000100	87
11101101000101	147
11101101000110	88
11101101000111	127
11101101001000	146
11101101001001	162
11101101001010	64
11101101001011	177
11101101001100	103
11101101001101	132
11101101001110	70
11101101001111	108
11101101010000	40
11101101010001	153
11101101010010	35
11101101010011	114
11101101010100	74
11101101010101	175
11101101010110	65
11101101010111	143
11101101011000	69
11101101011001	168
11101101011010	97
11101101011011	138
11101101011100	93
11101101011101	152
11101101011110	53
11101101011111	126
11101101100000	116
11101101100001	217
11101101100010	90
11101101100011	185
11101101100100	104
11101101100101	234
11101101100110	92
11101101100111	182
11101101101000	182
11101101101001	284
11101101101010	110
11101101101011	173
11101101101100	209
11101101101101	229
11101101101110	135
11101101101111	123
11101101110000	68
11101101110001	213
11101101110010	62
11101101110011	130
11101101110100	74
11101101110101	188
11101101110110	62
11101101110111	152
11101101111000	46
11101101111001	205
11101101111010	67
11101101111011	146
11101101111100	96
11101101111101	190
11101101111110	76
11101101111111	151
11101110000000	237
11101110000001	292
11101110000010	153
11101110000011	222
11101110000100	228
11101110000101	346
11101110000110	161
11101110000111	243
11101110001000	200
11101110001001	257
11101110001010	159
11101110001011	190
11101110001100	186
11101110001101	227
11101110001110	126
11101110001111	189
11101110010000	81
11101110010001	241
11101110010010	66
11101110010011	160
11101110010100	111
11101110010101	229
11101110010110	77
11101110010111	164
11101110011000	172
11101110011001	226
11101110011010	146
11101110011011	180
11101110011100	122
11101110011101	186
11101110011110	113
11101110011111	205
11101110100000	236
11101110100001	342
11101110100010	123
11101110100011	218
11101110100100	301
11101110100101	379
11101110100110	126
11101110100111	236
11101110101000	226
11101110101001	304
11101110101010	173
11101110101011	179
11101110101100	240
11101110101101	370
11101110101110	116
11101110101111	195
11101110110000	120
11101110110001	231
11101110110010	83
11101110110011	163
11101110110100	137
11101110110101	367
11101110110110	82
11101110110111	148
11101110111000	210
11101110111001	280
11101110111010	112
11101110111011	198
11101110111100	210
11101110111101	325
11101110111110	96
11101110111111	256
11101111000000	72
11101111000001	175
11101111000010	90
11101111000011	153
11101111000100	84
11101111000101	216
11101111000110	110
11101111000111	143
11101111001000	123
11101111001001	156
11101111001010	139
11101111001011	204
11101111001100	108
11101111001101	120
11101111001110	138
11101111001111	131
11101111010000	37
11101111010001	93
11101111010010	38
11101111010011	101
11101111010100	50
11101111010101	120
11101111010110	76
11101111010111	165
11101111011000	47
11101111011001	140
11101111011010	80
11101111011011	177
11101111011100	83
11101111011101	130
11101111011110	62
11101111011111	125
11101111100000	100
11101111100001	160
11101111100010	129
11101111100011	168
11101111100100	116
11101111100101	178
11101111100110	116
11101111100111	160
11101111101000	136
11101111101001	240
11101111101010	117
11101111101011	207
11101111101100	134
11101111101101	200
11101111101110	137
11101111101111	145
11101111110000	63
11101111110001	122
11101111110010	45
11101111110011	144
11101111110100	41
11101111110101	149
11101111110110	61
11101111110111	144
11101111111000	87
11101111111001	216
11101111111010	102
11101111111011	152
11101111111100	117
11101111111101	177
11101111111110	85
11101111111111	177
11110000000000	232
11110000000001	334
11110000000010	179
11110000000011	228
11110000000100	222
11110000000101	350
11110000000110	144
11110000000111	187
11110000001000	284
11110000001001	351
11110000001010	161
11110000001011	184
11110000001100	188
11110000001101	297
11110000001110	148
11110000001111	149
11110000010000	133
11110000010001	187
11110000010010	78
11110000010011	150
11110000010100	141
11110000010101	261
11110000010110	78
11110000010111	168
11110000011000	169
11110000011001	308
11110000011010	130
11110000011011	185
11110000011100	179
11110000011101	264
11110000011110	95
11110000011111	191
11110000100000	319
11110000100001	342
11110000100010	122
11110000100011	217
11110000100100	271
11110000100101	405
11110000100110	179
11110000100111	186
11110000101000	349
11110000101001	364
11110000101010	184
11110000101011	231
11110000101100	303
11110000101101	365
11110000101110	147
11110000101111	171
11110000110000	130
11110000110001	350
11110000110010	106
11110000110011	196
11110000110100	115
11110000110101	305
11110000110110	80
11110000110111	178
11110000111000	257
11110000111001	335
11110000111010	171
11110000111011	192
11110000111100	220
11110000111101	307
11110000111110	150
11110000111111	267
11110001000000	86
11110001000001	227
11110001000010	81
11110001000011	192
11110001000100	72
11110001000101	187
11110001000110	64
11110001000111	159
11110001001000	131
11110001001001	263
11110001001010	93
11110001001011	135
11110001001100	79
11110001001101	149
11110001001110	42
11110001001111	103
11110001010000	66
11110001010001	221
11110001010010	49
11110001010011	134
11110001010100	57
11110001010101	133
11110001010110	59
11110001010111	121
11110001011000	101
11110001011001	262
11110001011010	71
11110001011011	177
11110001011100	105
11110001011101	162
11110001011110	61
11110001011111	107
11110001100000	125
11110001100001	180
11110001100010	104
11110001100011	240
11110001100100	169
11110001100101	206
11110001100110	74
11110001100111	143
11110001101000	154
11110001101001	231
11110001101010	104
11110001101011	168
11110001101100	129
11110001101101	221
11110001101110	73
11110001101111	183
11110001110000	80
11110001110001	237
11110001110010	76
11110001110011	162
11110001110100	93
11110001110101	239
11110001110110	101
11110001110111	148
11110001111000	96
11110001111001	295
11110001111010	71
11110001111011	197
11110001111100	130
11110001111101	281
11110001111110	87
11110001111111	184
11110010000000	156
11110010000001	206
11110010000010	110
11110010000011	179
11110010000100	192
11110010000101	297
11110010000110	92
11110010000111	225
11110010001000	157
11110010001001	202
11110010001010	99
11110010001011	210
11110010001100	162
11110010001101	197
11110010001110	85
11110010001111	187
11110010010000	90
11110010010001	246
11110010010010	58
11110010010011	119
11110010010100	96
11110010010101	188
11110010010110	42
11110010010111	211
11110010011000	121
11110010011001	233
11110010011010	105
11110010011011	268
11110010011100	138
11110010011101	197
11110010011110	90
11110010011111	185
11110010100000	199
11110010100001	356
11110010100010	115
11110010100011	130
11110010100100	165
11110010100101	344
11110010100110	102
11110010100111	163
11110010101000	256
11110010101001	343
11110010101010	198
11110010101011	196
11110010101100	199
11110010101101	342
11110010101110	146
11110010101111	128
11110010110000	122
11110010110001	171
11110010110010	63
11110010110011	170
11110010110100	131
11110010110101	299
11110010110110	66
11110010110111	173
11110010111000	133
11110010111001	320
11110010111010	117
11110010111011	171
11110010111100	120
11110010111101	295
11110010111110	102
11110010111111	156
11110011000000	78
11110011000001	91
11110011000010	84
11110011000011	126
11110011000100	84
11110011000101	146
11110011000110	46
11110011000111	110
11110011001000	122
11110011001001	126
11110011001010	71
11110011001011	102
11110011001100	78
11110011001101	91
11110011001110	69
11110011001111	114
11110011010000	46
11110011010001	131
11110011010010	46
11110011010011	121
11110011010100	45
11110011010101	105
11110011010110	47
11110011010111	137
11110011011000	93
11110011011001	164
11110011011010	63
11110011011011	144
11110011011100	59
11110011011101	165
11110011011110	96
11110011011111	129
11110011100000	82
11110011100001	165
11110011100010	88
11110011100011	165
11110011100100	84
11110011100101	177
11110011100110	99
11110011100111	143
11110011101000	104
11110011101001	151
11110011101010	103
11110011101011	188
11110011101100	129
11110011101101	168
11110011101110	111
11110011101111	138
11110011110000	49
11110011110001	120
11110011110010	70
11110011110011	146
11110011110100	53
11110011110101	137
11110011110110	68
11110011110111	79
11110011111000	76
11110011111001	157
11110011111010	87
11110011111011	154
11110011111100	91
11110011111101	176
11110011111110	83
11110011111111	149
11110100000000	200
11110100000001	309
11110100000010	96
11110100000011	207
11110100000100	182
11110100000101	351
11110100000110	131
11110100000111	127
11110100001000	214
11110100001001	270
11110100001010	161
11110100001011	175
11110100001100	231
11110100001101	259
11110100001110	120
11110100001111	206
11110100010000	131
11110100010001	225
11110100010010	114
11110100010011	186
11110100010100	118
11110100010101	293
11110100010110	79
11110100010111	197
11110100011000	186
11110100011001	261
11110100011010	164
11110100011011	240
11110100011100	208
11110100011101	254
11110100011110	147
11110100011111	230
11110100100000	251
11110100100001	352
11110100100010	147
11110100100011	276
11110100100100	301
11110100100101	416
11110100100110	146
11110100100111	193
11110100101000	317
11110100101001	423
11110100101010	171
11110100101011	258
11110100101100	285
11110100101101	323
11110100101110	181
11110100101111	172
11110100110000	164
11110100110001	273
11110100110010	97
11110100110011	176
11110100110100	130
11110100110101	323
11110100110110	69
11110100110111	199
11110100111000	212
11110100111001	356
11110100111010	117
11110100111011	177
11110100111100	157
11110100111101	293
11110100111110	132
11110100111111	194
11110101000000	106
11110101000001	190
11110101000010	64
11110101000011	159
11110101000100	71
11110101000101	210
11110101000110	74
11110101000111	94
11110101001000	114
11110101001001	207
11110101001010	96
11110101001011	113
11110101001100	96
11110101001101	133
11110101001110	61
11110101001111	138
11110101010000	73
11110101010001	165
11110101010010	46
11110101010011	114
11110101010100	61
11110101010101	160
11110101010110	45
11110101010111	158
11110101011000	64
11110101011001	208
11110101011010	58
11110101011011	196
11110101011100	67
11110101011101	152
11110101011110	46
11110101011111	142
11110101100000	114
11110101100001	214
11110101100010	108
11110101100011	208
11110101100100	171
11110101100101	256
11110101100110	92
11110101100111	96
11110101101000	135
11110101101001	205
11110101101010	80
11110101101011	167
11110101101100	120
11110101101101	166
11110101101110	81
11110101101111	127
11110101110000	81
11110101110001	217
11110101110010	57
11110101110011	166
11110101110100	76
11110101110101	197
11110101110110	45
11110101110111	207
11110101111000	82
11110101111001	259
11110101111010	84
11110101111011	194
11110101111100	92
11110101111101	328
11110101111110	82
11110101111111	226
11110110000000	214
11110110000001	366
11110110000010	139
11110110000011	257
11110110000100	241
11110110000101	272
11110110000110	132
11110110000111	151
11110110001000	246
11110110001001	359
11110110001010	167
11110110001011	199
11110110001100	164
11110110001101	312
11110110001110	139
11110110001111	164
11110110010000	121
11110110010001	248
11110110010010	84
11110110010011	198
11110110010100	169
11110110010101	306
11110110010110	109
11110110010111	157
11110110011000	149
11110110011001	305
11110110011010	116
11110110011011	191
11110110011100	161
11110110011101	241
11110110011110	106
11110110011111	237
11110110100000	259
11110110100001	352
11110110100010	144
11110110100011	267
11110110100100	251
11110110100101	365
11110110100110	117
11110110100111	294
11110110101000	283
11110110101001	463
11110110101010	149
11110110101011	290
11110110101100	350
11110110101101	362
11110110101110	179
11110110101111	177
11110110110000	133
11110110110001	372
11110110110010	114
11110110110011	223
11110110110100	143
11110110110101	332
11110110110110	98
11110110110111	177
11110110111000	238
11110110111001	354
11110110111010	110
11110110111011	280
11110110111100	208
11110110111101	427
11110110111110	173
11110110111111	256
11110111000000	125
11110111000001	155
11110111000010	106
11110111000011	147
11110111000100	105
11110111000101	234
11110111000110	68
11110111000111	172
11110111001000	85
11110111001001	177
11110111001010	113
11110111001011	159
11110111001100	117
11110111001101	177
11110111001110	116
11110111001111	128
11110111010000	61
11110111010001	123
11110111010010	56
11110111010011	154
11110111010100	41
11110111010101	177
11110111010110	70
11110111010111	175
11110111011000	88
11110111011001	162
11110111011010	103
11110111011011	160
11110111011100	75
11110111011101	139
11110111011110	79
11110111011111	178
11110111100000	100
11110111100001	213
11110111100010	95
11110111100011	207
11110111100100	108
11110111100101	196
11110111100110	85
11110111100111	250
11110111101000	151
11110111101001	198
11110111101010	132
11110111101011	206
11110111101100	175
11110111101101	193
11110111101110	94
11110111101111	166
11110111110000	65
11110111110001	174
11110111110010	73
11110111110011	174
11110111110100	83
11110111110101	233
11110111110110	80
11110111110111	195
11110111111000	98
11110111111001	185
11110111111010	115
11110111111011	175
11110111111100	110
11110111111101	190
11110111111110	84
11110111111111	190
11111000000000	150
11111000000001	223
11111000000010	102
11111000000011	137
11111000000100	168
11111000000101	260
11111000000110	96
11111000000111	150
11111000001000	200
11111000001001	199
11111000001010	124
11111000001011	218
11111000001100	165
11111000001101	239
11111000001110	97
11111000001111	111
11111000010000	94
11111000010001	156
11111000010010	97
11111000010011	110
11111000010100	112
11111000010101	205
11111000010110	56
11111000010111	110
11111000011000	138
11111000011001	226
11111000011010	105
11111000011011	132
11111000011100	126
11111000011101	201
11111000011110	113
11111000011111	131
11111000100000	181
11111000100001	291
11111000100010	107
11111000100011	191
11111000100100	167
11111000100101	349
11111000100110	87
11111000100111	151
11111000101000	183
11111000101001	290
11111000101010	158
11111000101011	214
11111000101100	230
11111000101101	244
11111000101110	129
11111000101111	135
11111000110000	123
11111000110001	234
11111000110010	62
11111000110011	130
11111000110100	113
11111000110101	289
11111000110110	72
11111000110111	175
11111000111000	208
11111000111001	252
11111000111010	134
11111000111011	150
11111000111100	177
11111000111101	254
11111000111110	95
11111000111111	143
11111001000000	104
11111001000001	197
11111001000010	59
11111001000011	135
11111001000100	91
11111001000101	167
11111001000110	34
11111001000111	140
11111001001000	130
11111001001001	199
11111001001010	68
11111001001011	101
11111001001100	80
11111001001101	119
11111001001110	81
11111001001111	92
11111001010000	43
11111001010001	112
11111001010010	40
11111001010011	103
11111001010100	74
11111001010101	190
11111001010110	49
11111001010111	131
11111001011000	54
11111001011001	173
11111001011010	69
11111001011011	180
11111001011100	82
11111001011101	107
11111001011110	50
11111001011111	151
11111001100000	99
11111001100001	226
11111001100010	85
11111001100011	168
11111001100100	125
11111001100101	219
11111001100110	86
11111001100111	132
11111001101000	141
11111001101001	254
11111001101010	127
11111001101011	174
11111001101100	104
11111001101101	194
11111001101110	61
11111001101111	118
11111001110000	47
11111001110001	136
11111001110010	71
11111001110011	160
11111001110100	56
11111001110101	215
11111001110110	56
11111001110111	140
11111001111000	105
11111001111001	227
11111001111010	107
11111001111011	188
11111001111100	76
11111001111101	214
11111001111110	62
11111001111111	94
11111010000000	138
11111010000001	241
11111010000010	103
11111010000011	159
11111010000100	144
11111010000101	222
11111010000110	86
11111010000111	131
11111010001000	165
11111010001001	250
11111010001010	93
11111010001011	102
11111010001100	125
11111010001101	216
11111010001110	88
11111010001111	111
11111010010000	84
11111010010001	196
11111010010010	63
11111010010011	103
11111010010100	75
11111010010101	186
11111010010110	62
11111010010111	99
11111010011000	116
11111010011001	230
11111010011010	63
11111010011011	139
11111010011100	93
11111010011101	143
11111010011110	72
11111010011111	130
11111010100000	116
11111010100001	289
11111010100010	91
11111010100011	148
11111010100100	152
11111010100101	225
11111010100110	81
11111010100111	172
11111010101000	189
11111010101001	205
11111010101010	123
11111010101011	209
11111010101100	170
11111010101101	260
11111010101110	114
11111010101111	125
11111010110000	72
11111010110001	198
11111010110010	67
11111010110011	78
11111010110100	96
11111010110101	187
11111010110110	60
11111010110111	121
11111010111000	138
11111010111001	197
11111010111010	66
11111010111011	159
11111010111100	137
11111010111101	231
11111010111110	105
11111010111111	111
11111011000000	70
11111011000001	139
11111011000010	70
11111011000011	52
11111011000100	78
11111011000101	121
11111011000110	71
11111011000111	116
11111011001000	75
11111011001001	99
11111011001010	66
11111011001011	77
11111011001100	33
11111011001101	110
11111011001110	53
11111011001111	88
11111011010000	28
11111011010001	109
11111011010010	53
11111011010011	93
11111011010100	40
11111011010101	104
11111011010110	45
11111011010111	117
11111011011000	35
11111011011001	113
11111011011010	39
11111011011011	160
11111011011100	60
11111011011101	130
11111011011110	74
11111011011111	153
11111011100000	81
11111011100001	127
11111011100010	81
11111011100011	158
11111011100100	83
11111011100101	153
11111011100110	91
11111011100111	113
11111011101000	75
11111011101001	187
11111011101010	80
11111011101011	124
11111011101100	111
11111011101101	140
11111011101110	69
11111011101111	123
11111011110000	48
11111011110001	123
11111011110010	58
11111011110011	131
11111011110100	46
11111011110101	132
11111011110110	51
11111011110111	102
11111011111000	84
11111011111001	137
11111011111010	60
11111011111011	154
11111011111100	61
11111011111101	165
11111011111110	46
11111011111111	119
11111100000000	149
11111100000001	232
11111100000010	123
11111100000011	175
11111100000100	156
11111100000101	210
11111100000110	88
11111100000111	180
11111100001000	195
11111100001001	261
11111100001010	121
11111100001011	217
11111100001100	134
11111100001101	197
11111100001110	127
11111100001111	107
11111100010000	91
11111100010001	222
11111100010010	52
11111100010011	158
11111100010100	84
11111100010101	204
11111100010110	62
11111100010111	126
11111100011000	212
11111100011001	248
11111100011010	128
11111100011011	163
11111100011100	162
11111100011101	173
11111100011110	88
11111100011111	154
11111100100000	193
11111100100001	275
11111100100010	105
11111100100011	155
11111100100100	215
11111100100101	305
11111100100110	99
11111100100111	169
11111100101000	266
11111100101001	283
11111100101010	141
11111100101011	211
11111100101100	177
11111100101101	285
11111100101110	134
11111100101111	149
11111100110000	98
11111100110001	256
11111100110010	80
11111100110011	92
11111100110100	122
11111100110101	204
11111100110110	73
11111100110111	168
11111100111000	147
11111100111001	258
11111100111010	105
11111100111011	204
11111100111100	138
11111100111101	320
11111100111110	123
11111100111111	201
11111101000000	98
11111101000001	155
11111101000010	50
11111101000011	137
11111101000100	73
11111101000101	121
11111101000110	52
11111101000111	117
11111101001000	100
11111101001001	152
11111101001010	102
11111101001011	139
11111101001100	75
11111101001101	144
11111101001110	70
11111101001111	91
11111101010000	44
11111101010001	177
11111101010010	30
11111101010011	112
11111101010100	56
11111101010101	160
11111101010110	30
11111101010111	114
11111101011000	69
11111101011001	136
11111101011010	58
11111101011011	187
11111101011100	90
11111101011101	143
11111101011110	78
11111101011111	56
11111101100000	97
11111101100001	219
11111101100010	78
11111101100011	161
11111101100100	136
11111101100101	190
11111101100110	60
11111101100111	134
11111101101000	117
11111101101001	188
11111101101010	89
11111101101011	159
11111101101100	108
11111101101101	138
11111101101110	66
11111101101111	100
11111101110000	49
11111101110001	138
11111101110010	52
11111101110011	108
11111101110100	49
11111101110101	192
11111101110110	51
11111101110111	148
11111101111000	81
11111101111001	198
11111101111010	81
11111101111011	151
11111101111100	96
11111101111101	133
11111101111110	75
11111101111111	177
11111110000000	179
11111110000001	169
11111110000010	111
11111110000011	242
11111110000100	144
11111110000101	204
11111110000110	108
11111110000111	141
11111110001000	145
11111110001001	232
11111110001010	157
11111110001011	205
11111110001100	187
11111110001101	256
11111110001110	121
11111110001111	127
11111110010000	97
11111110010001	212
11111110010010	86
11111110010011	197
11111110010100	89
11111110010101	248
11111110010110	62
11111110010111	120
11111110011000	147
11111110011001	299
11111110011010	136
11111110011011	170
11111110011100	136
11111110011101	223
11111110011110	87
11111110011111	161
11111110100000	198
11111110100001	413
11111110100010	105
11111110100011	209
11111110100100	199
11111110100101	346
11111110100110	130
11111110100111	182
11111110101000	221
11111110101001	278
11111110101010	128
11111110101011	213
11111110101100	213
11111110101101	257
11111110101110	117
11111110101111	169
11111110110000	117
11111110110001	233
11111110110010	90
11111110110011	167
11111110110100	145
11111110110101	220
11111110110110	64
11111110110111	161
11111110111000	174
11111110111001	290
11111110111010	122
11111110111011	227
11111110111100	153
11111110111101	302
11111110111110	80
11111110111111	179
11111111000000	49
11111111000001	168
11111111000010	70
11111111000011	149
11111111000100	74
11111111000101	125
11111111000110	107
11111111000111	182
11111111001000	84
11111111001001	124
11111111001010	83
11111111001011	153
11111111001100	63
11111111001101	143
11111111001110	96
11111111001111	143
11111111010000	32
11111111010001	95
11111111010010	41
11111111010011	133
11111111010100	57
11111111010101	115
11111111010110	44
11111111010111	114
11111111011000	61
11111111011001	115
11111111011010	60
11111111011011	144
11111111011100	52
11111111011101	111
11111111011110	59
11111111011111	126
11111111100000	90
11111111100001	177
11111111100010	99
11111111100011	166
11111111100100	100
11111111100101	174
11111111100110	96
11111111100111	116
11111111101000	106
11111111101001	186
11111111101010	128
11111111101011	196
11111111101100	116
11111111101101	159
11111111101110	105
11111111101111	167
11111111110000	50
11111111110001	132
11111111110010	53
11111111110011	103
11111111110100	65
11111111110101	110
11111111110110	57
11111111110111	165
11111111111000	106
11111111111001	172
11111111111010	71
11111111111011	174
11111111111100	59
11111111111101	146
11111111111110	72
11111111111111	131
5	64
