 	count
00000000000000	383
00000000000001	464
00000000000010	519
00000000000011	610
00000000000100	416
00000000000101	697
00000000000110	371
00000000000111	721
00000000001000	452
00000000001001	793
00000000001010	392
00000000001011	789
00000000001100	461
00000000001101	601
00000000001110	458
00000000001111	722
00000000010000	123
00000000010001	341
00000000010010	117
00000000010011	418
00000000010100	130
00000000010101	417
00000000010110	127
00000000010111	444
00000000011000	162
00000000011001	446
00000000011010	216
00000000011011	455
00000000011100	178
00000000011101	393
00000000011110	187
00000000011111	439
00000000100000	466
00000000100001	801
00000000100010	530
00000000100011	859
00000000100100	552
00000000100101	743
00000000100110	403
00000000100111	779
00000000101000	618
00000000101001	848
00000000101010	581
00000000101011	892
00000000101100	587
00000000101101	627
00000000101110	611
00000000101111	649
00000000110000	195
00000000110001	370
00000000110010	175
00000000110011	413
00000000110100	229
00000000110101	437
00000000110110	150
00000000110111	467
00000000111000	340
00000000111001	568
00000000111010	270
00000000111011	512
00000000111100	238
00000000111101	551
00000000111110	293
00000000111111	433
00000001000000	310
00000001000001	465
00000001000010	316
00000001000011	828
00000001000100	241
00000001000101	555
00000001000110	271
00000001000111	515
00000001001000	382
00000001001001	577
00000001001010	349
00000001001011	688
00000001001100	319
00000001001101	639
00000001001110	357
00000001001111	550
00000001010000	106
00000001010001	346
00000001010010	94
00000001010011	259
00000001010100	57
00000001010101	255
00000001010110	122
00000001010111	291
00000001011000	143
00000001011001	479
00000001011010	166
00000001011011	366
00000001011100	122
00000001011101	404
00000001011110	125
00000001011111	335
00000001100000	304
00000001100001	686
00000001100010	465
00000001100011	719
00000001100100	405
00000001100101	797
00000001100110	332
00000001100111	733
00000001101000	515
00000001101001	861
00000001101010	513
00000001101011	683
00000001101100	332
00000001101101	689
00000001101110	428
00000001101111	678
00000001110000	112
00000001110001	525
00000001110010	104
00000001110011	369
00000001110100	113
00000001110101	434
00000001110110	133
00000001110111	448
00000001111000	211
00000001111001	477
00000001111010	183
00000001111011	586
00000001111100	199
00000001111101	516
00000001111110	186
00000001111111	432
00000010000000	345
00000010000001	586
00000010000010	234
00000010000011	677
00000010000100	391
00000010000101	577
00000010000110	428
00000010000111	620
00000010001000	454
00000010001001	637
00000010001010	480
00000010001011	664
00000010001100	341
00000010001101	527
00000010001110	591
00000010001111	613
00000010010000	95
00000010010001	326
00000010010010	114
00000010010011	406
00000010010100	136
00000010010101	411
00000010010110	146
00000010010111	513
00000010011000	145
00000010011001	555
00000010011010	198
00000010011011	331
00000010011100	175
00000010011101	344
00000010011110	166
00000010011111	602
00000010100000	561
00000010100001	993
00000010100010	461
00000010100011	686
00000010100100	532
00000010100101	952
00000010100110	459
00000010100111	698
00000010101000	513
00000010101001	810
00000010101010	458
00000010101011	850
00000010101100	447
00000010101101	876
00000010101110	434
00000010101111	721
00000010110000	216
00000010110001	327
00000010110010	126
00000010110011	466
00000010110100	143
00000010110101	389
00000010110110	195
00000010110111	339
00000010111000	270
00000010111001	606
00000010111010	198
00000010111011	567
00000010111100	249
00000010111101	666
00000010111110	232
00000010111111	553
00000011000000	308
00000011000001	758
00000011000010	312
00000011000011	722
00000011000100	377
00000011000101	735
00000011000110	425
00000011000111	644
00000011001000	382
00000011001001	701
00000011001010	407
00000011001011	595
00000011001100	495
00000011001101	716
00000011001110	418
00000011001111	583
00000011010000	99
00000011010001	316
00000011010010	106
00000011010011	329
00000011010100	91
00000011010101	466
00000011010110	120
00000011010111	404
00000011011000	169
00000011011001	278
00000011011010	144
00000011011011	395
00000011011100	160
00000011011101	539
00000011011110	141
00000011011111	362
00000011100000	406
00000011100001	578
00000011100010	344
00000011100011	707
00000011100100	326
00000011100101	781
00000011100110	353
00000011100111	688
00000011101000	544
00000011101001	876
00000011101010	457
00000011101011	834
00000011101100	351
00000011101101	767
00000011101110	376
00000011101111	884
00000011110000	134
00000011110001	417
00000011110010	154
00000011110011	308
00000011110100	112
00000011110101	469
00000011110110	132
00000011110111	481
00000011111000	220
00000011111001	470
00000011111010	160
00000011111011	612
00000011111100	211
00000011111101	620
00000011111110	215
00000011111111	484
00000100000000	359
00000100000001	563
00000100000010	321
00000100000011	348
00000100000100	340
00000100000101	595
00000100000110	346
00000100000111	617
00000100001000	389
00000100001001	371
00000100001010	404
00000100001011	414
00000100001100	389
00000100001101	330
00000100001110	326
00000100001111	505
00000100010000	105
00000100010001	221
00000100010010	91
00000100010011	202
00000100010100	121
00000100010101	232
00000100010110	125
00000100010111	245
00000100011000	141
00000100011001	403
00000100011010	146
00000100011011	336
00000100011100	142
00000100011101	254
00000100011110	157
00000100011111	293
00000100100000	468
00000100100001	833
00000100100010	363
00000100100011	706
00000100100100	310
00000100100101	600
00000100100110	333
00000100100111	649
00000100101000	504
00000100101001	637
00000100101010	470
00000100101011	581
00000100101100	441
00000100101101	552
00000100101110	467
00000100101111	684
00000100110000	152
00000100110001	373
00000100110010	150
00000100110011	350
00000100110100	126
00000100110101	371
00000100110110	140
00000100110111	310
00000100111000	226
00000100111001	570
00000100111010	161
00000100111011	388
00000100111100	175
00000100111101	537
00000100111110	185
00000100111111	544
00000101000000	191
00000101000001	462
00000101000010	211
00000101000011	494
00000101000100	213
00000101000101	535
00000101000110	162
00000101000111	440
00000101001000	257
00000101001001	391
00000101001010	266
00000101001011	519
00000101001100	218
00000101001101	391
00000101001110	217
00000101001111	472
00000101010000	59
00000101010001	209
00000101010010	73
00000101010011	273
00000101010100	109
00000101010101	322
00000101010110	76
00000101010111	283
00000101011000	131
00000101011001	411
00000101011010	107
00000101011011	385
00000101011100	121
00000101011101	271
00000101011110	125
00000101011111	384
00000101100000	244
00000101100001	626
00000101100010	210
00000101100011	518
00000101100100	344
00000101100101	700
00000101100110	282
00000101100111	512
00000101101000	287
00000101101001	590
00000101101010	348
00000101101011	557
00000101101100	448
00000101101101	726
00000101101110	377
00000101101111	684
00000101110000	76
00000101110001	351
00000101110010	90
00000101110011	379
00000101110100	107
00000101110101	326
00000101110110	70
00000101110111	347
00000101111000	151
00000101111001	445
00000101111010	132
00000101111011	443
00000101111100	101
00000101111101	299
00000101111110	148
00000101111111	380
00000110000000	424
00000110000001	545
00000110000010	377
00000110000011	688
00000110000100	334
00000110000101	651
00000110000110	381
00000110000111	566
00000110001000	504
00000110001001	546
00000110001010	444
00000110001011	499
00000110001100	409
00000110001101	637
00000110001110	466
00000110001111	853
00000110010000	136
00000110010001	268
00000110010010	109
00000110010011	394
00000110010100	148
00000110010101	330
00000110010110	128
00000110010111	382
00000110011000	187
00000110011001	414
00000110011010	172
00000110011011	357
00000110011100	195
00000110011101	459
00000110011110	185
00000110011111	407
00000110100000	398
00000110100001	726
00000110100010	418
00000110100011	657
00000110100100	457
00000110100101	705
00000110100110	417
00000110100111	706
00000110101000	527
00000110101001	692
00000110101010	544
00000110101011	765
00000110101100	542
00000110101101	619
00000110101110	569
00000110101111	665
00000110110000	151
00000110110001	454
00000110110010	142
00000110110011	530
00000110110100	183
00000110110101	622
00000110110110	148
00000110110111	498
00000110111000	248
00000110111001	625
00000110111010	178
00000110111011	504
00000110111100	273
00000110111101	410
00000110111110	244
00000110111111	450
00000111000000	365
00000111000001	560
00000111000010	327
00000111000011	634
00000111000100	402
00000111000101	629
00000111000110	271
00000111000111	891
00000111001000	376
00000111001001	678
00000111001010	448
00000111001011	727
00000111001100	444
00000111001101	631
00000111001110	443
00000111001111	799
00000111010000	102
00000111010001	419
00000111010010	146
00000111010011	306
00000111010100	99
00000111010101	462
00000111010110	169
00000111010111	400
00000111011000	185
00000111011001	371
00000111011010	168
00000111011011	453
00000111011100	192
00000111011101	437
00000111011110	185
00000111011111	553
00000111100000	462
00000111100001	731
00000111100010	393
00000111100011	632
00000111100100	410
00000111100101	847
00000111100110	432
00000111100111	686
00000111101000	524
00000111101001	764
00000111101010	574
00000111101011	749
00000111101100	397
00000111101101	881
00000111101110	390
00000111101111	637
00000111110000	135
00000111110001	460
00000111110010	119
00000111110011	383
00000111110100	187
00000111110101	442
00000111110110	144
00000111110111	388
00000111111000	251
00000111111001	455
00000111111010	212
00000111111011	455
00000111111100	195
00000111111101	635
00000111111110	222
00000111111111	431
00001000000000	493
00001000000001	1006
00001000000010	534
00001000000011	1002
00001000000100	503
00001000000101	783
00001000000110	445
00001000000111	911
00001000001000	645
00001000001001	1081
00001000001010	638
00001000001011	866
00001000001100	677
00001000001101	815
00001000001110	585
00001000001111	861
00001000010000	160
00001000010001	532
00001000010010	201
00001000010011	562
00001000010100	182
00001000010101	425
00001000010110	187
00001000010111	510
00001000011000	308
00001000011001	672
00001000011010	290
00001000011011	619
00001000011100	206
00001000011101	607
00001000011110	191
00001000011111	464
00001000100000	631
00001000100001	1131
00001000100010	665
00001000100011	1074
00001000100100	699
00001000100101	905
00001000100110	534
00001000100111	1151
00001000101000	689
00001000101001	1099
00001000101010	788
00001000101011	1268
00001000101100	720
00001000101101	976
00001000101110	672
00001000101111	965
00001000110000	206
00001000110001	691
00001000110010	228
00001000110011	613
00001000110100	260
00001000110101	617
00001000110110	168
00001000110111	567
00001000111000	341
00001000111001	733
00001000111010	293
00001000111011	771
00001000111100	242
00001000111101	617
00001000111110	318
00001000111111	745
00001001000000	349
00001001000001	779
00001001000010	354
00001001000011	830
00001001000100	330
00001001000101	693
00001001000110	296
00001001000111	753
00001001001000	469
00001001001001	919
00001001001010	520
00001001001011	759
00001001001100	439
00001001001101	867
00001001001110	413
00001001001111	786
00001001010000	103
00001001010001	368
00001001010010	116
00001001010011	413
00001001010100	158
00001001010101	596
00001001010110	145
00001001010111	351
00001001011000	135
00001001011001	489
00001001011010	149
00001001011011	466
00001001011100	178
00001001011101	541
00001001011110	217
00001001011111	411
00001001100000	524
00001001100001	977
00001001100010	465
00001001100011	992
00001001100100	416
00001001100101	1004
00001001100110	362
00001001100111	1001
00001001101000	672
00001001101001	1039
00001001101010	543
00001001101011	808
00001001101100	566
00001001101101	964
00001001101110	372
00001001101111	850
00001001110000	149
00001001110001	512
00001001110010	160
00001001110011	541
00001001110100	167
00001001110101	499
00001001110110	202
00001001110111	483
00001001111000	237
00001001111001	711
00001001111010	228
00001001111011	510
00001001111100	242
00001001111101	736
00001001111110	228
00001001111111	478
00001010000000	555
00001010000001	727
00001010000010	470
00001010000011	850
00001010000100	537
00001010000101	789
00001010000110	639
00001010000111	1068
00001010001000	593
00001010001001	872
00001010001010	726
00001010001011	929
00001010001100	589
00001010001101	1027
00001010001110	633
00001010001111	862
00001010010000	219
00001010010001	442
00001010010010	199
00001010010011	512
00001010010100	159
00001010010101	495
00001010010110	137
00001010010111	588
00001010011000	212
00001010011001	523
00001010011010	288
00001010011011	715
00001010011100	247
00001010011101	605
00001010011110	316
00001010011111	647
00001010100000	670
00001010100001	1161
00001010100010	619
00001010100011	1094
00001010100100	708
00001010100101	998
00001010100110	611
00001010100111	1037
00001010101000	657
00001010101001	995
00001010101010	750
00001010101011	1009
00001010101100	834
00001010101101	1165
00001010101110	685
00001010101111	1307
00001010110000	254
00001010110001	613
00001010110010	186
00001010110011	605
00001010110100	212
00001010110101	637
00001010110110	200
00001010110111	524
00001010111000	349
00001010111001	759
00001010111010	306
00001010111011	815
00001010111100	326
00001010111101	594
00001010111110	293
00001010111111	775
00001011000000	373
00001011000001	766
00001011000010	504
00001011000011	787
00001011000100	386
00001011000101	732
00001011000110	478
00001011000111	951
00001011001000	454
00001011001001	874
00001011001010	646
00001011001011	902
00001011001100	508
00001011001101	842
00001011001110	583
00001011001111	804
00001011010000	127
00001011010001	451
00001011010010	131
00001011010011	574
00001011010100	171
00001011010101	458
00001011010110	188
00001011010111	554
00001011011000	242
00001011011001	592
00001011011010	208
00001011011011	593
00001011011100	236
00001011011101	610
00001011011110	264
00001011011111	654
00001011100000	534
00001011100001	1162
00001011100010	459
00001011100011	858
00001011100100	531
00001011100101	982
00001011100110	481
00001011100111	1045
00001011101000	848
00001011101001	1153
00001011101010	703
00001011101011	958
00001011101100	662
00001011101101	982
00001011101110	698
00001011101111	985
00001011110000	164
00001011110001	587
00001011110010	203
00001011110011	520
00001011110100	169
00001011110101	430
00001011110110	176
00001011110111	529
00001011111000	307
00001011111001	587
00001011111010	265
00001011111011	722
00001011111100	262
00001011111101	602
00001011111110	276
00001011111111	544
00001100000000	521
00001100000001	750
00001100000010	366
00001100000011	692
00001100000100	419
00001100000101	619
00001100000110	386
00001100000111	672
00001100001000	520
00001100001001	731
00001100001010	466
00001100001011	751
00001100001100	429
00001100001101	686
00001100001110	466
00001100001111	545
00001100010000	125
00001100010001	433
00001100010010	141
00001100010011	335
00001100010100	137
00001100010101	340
00001100010110	144
00001100010111	449
00001100011000	224
00001100011001	521
00001100011010	174
00001100011011	488
00001100011100	247
00001100011101	456
00001100011110	198
00001100011111	444
00001100100000	453
00001100100001	852
00001100100010	433
00001100100011	839
00001100100100	508
00001100100101	885
00001100100110	514
00001100100111	770
00001100101000	657
00001100101001	819
00001100101010	539
00001100101011	940
00001100101100	605
00001100101101	721
00001100101110	547
00001100101111	568
00001100110000	169
00001100110001	407
00001100110010	194
00001100110011	460
00001100110100	150
00001100110101	491
00001100110110	160
00001100110111	593
00001100111000	254
00001100111001	585
00001100111010	271
00001100111011	506
00001100111100	259
00001100111101	874
00001100111110	194
00001100111111	570
00001101000000	224
00001101000001	479
00001101000010	276
00001101000011	537
00001101000100	287
00001101000101	587
00001101000110	273
00001101000111	598
00001101001000	379
00001101001001	620
00001101001010	321
00001101001011	667
00001101001100	287
00001101001101	512
00001101001110	371
00001101001111	564
00001101010000	112
00001101010001	268
00001101010010	82
00001101010011	375
00001101010100	96
00001101010101	375
00001101010110	100
00001101010111	380
00001101011000	99
00001101011001	400
00001101011010	163
00001101011011	397
00001101011100	135
00001101011101	341
00001101011110	131
00001101011111	289
00001101100000	307
00001101100001	688
00001101100010	270
00001101100011	649
00001101100100	383
00001101100101	988
00001101100110	327
00001101100111	965
00001101101000	500
00001101101001	836
00001101101010	413
00001101101011	701
00001101101100	438
00001101101101	546
00001101101110	381
00001101101111	879
00001101110000	154
00001101110001	366
00001101110010	128
00001101110011	432
00001101110100	96
00001101110101	405
00001101110110	124
00001101110111	619
00001101111000	182
00001101111001	499
00001101111010	181
00001101111011	425
00001101111100	134
00001101111101	480
00001101111110	122
00001101111111	416
00001110000000	446
00001110000001	761
00001110000010	475
00001110000011	981
00001110000100	459
00001110000101	1014
00001110000110	600
00001110000111	967
00001110001000	618
00001110001001	836
00001110001010	677
00001110001011	801
00001110001100	576
00001110001101	915
00001110001110	734
00001110001111	1180
00001110010000	151
00001110010001	635
00001110010010	187
00001110010011	494
00001110010100	174
00001110010101	565
00001110010110	131
00001110010111	550
00001110011000	233
00001110011001	629
00001110011010	296
00001110011011	623
00001110011100	238
00001110011101	534
00001110011110	255
00001110011111	572
00001110100000	582
00001110100001	1180
00001110100010	517
00001110100011	1113
00001110100100	609
00001110100101	1021
00001110100110	671
00001110100111	1024
00001110101000	737
00001110101001	1307
00001110101010	784
00001110101011	1158
00001110101100	794
00001110101101	1280
00001110101110	705
00001110101111	1055
00001110110000	178
00001110110001	646
00001110110010	253
00001110110011	540
00001110110100	217
00001110110101	661
00001110110110	232
00001110110111	607
00001110111000	362
00001110111001	831
00001110111010	355
00001110111011	928
00001110111100	342
00001110111101	751
00001110111110	376
00001110111111	829
00001111000000	391
00001111000001	784
00001111000010	447
00001111000011	1053
00001111000100	419
00001111000101	919
00001111000110	411
00001111000111	989
00001111001000	536
00001111001001	878
00001111001010	622
00001111001011	1148
00001111001100	451
00001111001101	1088
00001111001110	526
00001111001111	872
00001111010000	161
00001111010001	484
00001111010010	151
00001111010011	522
00001111010100	154
00001111010101	632
00001111010110	165
00001111010111	560
00001111011000	202
00001111011001	509
00001111011010	220
00001111011011	617
00001111011100	210
00001111011101	680
00001111011110	273
00001111011111	715
00001111100000	545
00001111100001	1096
00001111100010	619
00001111100011	1025
00001111100100	531
00001111100101	1087
00001111100110	490
00001111100111	939
00001111101000	660
00001111101001	1012
00001111101010	608
00001111101011	938
00001111101100	730
00001111101101	1285
00001111101110	725
00001111101111	978
00001111110000	135
00001111110001	605
00001111110010	196
00001111110011	579
00001111110100	213
00001111110101	711
00001111110110	229
00001111110111	613
00001111111000	243
00001111111001	818
00001111111010	247
00001111111011	764
00001111111100	210
00001111111101	715
00001111111110	259
00001111111111	637
00010000000000	584
00010000000001	1017
00010000000010	726
00010000000011	1232
00010000000100	702
00010000000101	1039
00010000000110	530
00010000000111	988
00010000001000	876
00010000001001	997
00010000001010	738
00010000001011	1505
00010000001100	705
00010000001101	971
00010000001110	899
00010000001111	1173
00010000010000	246
00010000010001	568
00010000010010	242
00010000010011	660
00010000010100	223
00010000010101	676
00010000010110	194
00010000010111	526
00010000011000	318
00010000011001	661
00010000011010	399
00010000011011	908
00010000011100	259
00010000011101	747
00010000011110	327
00010000011111	663
00010000100000	737
00010000100001	1352
00010000100010	748
00010000100011	1120
00010000100100	818
00010000100101	1363
00010000100110	723
00010000100111	1285
00010000101000	1071
00010000101001	1614
00010000101010	1117
00010000101011	1288
00010000101100	1086
00010000101101	1578
00010000101110	891
00010000101111	1347
00010000110000	315
00010000110001	750
00010000110010	302
00010000110011	723
00010000110100	269
00010000110101	921
00010000110110	238
00010000110111	605
00010000111000	438
00010000111001	845
00010000111010	384
00010000111011	1035
00010000111100	502
00010000111101	963
00010000111110	324
00010000111111	895
00010001000000	542
00010001000001	909
00010001000010	517
00010001000011	891
00010001000100	527
00010001000101	1068
00010001000110	572
00010001000111	1167
00010001001000	589
00010001001001	1141
00010001001010	534
00010001001011	1088
00010001001100	595
00010001001101	874
00010001001110	563
00010001001111	1163
00010001010000	157
00010001010001	580
00010001010010	164
00010001010011	634
00010001010100	181
00010001010101	569
00010001010110	159
00010001010111	641
00010001011000	282
00010001011001	702
00010001011010	302
00010001011011	732
00010001011100	231
00010001011101	578
00010001011110	264
00010001011111	741
00010001100000	707
00010001100001	1330
00010001100010	585
00010001100011	1124
00010001100100	658
00010001100101	1239
00010001100110	642
00010001100111	1128
00010001101000	608
00010001101001	1536
00010001101010	859
00010001101011	1169
00010001101100	718
00010001101101	1243
00010001101110	590
00010001101111	1212
00010001110000	243
00010001110001	598
00010001110010	147
00010001110011	830
00010001110100	227
00010001110101	758
00010001110110	164
00010001110111	635
00010001111000	316
00010001111001	946
00010001111010	295
00010001111011	843
00010001111100	371
00010001111101	996
00010001111110	339
00010001111111	807
00010010000000	558
00010010000001	991
00010010000010	809
00010010000011	1279
00010010000100	584
00010010000101	1332
00010010000110	685
00010010000111	1288
00010010001000	841
00010010001001	1239
00010010001010	774
00010010001011	1531
00010010001100	778
00010010001101	1170
00010010001110	830
00010010001111	1286
00010010010000	219
00010010010001	529
00010010010010	247
00010010010011	846
00010010010100	192
00010010010101	765
00010010010110	239
00010010010111	542
00010010011000	396
00010010011001	689
00010010011010	427
00010010011011	774
00010010011100	396
00010010011101	699
00010010011110	353
00010010011111	814
00010010100000	861
00010010100001	1256
00010010100010	792
00010010100011	1278
00010010100100	689
00010010100101	1424
00010010100110	815
00010010100111	1240
00010010101000	940
00010010101001	1500
00010010101010	948
00010010101011	1577
00010010101100	1048
00010010101101	1442
00010010101110	960
00010010101111	1305
00010010110000	273
00010010110001	714
00010010110010	246
00010010110011	700
00010010110100	226
00010010110101	707
00010010110110	286
00010010110111	767
00010010111000	459
00010010111001	960
00010010111010	392
00010010111011	999
00010010111100	382
00010010111101	875
00010010111110	406
00010010111111	1060
00010011000000	454
00010011000001	984
00010011000010	510
00010011000011	953
00010011000100	583
00010011000101	960
00010011000110	623
00010011000111	1147
00010011001000	618
00010011001001	933
00010011001010	717
00010011001011	1307
00010011001100	619
00010011001101	1131
00010011001110	743
00010011001111	1217
00010011010000	209
00010011010001	562
00010011010010	152
00010011010011	727
00010011010100	178
00010011010101	688
00010011010110	248
00010011010111	728
00010011011000	251
00010011011001	786
00010011011010	294
00010011011011	693
00010011011100	218
00010011011101	777
00010011011110	277
00010011011111	748
00010011100000	562
00010011100001	1448
00010011100010	662
00010011100011	1395
00010011100100	675
00010011100101	971
00010011100110	753
00010011100111	950
00010011101000	814
00010011101001	1506
00010011101010	665
00010011101011	1272
00010011101100	634
00010011101101	1120
00010011101110	583
00010011101111	1163
00010011110000	216
00010011110001	849
00010011110010	178
00010011110011	648
00010011110100	257
00010011110101	859
00010011110110	259
00010011110111	767
00010011111000	339
00010011111001	969
00010011111010	379
00010011111011	928
00010011111100	379
00010011111101	822
00010011111110	273
00010011111111	957
00010100000000	565
00010100000001	833
00010100000010	566
00010100000011	1068
00010100000100	443
00010100000101	1099
00010100000110	590
00010100000111	950
00010100001000	780
00010100001001	1057
00010100001010	759
00010100001011	839
00010100001100	629
00010100001101	882
00010100001110	637
00010100001111	1041
00010100010000	172
00010100010001	649
00010100010010	200
00010100010011	476
00010100010100	213
00010100010101	517
00010100010110	186
00010100010111	635
00010100011000	245
00010100011001	644
00010100011010	278
00010100011011	821
00010100011100	300
00010100011101	664
00010100011110	297
00010100011111	746
00010100100000	633
00010100100001	1212
00010100100010	557
00010100100011	1052
00010100100100	755
00010100100101	1274
00010100100110	705
00010100100111	1231
00010100101000	771
00010100101001	920
00010100101010	792
00010100101011	1211
00010100101100	815
00010100101101	958
00010100101110	758
00010100101111	937
00010100110000	213
00010100110001	485
00010100110010	211
00010100110011	678
00010100110100	234
00010100110101	711
00010100110110	198
00010100110111	656
00010100111000	366
00010100111001	819
00010100111010	346
00010100111011	612
00010100111100	375
00010100111101	820
00010100111110	269
00010100111111	670
00010101000000	342
00010101000001	735
00010101000010	407
00010101000011	933
00010101000100	472
00010101000101	859
00010101000110	365
00010101000111	850
00010101001000	441
00010101001001	706
00010101001010	489
00010101001011	845
00010101001100	448
00010101001101	1097
00010101001110	488
00010101001111	750
00010101010000	128
00010101010001	608
00010101010010	145
00010101010011	497
00010101010100	163
00010101010101	488
00010101010110	173
00010101010111	468
00010101011000	166
00010101011001	550
00010101011010	225
00010101011011	717
00010101011100	242
00010101011101	497
00010101011110	227
00010101011111	688
00010101100000	500
00010101100001	1193
00010101100010	395
00010101100011	895
00010101100100	571
00010101100101	1088
00010101100110	616
00010101100111	1127
00010101101000	621
00010101101001	1157
00010101101010	726
00010101101011	918
00010101101100	643
00010101101101	1073
00010101101110	541
00010101101111	1080
00010101110000	153
00010101110001	587
00010101110010	157
00010101110011	571
00010101110100	231
00010101110101	645
00010101110110	204
00010101110111	705
00010101111000	283
00010101111001	829
00010101111010	271
00010101111011	655
00010101111100	313
00010101111101	888
00010101111110	281
00010101111111	746
00010110000000	775
00010110000001	1357
00010110000010	784
00010110000011	1063
00010110000100	715
00010110000101	1053
00010110000110	935
00010110000111	1088
00010110001000	908
00010110001001	1232
00010110001010	1170
00010110001011	1352
00010110001100	1041
00010110001101	1339
00010110001110	932
00010110001111	1414
00010110010000	270
00010110010001	706
00010110010010	250
00010110010011	793
00010110010100	239
00010110010101	791
00010110010110	235
00010110010111	727
00010110011000	319
00010110011001	818
00010110011010	359
00010110011011	1165
00010110011100	476
00010110011101	817
00010110011110	355
00010110011111	903
00010110100000	901
00010110100001	1707
00010110100010	797
00010110100011	1632
00010110100100	1038
00010110100101	1543
00010110100110	826
00010110100111	1190
00010110101000	1217
00010110101001	1633
00010110101010	1095
00010110101011	1690
00010110101100	921
00010110101101	1458
00010110101110	1168
00010110101111	1515
00010110110000	252
00010110110001	857
00010110110010	324
00010110110011	767
00010110110100	303
00010110110101	949
00010110110110	304
00010110110111	772
00010110111000	531
00010110111001	1356
00010110111010	421
00010110111011	1187
00010110111100	507
00010110111101	908
00010110111110	446
00010110111111	1022
00010111000000	577
00010111000001	1106
00010111000010	653
00010111000011	1364
00010111000100	664
00010111000101	1030
00010111000110	693
00010111000111	1396
00010111001000	678
00010111001001	1207
00010111001010	733
00010111001011	1465
00010111001100	758
00010111001101	1546
00010111001110	632
00010111001111	1294
00010111010000	190
00010111010001	545
00010111010010	205
00010111010011	787
00010111010100	203
00010111010101	580
00010111010110	253
00010111010111	742
00010111011000	302
00010111011001	836
00010111011010	334
00010111011011	978
00010111011100	371
00010111011101	763
00010111011110	256
00010111011111	901
00010111100000	715
00010111100001	1697
00010111100010	755
00010111100011	1373
00010111100100	680
00010111100101	1401
00010111100110	645
00010111100111	1242
00010111101000	927
00010111101001	1430
00010111101010	925
00010111101011	1475
00010111101100	861
00010111101101	1454
00010111101110	985
00010111101111	1207
00010111110000	231
00010111110001	774
00010111110010	230
00010111110011	868
00010111110100	241
00010111110101	871
00010111110110	254
00010111110111	880
00010111111000	331
00010111111001	1167
00010111111010	382
00010111111011	1044
00010111111100	455
00010111111101	1056
00010111111110	405
00010111111111	844
00011000000000	500
00011000000001	825
00011000000010	449
00011000000011	668
00011000000100	479
00011000000101	777
00011000000110	490
00011000000111	714
00011000001000	553
00011000001001	906
00011000001010	608
00011000001011	864
00011000001100	485
00011000001101	871
00011000001110	486
00011000001111	635
00011000010000	164
00011000010001	376
00011000010010	129
00011000010011	478
00011000010100	143
00011000010101	468
00011000010110	174
00011000010111	515
00011000011000	200
00011000011001	557
00011000011010	308
00011000011011	564
00011000011100	204
00011000011101	343
00011000011110	239
00011000011111	436
00011000100000	617
00011000100001	1061
00011000100010	554
00011000100011	681
00011000100100	563
00011000100101	985
00011000100110	519
00011000100111	698
00011000101000	820
00011000101001	866
00011000101010	671
00011000101011	779
00011000101100	643
00011000101101	1118
00011000101110	605
00011000101111	768
00011000110000	159
00011000110001	571
00011000110010	171
00011000110011	584
00011000110100	196
00011000110101	527
00011000110110	163
00011000110111	467
00011000111000	231
00011000111001	694
00011000111010	375
00011000111011	662
00011000111100	226
00011000111101	589
00011000111110	230
00011000111111	491
00011001000000	375
00011001000001	793
00011001000010	312
00011001000011	613
00011001000100	366
00011001000101	766
00011001000110	346
00011001000111	710
00011001001000	371
00011001001001	744
00011001001010	437
00011001001011	674
00011001001100	347
00011001001101	710
00011001001110	432
00011001001111	729
00011001010000	105
00011001010001	505
00011001010010	104
00011001010011	319
00011001010100	127
00011001010101	459
00011001010110	139
00011001010111	396
00011001011000	205
00011001011001	562
00011001011010	194
00011001011011	537
00011001011100	114
00011001011101	427
00011001011110	174
00011001011111	327
00011001100000	407
00011001100001	777
00011001100010	354
00011001100011	812
00011001100100	573
00011001100101	1077
00011001100110	462
00011001100111	926
00011001101000	637
00011001101001	763
00011001101010	368
00011001101011	969
00011001101100	525
00011001101101	757
00011001101110	351
00011001101111	606
00011001110000	151
00011001110001	440
00011001110010	169
00011001110011	469
00011001110100	163
00011001110101	590
00011001110110	126
00011001110111	545
00011001111000	248
00011001111001	637
00011001111010	178
00011001111011	499
00011001111100	188
00011001111101	404
00011001111110	212
00011001111111	480
00011010000000	375
00011010000001	846
00011010000010	384
00011010000011	923
00011010000100	460
00011010000101	615
00011010000110	488
00011010000111	803
00011010001000	559
00011010001001	961
00011010001010	656
00011010001011	827
00011010001100	455
00011010001101	818
00011010001110	611
00011010001111	755
00011010010000	143
00011010010001	419
00011010010010	159
00011010010011	527
00011010010100	144
00011010010101	474
00011010010110	183
00011010010111	558
00011010011000	219
00011010011001	731
00011010011010	282
00011010011011	800
00011010011100	215
00011010011101	717
00011010011110	261
00011010011111	604
00011010100000	608
00011010100001	1056
00011010100010	610
00011010100011	1026
00011010100100	548
00011010100101	1108
00011010100110	555
00011010100111	789
00011010101000	621
00011010101001	1196
00011010101010	549
00011010101011	1213
00011010101100	776
00011010101101	957
00011010101110	606
00011010101111	825
00011010110000	187
00011010110001	543
00011010110010	183
00011010110011	490
00011010110100	164
00011010110101	663
00011010110110	205
00011010110111	471
00011010111000	295
00011010111001	641
00011010111010	263
00011010111011	550
00011010111100	287
00011010111101	705
00011010111110	275
00011010111111	630
00011011000000	393
00011011000001	760
00011011000010	373
00011011000011	825
00011011000100	399
00011011000101	587
00011011000110	384
00011011000111	796
00011011001000	460
00011011001001	875
00011011001010	581
00011011001011	901
00011011001100	485
00011011001101	671
00011011001110	490
00011011001111	809
00011011010000	114
00011011010001	403
00011011010010	133
00011011010011	437
00011011010100	142
00011011010101	485
00011011010110	106
00011011010111	395
00011011011000	173
00011011011001	514
00011011011010	184
00011011011011	485
00011011011100	212
00011011011101	494
00011011011110	221
00011011011111	547
00011011100000	471
00011011100001	973
00011011100010	575
00011011100011	678
00011011100100	434
00011011100101	836
00011011100110	483
00011011100111	687
00011011101000	487
00011011101001	1281
00011011101010	595
00011011101011	824
00011011101100	585
00011011101101	890
00011011101110	567
00011011101111	805
00011011110000	158
00011011110001	535
00011011110010	108
00011011110011	415
00011011110100	146
00011011110101	441
00011011110110	153
00011011110111	496
00011011111000	208
00011011111001	708
00011011111010	230
00011011111011	651
00011011111100	213
00011011111101	612
00011011111110	241
00011011111111	609
00011100000000	407
00011100000001	694
00011100000010	372
00011100000011	547
00011100000100	422
00011100000101	667
00011100000110	392
00011100000111	713
00011100001000	443
00011100001001	654
00011100001010	492
00011100001011	637
00011100001100	429
00011100001101	607
00011100001110	412
00011100001111	459
00011100010000	147
00011100010001	415
00011100010010	114
00011100010011	397
00011100010100	108
00011100010101	396
00011100010110	106
00011100010111	392
00011100011000	128
00011100011001	327
00011100011010	183
00011100011011	452
00011100011100	158
00011100011101	383
00011100011110	163
00011100011111	363
00011100100000	476
00011100100001	722
00011100100010	401
00011100100011	714
00011100100100	464
00011100100101	847
00011100100110	381
00011100100111	758
00011100101000	448
00011100101001	715
00011100101010	429
00011100101011	878
00011100101100	526
00011100101101	689
00011100101110	531
00011100101111	606
00011100110000	133
00011100110001	443
00011100110010	139
00011100110011	443
00011100110100	203
00011100110101	503
00011100110110	199
00011100110111	368
00011100111000	273
00011100111001	560
00011100111010	244
00011100111011	533
00011100111100	198
00011100111101	442
00011100111110	188
00011100111111	444
00011101000000	200
00011101000001	728
00011101000010	253
00011101000011	603
00011101000100	306
00011101000101	540
00011101000110	323
00011101000111	559
00011101001000	325
00011101001001	614
00011101001010	291
00011101001011	619
00011101001100	331
00011101001101	514
00011101001110	391
00011101001111	549
00011101010000	98
00011101010001	343
00011101010010	92
00011101010011	362
00011101010100	105
00011101010101	338
00011101010110	122
00011101010111	418
00011101011000	132
00011101011001	373
00011101011010	141
00011101011011	348
00011101011100	106
00011101011101	348
00011101011110	118
00011101011111	434
00011101100000	267
00011101100001	805
00011101100010	297
00011101100011	565
00011101100100	302
00011101100101	659
00011101100110	244
00011101100111	725
00011101101000	351
00011101101001	771
00011101101010	364
00011101101011	800
00011101101100	529
00011101101101	555
00011101101110	403
00011101101111	638
00011101110000	91
00011101110001	451
00011101110010	139
00011101110011	268
00011101110100	132
00011101110101	486
00011101110110	129
00011101110111	402
00011101111000	142
00011101111001	435
00011101111010	183
00011101111011	461
00011101111100	191
00011101111101	493
00011101111110	196
00011101111111	462
00011110000000	476
00011110000001	852
00011110000010	488
00011110000011	971
00011110000100	494
00011110000101	905
00011110000110	579
00011110000111	1069
00011110001000	542
00011110001001	721
00011110001010	568
00011110001011	944
00011110001100	616
00011110001101	770
00011110001110	674
00011110001111	889
00011110010000	142
00011110010001	561
00011110010010	141
00011110010011	506
00011110010100	162
00011110010101	394
00011110010110	199
00011110010111	566
00011110011000	231
00011110011001	718
00011110011010	271
00011110011011	635
00011110011100	285
00011110011101	525
00011110011110	210
00011110011111	707
00011110100000	542
00011110100001	905
00011110100010	605
00011110100011	946
00011110100100	586
00011110100101	853
00011110100110	533
00011110100111	1049
00011110101000	637
00011110101001	1191
00011110101010	789
00011110101011	1264
00011110101100	711
00011110101101	1038
00011110101110	605
00011110101111	1017
00011110110000	201
00011110110001	539
00011110110010	177
00011110110011	641
00011110110100	204
00011110110101	646
00011110110110	191
00011110110111	630
00011110111000	355
00011110111001	946
00011110111010	337
00011110111011	708
00011110111100	343
00011110111101	702
00011110111110	318
00011110111111	602
00011111000000	407
00011111000001	743
00011111000010	460
00011111000011	920
00011111000100	325
00011111000101	748
00011111000110	456
00011111000111	880
00011111001000	511
00011111001001	673
00011111001010	606
00011111001011	940
00011111001100	450
00011111001101	928
00011111001110	468
00011111001111	675
00011111010000	106
00011111010001	401
00011111010010	125
00011111010011	492
00011111010100	107
00011111010101	513
00011111010110	204
00011111010111	521
00011111011000	202
00011111011001	669
00011111011010	208
00011111011011	625
00011111011100	214
00011111011101	503
00011111011110	218
00011111011111	780
00011111100000	417
00011111100001	1004
00011111100010	496
00011111100011	889
00011111100100	683
00011111100101	1026
00011111100110	469
00011111100111	998
00011111101000	655
00011111101001	992
00011111101010	576
00011111101011	1110
00011111101100	600
00011111101101	1061
00011111101110	570
00011111101111	984
00011111110000	182
00011111110001	461
00011111110010	147
00011111110011	416
00011111110100	196
00011111110101	534
00011111110110	197
00011111110111	648
00011111111000	245
00011111111001	666
00011111111010	234
00011111111011	647
00011111111100	254
00011111111101	686
00011111111110	254
00011111111111	733
00100000000000	384
00100000000001	603
00100000000010	419
00100000000011	712
00100000000100	454
00100000000101	581
00100000000110	446
00100000000111	701
00100000001000	664
00100000001001	760
00100000001010	480
00100000001011	784
00100000001100	353
00100000001101	739
00100000001110	482
00100000001111	646
00100000010000	113
00100000010001	371
00100000010010	174
00100000010011	451
00100000010100	115
00100000010101	400
00100000010110	169
00100000010111	498
00100000011000	233
00100000011001	477
00100000011010	207
00100000011011	527
00100000011100	179
00100000011101	424
00100000011110	212
00100000011111	380
00100000100000	499
00100000100001	763
00100000100010	523
00100000100011	944
00100000100100	473
00100000100101	909
00100000100110	479
00100000100111	860
00100000101000	656
00100000101001	940
00100000101010	440
00100000101011	830
00100000101100	591
00100000101101	927
00100000101110	498
00100000101111	730
00100000110000	163
00100000110001	415
00100000110010	209
00100000110011	504
00100000110100	169
00100000110101	474
00100000110110	177
00100000110111	534
00100000111000	285
00100000111001	629
00100000111010	255
00100000111011	606
00100000111100	285
00100000111101	433
00100000111110	270
00100000111111	507
00100001000000	319
00100001000001	597
00100001000010	395
00100001000011	773
00100001000100	259
00100001000101	642
00100001000110	325
00100001000111	716
00100001001000	410
00100001001001	661
00100001001010	382
00100001001011	698
00100001001100	338
00100001001101	411
00100001001110	333
00100001001111	699
00100001010000	95
00100001010001	245
00100001010010	80
00100001010011	405
00100001010100	85
00100001010101	326
00100001010110	111
00100001010111	357
00100001011000	175
00100001011001	544
00100001011010	103
00100001011011	529
00100001011100	133
00100001011101	381
00100001011110	155
00100001011111	399
00100001100000	378
00100001100001	772
00100001100010	379
00100001100011	763
00100001100100	387
00100001100101	845
00100001100110	322
00100001100111	798
00100001101000	327
00100001101001	726
00100001101010	474
00100001101011	798
00100001101100	435
00100001101101	722
00100001101110	404
00100001101111	723
00100001110000	127
00100001110001	474
00100001110010	104
00100001110011	308
00100001110100	123
00100001110101	472
00100001110110	105
00100001110111	374
00100001111000	150
00100001111001	507
00100001111010	173
00100001111011	458
00100001111100	179
00100001111101	521
00100001111110	183
00100001111111	410
00100010000000	328
00100010000001	832
00100010000010	304
00100010000011	567
00100010000100	490
00100010000101	753
00100010000110	441
00100010000111	613
00100010001000	388
00100010001001	938
00100010001010	503
00100010001011	492
00100010001100	421
00100010001101	631
00100010001110	512
00100010001111	632
00100010010000	126
00100010010001	414
00100010010010	134
00100010010011	312
00100010010100	135
00100010010101	288
00100010010110	124
00100010010111	384
00100010011000	206
00100010011001	475
00100010011010	186
00100010011011	613
00100010011100	192
00100010011101	410
00100010011110	223
00100010011111	420
00100010100000	444
00100010100001	928
00100010100010	415
00100010100011	682
00100010100100	539
00100010100101	1043
00100010100110	529
00100010100111	896
00100010101000	525
00100010101001	640
00100010101010	531
00100010101011	513
00100010101100	549
00100010101101	660
00100010101110	419
00100010101111	714
00100010110000	177
00100010110001	410
00100010110010	164
00100010110011	466
00100010110100	165
00100010110101	558
00100010110110	143
00100010110111	593
00100010111000	261
00100010111001	622
00100010111010	254
00100010111011	746
00100010111100	220
00100010111101	609
00100010111110	223
00100010111111	461
00100011000000	290
00100011000001	602
00100011000010	389
00100011000011	549
00100011000100	241
00100011000101	564
00100011000110	389
00100011000111	650
00100011001000	359
00100011001001	497
00100011001010	431
00100011001011	728
00100011001100	401
00100011001101	624
00100011001110	337
00100011001111	665
00100011010000	118
00100011010001	273
00100011010010	95
00100011010011	386
00100011010100	110
00100011010101	295
00100011010110	123
00100011010111	337
00100011011000	154
00100011011001	424
00100011011010	173
00100011011011	393
00100011011100	201
00100011011101	467
00100011011110	196
00100011011111	385
00100011100000	408
00100011100001	657
00100011100010	489
00100011100011	616
00100011100100	387
00100011100101	868
00100011100110	394
00100011100111	729
00100011101000	479
00100011101001	685
00100011101010	500
00100011101011	845
00100011101100	413
00100011101101	654
00100011101110	417
00100011101111	888
00100011110000	124
00100011110001	428
00100011110010	114
00100011110011	393
00100011110100	111
00100011110101	470
00100011110110	144
00100011110111	479
00100011111000	176
00100011111001	453
00100011111010	192
00100011111011	692
00100011111100	192
00100011111101	509
00100011111110	159
00100011111111	419
00100100000000	349
00100100000001	570
00100100000010	439
00100100000011	629
00100100000100	350
00100100000101	594
00100100000110	383
00100100000111	780
00100100001000	310
00100100001001	696
00100100001010	409
00100100001011	450
00100100001100	367
00100100001101	538
00100100001110	365
00100100001111	514
00100100010000	94
00100100010001	234
00100100010010	110
00100100010011	296
00100100010100	122
00100100010101	299
00100100010110	116
00100100010111	315
00100100011000	183
00100100011001	398
00100100011010	179
00100100011011	510
00100100011100	167
00100100011101	397
00100100011110	211
00100100011111	299
00100100100000	387
00100100100001	684
00100100100010	462
00100100100011	530
00100100100100	412
00100100100101	723
00100100100110	401
00100100100111	752
00100100101000	494
00100100101001	701
00100100101010	397
00100100101011	801
00100100101100	508
00100100101101	581
00100100101110	474
00100100101111	641
00100100110000	128
00100100110001	417
00100100110010	107
00100100110011	401
00100100110100	157
00100100110101	535
00100100110110	125
00100100110111	362
00100100111000	190
00100100111001	473
00100100111010	180
00100100111011	424
00100100111100	189
00100100111101	427
00100100111110	195
00100100111111	609
00100101000000	214
00100101000001	411
00100101000010	240
00100101000011	701
00100101000100	243
00100101000101	508
00100101000110	210
00100101000111	614
00100101001000	277
00100101001001	511
00100101001010	277
00100101001011	555
00100101001100	300
00100101001101	438
00100101001110	294
00100101001111	427
00100101010000	67
00100101010001	325
00100101010010	72
00100101010011	240
00100101010100	126
00100101010101	220
00100101010110	88
00100101010111	269
00100101011000	87
00100101011001	372
00100101011010	132
00100101011011	379
00100101011100	127
00100101011101	261
00100101011110	121
00100101011111	343
00100101100000	312
00100101100001	392
00100101100010	222
00100101100011	568
00100101100100	307
00100101100101	716
00100101100110	246
00100101100111	565
00100101101000	309
00100101101001	743
00100101101010	275
00100101101011	585
00100101101100	303
00100101101101	618
00100101101110	233
00100101101111	467
00100101110000	67
00100101110001	362
00100101110010	85
00100101110011	251
00100101110100	129
00100101110101	443
00100101110110	97
00100101110111	388
00100101111000	123
00100101111001	420
00100101111010	123
00100101111011	314
00100101111100	165
00100101111101	442
00100101111110	137
00100101111111	348
00100110000000	352
00100110000001	553
00100110000010	414
00100110000011	643
00100110000100	495
00100110000101	575
00100110000110	397
00100110000111	658
00100110001000	457
00100110001001	822
00100110001010	477
00100110001011	567
00100110001100	427
00100110001101	676
00100110001110	507
00100110001111	909
00100110010000	121
00100110010001	290
00100110010010	111
00100110010011	481
00100110010100	138
00100110010101	389
00100110010110	182
00100110010111	431
00100110011000	183
00100110011001	394
00100110011010	221
00100110011011	548
00100110011100	254
00100110011101	505
00100110011110	209
00100110011111	413
00100110100000	416
00100110100001	932
00100110100010	453
00100110100011	887
00100110100100	445
00100110100101	853
00100110100110	338
00100110100111	722
00100110101000	591
00100110101001	787
00100110101010	601
00100110101011	803
00100110101100	560
00100110101101	563
00100110101110	567
00100110101111	894
00100110110000	115
00100110110001	524
00100110110010	142
00100110110011	356
00100110110100	188
00100110110101	455
00100110110110	214
00100110110111	548
00100110111000	264
00100110111001	533
00100110111010	243
00100110111011	484
00100110111100	312
00100110111101	553
00100110111110	253
00100110111111	566
00100111000000	298
00100111000001	663
00100111000010	405
00100111000011	721
00100111000100	336
00100111000101	725
00100111000110	387
00100111000111	685
00100111001000	399
00100111001001	623
00100111001010	372
00100111001011	614
00100111001100	345
00100111001101	593
00100111001110	387
00100111001111	690
00100111010000	107
00100111010001	349
00100111010010	109
00100111010011	428
00100111010100	119
00100111010101	360
00100111010110	183
00100111010111	405
00100111011000	134
00100111011001	479
00100111011010	180
00100111011011	459
00100111011100	190
00100111011101	421
00100111011110	200
00100111011111	468
00100111100000	312
00100111100001	857
00100111100010	407
00100111100011	576
00100111100100	399
00100111100101	815
00100111100110	379
00100111100111	791
00100111101000	449
00100111101001	786
00100111101010	548
00100111101011	699
00100111101100	459
00100111101101	834
00100111101110	443
00100111101111	701
00100111110000	129
00100111110001	531
00100111110010	124
00100111110011	528
00100111110100	139
00100111110101	500
00100111110110	159
00100111110111	406
00100111111000	195
00100111111001	519
00100111111010	167
00100111111011	524
00100111111100	186
00100111111101	542
00100111111110	167
00100111111111	452
00101000000000	684
00101000000001	938
00101000000010	453
00101000000011	865
00101000000100	607
00101000000101	982
00101000000110	418
00101000000111	1084
00101000001000	763
00101000001001	924
00101000001010	757
00101000001011	770
00101000001100	553
00101000001101	1018
00101000001110	631
00101000001111	1084
00101000010000	144
00101000010001	474
00101000010010	173
00101000010011	498
00101000010100	191
00101000010101	565
00101000010110	158
00101000010111	652
00101000011000	284
00101000011001	715
00101000011010	282
00101000011011	615
00101000011100	215
00101000011101	457
00101000011110	261
00101000011111	643
00101000100000	698
00101000100001	933
00101000100010	581
00101000100011	1009
00101000100100	607
00101000100101	1083
00101000100110	596
00101000100111	1192
00101000101000	777
00101000101001	1189
00101000101010	793
00101000101011	1117
00101000101100	737
00101000101101	1019
00101000101110	645
00101000101111	1094
00101000110000	206
00101000110001	661
00101000110010	234
00101000110011	607
00101000110100	236
00101000110101	708
00101000110110	213
00101000110111	666
00101000111000	358
00101000111001	697
00101000111010	286
00101000111011	747
00101000111100	399
00101000111101	681
00101000111110	336
00101000111111	566
00101001000000	454
00101001000001	961
00101001000010	389
00101001000011	781
00101001000100	313
00101001000101	784
00101001000110	310
00101001000111	619
00101001001000	539
00101001001001	896
00101001001010	366
00101001001011	745
00101001001100	419
00101001001101	648
00101001001110	414
00101001001111	817
00101001010000	111
00101001010001	398
00101001010010	155
00101001010011	495
00101001010100	157
00101001010101	456
00101001010110	125
00101001010111	459
00101001011000	194
00101001011001	479
00101001011010	219
00101001011011	620
00101001011100	179
00101001011101	512
00101001011110	216
00101001011111	566
00101001100000	352
00101001100001	1170
00101001100010	433
00101001100011	894
00101001100100	445
00101001100101	1087
00101001100110	442
00101001100111	960
00101001101000	636
00101001101001	921
00101001101010	491
00101001101011	1175
00101001101100	507
00101001101101	1045
00101001101110	515
00101001101111	740
00101001110000	126
00101001110001	530
00101001110010	110
00101001110011	430
00101001110100	161
00101001110101	636
00101001110110	186
00101001110111	564
00101001111000	195
00101001111001	560
00101001111010	177
00101001111011	584
00101001111100	219
00101001111101	735
00101001111110	222
00101001111111	751
00101010000000	556
00101010000001	993
00101010000010	551
00101010000011	792
00101010000100	576
00101010000101	900
00101010000110	531
00101010000111	1101
00101010001000	576
00101010001001	907
00101010001010	660
00101010001011	1397
00101010001100	603
00101010001101	784
00101010001110	654
00101010001111	1096
00101010010000	172
00101010010001	413
00101010010010	210
00101010010011	600
00101010010100	160
00101010010101	575
00101010010110	177
00101010010111	776
00101010011000	271
00101010011001	835
00101010011010	275
00101010011011	781
00101010011100	319
00101010011101	583
00101010011110	267
00101010011111	797
00101010100000	611
00101010100001	1080
00101010100010	638
00101010100011	1079
00101010100100	579
00101010100101	1323
00101010100110	621
00101010100111	984
00101010101000	942
00101010101001	1551
00101010101010	822
00101010101011	1236
00101010101100	783
00101010101101	1300
00101010101110	751
00101010101111	1208
00101010110000	194
00101010110001	630
00101010110010	158
00101010110011	515
00101010110100	253
00101010110101	782
00101010110110	245
00101010110111	737
00101010111000	416
00101010111001	694
00101010111010	290
00101010111011	879
00101010111100	335
00101010111101	738
00101010111110	288
00101010111111	739
00101011000000	391
00101011000001	865
00101011000010	452
00101011000011	962
00101011000100	424
00101011000101	974
00101011000110	476
00101011000111	994
00101011001000	412
00101011001001	1084
00101011001010	502
00101011001011	1028
00101011001100	472
00101011001101	864
00101011001110	557
00101011001111	958
00101011010000	127
00101011010001	379
00101011010010	184
00101011010011	346
00101011010100	166
00101011010101	529
00101011010110	159
00101011010111	512
00101011011000	274
00101011011001	574
00101011011010	187
00101011011011	657
00101011011100	190
00101011011101	614
00101011011110	268
00101011011111	555
00101011100000	579
00101011100001	1076
00101011100010	460
00101011100011	1063
00101011100100	525
00101011100101	1217
00101011100110	533
00101011100111	983
00101011101000	639
00101011101001	1221
00101011101010	643
00101011101011	1143
00101011101100	636
00101011101101	1124
00101011101110	692
00101011101111	869
00101011110000	189
00101011110001	617
00101011110010	204
00101011110011	621
00101011110100	210
00101011110101	684
00101011110110	195
00101011110111	651
00101011111000	334
00101011111001	809
00101011111010	278
00101011111011	675
00101011111100	297
00101011111101	685
00101011111110	232
00101011111111	569
00101100000000	359
00101100000001	508
00101100000010	413
00101100000011	741
00101100000100	386
00101100000101	553
00101100000110	394
00101100000111	727
00101100001000	575
00101100001001	608
00101100001010	627
00101100001011	813
00101100001100	492
00101100001101	659
00101100001110	479
00101100001111	636
00101100010000	105
00101100010001	346
00101100010010	150
00101100010011	483
00101100010100	123
00101100010101	531
00101100010110	121
00101100010111	291
00101100011000	207
00101100011001	541
00101100011010	221
00101100011011	448
00101100011100	197
00101100011101	597
00101100011110	240
00101100011111	456
00101100100000	427
00101100100001	697
00101100100010	502
00101100100011	758
00101100100100	481
00101100100101	940
00101100100110	533
00101100100111	827
00101100101000	692
00101100101001	772
00101100101010	651
00101100101011	991
00101100101100	706
00101100101101	882
00101100101110	604
00101100101111	725
00101100110000	249
00101100110001	455
00101100110010	142
00101100110011	514
00101100110100	189
00101100110101	516
00101100110110	151
00101100110111	502
00101100111000	300
00101100111001	697
00101100111010	281
00101100111011	499
00101100111100	268
00101100111101	520
00101100111110	280
00101100111111	499
00101101000000	267
00101101000001	620
00101101000010	272
00101101000011	557
00101101000100	222
00101101000101	473
00101101000110	332
00101101000111	541
00101101001000	311
00101101001001	463
00101101001010	287
00101101001011	668
00101101001100	379
00101101001101	535
00101101001110	332
00101101001111	643
00101101010000	95
00101101010001	375
00101101010010	77
00101101010011	263
00101101010100	76
00101101010101	303
00101101010110	108
00101101010111	280
00101101011000	141
00101101011001	427
00101101011010	157
00101101011011	482
00101101011100	126
00101101011101	368
00101101011110	147
00101101011111	387
00101101100000	281
00101101100001	800
00101101100010	294
00101101100011	762
00101101100100	295
00101101100101	813
00101101100110	377
00101101100111	923
00101101101000	337
00101101101001	633
00101101101010	431
00101101101011	811
00101101101100	307
00101101101101	867
00101101101110	401
00101101101111	827
00101101110000	89
00101101110001	477
00101101110010	107
00101101110011	407
00101101110100	116
00101101110101	449
00101101110110	103
00101101110111	464
00101101111000	204
00101101111001	622
00101101111010	165
00101101111011	451
00101101111100	168
00101101111101	539
00101101111110	177
00101101111111	570
00101110000000	465
00101110000001	939
00101110000010	495
00101110000011	930
00101110000100	532
00101110000101	1154
00101110000110	578
00101110000111	1078
00101110001000	608
00101110001001	754
00101110001010	591
00101110001011	1058
00101110001100	721
00101110001101	1067
00101110001110	488
00101110001111	909
00101110010000	164
00101110010001	618
00101110010010	194
00101110010011	490
00101110010100	188
00101110010101	745
00101110010110	190
00101110010111	544
00101110011000	249
00101110011001	638
00101110011010	277
00101110011011	690
00101110011100	283
00101110011101	640
00101110011110	317
00101110011111	533
00101110100000	628
00101110100001	1437
00101110100010	654
00101110100011	1047
00101110100100	743
00101110100101	1136
00101110100110	655
00101110100111	1015
00101110101000	897
00101110101001	1303
00101110101010	779
00101110101011	1233
00101110101100	795
00101110101101	1183
00101110101110	895
00101110101111	1191
00101110110000	222
00101110110001	592
00101110110010	202
00101110110011	578
00101110110100	214
00101110110101	657
00101110110110	229
00101110110111	677
00101110111000	375
00101110111001	843
00101110111010	316
00101110111011	915
00101110111100	341
00101110111101	858
00101110111110	347
00101110111111	743
00101111000000	406
00101111000001	742
00101111000010	525
00101111000011	970
00101111000100	478
00101111000101	945
00101111000110	379
00101111000111	986
00101111001000	537
00101111001001	881
00101111001010	508
00101111001011	990
00101111001100	538
00101111001101	925
00101111001110	524
00101111001111	1129
00101111010000	156
00101111010001	457
00101111010010	157
00101111010011	597
00101111010100	181
00101111010101	576
00101111010110	186
00101111010111	668
00101111011000	291
00101111011001	686
00101111011010	282
00101111011011	610
00101111011100	287
00101111011101	653
00101111011110	267
00101111011111	735
00101111100000	572
00101111100001	809
00101111100010	535
00101111100011	1077
00101111100100	566
00101111100101	1008
00101111100110	512
00101111100111	1294
00101111101000	698
00101111101001	1026
00101111101010	609
00101111101011	1196
00101111101100	767
00101111101101	1058
00101111101110	645
00101111101111	1193
00101111110000	164
00101111110001	573
00101111110010	177
00101111110011	562
00101111110100	187
00101111110101	616
00101111110110	177
00101111110111	654
00101111111000	224
00101111111001	773
00101111111010	282
00101111111011	725
00101111111100	313
00101111111101	854
00101111111110	273
00101111111111	771
00110000000000	605
00110000000001	1202
00110000000010	755
00110000000011	1345
00110000000100	624
00110000000101	797
00110000000110	666
00110000000111	1033
00110000001000	810
00110000001001	1200
00110000001010	908
00110000001011	1087
00110000001100	702
00110000001101	1394
00110000001110	845
00110000001111	1089
00110000010000	216
00110000010001	618
00110000010010	309
00110000010011	787
00110000010100	207
00110000010101	593
00110000010110	199
00110000010111	643
00110000011000	397
00110000011001	776
00110000011010	469
00110000011011	858
00110000011100	272
00110000011101	515
00110000011110	368
00110000011111	583
00110000100000	925
00110000100001	1631
00110000100010	869
00110000100011	1509
00110000100100	875
00110000100101	1064
00110000100110	600
00110000100111	1309
00110000101000	1165
00110000101001	1296
00110000101010	1052
00110000101011	1062
00110000101100	952
00110000101101	1117
00110000101110	1006
00110000101111	1260
00110000110000	252
00110000110001	798
00110000110010	264
00110000110011	748
00110000110100	243
00110000110101	845
00110000110110	263
00110000110111	758
00110000111000	440
00110000111001	972
00110000111010	373
00110000111011	840
00110000111100	401
00110000111101	903
00110000111110	299
00110000111111	876
00110001000000	548
00110001000001	824
00110001000010	552
00110001000011	999
00110001000100	482
00110001000101	1026
00110001000110	437
00110001000111	1018
00110001001000	553
00110001001001	1252
00110001001010	690
00110001001011	1020
00110001001100	496
00110001001101	935
00110001001110	540
00110001001111	697
00110001010000	166
00110001010001	561
00110001010010	179
00110001010011	548
00110001010100	150
00110001010101	552
00110001010110	167
00110001010111	626
00110001011000	276
00110001011001	578
00110001011010	244
00110001011011	689
00110001011100	236
00110001011101	632
00110001011110	227
00110001011111	729
00110001100000	598
00110001100001	1167
00110001100010	570
00110001100011	1081
00110001100100	536
00110001100101	1237
00110001100110	507
00110001100111	921
00110001101000	644
00110001101001	1305
00110001101010	753
00110001101011	1375
00110001101100	664
00110001101101	1326
00110001101110	774
00110001101111	850
00110001110000	161
00110001110001	722
00110001110010	177
00110001110011	669
00110001110100	212
00110001110101	877
00110001110110	143
00110001110111	720
00110001111000	313
00110001111001	954
00110001111010	303
00110001111011	975
00110001111100	316
00110001111101	697
00110001111110	271
00110001111111	854
00110010000000	832
00110010000001	1250
00110010000010	593
00110010000011	1198
00110010000100	602
00110010000101	885
00110010000110	719
00110010000111	1193
00110010001000	747
00110010001001	1311
00110010001010	659
00110010001011	1347
00110010001100	832
00110010001101	925
00110010001110	812
00110010001111	1285
00110010010000	214
00110010010001	678
00110010010010	163
00110010010011	598
00110010010100	266
00110010010101	509
00110010010110	266
00110010010111	685
00110010011000	396
00110010011001	714
00110010011010	342
00110010011011	995
00110010011100	293
00110010011101	850
00110010011110	386
00110010011111	829
00110010100000	871
00110010100001	1598
00110010100010	666
00110010100011	1335
00110010100100	805
00110010100101	1275
00110010100110	968
00110010100111	1111
00110010101000	1055
00110010101001	1407
00110010101010	1016
00110010101011	1235
00110010101100	1019
00110010101101	1316
00110010101110	882
00110010101111	1628
00110010110000	287
00110010110001	726
00110010110010	238
00110010110011	510
00110010110100	346
00110010110101	760
00110010110110	269
00110010110111	815
00110010111000	475
00110010111001	1079
00110010111010	429
00110010111011	1091
00110010111100	376
00110010111101	801
00110010111110	360
00110010111111	1148
00110011000000	600
00110011000001	1022
00110011000010	579
00110011000011	1182
00110011000100	557
00110011000101	939
00110011000110	472
00110011000111	1084
00110011001000	772
00110011001001	1521
00110011001010	665
00110011001011	1167
00110011001100	588
00110011001101	880
00110011001110	786
00110011001111	1028
00110011010000	189
00110011010001	511
00110011010010	155
00110011010011	694
00110011010100	187
00110011010101	550
00110011010110	178
00110011010111	791
00110011011000	264
00110011011001	714
00110011011010	270
00110011011011	776
00110011011100	242
00110011011101	599
00110011011110	299
00110011011111	820
00110011100000	611
00110011100001	1288
00110011100010	558
00110011100011	1168
00110011100100	749
00110011100101	1055
00110011100110	787
00110011100111	1077
00110011101000	702
00110011101001	1605
00110011101010	777
00110011101011	1357
00110011101100	802
00110011101101	1204
00110011101110	839
00110011101111	1295
00110011110000	231
00110011110001	633
00110011110010	171
00110011110011	693
00110011110100	239
00110011110101	919
00110011110110	257
00110011110111	672
00110011111000	335
00110011111001	755
00110011111010	301
00110011111011	1074
00110011111100	338
00110011111101	817
00110011111110	248
00110011111111	893
00110100000000	432
00110100000001	1116
00110100000010	558
00110100000011	900
00110100000100	577
00110100000101	1061
00110100000110	536
00110100000111	794
00110100001000	592
00110100001001	1090
00110100001010	635
00110100001011	1066
00110100001100	700
00110100001101	1108
00110100001110	658
00110100001111	963
00110100010000	124
00110100010001	521
00110100010010	179
00110100010011	611
00110100010100	166
00110100010101	482
00110100010110	160
00110100010111	650
00110100011000	301
00110100011001	524
00110100011010	387
00110100011011	637
00110100011100	239
00110100011101	632
00110100011110	306
00110100011111	629
00110100100000	742
00110100100001	1222
00110100100010	620
00110100100011	1164
00110100100100	711
00110100100101	1157
00110100100110	595
00110100100111	774
00110100101000	765
00110100101001	1323
00110100101010	954
00110100101011	1238
00110100101100	790
00110100101101	1134
00110100101110	683
00110100101111	1182
00110100110000	239
00110100110001	595
00110100110010	241
00110100110011	621
00110100110100	255
00110100110101	646
00110100110110	287
00110100110111	677
00110100111000	363
00110100111001	721
00110100111010	297
00110100111011	674
00110100111100	371
00110100111101	761
00110100111110	396
00110100111111	784
00110101000000	321
00110101000001	966
00110101000010	377
00110101000011	1014
00110101000100	404
00110101000101	886
00110101000110	382
00110101000111	941
00110101001000	464
00110101001001	850
00110101001010	457
00110101001011	832
00110101001100	493
00110101001101	761
00110101001110	440
00110101001111	1052
00110101010000	139
00110101010001	553
00110101010010	180
00110101010011	489
00110101010100	141
00110101010101	463
00110101010110	145
00110101010111	578
00110101011000	219
00110101011001	551
00110101011010	238
00110101011011	697
00110101011100	219
00110101011101	585
00110101011110	217
00110101011111	563
00110101100000	496
00110101100001	1121
00110101100010	530
00110101100011	1000
00110101100100	488
00110101100101	1227
00110101100110	528
00110101100111	994
00110101101000	619
00110101101001	1035
00110101101010	589
00110101101011	996
00110101101100	593
00110101101101	1122
00110101101110	540
00110101101111	990
00110101110000	175
00110101110001	691
00110101110010	163
00110101110011	595
00110101110100	153
00110101110101	704
00110101110110	157
00110101110111	609
00110101111000	230
00110101111001	748
00110101111010	320
00110101111011	569
00110101111100	252
00110101111101	768
00110101111110	246
00110101111111	698
00110110000000	689
00110110000001	1291
00110110000010	624
00110110000011	1183
00110110000100	882
00110110000101	1109
00110110000110	935
00110110000111	1432
00110110001000	851
00110110001001	1185
00110110001010	1021
00110110001011	1185
00110110001100	878
00110110001101	1229
00110110001110	882
00110110001111	1299
00110110010000	209
00110110010001	587
00110110010010	257
00110110010011	736
00110110010100	243
00110110010101	763
00110110010110	319
00110110010111	834
00110110011000	346
00110110011001	772
00110110011010	390
00110110011011	945
00110110011100	429
00110110011101	957
00110110011110	415
00110110011111	916
00110110100000	944
00110110100001	1346
00110110100010	889
00110110100011	1571
00110110100100	895
00110110100101	1526
00110110100110	928
00110110100111	1448
00110110101000	1078
00110110101001	1625
00110110101010	1054
00110110101011	1501
00110110101100	1049
00110110101101	1528
00110110101110	1003
00110110101111	1422
00110110110000	252
00110110110001	864
00110110110010	270
00110110110011	805
00110110110100	290
00110110110101	781
00110110110110	346
00110110110111	939
00110110111000	461
00110110111001	1177
00110110111010	434
00110110111011	1265
00110110111100	497
00110110111101	1161
00110110111110	440
00110110111111	1139
00110111000000	600
00110111000001	1127
00110111000010	521
00110111000011	1393
00110111000100	643
00110111000101	1288
00110111000110	643
00110111000111	1267
00110111001000	857
00110111001001	1281
00110111001010	822
00110111001011	1110
00110111001100	713
00110111001101	1047
00110111001110	784
00110111001111	1470
00110111010000	234
00110111010001	615
00110111010010	177
00110111010011	646
00110111010100	241
00110111010101	580
00110111010110	264
00110111010111	734
00110111011000	376
00110111011001	806
00110111011010	320
00110111011011	796
00110111011100	338
00110111011101	695
00110111011110	303
00110111011111	1144
00110111100000	698
00110111100001	1328
00110111100010	613
00110111100011	1361
00110111100100	799
00110111100101	1510
00110111100110	865
00110111100111	1324
00110111101000	900
00110111101001	1536
00110111101010	905
00110111101011	1349
00110111101100	944
00110111101101	1742
00110111101110	803
00110111101111	1385
00110111110000	235
00110111110001	829
00110111110010	229
00110111110011	753
00110111110100	273
00110111110101	892
00110111110110	307
00110111110111	653
00110111111000	437
00110111111001	824
00110111111010	379
00110111111011	931
00110111111100	439
00110111111101	881
00110111111110	376
00110111111111	784
00111000000000	315
00111000000001	822
00111000000010	554
00111000000011	667
00111000000100	513
00111000000101	939
00111000000110	357
00111000000111	740
00111000001000	507
00111000001001	787
00111000001010	636
00111000001011	798
00111000001100	517
00111000001101	942
00111000001110	588
00111000001111	735
00111000010000	133
00111000010001	441
00111000010010	125
00111000010011	432
00111000010100	141
00111000010101	344
00111000010110	208
00111000010111	457
00111000011000	334
00111000011001	350
00111000011010	332
00111000011011	610
00111000011100	191
00111000011101	485
00111000011110	193
00111000011111	519
00111000100000	613
00111000100001	1139
00111000100010	509
00111000100011	788
00111000100100	436
00111000100101	1138
00111000100110	524
00111000100111	937
00111000101000	858
00111000101001	1116
00111000101010	754
00111000101011	1139
00111000101100	660
00111000101101	1112
00111000101110	567
00111000101111	921
00111000110000	190
00111000110001	633
00111000110010	184
00111000110011	440
00111000110100	213
00111000110101	537
00111000110110	163
00111000110111	517
00111000111000	312
00111000111001	639
00111000111010	259
00111000111011	760
00111000111100	277
00111000111101	785
00111000111110	226
00111000111111	526
00111001000000	396
00111001000001	658
00111001000010	323
00111001000011	760
00111001000100	258
00111001000101	669
00111001000110	358
00111001000111	733
00111001001000	469
00111001001001	698
00111001001010	441
00111001001011	770
00111001001100	362
00111001001101	786
00111001001110	390
00111001001111	732
00111001010000	121
00111001010001	373
00111001010010	92
00111001010011	436
00111001010100	110
00111001010101	417
00111001010110	103
00111001010111	407
00111001011000	196
00111001011001	579
00111001011010	215
00111001011011	547
00111001011100	180
00111001011101	467
00111001011110	157
00111001011111	426
00111001100000	428
00111001100001	983
00111001100010	365
00111001100011	643
00111001100100	554
00111001100101	927
00111001100110	446
00111001100111	827
00111001101000	510
00111001101001	996
00111001101010	541
00111001101011	817
00111001101100	590
00111001101101	1044
00111001101110	569
00111001101111	652
00111001110000	140
00111001110001	321
00111001110010	98
00111001110011	369
00111001110100	161
00111001110101	648
00111001110110	156
00111001110111	495
00111001111000	196
00111001111001	487
00111001111010	206
00111001111011	539
00111001111100	206
00111001111101	533
00111001111110	245
00111001111111	469
00111010000000	386
00111010000001	992
00111010000010	432
00111010000011	828
00111010000100	516
00111010000101	777
00111010000110	494
00111010000111	761
00111010001000	456
00111010001001	725
00111010001010	543
00111010001011	945
00111010001100	544
00111010001101	882
00111010001110	511
00111010001111	949
00111010010000	146
00111010010001	412
00111010010010	157
00111010010011	439
00111010010100	135
00111010010101	449
00111010010110	165
00111010010111	488
00111010011000	221
00111010011001	554
00111010011010	279
00111010011011	567
00111010011100	204
00111010011101	570
00111010011110	248
00111010011111	445
00111010100000	600
00111010100001	829
00111010100010	549
00111010100011	995
00111010100100	509
00111010100101	928
00111010100110	613
00111010100111	1157
00111010101000	798
00111010101001	795
00111010101010	569
00111010101011	1237
00111010101100	690
00111010101101	801
00111010101110	702
00111010101111	963
00111010110000	202
00111010110001	506
00111010110010	188
00111010110011	509
00111010110100	205
00111010110101	703
00111010110110	204
00111010110111	495
00111010111000	285
00111010111001	705
00111010111010	308
00111010111011	856
00111010111100	264
00111010111101	546
00111010111110	284
00111010111111	658
00111011000000	409
00111011000001	730
00111011000010	398
00111011000011	993
00111011000100	433
00111011000101	937
00111011000110	477
00111011000111	825
00111011001000	518
00111011001001	597
00111011001010	651
00111011001011	673
00111011001100	451
00111011001101	840
00111011001110	359
00111011001111	752
00111011010000	99
00111011010001	457
00111011010010	128
00111011010011	498
00111011010100	140
00111011010101	401
00111011010110	113
00111011010111	500
00111011011000	180
00111011011001	632
00111011011010	248
00111011011011	641
00111011011100	230
00111011011101	436
00111011011110	221
00111011011111	555
00111011100000	417
00111011100001	806
00111011100010	472
00111011100011	1082
00111011100100	490
00111011100101	960
00111011100110	478
00111011100111	986
00111011101000	582
00111011101001	856
00111011101010	540
00111011101011	719
00111011101100	584
00111011101101	884
00111011101110	593
00111011101111	680
00111011110000	192
00111011110001	463
00111011110010	142
00111011110011	486
00111011110100	215
00111011110101	455
00111011110110	138
00111011110111	546
00111011111000	199
00111011111001	574
00111011111010	283
00111011111011	607
00111011111100	277
00111011111101	544
00111011111110	257
00111011111111	539
00111100000000	393
00111100000001	661
00111100000010	429
00111100000011	662
00111100000100	294
00111100000101	598
00111100000110	456
00111100000111	668
00111100001000	418
00111100001001	586
00111100001010	515
00111100001011	678
00111100001100	525
00111100001101	687
00111100001110	421
00111100001111	673
00111100010000	136
00111100010001	404
00111100010010	170
00111100010011	307
00111100010100	138
00111100010101	251
00111100010110	116
00111100010111	456
00111100011000	183
00111100011001	459
00111100011010	215
00111100011011	634
00111100011100	213
00111100011101	362
00111100011110	232
00111100011111	577
00111100100000	411
00111100100001	862
00111100100010	497
00111100100011	718
00111100100100	498
00111100100101	694
00111100100110	483
00111100100111	917
00111100101000	606
00111100101001	926
00111100101010	547
00111100101011	791
00111100101100	653
00111100101101	860
00111100101110	538
00111100101111	768
00111100110000	123
00111100110001	410
00111100110010	141
00111100110011	483
00111100110100	194
00111100110101	494
00111100110110	158
00111100110111	406
00111100111000	254
00111100111001	615
00111100111010	240
00111100111011	494
00111100111100	179
00111100111101	720
00111100111110	264
00111100111111	413
00111101000000	261
00111101000001	672
00111101000010	223
00111101000011	504
00111101000100	432
00111101000101	574
00111101000110	305
00111101000111	618
00111101001000	276
00111101001001	697
00111101001010	382
00111101001011	592
00111101001100	297
00111101001101	676
00111101001110	319
00111101001111	553
00111101010000	98
00111101010001	343
00111101010010	130
00111101010011	403
00111101010100	88
00111101010101	308
00111101010110	94
00111101010111	331
00111101011000	121
00111101011001	377
00111101011010	177
00111101011011	530
00111101011100	135
00111101011101	292
00111101011110	128
00111101011111	363
00111101100000	326
00111101100001	935
00111101100010	318
00111101100011	611
00111101100100	462
00111101100101	638
00111101100110	322
00111101100111	748
00111101101000	388
00111101101001	785
00111101101010	350
00111101101011	666
00111101101100	528
00111101101101	498
00111101101110	436
00111101101111	770
00111101110000	62
00111101110001	375
00111101110010	128
00111101110011	425
00111101110100	126
00111101110101	404
00111101110110	111
00111101110111	445
00111101111000	190
00111101111001	477
00111101111010	166
00111101111011	527
00111101111100	161
00111101111101	388
00111101111110	191
00111101111111	508
00111110000000	542
00111110000001	981
00111110000010	517
00111110000011	971
00111110000100	551
00111110000101	864
00111110000110	464
00111110000111	701
00111110001000	601
00111110001001	965
00111110001010	685
00111110001011	1010
00111110001100	664
00111110001101	757
00111110001110	704
00111110001111	876
00111110010000	131
00111110010001	544
00111110010010	153
00111110010011	546
00111110010100	181
00111110010101	427
00111110010110	183
00111110010111	522
00111110011000	265
00111110011001	782
00111110011010	312
00111110011011	736
00111110011100	264
00111110011101	582
00111110011110	307
00111110011111	624
00111110100000	542
00111110100001	1100
00111110100010	614
00111110100011	1167
00111110100100	558
00111110100101	1002
00111110100110	655
00111110100111	852
00111110101000	802
00111110101001	1335
00111110101010	634
00111110101011	1173
00111110101100	803
00111110101101	1012
00111110101110	757
00111110101111	1057
00111110110000	194
00111110110001	684
00111110110010	208
00111110110011	594
00111110110100	239
00111110110101	511
00111110110110	204
00111110110111	717
00111110111000	329
00111110111001	763
00111110111010	319
00111110111011	834
00111110111100	220
00111110111101	637
00111110111110	308
00111110111111	666
00111111000000	436
00111111000001	676
00111111000010	460
00111111000011	812
00111111000100	437
00111111000101	955
00111111000110	440
00111111000111	936
00111111001000	579
00111111001001	926
00111111001010	481
00111111001011	1082
00111111001100	533
00111111001101	854
00111111001110	599
00111111001111	1040
00111111010000	162
00111111010001	317
00111111010010	145
00111111010011	440
00111111010100	115
00111111010101	523
00111111010110	201
00111111010111	488
00111111011000	211
00111111011001	624
00111111011010	219
00111111011011	483
00111111011100	183
00111111011101	436
00111111011110	240
00111111011111	613
00111111100000	624
00111111100001	1045
00111111100010	555
00111111100011	880
00111111100100	510
00111111100101	1043
00111111100110	497
00111111100111	1000
00111111101000	610
00111111101001	1093
00111111101010	638
00111111101011	942
00111111101100	604
00111111101101	835
00111111101110	667
00111111101111	1149
00111111110000	152
00111111110001	404
00111111110010	145
00111111110011	562
00111111110100	173
00111111110101	580
00111111110110	179
00111111110111	586
00111111111000	285
00111111111001	693
00111111111010	262
00111111111011	629
00111111111100	262
00111111111101	849
00111111111110	262
00111111111111	662
01000000000000	472
01000000000001	659
01000000000010	408
01000000000011	896
01000000000100	360
01000000000101	567
01000000000110	462
01000000000111	748
01000000001000	642
01000000001001	654
01000000001010	650
01000000001011	520
01000000001100	493
01000000001101	769
01000000001110	430
01000000001111	771
01000000010000	139
01000000010001	387
01000000010010	184
01000000010011	433
01000000010100	149
01000000010101	423
01000000010110	176
01000000010111	366
01000000011000	223
01000000011001	461
01000000011010	200
01000000011011	402
01000000011100	227
01000000011101	336
01000000011110	177
01000000011111	398
01000000100000	568
01000000100001	658
01000000100010	568
01000000100011	888
01000000100100	613
01000000100101	858
01000000100110	581
01000000100111	833
01000000101000	581
01000000101001	1064
01000000101010	611
01000000101011	799
01000000101100	513
01000000101101	966
01000000101110	428
01000000101111	698
01000000110000	176
01000000110001	510
01000000110010	168
01000000110011	509
01000000110100	211
01000000110101	455
01000000110110	171
01000000110111	535
01000000111000	315
01000000111001	614
01000000111010	300
01000000111011	686
01000000111100	298
01000000111101	525
01000000111110	249
01000000111111	480
01000001000000	340
01000001000001	695
01000001000010	336
01000001000011	679
01000001000100	316
01000001000101	666
01000001000110	238
01000001000111	600
01000001001000	329
01000001001001	761
01000001001010	348
01000001001011	730
01000001001100	368
01000001001101	548
01000001001110	328
01000001001111	766
01000001010000	112
01000001010001	315
01000001010010	122
01000001010011	437
01000001010100	114
01000001010101	482
01000001010110	118
01000001010111	490
01000001011000	156
01000001011001	334
01000001011010	162
01000001011011	416
01000001011100	171
01000001011101	519
01000001011110	133
01000001011111	359
01000001100000	355
01000001100001	836
01000001100010	310
01000001100011	756
01000001100100	406
01000001100101	906
01000001100110	315
01000001100111	776
01000001101000	519
01000001101001	881
01000001101010	431
01000001101011	718
01000001101100	399
01000001101101	971
01000001101110	396
01000001101111	587
01000001110000	122
01000001110001	405
01000001110010	107
01000001110011	378
01000001110100	156
01000001110101	489
01000001110110	146
01000001110111	310
01000001111000	250
01000001111001	523
01000001111010	175
01000001111011	574
01000001111100	196
01000001111101	438
01000001111110	219
01000001111111	433
01000010000000	338
01000010000001	631
01000010000010	394
01000010000011	728
01000010000100	406
01000010000101	655
01000010000110	280
01000010000111	762
01000010001000	411
01000010001001	723
01000010001010	510
01000010001011	842
01000010001100	411
01000010001101	596
01000010001110	440
01000010001111	694
01000010010000	145
01000010010001	320
01000010010010	137
01000010010011	295
01000010010100	135
01000010010101	292
01000010010110	137
01000010010111	426
01000010011000	161
01000010011001	576
01000010011010	144
01000010011011	537
01000010011100	186
01000010011101	473
01000010011110	203
01000010011111	398
01000010100000	494
01000010100001	953
01000010100010	379
01000010100011	619
01000010100100	462
01000010100101	658
01000010100110	415
01000010100111	842
01000010101000	655
01000010101001	534
01000010101010	555
01000010101011	753
01000010101100	542
01000010101101	673
01000010101110	585
01000010101111	901
01000010110000	163
01000010110001	447
01000010110010	147
01000010110011	479
01000010110100	108
01000010110101	488
01000010110110	193
01000010110111	548
01000010111000	301
01000010111001	538
01000010111010	229
01000010111011	641
01000010111100	257
01000010111101	593
01000010111110	207
01000010111111	465
01000011000000	345
01000011000001	509
01000011000010	391
01000011000011	573
01000011000100	297
01000011000101	477
01000011000110	363
01000011000111	612
01000011001000	408
01000011001001	465
01000011001010	353
01000011001011	651
01000011001100	486
01000011001101	574
01000011001110	333
01000011001111	722
01000011010000	90
01000011010001	328
01000011010010	125
01000011010011	332
01000011010100	119
01000011010101	395
01000011010110	98
01000011010111	543
01000011011000	179
01000011011001	301
01000011011010	154
01000011011011	483
01000011011100	151
01000011011101	390
01000011011110	151
01000011011111	529
01000011100000	354
01000011100001	824
01000011100010	390
01000011100011	706
01000011100100	381
01000011100101	593
01000011100110	414
01000011100111	592
01000011101000	395
01000011101001	725
01000011101010	380
01000011101011	725
01000011101100	451
01000011101101	653
01000011101110	423
01000011101111	800
01000011110000	153
01000011110001	423
01000011110010	121
01000011110011	269
01000011110100	157
01000011110101	567
01000011110110	126
01000011110111	398
01000011111000	186
01000011111001	553
01000011111010	188
01000011111011	583
01000011111100	212
01000011111101	550
01000011111110	263
01000011111111	522
01000100000000	329
01000100000001	529
01000100000010	330
01000100000011	553
01000100000100	304
01000100000101	582
01000100000110	328
01000100000111	579
01000100001000	441
01000100001001	661
01000100001010	393
01000100001011	561
01000100001100	404
01000100001101	595
01000100001110	426
01000100001111	589
01000100010000	93
01000100010001	276
01000100010010	107
01000100010011	276
01000100010100	111
01000100010101	309
01000100010110	107
01000100010111	417
01000100011000	150
01000100011001	505
01000100011010	162
01000100011011	377
01000100011100	168
01000100011101	439
01000100011110	205
01000100011111	421
01000100100000	385
01000100100001	749
01000100100010	336
01000100100011	672
01000100100100	438
01000100100101	714
01000100100110	428
01000100100111	737
01000100101000	597
01000100101001	595
01000100101010	457
01000100101011	598
01000100101100	524
01000100101101	733
01000100101110	450
01000100101111	597
01000100110000	165
01000100110001	413
01000100110010	141
01000100110011	389
01000100110100	124
01000100110101	415
01000100110110	144
01000100110111	386
01000100111000	208
01000100111001	463
01000100111010	227
01000100111011	332
01000100111100	203
01000100111101	495
01000100111110	199
01000100111111	420
01000101000000	177
01000101000001	453
01000101000010	239
01000101000011	468
01000101000100	196
01000101000101	475
01000101000110	242
01000101000111	530
01000101001000	331
01000101001001	516
01000101001010	282
01000101001011	595
01000101001100	287
01000101001101	483
01000101001110	271
01000101001111	472
01000101010000	68
01000101010001	261
01000101010010	75
01000101010011	275
01000101010100	103
01000101010101	306
01000101010110	82
01000101010111	285
01000101011000	134
01000101011001	304
01000101011010	120
01000101011011	335
01000101011100	132
01000101011101	467
01000101011110	100
01000101011111	405
01000101100000	256
01000101100001	754
01000101100010	293
01000101100011	601
01000101100100	292
01000101100101	620
01000101100110	290
01000101100111	648
01000101101000	478
01000101101001	589
01000101101010	232
01000101101011	694
01000101101100	328
01000101101101	709
01000101101110	406
01000101101111	378
01000101110000	100
01000101110001	327
01000101110010	97
01000101110011	381
01000101110100	105
01000101110101	447
01000101110110	115
01000101110111	366
01000101111000	132
01000101111001	422
01000101111010	127
01000101111011	312
01000101111100	151
01000101111101	318
01000101111110	114
01000101111111	341
01000110000000	398
01000110000001	659
01000110000010	327
01000110000011	1010
01000110000100	452
01000110000101	648
01000110000110	381
01000110000111	719
01000110001000	411
01000110001001	688
01000110001010	475
01000110001011	750
01000110001100	528
01000110001101	631
01000110001110	528
01000110001111	785
01000110010000	153
01000110010001	339
01000110010010	159
01000110010011	366
01000110010100	152
01000110010101	480
01000110010110	154
01000110010111	553
01000110011000	182
01000110011001	366
01000110011010	195
01000110011011	527
01000110011100	206
01000110011101	465
01000110011110	211
01000110011111	651
01000110100000	465
01000110100001	955
01000110100010	475
01000110100011	871
01000110100100	531
01000110100101	925
01000110100110	491
01000110100111	841
01000110101000	611
01000110101001	870
01000110101010	529
01000110101011	779
01000110101100	578
01000110101101	773
01000110101110	721
01000110101111	948
01000110110000	161
01000110110001	474
01000110110010	137
01000110110011	443
01000110110100	178
01000110110101	361
01000110110110	205
01000110110111	480
01000110111000	260
01000110111001	764
01000110111010	243
01000110111011	477
01000110111100	283
01000110111101	615
01000110111110	287
01000110111111	487
01000111000000	307
01000111000001	722
01000111000010	310
01000111000011	537
01000111000100	298
01000111000101	624
01000111000110	399
01000111000111	721
01000111001000	409
01000111001001	523
01000111001010	458
01000111001011	688
01000111001100	334
01000111001101	702
01000111001110	455
01000111001111	706
01000111010000	114
01000111010001	362
01000111010010	125
01000111010011	384
01000111010100	136
01000111010101	368
01000111010110	170
01000111010111	457
01000111011000	142
01000111011001	471
01000111011010	202
01000111011011	391
01000111011100	189
01000111011101	483
01000111011110	229
01000111011111	563
01000111100000	379
01000111100001	713
01000111100010	372
01000111100011	817
01000111100100	439
01000111100101	862
01000111100110	489
01000111100111	800
01000111101000	585
01000111101001	800
01000111101010	466
01000111101011	779
01000111101100	589
01000111101101	935
01000111101110	568
01000111101111	775
01000111110000	152
01000111110001	515
01000111110010	180
01000111110011	459
01000111110100	191
01000111110101	584
01000111110110	188
01000111110111	471
01000111111000	206
01000111111001	514
01000111111010	186
01000111111011	490
01000111111100	247
01000111111101	719
01000111111110	226
01000111111111	647
01001000000000	496
01001000000001	759
01001000000010	525
01001000000011	1121
01001000000100	439
01001000000101	906
01001000000110	479
01001000000111	928
01001000001000	672
01001000001001	992
01001000001010	690
01001000001011	959
01001000001100	451
01001000001101	708
01001000001110	617
01001000001111	668
01001000010000	156
01001000010001	486
01001000010010	169
01001000010011	637
01001000010100	169
01001000010101	576
01001000010110	192
01001000010111	541
01001000011000	213
01001000011001	550
01001000011010	230
01001000011011	594
01001000011100	219
01001000011101	546
01001000011110	223
01001000011111	490
01001000100000	638
01001000100001	1127
01001000100010	684
01001000100011	1364
01001000100100	662
01001000100101	1252
01001000100110	640
01001000100111	1148
01001000101000	822
01001000101001	1104
01001000101010	788
01001000101011	1173
01001000101100	704
01001000101101	812
01001000101110	701
01001000101111	930
01001000110000	194
01001000110001	576
01001000110010	184
01001000110011	576
01001000110100	208
01001000110101	633
01001000110110	208
01001000110111	519
01001000111000	368
01001000111001	786
01001000111010	294
01001000111011	739
01001000111100	330
01001000111101	622
01001000111110	312
01001000111111	712
01001001000000	363
01001001000001	732
01001001000010	357
01001001000011	924
01001001000100	344
01001001000101	886
01001001000110	436
01001001000111	743
01001001001000	584
01001001001001	756
01001001001010	394
01001001001011	680
01001001001100	353
01001001001101	664
01001001001110	411
01001001001111	694
01001001010000	133
01001001010001	517
01001001010010	166
01001001010011	477
01001001010100	97
01001001010101	446
01001001010110	132
01001001010111	449
01001001011000	167
01001001011001	447
01001001011010	234
01001001011011	596
01001001011100	184
01001001011101	566
01001001011110	194
01001001011111	522
01001001100000	533
01001001100001	809
01001001100010	355
01001001100011	982
01001001100100	486
01001001100101	1107
01001001100110	420
01001001100111	939
01001001101000	542
01001001101001	1089
01001001101010	549
01001001101011	851
01001001101100	581
01001001101101	897
01001001101110	511
01001001101111	1102
01001001110000	163
01001001110001	503
01001001110010	187
01001001110011	622
01001001110100	163
01001001110101	460
01001001110110	163
01001001110111	712
01001001111000	212
01001001111001	642
01001001111010	201
01001001111011	540
01001001111100	238
01001001111101	513
01001001111110	221
01001001111111	449
01001010000000	678
01001010000001	1093
01001010000010	605
01001010000011	870
01001010000100	457
01001010000101	839
01001010000110	524
01001010000111	1030
01001010001000	792
01001010001001	1137
01001010001010	660
01001010001011	984
01001010001100	602
01001010001101	1154
01001010001110	646
01001010001111	883
01001010010000	137
01001010010001	589
01001010010010	217
01001010010011	461
01001010010100	177
01001010010101	485
01001010010110	227
01001010010111	627
01001010011000	338
01001010011001	598
01001010011010	353
01001010011011	798
01001010011100	247
01001010011101	507
01001010011110	249
01001010011111	698
01001010100000	641
01001010100001	1029
01001010100010	513
01001010100011	859
01001010100100	682
01001010100101	1200
01001010100110	610
01001010100111	1131
01001010101000	825
01001010101001	1466
01001010101010	839
01001010101011	1202
01001010101100	820
01001010101101	1302
01001010101110	763
01001010101111	1064
01001010110000	230
01001010110001	747
01001010110010	220
01001010110011	587
01001010110100	217
01001010110101	662
01001010110110	211
01001010110111	600
01001010111000	395
01001010111001	927
01001010111010	418
01001010111011	811
01001010111100	303
01001010111101	714
01001010111110	298
01001010111111	775
01001011000000	449
01001011000001	766
01001011000010	465
01001011000011	978
01001011000100	393
01001011000101	812
01001011000110	487
01001011000111	805
01001011001000	492
01001011001001	929
01001011001010	508
01001011001011	1012
01001011001100	570
01001011001101	941
01001011001110	537
01001011001111	944
01001011010000	141
01001011010001	446
01001011010010	172
01001011010011	548
01001011010100	154
01001011010101	633
01001011010110	185
01001011010111	516
01001011011000	246
01001011011001	714
01001011011010	219
01001011011011	616
01001011011100	281
01001011011101	601
01001011011110	265
01001011011111	694
01001011100000	648
01001011100001	1109
01001011100010	612
01001011100011	1087
01001011100100	535
01001011100101	1016
01001011100110	494
01001011100111	866
01001011101000	776
01001011101001	1155
01001011101010	649
01001011101011	1143
01001011101100	640
01001011101101	1144
01001011101110	599
01001011101111	1040
01001011110000	195
01001011110001	668
01001011110010	194
01001011110011	536
01001011110100	245
01001011110101	694
01001011110110	219
01001011110111	795
01001011111000	331
01001011111001	735
01001011111010	277
01001011111011	767
01001011111100	295
01001011111101	724
01001011111110	300
01001011111111	767
01001100000000	374
01001100000001	818
01001100000010	454
01001100000011	778
01001100000100	480
01001100000101	610
01001100000110	410
01001100000111	663
01001100001000	455
01001100001001	775
01001100001010	502
01001100001011	701
01001100001100	470
01001100001101	722
01001100001110	498
01001100001111	669
01001100010000	110
01001100010001	421
01001100010010	108
01001100010011	351
01001100010100	151
01001100010101	404
01001100010110	137
01001100010111	431
01001100011000	214
01001100011001	484
01001100011010	219
01001100011011	419
01001100011100	162
01001100011101	411
01001100011110	187
01001100011111	473
01001100100000	529
01001100100001	858
01001100100010	505
01001100100011	729
01001100100100	515
01001100100101	934
01001100100110	506
01001100100111	747
01001100101000	614
01001100101001	929
01001100101010	578
01001100101011	825
01001100101100	496
01001100101101	985
01001100101110	605
01001100101111	794
01001100110000	202
01001100110001	577
01001100110010	153
01001100110011	477
01001100110100	172
01001100110101	482
01001100110110	193
01001100110111	533
01001100111000	287
01001100111001	584
01001100111010	282
01001100111011	575
01001100111100	281
01001100111101	537
01001100111110	268
01001100111111	523
01001101000000	248
01001101000001	592
01001101000010	290
01001101000011	700
01001101000100	325
01001101000101	585
01001101000110	318
01001101000111	639
01001101001000	279
01001101001001	556
01001101001010	358
01001101001011	668
01001101001100	368
01001101001101	436
01001101001110	320
01001101001111	584
01001101010000	119
01001101010001	301
01001101010010	82
01001101010011	427
01001101010100	89
01001101010101	319
01001101010110	112
01001101010111	381
01001101011000	126
01001101011001	410
01001101011010	145
01001101011011	544
01001101011100	155
01001101011101	437
01001101011110	152
01001101011111	374
01001101100000	329
01001101100001	810
01001101100010	301
01001101100011	671
01001101100100	360
01001101100101	696
01001101100110	355
01001101100111	740
01001101101000	394
01001101101001	772
01001101101010	390
01001101101011	694
01001101101100	416
01001101101101	653
01001101101110	428
01001101101111	904
01001101110000	126
01001101110001	377
01001101110010	120
01001101110011	427
01001101110100	142
01001101110101	364
01001101110110	110
01001101110111	431
01001101111000	136
01001101111001	550
01001101111010	153
01001101111011	616
01001101111100	207
01001101111101	506
01001101111110	160
01001101111111	428
01001110000000	508
01001110000001	1047
01001110000010	574
01001110000011	883
01001110000100	537
01001110000101	745
01001110000110	578
01001110000111	918
01001110001000	632
01001110001001	996
01001110001010	706
01001110001011	1168
01001110001100	619
01001110001101	1037
01001110001110	781
01001110001111	1261
01001110010000	196
01001110010001	558
01001110010010	197
01001110010011	559
01001110010100	200
01001110010101	476
01001110010110	184
01001110010111	583
01001110011000	280
01001110011001	744
01001110011010	276
01001110011011	652
01001110011100	349
01001110011101	787
01001110011110	414
01001110011111	624
01001110100000	644
01001110100001	1236
01001110100010	714
01001110100011	1089
01001110100100	735
01001110100101	1084
01001110100110	525
01001110100111	1314
01001110101000	1002
01001110101001	1350
01001110101010	803
01001110101011	1240
01001110101100	839
01001110101101	1217
01001110101110	790
01001110101111	1094
01001110110000	240
01001110110001	666
01001110110010	198
01001110110011	724
01001110110100	214
01001110110101	812
01001110110110	206
01001110110111	699
01001110111000	389
01001110111001	851
01001110111010	325
01001110111011	770
01001110111100	393
01001110111101	831
01001110111110	309
01001110111111	901
01001111000000	458
01001111000001	1055
01001111000010	531
01001111000011	857
01001111000100	412
01001111000101	976
01001111000110	583
01001111000111	1108
01001111001000	538
01001111001001	989
01001111001010	647
01001111001011	1075
01001111001100	582
01001111001101	811
01001111001110	550
01001111001111	945
01001111010000	132
01001111010001	523
01001111010010	185
01001111010011	444
01001111010100	132
01001111010101	507
01001111010110	194
01001111010111	576
01001111011000	247
01001111011001	538
01001111011010	219
01001111011011	480
01001111011100	241
01001111011101	619
01001111011110	311
01001111011111	724
01001111100000	608
01001111100001	1145
01001111100010	575
01001111100011	1246
01001111100100	622
01001111100101	1171
01001111100110	656
01001111100111	1130
01001111101000	649
01001111101001	1043
01001111101010	636
01001111101011	870
01001111101100	506
01001111101101	1283
01001111101110	786
01001111101111	891
01001111110000	193
01001111110001	597
01001111110010	168
01001111110011	593
01001111110100	218
01001111110101	718
01001111110110	231
01001111110111	541
01001111111000	291
01001111111001	790
01001111111010	334
01001111111011	639
01001111111100	319
01001111111101	789
01001111111110	295
01001111111111	955
01010000000000	583
01010000000001	969
01010000000010	735
01010000000011	1233
01010000000100	732
01010000000101	1226
01010000000110	661
01010000000111	1161
01010000001000	782
01010000001001	1277
01010000001010	958
01010000001011	1091
01010000001100	858
01010000001101	941
01010000001110	827
01010000001111	1240
01010000010000	232
01010000010001	669
01010000010010	234
01010000010011	723
01010000010100	215
01010000010101	651
01010000010110	209
01010000010111	673
01010000011000	428
01010000011001	809
01010000011010	417
01010000011011	849
01010000011100	273
01010000011101	797
01010000011110	321
01010000011111	801
01010000100000	968
01010000100001	1364
01010000100010	724
01010000100011	1072
01010000100100	842
01010000100101	1575
01010000100110	676
01010000100111	1183
01010000101000	1098
01010000101001	1581
01010000101010	836
01010000101011	1579
01010000101100	938
01010000101101	1276
01010000101110	772
01010000101111	1195
01010000110000	383
01010000110001	793
01010000110010	258
01010000110011	997
01010000110100	313
01010000110101	915
01010000110110	270
01010000110111	818
01010000111000	442
01010000111001	968
01010000111010	346
01010000111011	1020
01010000111100	473
01010000111101	943
01010000111110	425
01010000111111	961
01010001000000	539
01010001000001	1125
01010001000010	511
01010001000011	1135
01010001000100	481
01010001000101	1230
01010001000110	556
01010001000111	1051
01010001001000	591
01010001001001	1056
01010001001010	687
01010001001011	1253
01010001001100	533
01010001001101	975
01010001001110	612
01010001001111	1043
01010001010000	206
01010001010001	638
01010001010010	186
01010001010011	704
01010001010100	134
01010001010101	516
01010001010110	167
01010001010111	673
01010001011000	236
01010001011001	728
01010001011010	288
01010001011011	691
01010001011100	235
01010001011101	703
01010001011110	277
01010001011111	626
01010001100000	632
01010001100001	1333
01010001100010	609
01010001100011	1147
01010001100100	801
01010001100101	1236
01010001100110	563
01010001100111	1327
01010001101000	760
01010001101001	1417
01010001101010	740
01010001101011	1421
01010001101100	832
01010001101101	1249
01010001101110	510
01010001101111	1205
01010001110000	206
01010001110001	799
01010001110010	199
01010001110011	608
01010001110100	228
01010001110101	792
01010001110110	205
01010001110111	995
01010001111000	281
01010001111001	878
01010001111010	314
01010001111011	992
01010001111100	295
01010001111101	820
01010001111110	260
01010001111111	763
01010010000000	570
01010010000001	1369
01010010000010	682
01010010000011	1419
01010010000100	651
01010010000101	1046
01010010000110	711
01010010000111	1421
01010010001000	907
01010010001001	1278
01010010001010	857
01010010001011	1567
01010010001100	770
01010010001101	1198
01010010001110	900
01010010001111	1525
01010010010000	249
01010010010001	665
01010010010010	265
01010010010011	858
01010010010100	317
01010010010101	780
01010010010110	217
01010010010111	869
01010010011000	337
01010010011001	949
01010010011010	378
01010010011011	1001
01010010011100	418
01010010011101	772
01010010011110	398
01010010011111	940
01010010100000	840
01010010100001	1501
01010010100010	800
01010010100011	1349
01010010100100	764
01010010100101	1403
01010010100110	727
01010010100111	1322
01010010101000	1072
01010010101001	1512
01010010101010	1064
01010010101011	1472
01010010101100	1007
01010010101101	1456
01010010101110	954
01010010101111	1339
01010010110000	337
01010010110001	823
01010010110010	277
01010010110011	941
01010010110100	312
01010010110101	863
01010010110110	279
01010010110111	967
01010010111000	518
01010010111001	881
01010010111010	379
01010010111011	967
01010010111100	374
01010010111101	959
01010010111110	458
01010010111111	1052
01010011000000	609
01010011000001	1292
01010011000010	428
01010011000011	1185
01010011000100	473
01010011000101	1049
01010011000110	558
01010011000111	1182
01010011001000	603
01010011001001	1124
01010011001010	777
01010011001011	1446
01010011001100	677
01010011001101	1192
01010011001110	585
01010011001111	1313
01010011010000	161
01010011010001	627
01010011010010	207
01010011010011	745
01010011010100	278
01010011010101	628
01010011010110	209
01010011010111	652
01010011011000	244
01010011011001	833
01010011011010	363
01010011011011	918
01010011011100	272
01010011011101	672
01010011011110	294
01010011011111	740
01010011100000	776
01010011100001	1265
01010011100010	664
01010011100011	1345
01010011100100	661
01010011100101	1182
01010011100110	684
01010011100111	1222
01010011101000	796
01010011101001	1544
01010011101010	859
01010011101011	1346
01010011101100	761
01010011101101	1329
01010011101110	763
01010011101111	1362
01010011110000	245
01010011110001	798
01010011110010	194
01010011110011	659
01010011110100	222
01010011110101	723
01010011110110	240
01010011110111	917
01010011111000	357
01010011111001	839
01010011111010	343
01010011111011	1133
01010011111100	358
01010011111101	822
01010011111110	343
01010011111111	915
01010100000000	585
01010100000001	965
01010100000010	659
01010100000011	1018
01010100000100	576
01010100000101	1053
01010100000110	666
01010100000111	1048
01010100001000	701
01010100001001	925
01010100001010	654
01010100001011	1104
01010100001100	654
01010100001101	992
01010100001110	817
01010100001111	1016
01010100010000	172
01010100010001	461
01010100010010	204
01010100010011	696
01010100010100	211
01010100010101	712
01010100010110	207
01010100010111	683
01010100011000	242
01010100011001	654
01010100011010	297
01010100011011	808
01010100011100	210
01010100011101	658
01010100011110	231
01010100011111	615
01010100100000	750
01010100100001	1335
01010100100010	635
01010100100011	867
01010100100100	827
01010100100101	1150
01010100100110	695
01010100100111	1115
01010100101000	993
01010100101001	1210
01010100101010	803
01010100101011	1020
01010100101100	855
01010100101101	1302
01010100101110	893
01010100101111	974
01010100110000	245
01010100110001	752
01010100110010	224
01010100110011	550
01010100110100	249
01010100110101	699
01010100110110	204
01010100110111	674
01010100111000	444
01010100111001	885
01010100111010	394
01010100111011	669
01010100111100	363
01010100111101	860
01010100111110	390
01010100111111	805
01010101000000	392
01010101000001	1079
01010101000010	437
01010101000011	1037
01010101000100	520
01010101000101	914
01010101000110	494
01010101000111	1026
01010101001000	521
01010101001001	789
01010101001010	528
01010101001011	999
01010101001100	468
01010101001101	926
01010101001110	509
01010101001111	1015
01010101010000	157
01010101010001	536
01010101010010	154
01010101010011	477
01010101010100	154
01010101010101	587
01010101010110	158
01010101010111	520
01010101011000	181
01010101011001	506
01010101011010	245
01010101011011	574
01010101011100	198
01010101011101	647
01010101011110	230
01010101011111	732
01010101100000	476
01010101100001	1226
01010101100010	412
01010101100011	977
01010101100100	666
01010101100101	1211
01010101100110	579
01010101100111	1259
01010101101000	617
01010101101001	1503
01010101101010	570
01010101101011	1240
01010101101100	637
01010101101101	1212
01010101101110	468
01010101101111	1425
01010101110000	136
01010101110001	571
01010101110010	174
01010101110011	603
01010101110100	216
01010101110101	674
01010101110110	176
01010101110111	631
01010101111000	305
01010101111001	858
01010101111010	273
01010101111011	864
01010101111100	336
01010101111101	854
01010101111110	258
01010101111111	740
01010110000000	823
01010110000001	1208
01010110000010	873
01010110000011	1532
01010110000100	567
01010110000101	1551
01010110000110	623
01010110000111	1352
01010110001000	1042
01010110001001	1206
01010110001010	878
01010110001011	1625
01010110001100	982
01010110001101	1149
01010110001110	920
01010110001111	1561
01010110010000	278
01010110010001	622
01010110010010	252
01010110010011	808
01010110010100	276
01010110010101	672
01010110010110	296
01010110010111	678
01010110011000	413
01010110011001	935
01010110011010	392
01010110011011	1057
01010110011100	412
01010110011101	988
01010110011110	398
01010110011111	944
01010110100000	759
01010110100001	1178
01010110100010	1052
01010110100011	1467
01010110100100	1073
01010110100101	1772
01010110100110	858
01010110100111	1355
01010110101000	1343
01010110101001	1624
01010110101010	1085
01010110101011	1488
01010110101100	1273
01010110101101	1815
01010110101110	930
01010110101111	1339
01010110110000	252
01010110110001	831
01010110110010	315
01010110110011	741
01010110110100	313
01010110110101	813
01010110110110	348
01010110110111	980
01010110111000	521
01010110111001	1227
01010110111010	483
01010110111011	983
01010110111100	565
01010110111101	1141
01010110111110	480
01010110111111	1114
01010111000000	618
01010111000001	1238
01010111000010	671
01010111000011	1277
01010111000100	769
01010111000101	1366
01010111000110	641
01010111000111	1179
01010111001000	695
01010111001001	1179
01010111001010	830
01010111001011	1509
01010111001100	852
01010111001101	1019
01010111001110	756
01010111001111	1592
01010111010000	244
01010111010001	739
01010111010010	246
01010111010011	776
01010111010100	216
01010111010101	795
01010111010110	212
01010111010111	787
01010111011000	287
01010111011001	763
01010111011010	356
01010111011011	875
01010111011100	307
01010111011101	676
01010111011110	313
01010111011111	956
01010111100000	725
01010111100001	1591
01010111100010	807
01010111100011	1322
01010111100100	728
01010111100101	1553
01010111100110	813
01010111100111	1486
01010111101000	909
01010111101001	1599
01010111101010	883
01010111101011	1571
01010111101100	832
01010111101101	1466
01010111101110	848
01010111101111	1335
01010111110000	246
01010111110001	893
01010111110010	293
01010111110011	865
01010111110100	337
01010111110101	971
01010111110110	299
01010111110111	879
01010111111000	365
01010111111001	923
01010111111010	422
01010111111011	1064
01010111111100	455
01010111111101	974
01010111111110	398
01010111111111	1112
01011000000000	426
01011000000001	708
01011000000010	458
01011000000011	884
01011000000100	426
01011000000101	859
01011000000110	528
01011000000111	951
01011000001000	681
01011000001001	1012
01011000001010	575
01011000001011	921
01011000001100	451
01011000001101	687
01011000001110	387
01011000001111	813
01011000010000	208
01011000010001	352
01011000010010	200
01011000010011	461
01011000010100	160
01011000010101	433
01011000010110	157
01011000010111	505
01011000011000	207
01011000011001	624
01011000011010	291
01011000011011	570
01011000011100	177
01011000011101	452
01011000011110	246
01011000011111	445
01011000100000	572
01011000100001	763
01011000100010	591
01011000100011	855
01011000100100	610
01011000100101	991
01011000100110	565
01011000100111	827
01011000101000	705
01011000101001	1184
01011000101010	656
01011000101011	1028
01011000101100	593
01011000101101	1145
01011000101110	575
01011000101111	607
01011000110000	249
01011000110001	462
01011000110010	237
01011000110011	531
01011000110100	197
01011000110101	588
01011000110110	142
01011000110111	552
01011000111000	333
01011000111001	761
01011000111010	344
01011000111011	538
01011000111100	217
01011000111101	754
01011000111110	207
01011000111111	611
01011001000000	309
01011001000001	811
01011001000010	430
01011001000011	622
01011001000100	339
01011001000101	651
01011001000110	438
01011001000111	686
01011001001000	460
01011001001001	836
01011001001010	439
01011001001011	928
01011001001100	434
01011001001101	749
01011001001110	383
01011001001111	904
01011001010000	118
01011001010001	462
01011001010010	104
01011001010011	476
01011001010100	114
01011001010101	415
01011001010110	155
01011001010111	470
01011001011000	181
01011001011001	462
01011001011010	168
01011001011011	404
01011001011100	175
01011001011101	474
01011001011110	162
01011001011111	358
01011001100000	436
01011001100001	890
01011001100010	409
01011001100011	765
01011001100100	435
01011001100101	1027
01011001100110	428
01011001100111	750
01011001101000	451
01011001101001	818
01011001101010	550
01011001101011	930
01011001101100	430
01011001101101	826
01011001101110	409
01011001101111	712
01011001110000	127
01011001110001	486
01011001110010	110
01011001110011	411
01011001110100	133
01011001110101	599
01011001110110	153
01011001110111	525
01011001111000	268
01011001111001	638
01011001111010	177
01011001111011	521
01011001111100	203
01011001111101	627
01011001111110	180
01011001111111	565
01011010000000	454
01011010000001	720
01011010000010	593
01011010000011	898
01011010000100	465
01011010000101	744
01011010000110	478
01011010000111	729
01011010001000	617
01011010001001	700
01011010001010	678
01011010001011	916
01011010001100	595
01011010001101	810
01011010001110	500
01011010001111	913
01011010010000	128
01011010010001	421
01011010010010	158
01011010010011	471
01011010010100	131
01011010010101	394
01011010010110	180
01011010010111	502
01011010011000	295
01011010011001	549
01011010011010	240
01011010011011	617
01011010011100	263
01011010011101	379
01011010011110	241
01011010011111	634
01011010100000	604
01011010100001	1117
01011010100010	459
01011010100011	916
01011010100100	626
01011010100101	943
01011010100110	508
01011010100111	900
01011010101000	820
01011010101001	1088
01011010101010	592
01011010101011	750
01011010101100	751
01011010101101	914
01011010101110	656
01011010101111	1094
01011010110000	172
01011010110001	529
01011010110010	187
01011010110011	548
01011010110100	247
01011010110101	499
01011010110110	195
01011010110111	583
01011010111000	348
01011010111001	743
01011010111010	320
01011010111011	717
01011010111100	310
01011010111101	771
01011010111110	343
01011010111111	583
01011011000000	395
01011011000001	614
01011011000010	382
01011011000011	789
01011011000100	347
01011011000101	787
01011011000110	409
01011011000111	710
01011011001000	543
01011011001001	998
01011011001010	500
01011011001011	826
01011011001100	461
01011011001101	930
01011011001110	573
01011011001111	1023
01011011010000	132
01011011010001	441
01011011010010	130
01011011010011	359
01011011010100	143
01011011010101	476
01011011010110	108
01011011010111	391
01011011011000	215
01011011011001	713
01011011011010	210
01011011011011	658
01011011011100	213
01011011011101	447
01011011011110	243
01011011011111	628
01011011100000	504
01011011100001	869
01011011100010	469
01011011100011	857
01011011100100	467
01011011100101	1039
01011011100110	398
01011011100111	817
01011011101000	608
01011011101001	836
01011011101010	613
01011011101011	981
01011011101100	538
01011011101101	954
01011011101110	569
01011011101111	805
01011011110000	152
01011011110001	545
01011011110010	133
01011011110011	562
01011011110100	177
01011011110101	423
01011011110110	193
01011011110111	532
01011011111000	292
01011011111001	556
01011011111010	255
01011011111011	674
01011011111100	318
01011011111101	737
01011011111110	235
01011011111111	716
01011100000000	427
01011100000001	571
01011100000010	372
01011100000011	611
01011100000100	349
01011100000101	712
01011100000110	448
01011100000111	671
01011100001000	431
01011100001001	849
01011100001010	516
01011100001011	740
01011100001100	368
01011100001101	662
01011100001110	505
01011100001111	772
01011100010000	139
01011100010001	436
01011100010010	104
01011100010011	370
01011100010100	174
01011100010101	493
01011100010110	140
01011100010111	469
01011100011000	201
01011100011001	501
01011100011010	216
01011100011011	564
01011100011100	209
01011100011101	393
01011100011110	171
01011100011111	377
01011100100000	486
01011100100001	910
01011100100010	479
01011100100011	692
01011100100100	547
01011100100101	701
01011100100110	441
01011100100111	932
01011100101000	579
01011100101001	954
01011100101010	657
01011100101011	880
01011100101100	510
01011100101101	939
01011100101110	530
01011100101111	703
01011100110000	137
01011100110001	426
01011100110010	170
01011100110011	435
01011100110100	152
01011100110101	505
01011100110110	184
01011100110111	446
01011100111000	219
01011100111001	590
01011100111010	210
01011100111011	569
01011100111100	209
01011100111101	579
01011100111110	238
01011100111111	472
01011101000000	292
01011101000001	682
01011101000010	245
01011101000011	724
01011101000100	306
01011101000101	629
01011101000110	387
01011101000111	512
01011101001000	425
01011101001001	493
01011101001010	404
01011101001011	733
01011101001100	381
01011101001101	456
01011101001110	355
01011101001111	696
01011101010000	80
01011101010001	247
01011101010010	123
01011101010011	468
01011101010100	142
01011101010101	423
01011101010110	119
01011101010111	377
01011101011000	137
01011101011001	350
01011101011010	171
01011101011011	381
01011101011100	158
01011101011101	518
01011101011110	143
01011101011111	464
01011101100000	359
01011101100001	790
01011101100010	386
01011101100011	783
01011101100100	327
01011101100101	887
01011101100110	326
01011101100111	748
01011101101000	465
01011101101001	653
01011101101010	416
01011101101011	740
01011101101100	376
01011101101101	760
01011101101110	401
01011101101111	601
01011101110000	123
01011101110001	406
01011101110010	127
01011101110011	424
01011101110100	124
01011101110101	556
01011101110110	134
01011101110111	456
01011101111000	168
01011101111001	512
01011101111010	153
01011101111011	480
01011101111100	188
01011101111101	447
01011101111110	154
01011101111111	413
01011110000000	466
01011110000001	834
01011110000010	495
01011110000011	1142
01011110000100	514
01011110000101	705
01011110000110	593
01011110000111	809
01011110001000	557
01011110001001	846
01011110001010	514
01011110001011	953
01011110001100	558
01011110001101	915
01011110001110	596
01011110001111	1040
01011110010000	185
01011110010001	409
01011110010010	205
01011110010011	771
01011110010100	186
01011110010101	499
01011110010110	217
01011110010111	680
01011110011000	254
01011110011001	536
01011110011010	317
01011110011011	668
01011110011100	294
01011110011101	797
01011110011110	292
01011110011111	669
01011110100000	684
01011110100001	1039
01011110100010	606
01011110100011	1088
01011110100100	577
01011110100101	1109
01011110100110	572
01011110100111	1014
01011110101000	734
01011110101001	1097
01011110101010	720
01011110101011	1089
01011110101100	871
01011110101101	1466
01011110101110	686
01011110101111	1086
01011110110000	183
01011110110001	527
01011110110010	223
01011110110011	559
01011110110100	258
01011110110101	766
01011110110110	204
01011110110111	638
01011110111000	285
01011110111001	794
01011110111010	318
01011110111011	822
01011110111100	369
01011110111101	824
01011110111110	376
01011110111111	593
01011111000000	433
01011111000001	747
01011111000010	395
01011111000011	931
01011111000100	349
01011111000101	909
01011111000110	446
01011111000111	850
01011111001000	515
01011111001001	915
01011111001010	485
01011111001011	778
01011111001100	483
01011111001101	1060
01011111001110	478
01011111001111	985
01011111010000	98
01011111010001	468
01011111010010	177
01011111010011	555
01011111010100	161
01011111010101	404
01011111010110	129
01011111010111	527
01011111011000	231
01011111011001	642
01011111011010	264
01011111011011	487
01011111011100	280
01011111011101	670
01011111011110	226
01011111011111	588
01011111100000	536
01011111100001	1039
01011111100010	514
01011111100011	898
01011111100100	571
01011111100101	906
01011111100110	492
01011111100111	1008
01011111101000	588
01011111101001	1133
01011111101010	645
01011111101011	1118
01011111101100	613
01011111101101	1066
01011111101110	692
01011111101111	1122
01011111110000	193
01011111110001	480
01011111110010	166
01011111110011	664
01011111110100	222
01011111110101	550
01011111110110	172
01011111110111	535
01011111111000	324
01011111111001	674
01011111111010	261
01011111111011	650
01011111111100	228
01011111111101	487
01011111111110	277
01011111111111	703
01100000000000	397
01100000000001	1014
01100000000010	446
01100000000011	710
01100000000100	429
01100000000101	736
01100000000110	503
01100000000111	824
01100000001000	521
01100000001001	628
01100000001010	622
01100000001011	670
01100000001100	445
01100000001101	580
01100000001110	439
01100000001111	647
01100000010000	140
01100000010001	356
01100000010010	159
01100000010011	382
01100000010100	140
01100000010101	329
01100000010110	131
01100000010111	418
01100000011000	241
01100000011001	551
01100000011010	228
01100000011011	566
01100000011100	236
01100000011101	416
01100000011110	240
01100000011111	665
01100000100000	509
01100000100001	786
01100000100010	667
01100000100011	785
01100000100100	525
01100000100101	895
01100000100110	505
01100000100111	795
01100000101000	784
01100000101001	870
01100000101010	676
01100000101011	906
01100000101100	627
01100000101101	770
01100000101110	541
01100000101111	883
01100000110000	198
01100000110001	526
01100000110010	158
01100000110011	503
01100000110100	202
01100000110101	387
01100000110110	151
01100000110111	489
01100000111000	273
01100000111001	618
01100000111010	267
01100000111011	636
01100000111100	248
01100000111101	512
01100000111110	289
01100000111111	382
01100001000000	257
01100001000001	561
01100001000010	273
01100001000011	863
01100001000100	217
01100001000101	532
01100001000110	259
01100001000111	535
01100001001000	345
01100001001001	736
01100001001010	329
01100001001011	551
01100001001100	256
01100001001101	538
01100001001110	329
01100001001111	638
01100001010000	95
01100001010001	391
01100001010010	129
01100001010011	392
01100001010100	101
01100001010101	237
01100001010110	117
01100001010111	353
01100001011000	193
01100001011001	381
01100001011010	172
01100001011011	431
01100001011100	145
01100001011101	405
01100001011110	166
01100001011111	358
01100001100000	359
01100001100001	765
01100001100010	328
01100001100011	634
01100001100100	370
01100001100101	771
01100001100110	438
01100001100111	593
01100001101000	417
01100001101001	793
01100001101010	450
01100001101011	928
01100001101100	429
01100001101101	545
01100001101110	398
01100001101111	630
01100001110000	110
01100001110001	345
01100001110010	124
01100001110011	463
01100001110100	137
01100001110101	420
01100001110110	157
01100001110111	463
01100001111000	187
01100001111001	393
01100001111010	211
01100001111011	529
01100001111100	224
01100001111101	533
01100001111110	154
01100001111111	391
01100010000000	432
01100010000001	661
01100010000010	261
01100010000011	750
01100010000100	423
01100010000101	613
01100010000110	496
01100010000111	699
01100010001000	476
01100010001001	714
01100010001010	471
01100010001011	694
01100010001100	276
01100010001101	588
01100010001110	397
01100010001111	784
01100010010000	109
01100010010001	278
01100010010010	118
01100010010011	390
01100010010100	120
01100010010101	351
01100010010110	156
01100010010111	489
01100010011000	176
01100010011001	441
01100010011010	204
01100010011011	435
01100010011100	171
01100010011101	451
01100010011110	182
01100010011111	401
01100010100000	495
01100010100001	848
01100010100010	345
01100010100011	748
01100010100100	348
01100010100101	746
01100010100110	492
01100010100111	870
01100010101000	494
01100010101001	756
01100010101010	459
01100010101011	769
01100010101100	506
01100010101101	782
01100010101110	489
01100010101111	681
01100010110000	137
01100010110001	439
01100010110010	86
01100010110011	387
01100010110100	130
01100010110101	422
01100010110110	123
01100010110111	349
01100010111000	234
01100010111001	629
01100010111010	204
01100010111011	372
01100010111100	237
01100010111101	438
01100010111110	223
01100010111111	488
01100011000000	213
01100011000001	710
01100011000010	358
01100011000011	855
01100011000100	392
01100011000101	641
01100011000110	370
01100011000111	778
01100011001000	378
01100011001001	664
01100011001010	428
01100011001011	667
01100011001100	500
01100011001101	651
01100011001110	439
01100011001111	542
01100011010000	101
01100011010001	296
01100011010010	99
01100011010011	353
01100011010100	111
01100011010101	309
01100011010110	100
01100011010111	408
01100011011000	147
01100011011001	360
01100011011010	163
01100011011011	389
01100011011100	119
01100011011101	343
01100011011110	194
01100011011111	392
01100011100000	368
01100011100001	994
01100011100010	387
01100011100011	680
01100011100100	395
01100011100101	737
01100011100110	459
01100011100111	863
01100011101000	421
01100011101001	789
01100011101010	482
01100011101011	722
01100011101100	455
01100011101101	714
01100011101110	438
01100011101111	666
01100011110000	139
01100011110001	383
01100011110010	99
01100011110011	399
01100011110100	140
01100011110101	526
01100011110110	121
01100011110111	462
01100011111000	173
01100011111001	576
01100011111010	165
01100011111011	493
01100011111100	139
01100011111101	462
01100011111110	194
01100011111111	552
01100100000000	332
01100100000001	556
01100100000010	341
01100100000011	495
01100100000100	308
01100100000101	523
01100100000110	330
01100100000111	472
01100100001000	399
01100100001001	625
01100100001010	477
01100100001011	528
01100100001100	404
01100100001101	481
01100100001110	410
01100100001111	398
01100100010000	115
01100100010001	252
01100100010010	74
01100100010011	314
01100100010100	118
01100100010101	292
01100100010110	121
01100100010111	437
01100100011000	112
01100100011001	464
01100100011010	165
01100100011011	378
01100100011100	134
01100100011101	431
01100100011110	138
01100100011111	374
01100100100000	386
01100100100001	582
01100100100010	342
01100100100011	509
01100100100100	344
01100100100101	610
01100100100110	375
01100100100111	491
01100100101000	345
01100100101001	620
01100100101010	602
01100100101011	654
01100100101100	436
01100100101101	502
01100100101110	438
01100100101111	736
01100100110000	179
01100100110001	346
01100100110010	148
01100100110011	374
01100100110100	161
01100100110101	434
01100100110110	148
01100100110111	343
01100100111000	227
01100100111001	391
01100100111010	204
01100100111011	518
01100100111100	205
01100100111101	546
01100100111110	181
01100100111111	375
01100101000000	183
01100101000001	420
01100101000010	207
01100101000011	466
01100101000100	229
01100101000101	555
01100101000110	190
01100101000111	506
01100101001000	216
01100101001001	456
01100101001010	313
01100101001011	410
01100101001100	184
01100101001101	532
01100101001110	246
01100101001111	338
01100101010000	57
01100101010001	186
01100101010010	58
01100101010011	357
01100101010100	91
01100101010101	307
01100101010110	68
01100101010111	297
01100101011000	107
01100101011001	353
01100101011010	125
01100101011011	397
01100101011100	116
01100101011101	255
01100101011110	97
01100101011111	258
01100101100000	314
01100101100001	625
01100101100010	184
01100101100011	577
01100101100100	264
01100101100101	844
01100101100110	199
01100101100111	640
01100101101000	317
01100101101001	593
01100101101010	280
01100101101011	704
01100101101100	377
01100101101101	382
01100101101110	360
01100101101111	727
01100101110000	85
01100101110001	414
01100101110010	73
01100101110011	298
01100101110100	130
01100101110101	506
01100101110110	79
01100101110111	310
01100101111000	123
01100101111001	410
01100101111010	157
01100101111011	392
01100101111100	128
01100101111101	391
01100101111110	116
01100101111111	351
01100110000000	358
01100110000001	596
01100110000010	483
01100110000011	641
01100110000100	384
01100110000101	693
01100110000110	407
01100110000111	779
01100110001000	472
01100110001001	629
01100110001010	450
01100110001011	651
01100110001100	453
01100110001101	850
01100110001110	391
01100110001111	765
01100110010000	147
01100110010001	387
01100110010010	109
01100110010011	440
01100110010100	157
01100110010101	293
01100110010110	165
01100110010111	341
01100110011000	215
01100110011001	394
01100110011010	209
01100110011011	507
01100110011100	232
01100110011101	579
01100110011110	201
01100110011111	409
01100110100000	458
01100110100001	657
01100110100010	403
01100110100011	777
01100110100100	478
01100110100101	916
01100110100110	488
01100110100111	943
01100110101000	540
01100110101001	836
01100110101010	503
01100110101011	742
01100110101100	545
01100110101101	725
01100110101110	501
01100110101111	768
01100110110000	124
01100110110001	472
01100110110010	153
01100110110011	369
01100110110100	206
01100110110101	607
01100110110110	174
01100110110111	552
01100110111000	213
01100110111001	435
01100110111010	253
01100110111011	490
01100110111100	198
01100110111101	567
01100110111110	309
01100110111111	630
01100111000000	312
01100111000001	764
01100111000010	386
01100111000011	711
01100111000100	385
01100111000101	794
01100111000110	336
01100111000111	662
01100111001000	378
01100111001001	609
01100111001010	422
01100111001011	816
01100111001100	415
01100111001101	569
01100111001110	391
01100111001111	789
01100111010000	91
01100111010001	379
01100111010010	140
01100111010011	363
01100111010100	103
01100111010101	459
01100111010110	185
01100111010111	571
01100111011000	175
01100111011001	426
01100111011010	171
01100111011011	588
01100111011100	146
01100111011101	571
01100111011110	175
01100111011111	563
01100111100000	419
01100111100001	658
01100111100010	338
01100111100011	741
01100111100100	488
01100111100101	694
01100111100110	468
01100111100111	782
01100111101000	513
01100111101001	586
01100111101010	537
01100111101011	646
01100111101100	489
01100111101101	847
01100111101110	417
01100111101111	753
01100111110000	139
01100111110001	343
01100111110010	122
01100111110011	346
01100111110100	172
01100111110101	532
01100111110110	162
01100111110111	428
01100111111000	195
01100111111001	625
01100111111010	211
01100111111011	643
01100111111100	248
01100111111101	457
01100111111110	248
01100111111111	495
01101000000000	493
01101000000001	1183
01101000000010	514
01101000000011	1038
01101000000100	425
01101000000101	945
01101000000110	465
01101000000111	915
01101000001000	667
01101000001001	898
01101000001010	740
01101000001011	1115
01101000001100	724
01101000001101	854
01101000001110	558
01101000001111	923
01101000010000	123
01101000010001	434
01101000010010	173
01101000010011	501
01101000010100	178
01101000010101	504
01101000010110	181
01101000010111	569
01101000011000	231
01101000011001	669
01101000011010	296
01101000011011	652
01101000011100	230
01101000011101	611
01101000011110	238
01101000011111	705
01101000100000	710
01101000100001	1123
01101000100010	607
01101000100011	1007
01101000100100	665
01101000100101	1144
01101000100110	575
01101000100111	1017
01101000101000	843
01101000101001	1115
01101000101010	771
01101000101011	1186
01101000101100	727
01101000101101	1085
01101000101110	705
01101000101111	1163
01101000110000	170
01101000110001	586
01101000110010	207
01101000110011	674
01101000110100	246
01101000110101	743
01101000110110	242
01101000110111	629
01101000111000	327
01101000111001	787
01101000111010	346
01101000111011	734
01101000111100	318
01101000111101	637
01101000111110	265
01101000111111	667
01101001000000	223
01101001000001	801
01101001000010	282
01101001000011	835
01101001000100	365
01101001000101	577
01101001000110	353
01101001000111	809
01101001001000	413
01101001001001	844
01101001001010	425
01101001001011	1125
01101001001100	372
01101001001101	642
01101001001110	438
01101001001111	741
01101001010000	115
01101001010001	399
01101001010010	137
01101001010011	518
01101001010100	105
01101001010101	455
01101001010110	119
01101001010111	411
01101001011000	184
01101001011001	669
01101001011010	242
01101001011011	575
01101001011100	184
01101001011101	480
01101001011110	176
01101001011111	709
01101001100000	442
01101001100001	987
01101001100010	363
01101001100011	739
01101001100100	529
01101001100101	994
01101001100110	365
01101001100111	946
01101001101000	537
01101001101001	1183
01101001101010	491
01101001101011	918
01101001101100	583
01101001101101	1125
01101001101110	414
01101001101111	695
01101001110000	202
01101001110001	485
01101001110010	154
01101001110011	472
01101001110100	154
01101001110101	553
01101001110110	143
01101001110111	621
01101001111000	192
01101001111001	551
01101001111010	215
01101001111011	625
01101001111100	222
01101001111101	643
01101001111110	192
01101001111111	654
01101010000000	570
01101010000001	1103
01101010000010	586
01101010000011	992
01101010000100	642
01101010000101	1089
01101010000110	523
01101010000111	1177
01101010001000	617
01101010001001	977
01101010001010	638
01101010001011	1197
01101010001100	634
01101010001101	932
01101010001110	673
01101010001111	1282
01101010010000	139
01101010010001	501
01101010010010	221
01101010010011	601
01101010010100	168
01101010010101	607
01101010010110	203
01101010010111	791
01101010011000	305
01101010011001	675
01101010011010	272
01101010011011	695
01101010011100	326
01101010011101	739
01101010011110	274
01101010011111	819
01101010100000	746
01101010100001	1167
01101010100010	505
01101010100011	1305
01101010100100	715
01101010100101	1290
01101010100110	569
01101010100111	1153
01101010101000	765
01101010101001	1377
01101010101010	753
01101010101011	1186
01101010101100	742
01101010101101	1500
01101010101110	634
01101010101111	1046
01101010110000	271
01101010110001	676
01101010110010	189
01101010110011	701
01101010110100	245
01101010110101	714
01101010110110	221
01101010110111	839
01101010111000	372
01101010111001	1006
01101010111010	292
01101010111011	776
01101010111100	290
01101010111101	819
01101010111110	352
01101010111111	775
01101011000000	351
01101011000001	908
01101011000010	490
01101011000011	1049
01101011000100	472
01101011000101	893
01101011000110	511
01101011000111	883
01101011001000	511
01101011001001	1021
01101011001010	615
01101011001011	697
01101011001100	518
01101011001101	973
01101011001110	553
01101011001111	942
01101011010000	142
01101011010001	453
01101011010010	171
01101011010011	658
01101011010100	159
01101011010101	578
01101011010110	165
01101011010111	614
01101011011000	233
01101011011001	739
01101011011010	218
01101011011011	678
01101011011100	217
01101011011101	435
01101011011110	159
01101011011111	771
01101011100000	586
01101011100001	1009
01101011100010	497
01101011100011	1071
01101011100100	601
01101011100101	1125
01101011100110	508
01101011100111	1179
01101011101000	610
01101011101001	996
01101011101010	492
01101011101011	1117
01101011101100	633
01101011101101	1150
01101011101110	619
01101011101111	811
01101011110000	168
01101011110001	594
01101011110010	119
01101011110011	555
01101011110100	199
01101011110101	635
01101011110110	162
01101011110111	677
01101011111000	263
01101011111001	942
01101011111010	276
01101011111011	712
01101011111100	268
01101011111101	720
01101011111110	294
01101011111111	719
01101100000000	363
01101100000001	702
01101100000010	444
01101100000011	950
01101100000100	480
01101100000101	749
01101100000110	444
01101100000111	618
01101100001000	581
01101100001001	697
01101100001010	435
01101100001011	812
01101100001100	349
01101100001101	761
01101100001110	508
01101100001111	764
01101100010000	98
01101100010001	378
01101100010010	110
01101100010011	475
01101100010100	151
01101100010101	402
01101100010110	159
01101100010111	430
01101100011000	244
01101100011001	579
01101100011010	243
01101100011011	504
01101100011100	216
01101100011101	579
01101100011110	248
01101100011111	639
01101100100000	498
01101100100001	977
01101100100010	467
01101100100011	914
01101100100100	451
01101100100101	759
01101100100110	495
01101100100111	780
01101100101000	654
01101100101001	1117
01101100101010	726
01101100101011	865
01101100101100	629
01101100101101	834
01101100101110	581
01101100101111	953
01101100110000	157
01101100110001	476
01101100110010	149
01101100110011	430
01101100110100	173
01101100110101	616
01101100110110	155
01101100110111	520
01101100111000	251
01101100111001	621
01101100111010	257
01101100111011	459
01101100111100	289
01101100111101	599
01101100111110	273
01101100111111	482
01101101000000	250
01101101000001	525
01101101000010	303
01101101000011	520
01101101000100	255
01101101000101	654
01101101000110	245
01101101000111	696
01101101001000	336
01101101001001	717
01101101001010	345
01101101001011	677
01101101001100	312
01101101001101	700
01101101001110	364
01101101001111	805
01101101010000	104
01101101010001	341
01101101010010	125
01101101010011	311
01101101010100	105
01101101010101	409
01101101010110	105
01101101010111	394
01101101011000	142
01101101011001	441
01101101011010	139
01101101011011	449
01101101011100	157
01101101011101	487
01101101011110	126
01101101011111	470
01101101100000	365
01101101100001	841
01101101100010	306
01101101100011	543
01101101100100	418
01101101100101	835
01101101100110	365
01101101100111	761
01101101101000	411
01101101101001	681
01101101101010	346
01101101101011	744
01101101101100	464
01101101101101	1094
01101101101110	453
01101101101111	890
01101101110000	115
01101101110001	449
01101101110010	103
01101101110011	500
01101101110100	156
01101101110101	603
01101101110110	124
01101101110111	410
01101101111000	182
01101101111001	426
01101101111010	146
01101101111011	506
01101101111100	206
01101101111101	564
01101101111110	175
01101101111111	432
01101110000000	524
01101110000001	941
01101110000010	490
01101110000011	1178
01101110000100	446
01101110000101	1015
01101110000110	517
01101110000111	1144
01101110001000	576
01101110001001	966
01101110001010	667
01101110001011	1050
01101110001100	704
01101110001101	1009
01101110001110	770
01101110001111	1074
01101110010000	165
01101110010001	494
01101110010010	194
01101110010011	527
01101110010100	227
01101110010101	644
01101110010110	220
01101110010111	614
01101110011000	266
01101110011001	664
01101110011010	243
01101110011011	609
01101110011100	270
01101110011101	740
01101110011110	310
01101110011111	817
01101110100000	717
01101110100001	1188
01101110100010	585
01101110100011	934
01101110100100	718
01101110100101	1304
01101110100110	559
01101110100111	1237
01101110101000	869
01101110101001	1492
01101110101010	685
01101110101011	1536
01101110101100	853
01101110101101	1629
01101110101110	845
01101110101111	1134
01101110110000	210
01101110110001	591
01101110110010	183
01101110110011	760
01101110110100	233
01101110110101	768
01101110110110	212
01101110110111	765
01101110111000	394
01101110111001	778
01101110111010	336
01101110111011	761
01101110111100	326
01101110111101	997
01101110111110	386
01101110111111	1036
01101111000000	423
01101111000001	948
01101111000010	497
01101111000011	792
01101111000100	378
01101111000101	828
01101111000110	433
01101111000111	973
01101111001000	535
01101111001001	1052
01101111001010	593
01101111001011	976
01101111001100	537
01101111001101	714
01101111001110	567
01101111001111	1055
01101111010000	160
01101111010001	506
01101111010010	128
01101111010011	559
01101111010100	144
01101111010101	637
01101111010110	158
01101111010111	604
01101111011000	232
01101111011001	554
01101111011010	228
01101111011011	612
01101111011100	285
01101111011101	632
01101111011110	280
01101111011111	711
01101111100000	621
01101111100001	1037
01101111100010	446
01101111100011	1039
01101111100100	469
01101111100101	1004
01101111100110	561
01101111100111	887
01101111101000	631
01101111101001	917
01101111101010	555
01101111101011	1105
01101111101100	635
01101111101101	1300
01101111101110	585
01101111101111	1280
01101111110000	154
01101111110001	645
01101111110010	151
01101111110011	589
01101111110100	203
01101111110101	661
01101111110110	242
01101111110111	618
01101111111000	255
01101111111001	823
01101111111010	317
01101111111011	833
01101111111100	351
01101111111101	862
01101111111110	284
01101111111111	692
01110000000000	625
01110000000001	869
01110000000010	582
01110000000011	1055
01110000000100	640
01110000000101	982
01110000000110	682
01110000000111	1272
01110000001000	824
01110000001001	1275
01110000001010	829
01110000001011	1349
01110000001100	608
01110000001101	1265
01110000001110	792
01110000001111	1441
01110000010000	211
01110000010001	602
01110000010010	242
01110000010011	520
01110000010100	201
01110000010101	693
01110000010110	243
01110000010111	579
01110000011000	287
01110000011001	776
01110000011010	287
01110000011011	880
01110000011100	326
01110000011101	720
01110000011110	298
01110000011111	784
01110000100000	840
01110000100001	1248
01110000100010	862
01110000100011	1428
01110000100100	809
01110000100101	1204
01110000100110	726
01110000100111	1309
01110000101000	956
01110000101001	1182
01110000101010	996
01110000101011	1106
01110000101100	978
01110000101101	1113
01110000101110	764
01110000101111	1408
01110000110000	271
01110000110001	716
01110000110010	259
01110000110011	770
01110000110100	336
01110000110101	763
01110000110110	244
01110000110111	834
01110000111000	514
01110000111001	913
01110000111010	424
01110000111011	1056
01110000111100	447
01110000111101	1008
01110000111110	423
01110000111111	716
01110001000000	489
01110001000001	777
01110001000010	421
01110001000011	1307
01110001000100	537
01110001000101	892
01110001000110	379
01110001000111	1145
01110001001000	522
01110001001001	780
01110001001010	579
01110001001011	1166
01110001001100	509
01110001001101	977
01110001001110	415
01110001001111	1238
01110001010000	117
01110001010001	622
01110001010010	174
01110001010011	573
01110001010100	190
01110001010101	594
01110001010110	179
01110001010111	528
01110001011000	277
01110001011001	656
01110001011010	285
01110001011011	812
01110001011100	242
01110001011101	633
01110001011110	261
01110001011111	618
01110001100000	519
01110001100001	1367
01110001100010	456
01110001100011	1216
01110001100100	547
01110001100101	1362
01110001100110	535
01110001100111	965
01110001101000	715
01110001101001	1578
01110001101010	522
01110001101011	1323
01110001101100	750
01110001101101	1248
01110001101110	727
01110001101111	1167
01110001110000	219
01110001110001	846
01110001110010	163
01110001110011	582
01110001110100	178
01110001110101	767
01110001110110	241
01110001110111	680
01110001111000	297
01110001111001	1124
01110001111010	242
01110001111011	733
01110001111100	358
01110001111101	957
01110001111110	231
01110001111111	882
01110010000000	701
01110010000001	1319
01110010000010	754
01110010000011	1489
01110010000100	578
01110010000101	1077
01110010000110	791
01110010000111	972
01110010001000	667
01110010001001	1202
01110010001010	934
01110010001011	1631
01110010001100	720
01110010001101	1210
01110010001110	733
01110010001111	1103
01110010010000	165
01110010010001	582
01110010010010	176
01110010010011	919
01110010010100	198
01110010010101	744
01110010010110	213
01110010010111	724
01110010011000	275
01110010011001	735
01110010011010	378
01110010011011	936
01110010011100	363
01110010011101	957
01110010011110	303
01110010011111	858
01110010100000	747
01110010100001	1277
01110010100010	595
01110010100011	1232
01110010100100	689
01110010100101	1450
01110010100110	694
01110010100111	1432
01110010101000	907
01110010101001	1706
01110010101010	797
01110010101011	1397
01110010101100	816
01110010101101	1629
01110010101110	755
01110010101111	1431
01110010110000	238
01110010110001	842
01110010110010	253
01110010110011	786
01110010110100	312
01110010110101	820
01110010110110	316
01110010110111	776
01110010111000	314
01110010111001	979
01110010111010	399
01110010111011	964
01110010111100	403
01110010111101	965
01110010111110	357
01110010111111	1064
01110011000000	481
01110011000001	985
01110011000010	629
01110011000011	1470
01110011000100	623
01110011000101	1134
01110011000110	593
01110011000111	1051
01110011001000	645
01110011001001	1258
01110011001010	616
01110011001011	1116
01110011001100	536
01110011001101	1154
01110011001110	651
01110011001111	1106
01110011010000	103
01110011010001	598
01110011010010	171
01110011010011	662
01110011010100	164
01110011010101	692
01110011010110	279
01110011010111	738
01110011011000	284
01110011011001	712
01110011011010	339
01110011011011	653
01110011011100	242
01110011011101	678
01110011011110	265
01110011011111	677
01110011100000	605
01110011100001	1354
01110011100010	599
01110011100011	1281
01110011100100	565
01110011100101	1152
01110011100110	593
01110011100111	1280
01110011101000	781
01110011101001	1392
01110011101010	834
01110011101011	1103
01110011101100	814
01110011101101	1471
01110011101110	618
01110011101111	1091
01110011110000	255
01110011110001	750
01110011110010	207
01110011110011	755
01110011110100	265
01110011110101	663
01110011110110	241
01110011110111	749
01110011111000	396
01110011111001	1085
01110011111010	257
01110011111011	896
01110011111100	319
01110011111101	795
01110011111110	310
01110011111111	834
01110100000000	611
01110100000001	890
01110100000010	617
01110100000011	985
01110100000100	580
01110100000101	997
01110100000110	409
01110100000111	1098
01110100001000	703
01110100001001	847
01110100001010	753
01110100001011	903
01110100001100	587
01110100001101	1020
01110100001110	695
01110100001111	944
01110100010000	197
01110100010001	544
01110100010010	186
01110100010011	396
01110100010100	192
01110100010101	539
01110100010110	157
01110100010111	624
01110100011000	346
01110100011001	707
01110100011010	347
01110100011011	657
01110100011100	241
01110100011101	586
01110100011110	311
01110100011111	636
01110100100000	719
01110100100001	1245
01110100100010	560
01110100100011	1104
01110100100100	694
01110100100101	1211
01110100100110	608
01110100100111	1024
01110100101000	844
01110100101001	1470
01110100101010	776
01110100101011	921
01110100101100	817
01110100101101	1167
01110100101110	818
01110100101111	982
01110100110000	238
01110100110001	506
01110100110010	242
01110100110011	553
01110100110100	211
01110100110101	704
01110100110110	216
01110100110111	530
01110100111000	336
01110100111001	777
01110100111010	309
01110100111011	790
01110100111100	438
01110100111101	742
01110100111110	305
01110100111111	973
01110101000000	328
01110101000001	849
01110101000010	377
01110101000011	812
01110101000100	370
01110101000101	873
01110101000110	329
01110101000111	773
01110101001000	427
01110101001001	933
01110101001010	453
01110101001011	772
01110101001100	489
01110101001101	1059
01110101001110	443
01110101001111	1212
01110101010000	115
01110101010001	458
01110101010010	114
01110101010011	691
01110101010100	125
01110101010101	566
01110101010110	145
01110101010111	571
01110101011000	161
01110101011001	559
01110101011010	205
01110101011011	601
01110101011100	210
01110101011101	643
01110101011110	206
01110101011111	628
01110101100000	421
01110101100001	1234
01110101100010	370
01110101100011	1497
01110101100100	488
01110101100101	1279
01110101100110	428
01110101100111	1041
01110101101000	572
01110101101001	1121
01110101101010	479
01110101101011	1040
01110101101100	594
01110101101101	1349
01110101101110	510
01110101101111	1223
01110101110000	159
01110101110001	612
01110101110010	144
01110101110011	656
01110101110100	188
01110101110101	707
01110101110110	162
01110101110111	684
01110101111000	247
01110101111001	923
01110101111010	198
01110101111011	619
01110101111100	202
01110101111101	1022
01110101111110	244
01110101111111	692
01110110000000	724
01110110000001	1169
01110110000010	806
01110110000011	1160
01110110000100	760
01110110000101	1481
01110110000110	687
01110110000111	1615
01110110001000	877
01110110001001	1246
01110110001010	756
01110110001011	1552
01110110001100	928
01110110001101	1179
01110110001110	894
01110110001111	1494
01110110010000	209
01110110010001	765
01110110010010	246
01110110010011	805
01110110010100	252
01110110010101	717
01110110010110	260
01110110010111	998
01110110011000	286
01110110011001	812
01110110011010	424
01110110011011	934
01110110011100	408
01110110011101	989
01110110011110	369
01110110011111	1072
01110110100000	765
01110110100001	1589
01110110100010	881
01110110100011	1250
01110110100100	827
01110110100101	1372
01110110100110	836
01110110100111	1490
01110110101000	1007
01110110101001	1576
01110110101010	969
01110110101011	1324
01110110101100	1149
01110110101101	1959
01110110101110	1009
01110110101111	1688
01110110110000	298
01110110110001	815
01110110110010	272
01110110110011	686
01110110110100	363
01110110110101	1125
01110110110110	284
01110110110111	726
01110110111000	428
01110110111001	975
01110110111010	459
01110110111011	1109
01110110111100	402
01110110111101	1018
01110110111110	442
01110110111111	1254
01110111000000	638
01110111000001	977
01110111000010	530
01110111000011	1426
01110111000100	553
01110111000101	1237
01110111000110	649
01110111000111	1193
01110111001000	699
01110111001001	1335
01110111001010	827
01110111001011	1194
01110111001100	738
01110111001101	1038
01110111001110	743
01110111001111	1589
01110111010000	206
01110111010001	614
01110111010010	241
01110111010011	601
01110111010100	230
01110111010101	791
01110111010110	254
01110111010111	759
01110111011000	321
01110111011001	755
01110111011010	273
01110111011011	687
01110111011100	312
01110111011101	705
01110111011110	326
01110111011111	779
01110111100000	624
01110111100001	1360
01110111100010	650
01110111100011	1174
01110111100100	699
01110111100101	1570
01110111100110	736
01110111100111	1366
01110111101000	885
01110111101001	1353
01110111101010	841
01110111101011	1597
01110111101100	926
01110111101101	1430
01110111101110	857
01110111101111	1445
01110111110000	263
01110111110001	804
01110111110010	167
01110111110011	840
01110111110100	313
01110111110101	719
01110111110110	265
01110111110111	947
01110111111000	373
01110111111001	1119
01110111111010	296
01110111111011	1020
01110111111100	355
01110111111101	984
01110111111110	405
01110111111111	1124
01111000000000	419
01111000000001	575
01111000000010	487
01111000000011	900
01111000000100	412
01111000000101	775
01111000000110	483
01111000000111	888
01111000001000	491
01111000001001	846
01111000001010	672
01111000001011	880
01111000001100	559
01111000001101	788
01111000001110	555
01111000001111	764
01111000010000	103
01111000010001	522
01111000010010	142
01111000010011	458
01111000010100	124
01111000010101	614
01111000010110	148
01111000010111	421
01111000011000	249
01111000011001	620
01111000011010	296
01111000011011	537
01111000011100	254
01111000011101	624
01111000011110	164
01111000011111	630
01111000100000	590
01111000100001	992
01111000100010	521
01111000100011	1140
01111000100100	447
01111000100101	1082
01111000100110	512
01111000100111	1023
01111000101000	714
01111000101001	1084
01111000101010	646
01111000101011	1031
01111000101100	656
01111000101101	978
01111000101110	664
01111000101111	864
01111000110000	163
01111000110001	460
01111000110010	165
01111000110011	451
01111000110100	187
01111000110101	599
01111000110110	161
01111000110111	551
01111000111000	315
01111000111001	767
01111000111010	288
01111000111011	791
01111000111100	298
01111000111101	711
01111000111110	230
01111000111111	547
01111001000000	292
01111001000001	676
01111001000010	356
01111001000011	723
01111001000100	336
01111001000101	758
01111001000110	323
01111001000111	721
01111001001000	308
01111001001001	1034
01111001001010	371
01111001001011	755
01111001001100	485
01111001001101	767
01111001001110	430
01111001001111	659
01111001010000	111
01111001010001	448
01111001010010	152
01111001010011	439
01111001010100	83
01111001010101	359
01111001010110	141
01111001010111	367
01111001011000	202
01111001011001	355
01111001011010	133
01111001011011	432
01111001011100	138
01111001011101	500
01111001011110	198
01111001011111	479
01111001100000	409
01111001100001	870
01111001100010	339
01111001100011	866
01111001100100	490
01111001100101	779
01111001100110	320
01111001100111	788
01111001101000	506
01111001101001	737
01111001101010	516
01111001101011	870
01111001101100	464
01111001101101	697
01111001101110	500
01111001101111	1032
01111001110000	149
01111001110001	393
01111001110010	120
01111001110011	360
01111001110100	157
01111001110101	567
01111001110110	137
01111001110111	443
01111001111000	239
01111001111001	512
01111001111010	199
01111001111011	526
01111001111100	222
01111001111101	581
01111001111110	159
01111001111111	463
01111010000000	395
01111010000001	805
01111010000010	367
01111010000011	932
01111010000100	428
01111010000101	881
01111010000110	506
01111010000111	615
01111010001000	458
01111010001001	1069
01111010001010	559
01111010001011	859
01111010001100	530
01111010001101	849
01111010001110	613
01111010001111	968
01111010010000	177
01111010010001	476
01111010010010	151
01111010010011	487
01111010010100	151
01111010010101	557
01111010010110	126
01111010010111	593
01111010011000	260
01111010011001	492
01111010011010	261
01111010011011	529
01111010011100	193
01111010011101	595
01111010011110	326
01111010011111	452
01111010100000	529
01111010100001	842
01111010100010	541
01111010100011	916
01111010100100	482
01111010100101	1021
01111010100110	600
01111010100111	772
01111010101000	641
01111010101001	960
01111010101010	630
01111010101011	1238
01111010101100	611
01111010101101	1088
01111010101110	637
01111010101111	1011
01111010110000	161
01111010110001	549
01111010110010	196
01111010110011	495
01111010110100	244
01111010110101	660
01111010110110	179
01111010110111	554
01111010111000	351
01111010111001	745
01111010111010	245
01111010111011	819
01111010111100	350
01111010111101	762
01111010111110	252
01111010111111	815
01111011000000	407
01111011000001	739
01111011000010	459
01111011000011	729
01111011000100	368
01111011000101	733
01111011000110	382
01111011000111	873
01111011001000	485
01111011001001	707
01111011001010	483
01111011001011	988
01111011001100	459
01111011001101	737
01111011001110	538
01111011001111	977
01111011010000	141
01111011010001	384
01111011010010	177
01111011010011	338
01111011010100	120
01111011010101	382
01111011010110	139
01111011010111	483
01111011011000	156
01111011011001	610
01111011011010	204
01111011011011	608
01111011011100	233
01111011011101	439
01111011011110	223
01111011011111	659
01111011100000	536
01111011100001	1132
01111011100010	439
01111011100011	841
01111011100100	294
01111011100101	880
01111011100110	353
01111011100111	992
01111011101000	519
01111011101001	923
01111011101010	518
01111011101011	849
01111011101100	606
01111011101101	869
01111011101110	596
01111011101111	936
01111011110000	189
01111011110001	484
01111011110010	138
01111011110011	599
01111011110100	161
01111011110101	508
01111011110110	157
01111011110111	430
01111011111000	262
01111011111001	634
01111011111010	226
01111011111011	590
01111011111100	245
01111011111101	597
01111011111110	161
01111011111111	528
01111100000000	306
01111100000001	687
01111100000010	334
01111100000011	472
01111100000100	313
01111100000101	576
01111100000110	403
01111100000111	756
01111100001000	464
01111100001001	628
01111100001010	469
01111100001011	547
01111100001100	401
01111100001101	626
01111100001110	475
01111100001111	795
01111100010000	95
01111100010001	402
01111100010010	96
01111100010011	462
01111100010100	149
01111100010101	418
01111100010110	114
01111100010111	485
01111100011000	168
01111100011001	509
01111100011010	219
01111100011011	574
01111100011100	194
01111100011101	475
01111100011110	187
01111100011111	569
01111100100000	522
01111100100001	787
01111100100010	462
01111100100011	988
01111100100100	456
01111100100101	876
01111100100110	299
01111100100111	667
01111100101000	662
01111100101001	858
01111100101010	582
01111100101011	853
01111100101100	546
01111100101101	960
01111100101110	498
01111100101111	789
01111100110000	145
01111100110001	461
01111100110010	144
01111100110011	515
01111100110100	165
01111100110101	496
01111100110110	165
01111100110111	481
01111100111000	319
01111100111001	712
01111100111010	246
01111100111011	545
01111100111100	204
01111100111101	618
01111100111110	219
01111100111111	573
01111101000000	243
01111101000001	648
01111101000010	285
01111101000011	658
01111101000100	241
01111101000101	444
01111101000110	299
01111101000111	705
01111101001000	396
01111101001001	665
01111101001010	277
01111101001011	685
01111101001100	262
01111101001101	691
01111101001110	298
01111101001111	676
01111101010000	66
01111101010001	360
01111101010010	110
01111101010011	340
01111101010100	78
01111101010101	298
01111101010110	96
01111101010111	303
01111101011000	107
01111101011001	610
01111101011010	165
01111101011011	515
01111101011100	141
01111101011101	427
01111101011110	103
01111101011111	376
01111101100000	256
01111101100001	678
01111101100010	289
01111101100011	649
01111101100100	300
01111101100101	623
01111101100110	253
01111101100111	696
01111101101000	387
01111101101001	795
01111101101010	361
01111101101011	797
01111101101100	373
01111101101101	907
01111101101110	400
01111101101111	714
01111101110000	101
01111101110001	444
01111101110010	108
01111101110011	481
01111101110100	141
01111101110101	408
01111101110110	117
01111101110111	402
01111101111000	184
01111101111001	412
01111101111010	132
01111101111011	519
01111101111100	215
01111101111101	500
01111101111110	172
01111101111111	596
01111110000000	446
01111110000001	1035
01111110000010	484
01111110000011	980
01111110000100	593
01111110000101	665
01111110000110	516
01111110000111	759
01111110001000	627
01111110001001	819
01111110001010	712
01111110001011	1011
01111110001100	637
01111110001101	763
01111110001110	616
01111110001111	1242
01111110010000	167
01111110010001	491
01111110010010	200
01111110010011	421
01111110010100	149
01111110010101	503
01111110010110	180
01111110010111	638
01111110011000	248
01111110011001	599
01111110011010	260
01111110011011	709
01111110011100	249
01111110011101	460
01111110011110	218
01111110011111	593
01111110100000	544
01111110100001	1080
01111110100010	585
01111110100011	1012
01111110100100	576
01111110100101	1150
01111110100110	680
01111110100111	891
01111110101000	760
01111110101001	1312
01111110101010	624
01111110101011	1214
01111110101100	781
01111110101101	1155
01111110101110	766
01111110101111	1067
01111110110000	209
01111110110001	674
01111110110010	167
01111110110011	685
01111110110100	197
01111110110101	643
01111110110110	237
01111110110111	734
01111110111000	400
01111110111001	814
01111110111010	300
01111110111011	823
01111110111100	308
01111110111101	744
01111110111110	286
01111110111111	793
01111111000000	355
01111111000001	977
01111111000010	389
01111111000011	904
01111111000100	409
01111111000101	898
01111111000110	464
01111111000111	961
01111111001000	469
01111111001001	944
01111111001010	533
01111111001011	1023
01111111001100	530
01111111001101	808
01111111001110	559
01111111001111	963
01111111010000	111
01111111010001	487
01111111010010	122
01111111010011	535
01111111010100	151
01111111010101	421
01111111010110	149
01111111010111	589
01111111011000	247
01111111011001	548
01111111011010	233
01111111011011	762
01111111011100	214
01111111011101	642
01111111011110	269
01111111011111	472
01111111100000	567
01111111100001	1029
01111111100010	544
01111111100011	1027
01111111100100	482
01111111100101	1112
01111111100110	514
01111111100111	1136
01111111101000	653
01111111101001	1051
01111111101010	521
01111111101011	886
01111111101100	625
01111111101101	1036
01111111101110	576
01111111101111	1023
01111111110000	159
01111111110001	455
01111111110010	149
01111111110011	603
01111111110100	207
01111111110101	503
01111111110110	153
01111111110111	607
01111111111000	237
01111111111001	732
01111111111010	282
01111111111011	825
01111111111100	268
01111111111101	666
01111111111110	292
01111111111111	721
10000000000000	322
10000000000001	791
10000000000010	400
10000000000011	691
10000000000100	326
10000000000101	626
10000000000110	353
10000000000111	557
10000000001000	356
10000000001001	510
10000000001010	496
10000000001011	563
10000000001100	453
10000000001101	671
10000000001110	320
10000000001111	599
10000000010000	119
10000000010001	210
10000000010010	79
10000000010011	317
10000000010100	106
10000000010101	192
10000000010110	113
10000000010111	296
10000000011000	132
10000000011001	346
10000000011010	183
10000000011011	422
10000000011100	167
10000000011101	328
10000000011110	120
10000000011111	343
10000000100000	381
10000000100001	630
10000000100010	342
10000000100011	744
10000000100100	440
10000000100101	637
10000000100110	395
10000000100111	721
10000000101000	392
10000000101001	712
10000000101010	380
10000000101011	586
10000000101100	453
10000000101101	523
10000000101110	431
10000000101111	554
10000000110000	120
10000000110001	373
10000000110010	122
10000000110011	411
10000000110100	136
10000000110101	417
10000000110110	134
10000000110111	461
10000000111000	277
10000000111001	482
10000000111010	244
10000000111011	492
10000000111100	178
10000000111101	469
10000000111110	194
10000000111111	357
10000001000000	268
10000001000001	577
10000001000010	208
10000001000011	524
10000001000100	226
10000001000101	421
10000001000110	275
10000001000111	499
10000001001000	212
10000001001001	714
10000001001010	181
10000001001011	550
10000001001100	242
10000001001101	427
10000001001110	206
10000001001111	389
10000001010000	51
10000001010001	430
10000001010010	44
10000001010011	274
10000001010100	67
10000001010101	299
10000001010110	99
10000001010111	317
10000001011000	122
10000001011001	340
10000001011010	89
10000001011011	330
10000001011100	137
10000001011101	222
10000001011110	93
10000001011111	308
10000001100000	198
10000001100001	618
10000001100010	213
10000001100011	605
10000001100100	309
10000001100101	571
10000001100110	243
10000001100111	495
10000001101000	326
10000001101001	614
10000001101010	301
10000001101011	661
10000001101100	290
10000001101101	675
10000001101110	302
10000001101111	539
10000001110000	85
10000001110001	273
10000001110010	60
10000001110011	288
10000001110100	96
10000001110101	397
10000001110110	89
10000001110111	327
10000001111000	175
10000001111001	407
10000001111010	145
10000001111011	343
10000001111100	153
10000001111101	364
10000001111110	112
10000001111111	380
10000010000000	239
10000010000001	474
10000010000010	270
10000010000011	459
10000010000100	261
10000010000101	417
10000010000110	264
10000010000111	521
10000010001000	350
10000010001001	612
10000010001010	392
10000010001011	564
10000010001100	325
10000010001101	522
10000010001110	393
10000010001111	593
10000010010000	93
10000010010001	297
10000010010010	94
10000010010011	228
10000010010100	119
10000010010101	279
10000010010110	112
10000010010111	263
10000010011000	97
10000010011001	341
10000010011010	156
10000010011011	368
10000010011100	135
10000010011101	344
10000010011110	144
10000010011111	339
10000010100000	325
10000010100001	567
10000010100010	309
10000010100011	544
10000010100100	377
10000010100101	586
10000010100110	323
10000010100111	491
10000010101000	329
10000010101001	641
10000010101010	399
10000010101011	559
10000010101100	405
10000010101101	685
10000010101110	410
10000010101111	692
10000010110000	97
10000010110001	338
10000010110010	121
10000010110011	280
10000010110100	103
10000010110101	318
10000010110110	120
10000010110111	280
10000010111000	141
10000010111001	446
10000010111010	121
10000010111011	441
10000010111100	135
10000010111101	323
10000010111110	115
10000010111111	411
10000011000000	237
10000011000001	592
10000011000010	222
10000011000011	357
10000011000100	280
10000011000101	561
10000011000110	203
10000011000111	685
10000011001000	229
10000011001001	488
10000011001010	181
10000011001011	458
10000011001100	258
10000011001101	423
10000011001110	243
10000011001111	401
10000011010000	62
10000011010001	247
10000011010010	55
10000011010011	206
10000011010100	68
10000011010101	258
10000011010110	91
10000011010111	389
10000011011000	97
10000011011001	329
10000011011010	99
10000011011011	373
10000011011100	91
10000011011101	311
10000011011110	110
10000011011111	298
10000011100000	276
10000011100001	644
10000011100010	276
10000011100011	493
10000011100100	294
10000011100101	584
10000011100110	266
10000011100111	472
10000011101000	348
10000011101001	613
10000011101010	252
10000011101011	648
10000011101100	251
10000011101101	599
10000011101110	259
10000011101111	491
10000011110000	50
10000011110001	276
10000011110010	82
10000011110011	294
10000011110100	93
10000011110101	303
10000011110110	94
10000011110111	421
10000011111000	140
10000011111001	421
10000011111010	123
10000011111011	402
10000011111100	137
10000011111101	331
10000011111110	83
10000011111111	345
10000100000000	283
10000100000001	467
10000100000010	228
10000100000011	440
10000100000100	232
10000100000101	389
10000100000110	266
10000100000111	413
10000100001000	262
10000100001001	425
10000100001010	219
10000100001011	460
10000100001100	310
10000100001101	332
10000100001110	216
10000100001111	429
10000100010000	85
10000100010001	189
10000100010010	70
10000100010011	267
10000100010100	59
10000100010101	280
10000100010110	94
10000100010111	245
10000100011000	113
10000100011001	272
10000100011010	131
10000100011011	303
10000100011100	106
10000100011101	334
10000100011110	121
10000100011111	262
10000100100000	267
10000100100001	399
10000100100010	271
10000100100011	524
10000100100100	249
10000100100101	483
10000100100110	280
10000100100111	567
10000100101000	416
10000100101001	478
10000100101010	286
10000100101011	409
10000100101100	335
10000100101101	492
10000100101110	285
10000100101111	412
10000100110000	122
10000100110001	251
10000100110010	81
10000100110011	225
10000100110100	83
10000100110101	358
10000100110110	147
10000100110111	234
10000100111000	150
10000100111001	325
10000100111010	131
10000100111011	387
10000100111100	177
10000100111101	339
10000100111110	149
10000100111111	314
10000101000000	108
10000101000001	252
10000101000010	166
10000101000011	381
10000101000100	143
10000101000101	335
10000101000110	157
10000101000111	391
10000101001000	154
10000101001001	368
10000101001010	164
10000101001011	363
10000101001100	116
10000101001101	387
10000101001110	176
10000101001111	318
10000101010000	69
10000101010001	299
10000101010010	73
10000101010011	243
10000101010100	88
10000101010101	224
10000101010110	52
10000101010111	216
10000101011000	79
10000101011001	297
10000101011010	96
10000101011011	271
10000101011100	80
10000101011101	256
10000101011110	64
10000101011111	280
10000101100000	167
10000101100001	398
10000101100010	187
10000101100011	472
10000101100100	231
10000101100101	501
10000101100110	191
10000101100111	499
10000101101000	231
10000101101001	492
10000101101010	145
10000101101011	383
10000101101100	247
10000101101101	510
10000101101110	183
10000101101111	492
10000101110000	85
10000101110001	299
10000101110010	47
10000101110011	221
10000101110100	69
10000101110101	240
10000101110110	65
10000101110111	189
10000101111000	97
10000101111001	308
10000101111010	78
10000101111011	318
10000101111100	111
10000101111101	220
10000101111110	79
10000101111111	321
10000110000000	248
10000110000001	456
10000110000010	291
10000110000011	591
10000110000100	211
10000110000101	422
10000110000110	333
10000110000111	546
10000110001000	375
10000110001001	473
10000110001010	373
10000110001011	454
10000110001100	319
10000110001101	667
10000110001110	332
10000110001111	542
10000110010000	102
10000110010001	214
10000110010010	108
10000110010011	350
10000110010100	107
10000110010101	360
10000110010110	98
10000110010111	363
10000110011000	149
10000110011001	309
10000110011010	139
10000110011011	503
10000110011100	169
10000110011101	358
10000110011110	153
10000110011111	263
10000110100000	343
10000110100001	567
10000110100010	301
10000110100011	701
10000110100100	370
10000110100101	490
10000110100110	291
10000110100111	565
10000110101000	361
10000110101001	793
10000110101010	339
10000110101011	777
10000110101100	375
10000110101101	711
10000110101110	363
10000110101111	774
10000110110000	94
10000110110001	316
10000110110010	116
10000110110011	328
10000110110100	133
10000110110101	434
10000110110110	138
10000110110111	419
10000110111000	160
10000110111001	347
10000110111010	164
10000110111011	547
10000110111100	224
10000110111101	463
10000110111110	169
10000110111111	392
10000111000000	220
10000111000001	482
10000111000010	206
10000111000011	445
10000111000100	201
10000111000101	484
10000111000110	265
10000111000111	528
10000111001000	356
10000111001001	380
10000111001010	337
10000111001011	514
10000111001100	303
10000111001101	504
10000111001110	273
10000111001111	477
10000111010000	61
10000111010001	208
10000111010010	84
10000111010011	249
10000111010100	79
10000111010101	277
10000111010110	82
10000111010111	290
10000111011000	86
10000111011001	279
10000111011010	116
10000111011011	322
10000111011100	136
10000111011101	254
10000111011110	113
10000111011111	382
10000111100000	307
10000111100001	644
10000111100010	287
10000111100011	592
10000111100100	261
10000111100101	637
10000111100110	280
10000111100111	507
10000111101000	369
10000111101001	636
10000111101010	343
10000111101011	550
10000111101100	321
10000111101101	446
10000111101110	347
10000111101111	630
10000111110000	65
10000111110001	349
10000111110010	102
10000111110011	263
10000111110100	120
10000111110101	408
10000111110110	105
10000111110111	319
10000111111000	141
10000111111001	354
10000111111010	156
10000111111011	394
10000111111100	142
10000111111101	517
10000111111110	125
10000111111111	374
10001000000000	387
10001000000001	710
10001000000010	358
10001000000011	706
10001000000100	353
10001000000101	773
10001000000110	418
10001000000111	767
10001000001000	499
10001000001001	711
10001000001010	537
10001000001011	718
10001000001100	381
10001000001101	658
10001000001110	585
10001000001111	571
10001000010000	147
10001000010001	400
10001000010010	160
10001000010011	481
10001000010100	129
10001000010101	467
10001000010110	177
10001000010111	472
10001000011000	240
10001000011001	480
10001000011010	204
10001000011011	576
10001000011100	206
10001000011101	541
10001000011110	192
10001000011111	393
10001000100000	491
10001000100001	942
10001000100010	551
10001000100011	946
10001000100100	466
10001000100101	988
10001000100110	556
10001000100111	873
10001000101000	642
10001000101001	1049
10001000101010	735
10001000101011	824
10001000101100	636
10001000101101	857
10001000101110	529
10001000101111	774
10001000110000	167
10001000110001	474
10001000110010	150
10001000110011	544
10001000110100	227
10001000110101	486
10001000110110	189
10001000110111	458
10001000111000	260
10001000111001	631
10001000111010	279
10001000111011	646
10001000111100	267
10001000111101	700
10001000111110	239
10001000111111	440
10001001000000	307
10001001000001	596
10001001000010	253
10001001000011	676
10001001000100	296
10001001000101	747
10001001000110	349
10001001000111	487
10001001001000	319
10001001001001	679
10001001001010	316
10001001001011	593
10001001001100	300
10001001001101	546
10001001001110	311
10001001001111	521
10001001010000	85
10001001010001	390
10001001010010	76
10001001010011	493
10001001010100	87
10001001010101	360
10001001010110	91
10001001010111	343
10001001011000	152
10001001011001	426
10001001011010	178
10001001011011	447
10001001011100	122
10001001011101	383
10001001011110	134
10001001011111	372
10001001100000	309
10001001100001	991
10001001100010	339
10001001100011	670
10001001100100	316
10001001100101	782
10001001100110	326
10001001100111	791
10001001101000	451
10001001101001	976
10001001101010	399
10001001101011	599
10001001101100	399
10001001101101	699
10001001101110	399
10001001101111	686
10001001110000	144
10001001110001	460
10001001110010	108
10001001110011	477
10001001110100	127
10001001110101	389
10001001110110	142
10001001110111	513
10001001111000	141
10001001111001	463
10001001111010	169
10001001111011	534
10001001111100	168
10001001111101	421
10001001111110	141
10001001111111	426
10001010000000	446
10001010000001	712
10001010000010	487
10001010000011	894
10001010000100	474
10001010000101	769
10001010000110	406
10001010000111	883
10001010001000	510
10001010001001	635
10001010001010	441
10001010001011	910
10001010001100	493
10001010001101	752
10001010001110	494
10001010001111	814
10001010010000	167
10001010010001	336
10001010010010	128
10001010010011	389
10001010010100	122
10001010010101	480
10001010010110	162
10001010010111	448
10001010011000	220
10001010011001	619
10001010011010	205
10001010011011	531
10001010011100	196
10001010011101	602
10001010011110	230
10001010011111	475
10001010100000	531
10001010100001	782
10001010100010	454
10001010100011	719
10001010100100	494
10001010100101	863
10001010100110	421
10001010100111	956
10001010101000	704
10001010101001	993
10001010101010	508
10001010101011	845
10001010101100	599
10001010101101	812
10001010101110	534
10001010101111	869
10001010110000	183
10001010110001	538
10001010110010	139
10001010110011	532
10001010110100	203
10001010110101	712
10001010110110	144
10001010110111	447
10001010111000	252
10001010111001	547
10001010111010	261
10001010111011	593
10001010111100	271
10001010111101	539
10001010111110	203
10001010111111	519
10001011000000	304
10001011000001	762
10001011000010	308
10001011000011	644
10001011000100	253
10001011000101	522
10001011000110	389
10001011000111	845
10001011001000	345
10001011001001	698
10001011001010	377
10001011001011	776
10001011001100	362
10001011001101	521
10001011001110	484
10001011001111	798
10001011010000	102
10001011010001	337
10001011010010	137
10001011010011	369
10001011010100	110
10001011010101	394
10001011010110	84
10001011010111	406
10001011011000	157
10001011011001	467
10001011011010	153
10001011011011	623
10001011011100	175
10001011011101	487
10001011011110	157
10001011011111	424
10001011100000	376
10001011100001	721
10001011100010	332
10001011100011	585
10001011100100	417
10001011100101	907
10001011100110	384
10001011100111	690
10001011101000	429
10001011101001	957
10001011101010	317
10001011101011	662
10001011101100	476
10001011101101	737
10001011101110	383
10001011101111	860
10001011110000	123
10001011110001	396
10001011110010	101
10001011110011	347
10001011110100	141
10001011110101	578
10001011110110	146
10001011110111	603
10001011111000	145
10001011111001	569
10001011111010	167
10001011111011	539
10001011111100	167
10001011111101	566
10001011111110	218
10001011111111	531
10001100000000	294
10001100000001	484
10001100000010	270
10001100000011	498
10001100000100	300
10001100000101	312
10001100000110	333
10001100000111	645
10001100001000	370
10001100001001	588
10001100001010	370
10001100001011	543
10001100001100	371
10001100001101	624
10001100001110	372
10001100001111	494
10001100010000	100
10001100010001	320
10001100010010	97
10001100010011	310
10001100010100	102
10001100010101	419
10001100010110	141
10001100010111	365
10001100011000	222
10001100011001	370
10001100011010	169
10001100011011	529
10001100011100	156
10001100011101	335
10001100011110	155
10001100011111	397
10001100100000	479
10001100100001	496
10001100100010	383
10001100100011	778
10001100100100	474
10001100100101	730
10001100100110	372
10001100100111	546
10001100101000	488
10001100101001	682
10001100101010	432
10001100101011	806
10001100101100	419
10001100101101	706
10001100101110	459
10001100101111	701
10001100110000	149
10001100110001	459
10001100110010	177
10001100110011	427
10001100110100	154
10001100110101	441
10001100110110	136
10001100110111	443
10001100111000	242
10001100111001	458
10001100111010	228
10001100111011	542
10001100111100	189
10001100111101	516
10001100111110	241
10001100111111	385
10001101000000	147
10001101000001	453
10001101000010	199
10001101000011	529
10001101000100	215
10001101000101	587
10001101000110	233
10001101000111	720
10001101001000	215
10001101001001	580
10001101001010	263
10001101001011	554
10001101001100	202
10001101001101	545
10001101001110	263
10001101001111	594
10001101010000	71
10001101010001	311
10001101010010	51
10001101010011	372
10001101010100	62
10001101010101	327
10001101010110	106
10001101010111	312
10001101011000	109
10001101011001	386
10001101011010	92
10001101011011	326
10001101011100	111
10001101011101	386
10001101011110	93
10001101011111	386
10001101100000	239
10001101100001	631
10001101100010	184
10001101100011	562
10001101100100	324
10001101100101	642
10001101100110	246
10001101100111	637
10001101101000	330
10001101101001	554
10001101101010	299
10001101101011	705
10001101101100	344
10001101101101	557
10001101101110	272
10001101101111	588
10001101110000	69
10001101110001	407
10001101110010	76
10001101110011	296
10001101110100	73
10001101110101	442
10001101110110	125
10001101110111	319
10001101111000	134
10001101111001	393
10001101111010	120
10001101111011	476
10001101111100	178
10001101111101	318
10001101111110	117
10001101111111	342
10001110000000	461
10001110000001	669
10001110000010	419
10001110000011	809
10001110000100	457
10001110000101	786
10001110000110	407
10001110000111	849
10001110001000	504
10001110001001	778
10001110001010	549
10001110001011	747
10001110001100	552
10001110001101	764
10001110001110	388
10001110001111	981
10001110010000	163
10001110010001	504
10001110010010	185
10001110010011	521
10001110010100	132
10001110010101	402
10001110010110	166
10001110010111	665
10001110011000	185
10001110011001	477
10001110011010	248
10001110011011	652
10001110011100	228
10001110011101	515
10001110011110	183
10001110011111	627
10001110100000	463
10001110100001	924
10001110100010	486
10001110100011	772
10001110100100	512
10001110100101	932
10001110100110	498
10001110100111	917
10001110101000	513
10001110101001	930
10001110101010	515
10001110101011	909
10001110101100	602
10001110101101	1030
10001110101110	510
10001110101111	1051
10001110110000	144
10001110110001	505
10001110110010	129
10001110110011	632
10001110110100	226
10001110110101	573
10001110110110	203
10001110110111	505
10001110111000	250
10001110111001	701
10001110111010	265
10001110111011	659
10001110111100	285
10001110111101	624
10001110111110	265
10001110111111	746
10001111000000	347
10001111000001	654
10001111000010	360
10001111000011	836
10001111000100	326
10001111000101	662
10001111000110	297
10001111000111	802
10001111001000	316
10001111001001	867
10001111001010	436
10001111001011	600
10001111001100	413
10001111001101	660
10001111001110	386
10001111001111	624
10001111010000	97
10001111010001	435
10001111010010	90
10001111010011	351
10001111010100	132
10001111010101	515
10001111010110	120
10001111010111	380
10001111011000	125
10001111011001	448
10001111011010	156
10001111011011	557
10001111011100	135
10001111011101	472
10001111011110	164
10001111011111	568
10001111100000	356
10001111100001	804
10001111100010	341
10001111100011	886
10001111100100	368
10001111100101	659
10001111100110	384
10001111100111	733
10001111101000	464
10001111101001	855
10001111101010	374
10001111101011	932
10001111101100	470
10001111101101	720
10001111101110	394
10001111101111	927
10001111110000	145
10001111110001	413
10001111110010	102
10001111110011	482
10001111110100	137
10001111110101	545
10001111110110	154
10001111110111	497
10001111111000	228
10001111111001	490
10001111111010	218
10001111111011	576
10001111111100	176
10001111111101	480
10001111111110	208
10001111111111	513
10010000000000	454
10010000000001	993
10010000000010	527
10010000000011	879
10010000000100	615
10010000000101	970
10010000000110	554
10010000000111	1063
10010000001000	667
10010000001001	824
10010000001010	704
10010000001011	907
10010000001100	505
10010000001101	855
10010000001110	597
10010000001111	870
10010000010000	180
10010000010001	548
10010000010010	200
10010000010011	588
10010000010100	184
10010000010101	568
10010000010110	188
10010000010111	507
10010000011000	263
10010000011001	559
10010000011010	300
10010000011011	648
10010000011100	302
10010000011101	790
10010000011110	225
10010000011111	791
10010000100000	726
10010000100001	1261
10010000100010	593
10010000100011	1204
10010000100100	640
10010000100101	1167
10010000100110	626
10010000100111	1163
10010000101000	840
10010000101001	1247
10010000101010	695
10010000101011	1076
10010000101100	838
10010000101101	1064
10010000101110	644
10010000101111	696
10010000110000	183
10010000110001	639
10010000110010	185
10010000110011	560
10010000110100	220
10010000110101	667
10010000110110	185
10010000110111	746
10010000111000	368
10010000111001	660
10010000111010	266
10010000111011	813
10010000111100	322
10010000111101	719
10010000111110	377
10010000111111	556
10010001000000	329
10010001000001	1029
10010001000010	358
10010001000011	899
10010001000100	332
10010001000101	748
10010001000110	373
10010001000111	726
10010001001000	358
10010001001001	924
10010001001010	463
10010001001011	949
10010001001100	345
10010001001101	565
10010001001110	374
10010001001111	923
10010001010000	118
10010001010001	527
10010001010010	142
10010001010011	516
10010001010100	109
10010001010101	456
10010001010110	100
10010001010111	490
10010001011000	135
10010001011001	630
10010001011010	230
10010001011011	614
10010001011100	174
10010001011101	588
10010001011110	166
10010001011111	591
10010001100000	426
10010001100001	1032
10010001100010	445
10010001100011	966
10010001100100	419
10010001100101	1135
10010001100110	457
10010001100111	874
10010001101000	526
10010001101001	870
10010001101010	483
10010001101011	1006
10010001101100	444
10010001101101	979
10010001101110	501
10010001101111	763
10010001110000	136
10010001110001	559
10010001110010	139
10010001110011	573
10010001110100	166
10010001110101	607
10010001110110	160
10010001110111	596
10010001111000	211
10010001111001	646
10010001111010	248
10010001111011	728
10010001111100	165
10010001111101	633
10010001111110	230
10010001111111	574
10010010000000	566
10010010000001	864
10010010000010	401
10010010000011	920
10010010000100	623
10010010000101	916
10010010000110	539
10010010000111	853
10010010001000	585
10010010001001	923
10010010001010	596
10010010001011	1108
10010010001100	584
10010010001101	983
10010010001110	783
10010010001111	936
10010010010000	166
10010010010001	636
10010010010010	165
10010010010011	493
10010010010100	181
10010010010101	426
10010010010110	191
10010010010111	699
10010010011000	304
10010010011001	561
10010010011010	270
10010010011011	688
10010010011100	211
10010010011101	595
10010010011110	304
10010010011111	755
10010010100000	636
10010010100001	1322
10010010100010	487
10010010100011	1026
10010010100100	654
10010010100101	1320
10010010100110	509
10010010100111	1056
10010010101000	866
10010010101001	1086
10010010101010	687
10010010101011	1018
10010010101100	774
10010010101101	922
10010010101110	733
10010010101111	1079
10010010110000	256
10010010110001	543
10010010110010	186
10010010110011	678
10010010110100	218
10010010110101	744
10010010110110	173
10010010110111	675
10010010111000	336
10010010111001	931
10010010111010	330
10010010111011	765
10010010111100	370
10010010111101	832
10010010111110	377
10010010111111	904
10010011000000	316
10010011000001	805
10010011000010	410
10010011000011	841
10010011000100	447
10010011000101	834
10010011000110	396
10010011000111	901
10010011001000	403
10010011001001	915
10010011001010	458
10010011001011	981
10010011001100	417
10010011001101	819
10010011001110	457
10010011001111	919
10010011010000	103
10010011010001	490
10010011010010	123
10010011010011	641
10010011010100	128
10010011010101	436
10010011010110	156
10010011010111	524
10010011011000	164
10010011011001	542
10010011011010	211
10010011011011	609
10010011011100	159
10010011011101	514
10010011011110	173
10010011011111	703
10010011100000	475
10010011100001	1161
10010011100010	472
10010011100011	967
10010011100100	463
10010011100101	877
10010011100110	540
10010011100111	1207
10010011101000	522
10010011101001	1174
10010011101010	486
10010011101011	1252
10010011101100	623
10010011101101	1020
10010011101110	454
10010011101111	1055
10010011110000	154
10010011110001	580
10010011110010	149
10010011110011	445
10010011110100	184
10010011110101	567
10010011110110	151
10010011110111	492
10010011111000	185
10010011111001	570
10010011111010	219
10010011111011	686
10010011111100	203
10010011111101	550
10010011111110	201
10010011111111	648
10010100000000	451
10010100000001	580
10010100000010	423
10010100000011	722
10010100000100	425
10010100000101	1035
10010100000110	500
10010100000111	869
10010100001000	564
10010100001001	792
10010100001010	486
10010100001011	1062
10010100001100	552
10010100001101	636
10010100001110	499
10010100001111	755
10010100010000	130
10010100010001	451
10010100010010	183
10010100010011	405
10010100010100	126
10010100010101	543
10010100010110	144
10010100010111	554
10010100011000	222
10010100011001	547
10010100011010	205
10010100011011	527
10010100011100	276
10010100011101	640
10010100011110	215
10010100011111	497
10010100100000	563
10010100100001	925
10010100100010	525
10010100100011	980
10010100100100	536
10010100100101	1044
10010100100110	510
10010100100111	974
10010100101000	650
10010100101001	1187
10010100101010	547
10010100101011	1165
10010100101100	660
10010100101101	1071
10010100101110	582
10010100101111	881
10010100110000	157
10010100110001	559
10010100110010	188
10010100110011	497
10010100110100	206
10010100110101	761
10010100110110	211
10010100110111	639
10010100111000	279
10010100111001	793
10010100111010	340
10010100111011	626
10010100111100	250
10010100111101	720
10010100111110	309
10010100111111	568
10010101000000	224
10010101000001	756
10010101000010	276
10010101000011	792
10010101000100	331
10010101000101	908
10010101000110	328
10010101000111	824
10010101001000	370
10010101001001	684
10010101001010	340
10010101001011	914
10010101001100	384
10010101001101	697
10010101001110	388
10010101001111	782
10010101010000	100
10010101010001	414
10010101010010	97
10010101010011	464
10010101010100	106
10010101010101	489
10010101010110	111
10010101010111	467
10010101011000	137
10010101011001	404
10010101011010	127
10010101011011	405
10010101011100	152
10010101011101	530
10010101011110	147
10010101011111	525
10010101100000	322
10010101100001	878
10010101100010	306
10010101100011	836
10010101100100	451
10010101100101	968
10010101100110	342
10010101100111	866
10010101101000	466
10010101101001	984
10010101101010	357
10010101101011	917
10010101101100	381
10010101101101	795
10010101101110	352
10010101101111	1093
10010101110000	130
10010101110001	688
10010101110010	120
10010101110011	503
10010101110100	160
10010101110101	590
10010101110110	154
10010101110111	471
10010101111000	195
10010101111001	690
10010101111010	167
10010101111011	606
10010101111100	209
10010101111101	724
10010101111110	220
10010101111111	541
10010110000000	510
10010110000001	1096
10010110000010	550
10010110000011	1070
10010110000100	697
10010110000101	1076
10010110000110	580
10010110000111	1022
10010110001000	559
10010110001001	939
10010110001010	645
10010110001011	1270
10010110001100	541
10010110001101	1152
10010110001110	664
10010110001111	1123
10010110010000	234
10010110010001	512
10010110010010	156
10010110010011	614
10010110010100	255
10010110010101	696
10010110010110	213
10010110010111	669
10010110011000	342
10010110011001	687
10010110011010	370
10010110011011	780
10010110011100	346
10010110011101	529
10010110011110	306
10010110011111	692
10010110100000	585
10010110100001	1014
10010110100010	757
10010110100011	1215
10010110100100	758
10010110100101	1034
10010110100110	641
10010110100111	1268
10010110101000	938
10010110101001	1226
10010110101010	786
10010110101011	1195
10010110101100	829
10010110101101	993
10010110101110	673
10010110101111	1032
10010110110000	209
10010110110001	587
10010110110010	244
10010110110011	823
10010110110100	320
10010110110101	769
10010110110110	220
10010110110111	653
10010110111000	388
10010110111001	679
10010110111010	266
10010110111011	924
10010110111100	395
10010110111101	1035
10010110111110	318
10010110111111	848
10010111000000	340
10010111000001	783
10010111000010	313
10010111000011	945
10010111000100	512
10010111000101	802
10010111000110	468
10010111000111	1191
10010111001000	399
10010111001001	958
10010111001010	577
10010111001011	923
10010111001100	460
10010111001101	973
10010111001110	466
10010111001111	1062
10010111010000	141
10010111010001	554
10010111010010	147
10010111010011	561
10010111010100	124
10010111010101	525
10010111010110	191
10010111010111	631
10010111011000	153
10010111011001	722
10010111011010	207
10010111011011	619
10010111011100	174
10010111011101	666
10010111011110	195
10010111011111	622
10010111100000	477
10010111100001	1113
10010111100010	477
10010111100011	904
10010111100100	589
10010111100101	932
10010111100110	422
10010111100111	1074
10010111101000	533
10010111101001	1213
10010111101010	540
10010111101011	1058
10010111101100	569
10010111101101	1078
10010111101110	542
10010111101111	1172
10010111110000	166
10010111110001	561
10010111110010	148
10010111110011	542
10010111110100	147
10010111110101	678
10010111110110	147
10010111110111	818
10010111111000	214
10010111111001	763
10010111111010	298
10010111111011	799
10010111111100	286
10010111111101	706
10010111111110	223
10010111111111	861
10011000000000	359
10011000000001	512
10011000000010	387
10011000000011	686
10011000000100	304
10011000000101	630
10011000000110	387
10011000000111	511
10011000001000	415
10011000001001	572
10011000001010	472
10011000001011	645
10011000001100	378
10011000001101	560
10011000001110	351
10011000001111	468
10011000010000	115
10011000010001	281
10011000010010	127
10011000010011	439
10011000010100	87
10011000010101	299
10011000010110	119
10011000010111	430
10011000011000	210
10011000011001	469
10011000011010	173
10011000011011	482
10011000011100	156
10011000011101	312
10011000011110	158
10011000011111	444
10011000100000	526
10011000100001	602
10011000100010	445
10011000100011	722
10011000100100	308
10011000100101	876
10011000100110	422
10011000100111	712
10011000101000	651
10011000101001	664
10011000101010	433
10011000101011	850
10011000101100	547
10011000101101	667
10011000101110	521
10011000101111	625
10011000110000	144
10011000110001	359
10011000110010	141
10011000110011	409
10011000110100	153
10011000110101	414
10011000110110	170
10011000110111	494
10011000111000	214
10011000111001	624
10011000111010	294
10011000111011	506
10011000111100	230
10011000111101	390
10011000111110	174
10011000111111	428
10011001000000	303
10011001000001	695
10011001000010	255
10011001000011	710
10011001000100	289
10011001000101	648
10011001000110	258
10011001000111	560
10011001001000	282
10011001001001	599
10011001001010	326
10011001001011	733
10011001001100	261
10011001001101	590
10011001001110	297
10011001001111	516
10011001010000	77
10011001010001	360
10011001010010	90
10011001010011	393
10011001010100	94
10011001010101	291
10011001010110	69
10011001010111	321
10011001011000	113
10011001011001	324
10011001011010	127
10011001011011	280
10011001011100	117
10011001011101	255
10011001011110	139
10011001011111	322
10011001100000	297
10011001100001	619
10011001100010	362
10011001100011	655
10011001100100	349
10011001100101	921
10011001100110	283
10011001100111	683
10011001101000	382
10011001101001	667
10011001101010	272
10011001101011	937
10011001101100	424
10011001101101	725
10011001101110	257
10011001101111	652
10011001110000	109
10011001110001	407
10011001110010	94
10011001110011	416
10011001110100	81
10011001110101	452
10011001110110	101
10011001110111	417
10011001111000	162
10011001111001	567
10011001111010	158
10011001111011	555
10011001111100	131
10011001111101	507
10011001111110	155
10011001111111	390
10011010000000	316
10011010000001	675
10011010000010	371
10011010000011	657
10011010000100	318
10011010000101	559
10011010000110	383
10011010000111	722
10011010001000	409
10011010001001	667
10011010001010	559
10011010001011	787
10011010001100	447
10011010001101	490
10011010001110	505
10011010001111	640
10011010010000	141
10011010010001	401
10011010010010	135
10011010010011	465
10011010010100	132
10011010010101	397
10011010010110	108
10011010010111	510
10011010011000	174
10011010011001	464
10011010011010	184
10011010011011	712
10011010011100	216
10011010011101	317
10011010011110	173
10011010011111	415
10011010100000	384
10011010100001	759
10011010100010	424
10011010100011	573
10011010100100	373
10011010100101	813
10011010100110	361
10011010100111	673
10011010101000	480
10011010101001	933
10011010101010	528
10011010101011	640
10011010101100	478
10011010101101	734
10011010101110	494
10011010101111	785
10011010110000	148
10011010110001	405
10011010110010	130
10011010110011	533
10011010110100	216
10011010110101	434
10011010110110	94
10011010110111	412
10011010111000	268
10011010111001	480
10011010111010	273
10011010111011	403
10011010111100	239
10011010111101	578
10011010111110	204
10011010111111	502
10011011000000	291
10011011000001	606
10011011000010	220
10011011000011	606
10011011000100	259
10011011000101	649
10011011000110	323
10011011000111	645
10011011001000	267
10011011001001	573
10011011001010	359
10011011001011	726
10011011001100	307
10011011001101	718
10011011001110	313
10011011001111	749
10011011010000	70
10011011010001	311
10011011010010	101
10011011010011	330
10011011010100	98
10011011010101	346
10011011010110	134
10011011010111	429
10011011011000	129
10011011011001	429
10011011011010	165
10011011011011	444
10011011011100	126
10011011011101	308
10011011011110	117
10011011011111	399
10011011100000	333
10011011100001	688
10011011100010	247
10011011100011	869
10011011100100	281
10011011100101	677
10011011100110	321
10011011100111	619
10011011101000	355
10011011101001	727
10011011101010	387
10011011101011	686
10011011101100	420
10011011101101	616
10011011101110	363
10011011101111	706
10011011110000	93
10011011110001	337
10011011110010	127
10011011110011	356
10011011110100	122
10011011110101	421
10011011110110	136
10011011110111	311
10011011111000	169
10011011111001	543
10011011111010	138
10011011111011	560
10011011111100	155
10011011111101	502
10011011111110	136
10011011111111	304
10011100000000	229
10011100000001	571
10011100000010	318
10011100000011	405
10011100000100	316
10011100000101	553
10011100000110	317
10011100000111	500
10011100001000	336
10011100001001	587
10011100001010	367
10011100001011	608
10011100001100	382
10011100001101	664
10011100001110	385
10011100001111	556
10011100010000	101
10011100010001	317
10011100010010	85
10011100010011	360
10011100010100	100
10011100010101	327
10011100010110	121
10011100010111	206
10011100011000	165
10011100011001	392
10011100011010	236
10011100011011	340
10011100011100	184
10011100011101	343
10011100011110	123
10011100011111	388
10011100100000	414
10011100100001	668
10011100100010	345
10011100100011	566
10011100100100	411
10011100100101	675
10011100100110	420
10011100100111	521
10011100101000	534
10011100101001	620
10011100101010	437
10011100101011	426
10011100101100	379
10011100101101	509
10011100101110	372
10011100101111	593
10011100110000	120
10011100110001	275
10011100110010	120
10011100110011	280
10011100110100	152
10011100110101	469
10011100110110	128
10011100110111	396
10011100111000	203
10011100111001	626
10011100111010	231
10011100111011	437
10011100111100	202
10011100111101	497
10011100111110	169
10011100111111	356
10011101000000	266
10011101000001	391
10011101000010	233
10011101000011	504
10011101000100	244
10011101000101	422
10011101000110	256
10011101000111	490
10011101001000	255
10011101001001	519
10011101001010	306
10011101001011	571
10011101001100	218
10011101001101	507
10011101001110	282
10011101001111	523
10011101010000	85
10011101010001	235
10011101010010	59
10011101010011	308
10011101010100	93
10011101010101	250
10011101010110	76
10011101010111	339
10011101011000	125
10011101011001	269
10011101011010	98
10011101011011	390
10011101011100	82
10011101011101	250
10011101011110	99
10011101011111	332
10011101100000	237
10011101100001	455
10011101100010	217
10011101100011	573
10011101100100	303
10011101100101	524
10011101100110	179
10011101100111	490
10011101101000	288
10011101101001	675
10011101101010	316
10011101101011	602
10011101101100	317
10011101101101	704
10011101101110	282
10011101101111	688
10011101110000	91
10011101110001	376
10011101110010	74
10011101110011	354
10011101110100	91
10011101110101	506
10011101110110	90
10011101110111	343
10011101111000	145
10011101111001	394
10011101111010	118
10011101111011	380
10011101111100	133
10011101111101	444
10011101111110	151
10011101111111	342
10011110000000	437
10011110000001	744
10011110000010	490
10011110000011	519
10011110000100	507
10011110000101	793
10011110000110	430
10011110000111	712
10011110001000	449
10011110001001	658
10011110001010	469
10011110001011	914
10011110001100	457
10011110001101	737
10011110001110	602
10011110001111	736
10011110010000	126
10011110010001	430
10011110010010	124
10011110010011	381
10011110010100	119
10011110010101	391
10011110010110	144
10011110010111	375
10011110011000	181
10011110011001	603
10011110011010	285
10011110011011	607
10011110011100	209
10011110011101	494
10011110011110	177
10011110011111	615
10011110100000	458
10011110100001	818
10011110100010	500
10011110100011	669
10011110100100	464
10011110100101	674
10011110100110	405
10011110100111	660
10011110101000	664
10011110101001	821
10011110101010	564
10011110101011	849
10011110101100	588
10011110101101	843
10011110101110	496
10011110101111	892
10011110110000	172
10011110110001	510
10011110110010	178
10011110110011	496
10011110110100	137
10011110110101	572
10011110110110	143
10011110110111	666
10011110111000	274
10011110111001	604
10011110111010	261
10011110111011	511
10011110111100	261
10011110111101	636
10011110111110	200
10011110111111	428
10011111000000	302
10011111000001	692
10011111000010	287
10011111000011	761
10011111000100	275
10011111000101	659
10011111000110	299
10011111000111	577
10011111001000	300
10011111001001	625
10011111001010	346
10011111001011	748
10011111001100	333
10011111001101	624
10011111001110	326
10011111001111	737
10011111010000	101
10011111010001	307
10011111010010	83
10011111010011	477
10011111010100	114
10011111010101	358
10011111010110	130
10011111010111	384
10011111011000	151
10011111011001	409
10011111011010	154
10011111011011	545
10011111011100	107
10011111011101	459
10011111011110	162
10011111011111	555
10011111100000	312
10011111100001	878
10011111100010	365
10011111100011	753
10011111100100	361
10011111100101	676
10011111100110	393
10011111100111	785
10011111101000	365
10011111101001	665
10011111101010	423
10011111101011	888
10011111101100	407
10011111101101	845
10011111101110	343
10011111101111	720
10011111110000	101
10011111110001	404
10011111110010	111
10011111110011	494
10011111110100	95
10011111110101	528
10011111110110	162
10011111110111	383
10011111111000	202
10011111111001	606
10011111111010	175
10011111111011	545
10011111111100	152
10011111111101	611
10011111111110	137
10011111111111	524
10100000000000	360
10100000000001	516
10100000000010	350
10100000000011	450
10100000000100	390
10100000000101	506
10100000000110	318
10100000000111	531
10100000001000	326
10100000001001	570
10100000001010	376
10100000001011	656
10100000001100	382
10100000001101	543
10100000001110	285
10100000001111	501
10100000010000	94
10100000010001	394
10100000010010	138
10100000010011	295
10100000010100	119
10100000010101	325
10100000010110	118
10100000010111	350
10100000011000	220
10100000011001	363
10100000011010	156
10100000011011	324
10100000011100	152
10100000011101	298
10100000011110	158
10100000011111	336
10100000100000	426
10100000100001	640
10100000100010	476
10100000100011	627
10100000100100	405
10100000100101	748
10100000100110	379
10100000100111	784
10100000101000	553
10100000101001	641
10100000101010	614
10100000101011	750
10100000101100	432
10100000101101	530
10100000101110	377
10100000101111	619
10100000110000	149
10100000110001	289
10100000110010	178
10100000110011	448
10100000110100	145
10100000110101	414
10100000110110	160
10100000110111	420
10100000111000	185
10100000111001	416
10100000111010	207
10100000111011	421
10100000111100	228
10100000111101	396
10100000111110	194
10100000111111	318
10100001000000	256
10100001000001	461
10100001000010	271
10100001000011	432
10100001000100	221
10100001000101	450
10100001000110	238
10100001000111	560
10100001001000	303
10100001001001	519
10100001001010	309
10100001001011	561
10100001001100	239
10100001001101	593
10100001001110	224
10100001001111	523
10100001010000	107
10100001010001	318
10100001010010	60
10100001010011	312
10100001010100	73
10100001010101	291
10100001010110	64
10100001010111	245
10100001011000	89
10100001011001	342
10100001011010	122
10100001011011	314
10100001011100	118
10100001011101	341
10100001011110	100
10100001011111	348
10100001100000	298
10100001100001	626
10100001100010	237
10100001100011	576
10100001100100	339
10100001100101	519
10100001100110	248
10100001100111	504
10100001101000	270
10100001101001	671
10100001101010	287
10100001101011	611
10100001101100	331
10100001101101	387
10100001101110	293
10100001101111	554
10100001110000	96
10100001110001	399
10100001110010	105
10100001110011	333
10100001110100	109
10100001110101	310
10100001110110	109
10100001110111	322
10100001111000	152
10100001111001	493
10100001111010	121
10100001111011	393
10100001111100	168
10100001111101	433
10100001111110	117
10100001111111	298
10100010000000	356
10100010000001	406
10100010000010	347
10100010000011	503
10100010000100	266
10100010000101	512
10100010000110	245
10100010000111	531
10100010001000	367
10100010001001	478
10100010001010	401
10100010001011	547
10100010001100	357
10100010001101	441
10100010001110	322
10100010001111	581
10100010010000	93
10100010010001	282
10100010010010	88
10100010010011	165
10100010010100	127
10100010010101	367
10100010010110	144
10100010010111	428
10100010011000	155
10100010011001	293
10100010011010	120
10100010011011	355
10100010011100	150
10100010011101	244
10100010011110	138
10100010011111	366
10100010100000	399
10100010100001	636
10100010100010	254
10100010100011	622
10100010100100	346
10100010100101	710
10100010100110	314
10100010100111	615
10100010101000	382
10100010101001	794
10100010101010	376
10100010101011	745
10100010101100	368
10100010101101	680
10100010101110	335
10100010101111	625
10100010110000	165
10100010110001	417
10100010110010	86
10100010110011	367
10100010110100	143
10100010110101	320
10100010110110	90
10100010110111	349
10100010111000	192
10100010111001	407
10100010111010	158
10100010111011	370
10100010111100	151
10100010111101	377
10100010111110	97
10100010111111	357
10100011000000	247
10100011000001	535
10100011000010	182
10100011000011	506
10100011000100	242
10100011000101	391
10100011000110	235
10100011000111	527
10100011001000	236
10100011001001	429
10100011001010	236
10100011001011	535
10100011001100	239
10100011001101	325
10100011001110	260
10100011001111	573
10100011010000	72
10100011010001	198
10100011010010	77
10100011010011	286
10100011010100	86
10100011010101	189
10100011010110	60
10100011010111	307
10100011011000	130
10100011011001	418
10100011011010	148
10100011011011	291
10100011011100	75
10100011011101	290
10100011011110	98
10100011011111	291
10100011100000	242
10100011100001	560
10100011100010	291
10100011100011	607
10100011100100	230
10100011100101	549
10100011100110	302
10100011100111	485
10100011101000	243
10100011101001	609
10100011101010	367
10100011101011	565
10100011101100	364
10100011101101	491
10100011101110	296
10100011101111	521
10100011110000	53
10100011110001	317
10100011110010	92
10100011110011	234
10100011110100	134
10100011110101	352
10100011110110	88
10100011110111	337
10100011111000	158
10100011111001	384
10100011111010	147
10100011111011	472
10100011111100	94
10100011111101	353
10100011111110	112
10100011111111	433
10100100000000	278
10100100000001	655
10100100000010	221
10100100000011	211
10100100000100	276
10100100000101	470
10100100000110	287
10100100000111	334
10100100001000	307
10100100001001	494
10100100001010	280
10100100001011	465
10100100001100	337
10100100001101	392
10100100001110	233
10100100001111	425
10100100010000	78
10100100010001	185
10100100010010	101
10100100010011	266
10100100010100	121
10100100010101	212
10100100010110	89
10100100010111	131
10100100011000	92
10100100011001	343
10100100011010	135
10100100011011	296
10100100011100	118
10100100011101	179
10100100011110	103
10100100011111	391
10100100100000	300
10100100100001	385
10100100100010	285
10100100100011	515
10100100100100	292
10100100100101	415
10100100100110	265
10100100100111	596
10100100101000	375
10100100101001	573
10100100101010	350
10100100101011	502
10100100101100	398
10100100101101	630
10100100101110	382
10100100101111	498
10100100110000	127
10100100110001	311
10100100110010	142
10100100110011	279
10100100110100	117
10100100110101	321
10100100110110	83
10100100110111	333
10100100111000	171
10100100111001	305
10100100111010	155
10100100111011	351
10100100111100	147
10100100111101	376
10100100111110	140
10100100111111	449
10100101000000	149
10100101000001	438
10100101000010	194
10100101000011	388
10100101000100	163
10100101000101	370
10100101000110	163
10100101000111	415
10100101001000	179
10100101001001	335
10100101001010	173
10100101001011	422
10100101001100	237
10100101001101	403
10100101001110	173
10100101001111	370
10100101010000	29
10100101010001	187
10100101010010	66
10100101010011	209
10100101010100	47
10100101010101	254
10100101010110	46
10100101010111	262
10100101011000	77
10100101011001	287
10100101011010	93
10100101011011	263
10100101011100	107
10100101011101	407
10100101011110	65
10100101011111	253
10100101100000	204
10100101100001	479
10100101100010	186
10100101100011	506
10100101100100	215
10100101100101	509
10100101100110	232
10100101100111	333
10100101101000	222
10100101101001	492
10100101101010	213
10100101101011	430
10100101101100	279
10100101101101	428
10100101101110	212
10100101101111	447
10100101110000	72
10100101110001	289
10100101110010	68
10100101110011	331
10100101110100	77
10100101110101	255
10100101110110	78
10100101110111	257
10100101111000	93
10100101111001	214
10100101111010	114
10100101111011	351
10100101111100	135
10100101111101	310
10100101111110	71
10100101111111	315
10100110000000	316
10100110000001	525
10100110000010	349
10100110000011	441
10100110000100	292
10100110000101	588
10100110000110	362
10100110000111	515
10100110001000	378
10100110001001	561
10100110001010	411
10100110001011	694
10100110001100	394
10100110001101	660
10100110001110	399
10100110001111	573
10100110010000	87
10100110010001	283
10100110010010	94
10100110010011	314
10100110010100	83
10100110010101	429
10100110010110	119
10100110010111	351
10100110011000	153
10100110011001	393
10100110011010	209
10100110011011	439
10100110011100	132
10100110011101	371
10100110011110	151
10100110011111	408
10100110100000	421
10100110100001	689
10100110100010	443
10100110100011	733
10100110100100	368
10100110100101	800
10100110100110	401
10100110100111	740
10100110101000	418
10100110101001	747
10100110101010	429
10100110101011	751
10100110101100	416
10100110101101	591
10100110101110	421
10100110101111	713
10100110110000	138
10100110110001	361
10100110110010	106
10100110110011	464
10100110110100	144
10100110110101	555
10100110110110	166
10100110110111	386
10100110111000	251
10100110111001	545
10100110111010	186
10100110111011	461
10100110111100	180
10100110111101	494
10100110111110	207
10100110111111	606
10100111000000	253
10100111000001	409
10100111000010	205
10100111000011	561
10100111000100	282
10100111000101	470
10100111000110	238
10100111000111	574
10100111001000	248
10100111001001	465
10100111001010	333
10100111001011	318
10100111001100	294
10100111001101	511
10100111001110	355
10100111001111	557
10100111010000	86
10100111010001	201
10100111010010	63
10100111010011	403
10100111010100	87
10100111010101	339
10100111010110	74
10100111010111	355
10100111011000	109
10100111011001	351
10100111011010	122
10100111011011	443
10100111011100	97
10100111011101	376
10100111011110	120
10100111011111	437
10100111100000	330
10100111100001	638
10100111100010	265
10100111100011	733
10100111100100	236
10100111100101	652
10100111100110	315
10100111100111	427
10100111101000	353
10100111101001	693
10100111101010	366
10100111101011	508
10100111101100	263
10100111101101	654
10100111101110	347
10100111101111	518
10100111110000	112
10100111110001	284
10100111110010	115
10100111110011	319
10100111110100	124
10100111110101	401
10100111110110	120
10100111110111	329
10100111111000	110
10100111111001	511
10100111111010	203
10100111111011	325
10100111111100	158
10100111111101	474
10100111111110	144
10100111111111	555
10101000000000	437
10101000000001	730
10101000000010	427
10101000000011	668
10101000000100	376
10101000000101	549
10101000000110	473
10101000000111	850
10101000001000	553
10101000001001	804
10101000001010	537
10101000001011	787
10101000001100	549
10101000001101	822
10101000001110	570
10101000001111	587
10101000010000	154
10101000010001	413
10101000010010	154
10101000010011	431
10101000010100	137
10101000010101	388
10101000010110	143
10101000010111	425
10101000011000	212
10101000011001	497
10101000011010	233
10101000011011	470
10101000011100	210
10101000011101	554
10101000011110	146
10101000011111	438
10101000100000	477
10101000100001	857
10101000100010	441
10101000100011	779
10101000100100	459
10101000100101	816
10101000100110	490
10101000100111	746
10101000101000	665
10101000101001	1015
10101000101010	618
10101000101011	805
10101000101100	517
10101000101101	801
10101000101110	531
10101000101111	710
10101000110000	143
10101000110001	522
10101000110010	134
10101000110011	451
10101000110100	220
10101000110101	674
10101000110110	131
10101000110111	370
10101000111000	270
10101000111001	793
10101000111010	242
10101000111011	639
10101000111100	251
10101000111101	554
10101000111110	238
10101000111111	527
10101001000000	358
10101001000001	613
10101001000010	303
10101001000011	793
10101001000100	246
10101001000101	677
10101001000110	270
10101001000111	652
10101001001000	306
10101001001001	587
10101001001010	301
10101001001011	574
10101001001100	352
10101001001101	550
10101001001110	277
10101001001111	622
10101001010000	87
10101001010001	413
10101001010010	75
10101001010011	354
10101001010100	78
10101001010101	367
10101001010110	83
10101001010111	408
10101001011000	141
10101001011001	445
10101001011010	148
10101001011011	493
10101001011100	110
10101001011101	517
10101001011110	127
10101001011111	497
10101001100000	290
10101001100001	955
10101001100010	228
10101001100011	856
10101001100100	395
10101001100101	777
10101001100110	373
10101001100111	778
10101001101000	441
10101001101001	904
10101001101010	441
10101001101011	740
10101001101100	401
10101001101101	804
10101001101110	391
10101001101111	699
10101001110000	106
10101001110001	467
10101001110010	82
10101001110011	412
10101001110100	126
10101001110101	523
10101001110110	125
10101001110111	447
10101001111000	175
10101001111001	585
10101001111010	172
10101001111011	569
10101001111100	186
10101001111101	559
10101001111110	178
10101001111111	529
10101010000000	404
10101010000001	675
10101010000010	510
10101010000011	761
10101010000100	523
10101010000101	706
10101010000110	452
10101010000111	946
10101010001000	585
10101010001001	769
10101010001010	507
10101010001011	1017
10101010001100	579
10101010001101	906
10101010001110	515
10101010001111	804
10101010010000	130
10101010010001	554
10101010010010	189
10101010010011	432
10101010010100	189
10101010010101	426
10101010010110	153
10101010010111	522
10101010011000	200
10101010011001	474
10101010011010	215
10101010011011	563
10101010011100	220
10101010011101	557
10101010011110	264
10101010011111	560
10101010100000	568
10101010100001	1126
10101010100010	396
10101010100011	760
10101010100100	498
10101010100101	1317
10101010100110	537
10101010100111	833
10101010101000	506
10101010101001	913
10101010101010	533
10101010101011	1012
10101010101100	608
10101010101101	785
10101010101110	589
10101010101111	848
10101010110000	152
10101010110001	585
10101010110010	166
10101010110011	477
10101010110100	196
10101010110101	677
10101010110110	172
10101010110111	506
10101010111000	269
10101010111001	679
10101010111010	262
10101010111011	583
10101010111100	276
10101010111101	704
10101010111110	236
10101010111111	618
10101011000000	256
10101011000001	698
10101011000010	300
10101011000011	682
10101011000100	379
10101011000101	687
10101011000110	323
10101011000111	849
10101011001000	411
10101011001001	588
10101011001010	437
10101011001011	925
10101011001100	337
10101011001101	788
10101011001110	464
10101011001111	730
10101011010000	116
10101011010001	342
10101011010010	103
10101011010011	340
10101011010100	116
10101011010101	423
10101011010110	124
10101011010111	433
10101011011000	198
10101011011001	449
10101011011010	178
10101011011011	467
10101011011100	166
10101011011101	441
10101011011110	189
10101011011111	399
10101011100000	313
10101011100001	663
10101011100010	356
10101011100011	826
10101011100100	470
10101011100101	680
10101011100110	470
10101011100111	913
10101011101000	448
10101011101001	864
10101011101010	508
10101011101011	846
10101011101100	430
10101011101101	820
10101011101110	489
10101011101111	798
10101011110000	137
10101011110001	421
10101011110010	121
10101011110011	420
10101011110100	172
10101011110101	572
10101011110110	144
10101011110111	512
10101011111000	184
10101011111001	587
10101011111010	210
10101011111011	791
10101011111100	162
10101011111101	622
10101011111110	250
10101011111111	683
10101100000000	363
10101100000001	505
10101100000010	333
10101100000011	599
10101100000100	271
10101100000101	663
10101100000110	354
10101100000111	503
10101100001000	381
10101100001001	564
10101100001010	412
10101100001011	618
10101100001100	346
10101100001101	666
10101100001110	309
10101100001111	549
10101100010000	100
10101100010001	301
10101100010010	142
10101100010011	333
10101100010100	107
10101100010101	311
10101100010110	81
10101100010111	338
10101100011000	129
10101100011001	477
10101100011010	206
10101100011011	511
10101100011100	166
10101100011101	502
10101100011110	165
10101100011111	383
10101100100000	322
10101100100001	611
10101100100010	371
10101100100011	720
10101100100100	413
10101100100101	798
10101100100110	345
10101100100111	668
10101100101000	436
10101100101001	706
10101100101010	452
10101100101011	792
10101100101100	498
10101100101101	806
10101100101110	342
10101100101111	698
10101100110000	119
10101100110001	443
10101100110010	114
10101100110011	387
10101100110100	142
10101100110101	521
10101100110110	116
10101100110111	451
10101100111000	201
10101100111001	545
10101100111010	221
10101100111011	456
10101100111100	276
10101100111101	500
10101100111110	228
10101100111111	460
10101101000000	258
10101101000001	440
10101101000010	206
10101101000011	369
10101101000100	250
10101101000101	557
10101101000110	254
10101101000111	430
10101101001000	267
10101101001001	659
10101101001010	275
10101101001011	373
10101101001100	213
10101101001101	432
10101101001110	300
10101101001111	512
10101101010000	78
10101101010001	273
10101101010010	66
10101101010011	332
10101101010100	55
10101101010101	300
10101101010110	86
10101101010111	286
10101101011000	146
10101101011001	245
10101101011010	125
10101101011011	437
10101101011100	119
10101101011101	306
10101101011110	71
10101101011111	306
10101101100000	214
10101101100001	729
10101101100010	244
10101101100011	672
10101101100100	278
10101101100101	551
10101101100110	303
10101101100111	572
10101101101000	309
10101101101001	540
10101101101010	285
10101101101011	762
10101101101100	391
10101101101101	844
10101101101110	411
10101101101111	693
10101101110000	100
10101101110001	365
10101101110010	79
10101101110011	370
10101101110100	103
10101101110101	389
10101101110110	86
10101101110111	425
10101101111000	148
10101101111001	480
10101101111010	140
10101101111011	483
10101101111100	139
10101101111101	420
10101101111110	115
10101101111111	374
10101110000000	336
10101110000001	677
10101110000010	479
10101110000011	761
10101110000100	546
10101110000101	891
10101110000110	480
10101110000111	778
10101110001000	535
10101110001001	891
10101110001010	558
10101110001011	848
10101110001100	505
10101110001101	773
10101110001110	572
10101110001111	878
10101110010000	160
10101110010001	453
10101110010010	173
10101110010011	403
10101110010100	156
10101110010101	380
10101110010110	169
10101110010111	487
10101110011000	263
10101110011001	583
10101110011010	172
10101110011011	768
10101110011100	251
10101110011101	566
10101110011110	202
10101110011111	494
10101110100000	432
10101110100001	881
10101110100010	402
10101110100011	604
10101110100100	529
10101110100101	1017
10101110100110	580
10101110100111	798
10101110101000	614
10101110101001	1029
10101110101010	622
10101110101011	1063
10101110101100	558
10101110101101	1012
10101110101110	494
10101110101111	893
10101110110000	205
10101110110001	507
10101110110010	171
10101110110011	514
10101110110100	251
10101110110101	609
10101110110110	198
10101110110111	506
10101110111000	277
10101110111001	689
10101110111010	277
10101110111011	718
10101110111100	260
10101110111101	612
10101110111110	280
10101110111111	734
10101111000000	301
10101111000001	783
10101111000010	361
10101111000011	590
10101111000100	288
10101111000101	941
10101111000110	341
10101111000111	766
10101111001000	364
10101111001001	650
10101111001010	357
10101111001011	716
10101111001100	366
10101111001101	651
10101111001110	422
10101111001111	765
10101111010000	105
10101111010001	495
10101111010010	114
10101111010011	476
10101111010100	90
10101111010101	430
10101111010110	140
10101111010111	423
10101111011000	188
10101111011001	443
10101111011010	175
10101111011011	473
10101111011100	184
10101111011101	317
10101111011110	200
10101111011111	477
10101111100000	431
10101111100001	834
10101111100010	364
10101111100011	927
10101111100100	475
10101111100101	866
10101111100110	411
10101111100111	722
10101111101000	420
10101111101001	891
10101111101010	518
10101111101011	882
10101111101100	436
10101111101101	902
10101111101110	357
10101111101111	924
10101111110000	160
10101111110001	452
10101111110010	128
10101111110011	388
10101111110100	156
10101111110101	513
10101111110110	157
10101111110111	479
10101111111000	170
10101111111001	558
10101111111010	189
10101111111011	510
10101111111100	221
10101111111101	599
10101111111110	190
10101111111111	498
10110000000000	670
10110000000001	865
10110000000010	514
10110000000011	936
10110000000100	490
10110000000101	1062
10110000000110	520
10110000000111	869
10110000001000	743
10110000001001	1230
10110000001010	734
10110000001011	810
10110000001100	558
10110000001101	962
10110000001110	630
10110000001111	935
10110000010000	201
10110000010001	497
10110000010010	177
10110000010011	531
10110000010100	207
10110000010101	522
10110000010110	191
10110000010111	613
10110000011000	271
10110000011001	804
10110000011010	330
10110000011011	899
10110000011100	295
10110000011101	508
10110000011110	269
10110000011111	618
10110000100000	646
10110000100001	1297
10110000100010	654
10110000100011	1040
10110000100100	695
10110000100101	1217
10110000100110	704
10110000100111	1071
10110000101000	788
10110000101001	1361
10110000101010	787
10110000101011	1077
10110000101100	906
10110000101101	1137
10110000101110	772
10110000101111	942
10110000110000	241
10110000110001	710
10110000110010	187
10110000110011	595
10110000110100	256
10110000110101	711
10110000110110	205
10110000110111	555
10110000111000	350
10110000111001	818
10110000111010	383
10110000111011	920
10110000111100	319
10110000111101	736
10110000111110	292
10110000111111	656
10110001000000	366
10110001000001	729
10110001000010	351
10110001000011	869
10110001000100	357
10110001000101	672
10110001000110	396
10110001000111	724
10110001001000	405
10110001001001	1141
10110001001010	466
10110001001011	711
10110001001100	474
10110001001101	808
10110001001110	443
10110001001111	886
10110001010000	130
10110001010001	500
10110001010010	121
10110001010011	425
10110001010100	120
10110001010101	642
10110001010110	93
10110001010111	459
10110001011000	180
10110001011001	558
10110001011010	245
10110001011011	541
10110001011100	199
10110001011101	504
10110001011110	162
10110001011111	475
10110001100000	472
10110001100001	933
10110001100010	401
10110001100011	924
10110001100100	489
10110001100101	1058
10110001100110	433
10110001100111	1054
10110001101000	589
10110001101001	1230
10110001101010	456
10110001101011	926
10110001101100	523
10110001101101	1048
10110001101110	433
10110001101111	717
10110001110000	160
10110001110001	510
10110001110010	143
10110001110011	574
10110001110100	146
10110001110101	535
10110001110110	121
10110001110111	577
10110001111000	261
10110001111001	700
10110001111010	222
10110001111011	556
10110001111100	260
10110001111101	683
10110001111110	188
10110001111111	469
10110010000000	522
10110010000001	956
10110010000010	550
10110010000011	1023
10110010000100	473
10110010000101	1121
10110010000110	476
10110010000111	967
10110010001000	601
10110010001001	1164
10110010001010	667
10110010001011	1280
10110010001100	805
10110010001101	1152
10110010001110	674
10110010001111	1047
10110010010000	184
10110010010001	602
10110010010010	181
10110010010011	582
10110010010100	120
10110010010101	705
10110010010110	177
10110010010111	595
10110010011000	337
10110010011001	629
10110010011010	321
10110010011011	794
10110010011100	281
10110010011101	485
10110010011110	292
10110010011111	694
10110010100000	690
10110010100001	1074
10110010100010	718
10110010100011	824
10110010100100	604
10110010100101	1090
10110010100110	519
10110010100111	931
10110010101000	832
10110010101001	1063
10110010101010	693
10110010101011	1081
10110010101100	827
10110010101101	1245
10110010101110	751
10110010101111	1032
10110010110000	174
10110010110001	682
10110010110010	191
10110010110011	663
10110010110100	170
10110010110101	731
10110010110110	215
10110010110111	712
10110010111000	296
10110010111001	910
10110010111010	378
10110010111011	691
10110010111100	425
10110010111101	873
10110010111110	279
10110010111111	841
10110011000000	350
10110011000001	986
10110011000010	468
10110011000011	961
10110011000100	331
10110011000101	782
10110011000110	463
10110011000111	928
10110011001000	398
10110011001001	862
10110011001010	580
10110011001011	1048
10110011001100	401
10110011001101	726
10110011001110	519
10110011001111	849
10110011010000	126
10110011010001	454
10110011010010	133
10110011010011	606
10110011010100	144
10110011010101	534
10110011010110	138
10110011010111	507
10110011011000	210
10110011011001	508
10110011011010	217
10110011011011	655
10110011011100	251
10110011011101	587
10110011011110	184
10110011011111	443
10110011100000	442
10110011100001	917
10110011100010	482
10110011100011	993
10110011100100	538
10110011100101	784
10110011100110	428
10110011100111	1007
10110011101000	610
10110011101001	1133
10110011101010	556
10110011101011	966
10110011101100	520
10110011101101	979
10110011101110	489
10110011101111	983
10110011110000	163
10110011110001	579
10110011110010	152
10110011110011	588
10110011110100	194
10110011110101	615
10110011110110	161
10110011110111	571
10110011111000	249
10110011111001	663
10110011111010	204
10110011111011	692
10110011111100	274
10110011111101	630
10110011111110	229
10110011111111	611
10110100000000	428
10110100000001	834
10110100000010	449
10110100000011	852
10110100000100	417
10110100000101	845
10110100000110	530
10110100000111	904
10110100001000	478
10110100001001	870
10110100001010	567
10110100001011	1017
10110100001100	481
10110100001101	901
10110100001110	571
10110100001111	785
10110100010000	152
10110100010001	478
10110100010010	164
10110100010011	465
10110100010100	163
10110100010101	494
10110100010110	119
10110100010111	521
10110100011000	294
10110100011001	554
10110100011010	255
10110100011011	598
10110100011100	273
10110100011101	580
10110100011110	253
10110100011111	570
10110100100000	722
10110100100001	999
10110100100010	473
10110100100011	908
10110100100100	649
10110100100101	868
10110100100110	434
10110100100111	944
10110100101000	761
10110100101001	1019
10110100101010	631
10110100101011	787
10110100101100	727
10110100101101	885
10110100101110	606
10110100101111	905
10110100110000	196
10110100110001	625
10110100110010	178
10110100110011	475
10110100110100	188
10110100110101	626
10110100110110	203
10110100110111	522
10110100111000	395
10110100111001	673
10110100111010	300
10110100111011	657
10110100111100	289
10110100111101	647
10110100111110	261
10110100111111	617
10110101000000	259
10110101000001	822
10110101000010	299
10110101000011	737
10110101000100	348
10110101000101	515
10110101000110	339
10110101000111	870
10110101001000	399
10110101001001	745
10110101001010	278
10110101001011	707
10110101001100	357
10110101001101	753
10110101001110	349
10110101001111	676
10110101010000	77
10110101010001	373
10110101010010	131
10110101010011	543
10110101010100	90
10110101010101	441
10110101010110	123
10110101010111	397
10110101011000	148
10110101011001	513
10110101011010	182
10110101011011	468
10110101011100	203
10110101011101	542
10110101011110	176
10110101011111	630
10110101100000	389
10110101100001	904
10110101100010	306
10110101100011	825
10110101100100	441
10110101100101	919
10110101100110	398
10110101100111	942
10110101101000	319
10110101101001	862
10110101101010	454
10110101101011	1036
10110101101100	384
10110101101101	839
10110101101110	405
10110101101111	793
10110101110000	138
10110101110001	564
10110101110010	135
10110101110011	448
10110101110100	155
10110101110101	629
10110101110110	142
10110101110111	477
10110101111000	176
10110101111001	660
10110101111010	224
10110101111011	535
10110101111100	273
10110101111101	587
10110101111110	166
10110101111111	542
10110110000000	614
10110110000001	996
10110110000010	659
10110110000011	1082
10110110000100	636
10110110000101	873
10110110000110	580
10110110000111	1232
10110110001000	793
10110110001001	1070
10110110001010	757
10110110001011	1424
10110110001100	762
10110110001101	1053
10110110001110	766
10110110001111	1057
10110110010000	174
10110110010001	535
10110110010010	166
10110110010011	595
10110110010100	251
10110110010101	677
10110110010110	215
10110110010111	691
10110110011000	293
10110110011001	763
10110110011010	316
10110110011011	818
10110110011100	288
10110110011101	762
10110110011110	344
10110110011111	642
10110110100000	594
10110110100001	1153
10110110100010	601
10110110100011	1116
10110110100100	794
10110110100101	1524
10110110100110	712
10110110100111	1079
10110110101000	827
10110110101001	1124
10110110101010	865
10110110101011	1121
10110110101100	875
10110110101101	1100
10110110101110	770
10110110101111	1289
10110110110000	241
10110110110001	753
10110110110010	225
10110110110011	708
10110110110100	289
10110110110101	908
10110110110110	268
10110110110111	693
10110110111000	412
10110110111001	897
10110110111010	429
10110110111011	815
10110110111100	511
10110110111101	887
10110110111110	351
10110110111111	698
10110111000000	409
10110111000001	693
10110111000010	471
10110111000011	891
10110111000100	391
10110111000101	942
10110111000110	401
10110111000111	1229
10110111001000	392
10110111001001	591
10110111001010	643
10110111001011	1034
10110111001100	489
10110111001101	941
10110111001110	547
10110111001111	1014
10110111010000	136
10110111010001	496
10110111010010	169
10110111010011	601
10110111010100	157
10110111010101	728
10110111010110	160
10110111010111	729
10110111011000	238
10110111011001	569
10110111011010	245
10110111011011	715
10110111011100	216
10110111011101	613
10110111011110	185
10110111011111	758
10110111100000	382
10110111100001	1159
10110111100010	557
10110111100011	1137
10110111100100	555
10110111100101	1160
10110111100110	475
10110111100111	1002
10110111101000	520
10110111101001	1103
10110111101010	708
10110111101011	929
10110111101100	586
10110111101101	1124
10110111101110	573
10110111101111	1061
10110111110000	168
10110111110001	559
10110111110010	146
10110111110011	661
10110111110100	237
10110111110101	663
10110111110110	210
10110111110111	569
10110111111000	246
10110111111001	879
10110111111010	275
10110111111011	688
10110111111100	300
10110111111101	872
10110111111110	272
10110111111111	713
10111000000000	344
10111000000001	707
10111000000010	356
10111000000011	717
10111000000100	348
10111000000101	702
10111000000110	368
10111000000111	804
10111000001000	464
10111000001001	764
10111000001010	408
10111000001011	792
10111000001100	482
10111000001101	691
10111000001110	424
10111000001111	667
10111000010000	162
10111000010001	339
10111000010010	109
10111000010011	431
10111000010100	111
10111000010101	487
10111000010110	151
10111000010111	349
10111000011000	190
10111000011001	484
10111000011010	175
10111000011011	360
10111000011100	161
10111000011101	477
10111000011110	184
10111000011111	406
10111000100000	437
10111000100001	969
10111000100010	438
10111000100011	910
10111000100100	504
10111000100101	1008
10111000100110	361
10111000100111	823
10111000101000	647
10111000101001	790
10111000101010	604
10111000101011	774
10111000101100	520
10111000101101	737
10111000101110	474
10111000101111	600
10111000110000	148
10111000110001	447
10111000110010	148
10111000110011	414
10111000110100	147
10111000110101	423
10111000110110	135
10111000110111	470
10111000111000	255
10111000111001	564
10111000111010	228
10111000111011	432
10111000111100	329
10111000111101	412
10111000111110	270
10111000111111	429
10111001000000	224
10111001000001	535
10111001000010	269
10111001000011	625
10111001000100	282
10111001000101	477
10111001000110	217
10111001000111	561
10111001001000	405
10111001001001	642
10111001001010	324
10111001001011	537
10111001001100	371
10111001001101	638
10111001001110	259
10111001001111	668
10111001010000	101
10111001010001	291
10111001010010	64
10111001010011	429
10111001010100	85
10111001010101	406
10111001010110	64
10111001010111	458
10111001011000	166
10111001011001	398
10111001011010	143
10111001011011	515
10111001011100	147
10111001011101	345
10111001011110	167
10111001011111	380
10111001100000	312
10111001100001	714
10111001100010	314
10111001100011	589
10111001100100	373
10111001100101	734
10111001100110	301
10111001100111	763
10111001101000	503
10111001101001	655
10111001101010	401
10111001101011	798
10111001101100	454
10111001101101	702
10111001101110	428
10111001101111	488
10111001110000	86
10111001110001	402
10111001110010	144
10111001110011	389
10111001110100	141
10111001110101	424
10111001110110	116
10111001110111	341
10111001111000	174
10111001111001	586
10111001111010	181
10111001111011	597
10111001111100	162
10111001111101	534
10111001111110	158
10111001111111	410
10111010000000	405
10111010000001	664
10111010000010	323
10111010000011	538
10111010000100	268
10111010000101	747
10111010000110	366
10111010000111	838
10111010001000	437
10111010001001	635
10111010001010	499
10111010001011	907
10111010001100	491
10111010001101	542
10111010001110	530
10111010001111	873
10111010010000	126
10111010010001	382
10111010010010	146
10111010010011	329
10111010010100	113
10111010010101	425
10111010010110	119
10111010010111	403
10111010011000	227
10111010011001	460
10111010011010	209
10111010011011	361
10111010011100	246
10111010011101	497
10111010011110	194
10111010011111	403
10111010100000	447
10111010100001	834
10111010100010	445
10111010100011	939
10111010100100	512
10111010100101	830
10111010100110	555
10111010100111	870
10111010101000	543
10111010101001	780
10111010101010	607
10111010101011	891
10111010101100	565
10111010101101	602
10111010101110	574
10111010101111	757
10111010110000	168
10111010110001	468
10111010110010	121
10111010110011	354
10111010110100	198
10111010110101	525
10111010110110	123
10111010110111	431
10111010111000	248
10111010111001	659
10111010111010	265
10111010111011	560
10111010111100	196
10111010111101	477
10111010111110	249
10111010111111	484
10111011000000	226
10111011000001	619
10111011000010	315
10111011000011	522
10111011000100	311
10111011000101	480
10111011000110	369
10111011000111	682
10111011001000	289
10111011001001	812
10111011001010	382
10111011001011	657
10111011001100	363
10111011001101	589
10111011001110	361
10111011001111	576
10111011010000	67
10111011010001	290
10111011010010	96
10111011010011	353
10111011010100	87
10111011010101	437
10111011010110	112
10111011010111	365
10111011011000	136
10111011011001	436
10111011011010	150
10111011011011	456
10111011011100	183
10111011011101	467
10111011011110	139
10111011011111	460
10111011100000	327
10111011100001	680
10111011100010	353
10111011100011	723
10111011100100	368
10111011100101	778
10111011100110	355
10111011100111	805
10111011101000	470
10111011101001	833
10111011101010	396
10111011101011	623
10111011101100	387
10111011101101	829
10111011101110	489
10111011101111	627
10111011110000	95
10111011110001	446
10111011110010	110
10111011110011	327
10111011110100	95
10111011110101	399
10111011110110	145
10111011110111	525
10111011111000	161
10111011111001	529
10111011111010	161
10111011111011	657
10111011111100	162
10111011111101	492
10111011111110	176
10111011111111	482
10111100000000	337
10111100000001	539
10111100000010	348
10111100000011	640
10111100000100	273
10111100000101	605
10111100000110	329
10111100000111	504
10111100001000	387
10111100001001	633
10111100001010	327
10111100001011	775
10111100001100	356
10111100001101	655
10111100001110	431
10111100001111	481
10111100010000	117
10111100010001	328
10111100010010	101
10111100010011	341
10111100010100	104
10111100010101	409
10111100010110	99
10111100010111	351
10111100011000	179
10111100011001	413
10111100011010	138
10111100011011	434
10111100011100	129
10111100011101	342
10111100011110	145
10111100011111	361
10111100100000	377
10111100100001	746
10111100100010	338
10111100100011	780
10111100100100	389
10111100100101	690
10111100100110	421
10111100100111	566
10111100101000	414
10111100101001	868
10111100101010	577
10111100101011	883
10111100101100	407
10111100101101	599
10111100101110	383
10111100101111	633
10111100110000	140
10111100110001	415
10111100110010	152
10111100110011	358
10111100110100	163
10111100110101	431
10111100110110	150
10111100110111	351
10111100111000	187
10111100111001	581
10111100111010	177
10111100111011	468
10111100111100	244
10111100111101	497
10111100111110	191
10111100111111	430
10111101000000	174
10111101000001	507
10111101000010	186
10111101000011	443
10111101000100	202
10111101000101	628
10111101000110	230
10111101000111	591
10111101001000	276
10111101001001	458
10111101001010	178
10111101001011	579
10111101001100	203
10111101001101	461
10111101001110	265
10111101001111	636
10111101010000	74
10111101010001	268
10111101010010	76
10111101010011	359
10111101010100	66
10111101010101	272
10111101010110	84
10111101010111	288
10111101011000	119
10111101011001	320
10111101011010	135
10111101011011	332
10111101011100	90
10111101011101	333
10111101011110	131
10111101011111	321
10111101100000	280
10111101100001	703
10111101100010	228
10111101100011	593
10111101100100	314
10111101100101	576
10111101100110	279
10111101100111	625
10111101101000	341
10111101101001	683
10111101101010	277
10111101101011	635
10111101101100	364
10111101101101	566
10111101101110	366
10111101101111	581
10111101110000	97
10111101110001	378
10111101110010	101
10111101110011	309
10111101110100	93
10111101110101	336
10111101110110	83
10111101110111	286
10111101111000	196
10111101111001	401
10111101111010	72
10111101111011	468
10111101111100	192
10111101111101	463
10111101111110	130
10111101111111	571
10111110000000	352
10111110000001	680
10111110000010	469
10111110000011	753
10111110000100	443
10111110000101	653
10111110000110	438
10111110000111	743
10111110001000	550
10111110001001	839
10111110001010	534
10111110001011	770
10111110001100	640
10111110001101	727
10111110001110	365
10111110001111	939
10111110010000	174
10111110010001	529
10111110010010	159
10111110010011	434
10111110010100	185
10111110010101	466
10111110010110	123
10111110010111	521
10111110011000	256
10111110011001	471
10111110011010	244
10111110011011	722
10111110011100	228
10111110011101	389
10111110011110	188
10111110011111	615
10111110100000	472
10111110100001	955
10111110100010	461
10111110100011	959
10111110100100	491
10111110100101	943
10111110100110	432
10111110100111	723
10111110101000	693
10111110101001	1039
10111110101010	598
10111110101011	672
10111110101100	683
10111110101101	1051
10111110101110	581
10111110101111	1069
10111110110000	154
10111110110001	447
10111110110010	162
10111110110011	552
10111110110100	173
10111110110101	584
10111110110110	217
10111110110111	539
10111110111000	291
10111110111001	594
10111110111010	212
10111110111011	627
10111110111100	333
10111110111101	555
10111110111110	276
10111110111111	499
10111111000000	337
10111111000001	590
10111111000010	343
10111111000011	949
10111111000100	268
10111111000101	704
10111111000110	319
10111111000111	698
10111111001000	311
10111111001001	726
10111111001010	469
10111111001011	827
10111111001100	396
10111111001101	838
10111111001110	440
10111111001111	804
10111111010000	85
10111111010001	426
10111111010010	83
10111111010011	371
10111111010100	119
10111111010101	446
10111111010110	124
10111111010111	355
10111111011000	137
10111111011001	420
10111111011010	236
10111111011011	498
10111111011100	180
10111111011101	369
10111111011110	156
10111111011111	608
10111111100000	358
10111111100001	830
10111111100010	401
10111111100011	958
10111111100100	379
10111111100101	765
10111111100110	377
10111111100111	652
10111111101000	508
10111111101001	928
10111111101010	443
10111111101011	900
10111111101100	424
10111111101101	765
10111111101110	462
10111111101111	729
10111111110000	125
10111111110001	449
10111111110010	88
10111111110011	391
10111111110100	149
10111111110101	440
10111111110110	137
10111111110111	484
10111111111000	192
10111111111001	504
10111111111010	167
10111111111011	632
10111111111100	234
10111111111101	479
10111111111110	192
10111111111111	524
11000000000000	449
11000000000001	524
11000000000010	422
11000000000011	448
11000000000100	342
11000000000101	540
11000000000110	324
11000000000111	642
11000000001000	433
11000000001001	476
11000000001010	481
11000000001011	670
11000000001100	399
11000000001101	588
11000000001110	406
11000000001111	548
11000000010000	117
11000000010001	367
11000000010010	115
11000000010011	430
11000000010100	111
11000000010101	375
11000000010110	150
11000000010111	374
11000000011000	196
11000000011001	420
11000000011010	197
11000000011011	374
11000000011100	164
11000000011101	458
11000000011110	183
11000000011111	490
11000000100000	416
11000000100001	850
11000000100010	437
11000000100011	740
11000000100100	471
11000000100101	885
11000000100110	357
11000000100111	651
11000000101000	586
11000000101001	839
11000000101010	399
11000000101011	727
11000000101100	463
11000000101101	608
11000000101110	470
11000000101111	553
11000000110000	176
11000000110001	485
11000000110010	139
11000000110011	427
11000000110100	157
11000000110101	457
11000000110110	179
11000000110111	384
11000000111000	223
11000000111001	493
11000000111010	225
11000000111011	601
11000000111100	227
11000000111101	503
11000000111110	223
11000000111111	313
11000001000000	285
11000001000001	647
11000001000010	288
11000001000011	669
11000001000100	242
11000001000101	491
11000001000110	300
11000001000111	594
11000001001000	261
11000001001001	651
11000001001010	313
11000001001011	579
11000001001100	238
11000001001101	503
11000001001110	331
11000001001111	560
11000001010000	115
11000001010001	296
11000001010010	92
11000001010011	358
11000001010100	79
11000001010101	397
11000001010110	122
11000001010111	363
11000001011000	122
11000001011001	414
11000001011010	115
11000001011011	387
11000001011100	107
11000001011101	281
11000001011110	95
11000001011111	306
11000001100000	315
11000001100001	594
11000001100010	247
11000001100011	813
11000001100100	324
11000001100101	672
11000001100110	295
11000001100111	688
11000001101000	406
11000001101001	660
11000001101010	399
11000001101011	684
11000001101100	333
11000001101101	767
11000001101110	271
11000001101111	573
11000001110000	100
11000001110001	283
11000001110010	113
11000001110011	324
11000001110100	109
11000001110101	373
11000001110110	115
11000001110111	396
11000001111000	120
11000001111001	397
11000001111010	136
11000001111011	413
11000001111100	150
11000001111101	427
11000001111110	179
11000001111111	421
11000010000000	306
11000010000001	509
11000010000010	239
11000010000011	663
11000010000100	334
11000010000101	659
11000010000110	293
11000010000111	443
11000010001000	351
11000010001001	450
11000010001010	362
11000010001011	600
11000010001100	402
11000010001101	667
11000010001110	323
11000010001111	547
11000010010000	62
11000010010001	301
11000010010010	118
11000010010011	360
11000010010100	135
11000010010101	338
11000010010110	115
11000010010111	306
11000010011000	170
11000010011001	333
11000010011010	165
11000010011011	269
11000010011100	140
11000010011101	403
11000010011110	202
11000010011111	404
11000010100000	493
11000010100001	627
11000010100010	393
11000010100011	741
11000010100100	502
11000010100101	771
11000010100110	367
11000010100111	661
11000010101000	550
11000010101001	627
11000010101010	426
11000010101011	707
11000010101100	494
11000010101101	708
11000010101110	369
11000010101111	688
11000010110000	158
11000010110001	417
11000010110010	152
11000010110011	363
11000010110100	144
11000010110101	469
11000010110110	143
11000010110111	397
11000010111000	226
11000010111001	520
11000010111010	192
11000010111011	489
11000010111100	197
11000010111101	361
11000010111110	170
11000010111111	508
11000011000000	187
11000011000001	488
11000011000010	360
11000011000011	616
11000011000100	281
11000011000101	609
11000011000110	330
11000011000111	531
11000011001000	260
11000011001001	658
11000011001010	351
11000011001011	491
11000011001100	377
11000011001101	449
11000011001110	320
11000011001111	614
11000011010000	87
11000011010001	280
11000011010010	92
11000011010011	274
11000011010100	80
11000011010101	302
11000011010110	83
11000011010111	375
11000011011000	111
11000011011001	269
11000011011010	127
11000011011011	293
11000011011100	138
11000011011101	389
11000011011110	131
11000011011111	383
11000011100000	313
11000011100001	550
11000011100010	282
11000011100011	538
11000011100100	339
11000011100101	624
11000011100110	359
11000011100111	668
11000011101000	349
11000011101001	626
11000011101010	395
11000011101011	598
11000011101100	377
11000011101101	639
11000011101110	321
11000011101111	739
11000011110000	108
11000011110001	371
11000011110010	103
11000011110011	348
11000011110100	117
11000011110101	411
11000011110110	98
11000011110111	353
11000011111000	161
11000011111001	355
11000011111010	152
11000011111011	546
11000011111100	149
11000011111101	530
11000011111110	141
11000011111111	428
11000100000000	299
11000100000001	428
11000100000010	303
11000100000011	503
11000100000100	314
11000100000101	411
11000100000110	311
11000100000111	514
11000100001000	272
11000100001001	452
11000100001010	357
11000100001011	453
11000100001100	354
11000100001101	328
11000100001110	229
11000100001111	326
11000100010000	88
11000100010001	212
11000100010010	124
11000100010011	242
11000100010100	85
11000100010101	321
11000100010110	123
11000100010111	307
11000100011000	134
11000100011001	242
11000100011010	130
11000100011011	375
11000100011100	185
11000100011101	321
11000100011110	97
11000100011111	200
11000100100000	377
11000100100001	697
11000100100010	302
11000100100011	496
11000100100100	344
11000100100101	584
11000100100110	356
11000100100111	644
11000100101000	446
11000100101001	674
11000100101010	372
11000100101011	509
11000100101100	368
11000100101101	486
11000100101110	338
11000100101111	539
11000100110000	124
11000100110001	344
11000100110010	74
11000100110011	289
11000100110100	125
11000100110101	246
11000100110110	115
11000100110111	281
11000100111000	186
11000100111001	453
11000100111010	197
11000100111011	438
11000100111100	169
11000100111101	469
11000100111110	218
11000100111111	353
11000101000000	147
11000101000001	336
11000101000010	210
11000101000011	545
11000101000100	192
11000101000101	458
11000101000110	164
11000101000111	414
11000101001000	212
11000101001001	495
11000101001010	244
11000101001011	403
11000101001100	213
11000101001101	388
11000101001110	256
11000101001111	532
11000101010000	44
11000101010001	274
11000101010010	55
11000101010011	367
11000101010100	72
11000101010101	253
11000101010110	79
11000101010111	256
11000101011000	90
11000101011001	376
11000101011010	102
11000101011011	245
11000101011100	85
11000101011101	203
11000101011110	108
11000101011111	300
11000101100000	212
11000101100001	340
11000101100010	307
11000101100011	495
11000101100100	222
11000101100101	502
11000101100110	277
11000101100111	557
11000101101000	306
11000101101001	481
11000101101010	215
11000101101011	611
11000101101100	294
11000101101101	628
11000101101110	303
11000101101111	463
11000101110000	64
11000101110001	319
11000101110010	60
11000101110011	250
11000101110100	94
11000101110101	373
11000101110110	61
11000101110111	185
11000101111000	82
11000101111001	271
11000101111010	125
11000101111011	368
11000101111100	124
11000101111101	368
11000101111110	92
11000101111111	315
11000110000000	282
11000110000001	570
11000110000010	288
11000110000011	563
11000110000100	296
11000110000101	650
11000110000110	388
11000110000111	529
11000110001000	434
11000110001001	605
11000110001010	397
11000110001011	627
11000110001100	322
11000110001101	631
11000110001110	379
11000110001111	565
11000110010000	127
11000110010001	281
11000110010010	123
11000110010011	343
11000110010100	103
11000110010101	369
11000110010110	105
11000110010111	391
11000110011000	189
11000110011001	398
11000110011010	213
11000110011011	420
11000110011100	147
11000110011101	434
11000110011110	196
11000110011111	452
11000110100000	451
11000110100001	751
11000110100010	322
11000110100011	477
11000110100100	434
11000110100101	640
11000110100110	484
11000110100111	849
11000110101000	509
11000110101001	679
11000110101010	523
11000110101011	672
11000110101100	425
11000110101101	618
11000110101110	456
11000110101111	587
11000110110000	128
11000110110001	382
11000110110010	125
11000110110011	373
11000110110100	119
11000110110101	516
11000110110110	131
11000110110111	369
11000110111000	222
11000110111001	500
11000110111010	265
11000110111011	356
11000110111100	284
11000110111101	461
11000110111110	142
11000110111111	508
11000111000000	240
11000111000001	484
11000111000010	266
11000111000011	680
11000111000100	255
11000111000101	530
11000111000110	316
11000111000111	529
11000111001000	299
11000111001001	529
11000111001010	302
11000111001011	750
11000111001100	229
11000111001101	473
11000111001110	461
11000111001111	630
11000111010000	83
11000111010001	258
11000111010010	83
11000111010011	331
11000111010100	103
11000111010101	333
11000111010110	105
11000111010111	328
11000111011000	141
11000111011001	440
11000111011010	117
11000111011011	344
11000111011100	154
11000111011101	458
11000111011110	171
11000111011111	380
11000111100000	363
11000111100001	586
11000111100010	308
11000111100011	713
11000111100100	334
11000111100101	697
11000111100110	378
11000111100111	657
11000111101000	356
11000111101001	573
11000111101010	357
11000111101011	728
11000111101100	486
11000111101101	641
11000111101110	416
11000111101111	602
11000111110000	112
11000111110001	375
11000111110010	131
11000111110011	338
11000111110100	135
11000111110101	433
11000111110110	147
11000111110111	445
11000111111000	187
11000111111001	440
11000111111010	202
11000111111011	410
11000111111100	215
11000111111101	606
11000111111110	140
11000111111111	384
11001000000000	520
11001000000001	871
11001000000010	448
11001000000011	776
11001000000100	360
11001000000101	632
11001000000110	421
11001000000111	744
11001000001000	430
11001000001001	824
11001000001010	717
11001000001011	893
11001000001100	513
11001000001101	545
11001000001110	473
11001000001111	773
11001000010000	177
11001000010001	454
11001000010010	115
11001000010011	437
11001000010100	132
11001000010101	476
11001000010110	136
11001000010111	474
11001000011000	270
11001000011001	558
11001000011010	191
11001000011011	544
11001000011100	205
11001000011101	410
11001000011110	180
11001000011111	525
11001000100000	543
11001000100001	964
11001000100010	517
11001000100011	907
11001000100100	468
11001000100101	1032
11001000100110	586
11001000100111	898
11001000101000	769
11001000101001	985
11001000101010	528
11001000101011	925
11001000101100	618
11001000101101	766
11001000101110	533
11001000101111	753
11001000110000	232
11001000110001	515
11001000110010	198
11001000110011	574
11001000110100	239
11001000110101	612
11001000110110	176
11001000110111	572
11001000111000	283
11001000111001	668
11001000111010	251
11001000111011	633
11001000111100	279
11001000111101	652
11001000111110	263
11001000111111	451
11001001000000	283
11001001000001	874
11001001000010	334
11001001000011	726
11001001000100	371
11001001000101	719
11001001000110	316
11001001000111	817
11001001001000	352
11001001001001	740
11001001001010	347
11001001001011	717
11001001001100	327
11001001001101	722
11001001001110	346
11001001001111	777
11001001010000	102
11001001010001	395
11001001010010	139
11001001010011	397
11001001010100	104
11001001010101	461
11001001010110	115
11001001010111	504
11001001011000	173
11001001011001	428
11001001011010	186
11001001011011	524
11001001011100	145
11001001011101	555
11001001011110	139
11001001011111	437
11001001100000	393
11001001100001	867
11001001100010	285
11001001100011	696
11001001100100	345
11001001100101	878
11001001100110	388
11001001100111	776
11001001101000	496
11001001101001	895
11001001101010	417
11001001101011	835
11001001101100	446
11001001101101	776
11001001101110	314
11001001101111	781
11001001110000	144
11001001110001	541
11001001110010	79
11001001110011	520
11001001110100	139
11001001110101	589
11001001110110	111
11001001110111	519
11001001111000	209
11001001111001	513
11001001111010	176
11001001111011	542
11001001111100	199
11001001111101	450
11001001111110	176
11001001111111	568
11001010000000	489
11001010000001	855
11001010000010	510
11001010000011	790
11001010000100	521
11001010000101	803
11001010000110	593
11001010000111	882
11001010001000	558
11001010001001	807
11001010001010	659
11001010001011	1121
11001010001100	559
11001010001101	920
11001010001110	593
11001010001111	806
11001010010000	142
11001010010001	574
11001010010010	174
11001010010011	532
11001010010100	154
11001010010101	564
11001010010110	186
11001010010111	616
11001010011000	216
11001010011001	603
11001010011010	229
11001010011011	538
11001010011100	214
11001010011101	573
11001010011110	234
11001010011111	544
11001010100000	681
11001010100001	1114
11001010100010	615
11001010100011	935
11001010100100	611
11001010100101	1169
11001010100110	461
11001010100111	817
11001010101000	659
11001010101001	848
11001010101010	627
11001010101011	961
11001010101100	562
11001010101101	1078
11001010101110	596
11001010101111	706
11001010110000	171
11001010110001	652
11001010110010	180
11001010110011	485
11001010110100	212
11001010110101	530
11001010110110	243
11001010110111	546
11001010111000	275
11001010111001	737
11001010111010	272
11001010111011	747
11001010111100	323
11001010111101	670
11001010111110	295
11001010111111	693
11001011000000	368
11001011000001	874
11001011000010	479
11001011000011	860
11001011000100	397
11001011000101	581
11001011000110	387
11001011000111	798
11001011001000	469
11001011001001	683
11001011001010	514
11001011001011	760
11001011001100	494
11001011001101	624
11001011001110	485
11001011001111	865
11001011010000	109
11001011010001	415
11001011010010	176
11001011010011	393
11001011010100	135
11001011010101	342
11001011010110	166
11001011010111	481
11001011011000	170
11001011011001	514
11001011011010	192
11001011011011	614
11001011011100	154
11001011011101	397
11001011011110	164
11001011011111	504
11001011100000	387
11001011100001	926
11001011100010	377
11001011100011	868
11001011100100	446
11001011100101	867
11001011100110	422
11001011100111	843
11001011101000	533
11001011101001	1018
11001011101010	537
11001011101011	788
11001011101100	467
11001011101101	916
11001011101110	466
11001011101111	814
11001011110000	137
11001011110001	553
11001011110010	153
11001011110011	479
11001011110100	157
11001011110101	582
11001011110110	141
11001011110111	450
11001011111000	211
11001011111001	602
11001011111010	226
11001011111011	692
11001011111100	229
11001011111101	512
11001011111110	230
11001011111111	565
11001100000000	372
11001100000001	721
11001100000010	340
11001100000011	722
11001100000100	372
11001100000101	677
11001100000110	426
11001100000111	682
11001100001000	516
11001100001001	558
11001100001010	492
11001100001011	627
11001100001100	425
11001100001101	632
11001100001110	426
11001100001111	708
11001100010000	127
11001100010001	367
11001100010010	108
11001100010011	358
11001100010100	160
11001100010101	341
11001100010110	148
11001100010111	398
11001100011000	170
11001100011001	504
11001100011010	210
11001100011011	423
11001100011100	196
11001100011101	566
11001100011110	188
11001100011111	492
11001100100000	535
11001100100001	818
11001100100010	470
11001100100011	728
11001100100100	495
11001100100101	861
11001100100110	512
11001100100111	807
11001100101000	557
11001100101001	821
11001100101010	399
11001100101011	827
11001100101100	409
11001100101101	701
11001100101110	528
11001100101111	690
11001100110000	177
11001100110001	535
11001100110010	131
11001100110011	474
11001100110100	176
11001100110101	429
11001100110110	166
11001100110111	601
11001100111000	250
11001100111001	554
11001100111010	204
11001100111011	554
11001100111100	225
11001100111101	463
11001100111110	224
11001100111111	480
11001101000000	193
11001101000001	552
11001101000010	253
11001101000011	620
11001101000100	236
11001101000101	634
11001101000110	204
11001101000111	625
11001101001000	292
11001101001001	595
11001101001010	345
11001101001011	611
11001101001100	234
11001101001101	404
11001101001110	313
11001101001111	585
11001101010000	91
11001101010001	308
11001101010010	99
11001101010011	359
11001101010100	85
11001101010101	369
11001101010110	99
11001101010111	328
11001101011000	111
11001101011001	264
11001101011010	148
11001101011011	413
11001101011100	106
11001101011101	391
11001101011110	98
11001101011111	293
11001101100000	283
11001101100001	745
11001101100010	292
11001101100011	470
11001101100100	361
11001101100101	668
11001101100110	298
11001101100111	539
11001101101000	440
11001101101001	732
11001101101010	317
11001101101011	683
11001101101100	358
11001101101101	666
11001101101110	351
11001101101111	514
11001101110000	88
11001101110001	320
11001101110010	97
11001101110011	346
11001101110100	122
11001101110101	497
11001101110110	124
11001101110111	379
11001101111000	147
11001101111001	451
11001101111010	174
11001101111011	433
11001101111100	172
11001101111101	388
11001101111110	158
11001101111111	372
11001110000000	512
11001110000001	801
11001110000010	506
11001110000011	871
11001110000100	510
11001110000101	791
11001110000110	468
11001110000111	980
11001110001000	539
11001110001001	874
11001110001010	501
11001110001011	894
11001110001100	654
11001110001101	984
11001110001110	583
11001110001111	938
11001110010000	212
11001110010001	572
11001110010010	205
11001110010011	542
11001110010100	175
11001110010101	493
11001110010110	225
11001110010111	466
11001110011000	282
11001110011001	543
11001110011010	265
11001110011011	640
11001110011100	316
11001110011101	505
11001110011110	209
11001110011111	565
11001110100000	521
11001110100001	895
11001110100010	636
11001110100011	931
11001110100100	545
11001110100101	1284
11001110100110	552
11001110100111	1115
11001110101000	771
11001110101001	1176
11001110101010	696
11001110101011	965
11001110101100	852
11001110101101	965
11001110101110	668
11001110101111	1009
11001110110000	204
11001110110001	671
11001110110010	157
11001110110011	568
11001110110100	175
11001110110101	644
11001110110110	209
11001110110111	651
11001110111000	344
11001110111001	705
11001110111010	326
11001110111011	722
11001110111100	375
11001110111101	845
11001110111110	270
11001110111111	528
11001111000000	318
11001111000001	750
11001111000010	353
11001111000011	839
11001111000100	323
11001111000101	685
11001111000110	439
11001111000111	759
11001111001000	504
11001111001001	719
11001111001010	486
11001111001011	778
11001111001100	431
11001111001101	702
11001111001110	456
11001111001111	825
11001111010000	102
11001111010001	445
11001111010010	158
11001111010011	571
11001111010100	122
11001111010101	558
11001111010110	165
11001111010111	465
11001111011000	183
11001111011001	563
11001111011010	234
11001111011011	648
11001111011100	151
11001111011101	305
11001111011110	197
11001111011111	538
11001111100000	442
11001111100001	1104
11001111100010	457
11001111100011	882
11001111100100	432
11001111100101	816
11001111100110	492
11001111100111	1067
11001111101000	579
11001111101001	891
11001111101010	634
11001111101011	933
11001111101100	477
11001111101101	930
11001111101110	675
11001111101111	964
11001111110000	136
11001111110001	509
11001111110010	128
11001111110011	560
11001111110100	162
11001111110101	543
11001111110110	176
11001111110111	664
11001111111000	200
11001111111001	650
11001111111010	224
11001111111011	655
11001111111100	253
11001111111101	504
11001111111110	250
11001111111111	577
11010000000000	625
11010000000001	1035
11010000000010	715
11010000000011	1165
11010000000100	536
11010000000101	1271
11010000000110	725
11010000000111	1044
11010000001000	778
11010000001001	1193
11010000001010	727
11010000001011	1132
11010000001100	576
11010000001101	1074
11010000001110	570
11010000001111	925
11010000010000	228
11010000010001	651
11010000010010	268
11010000010011	608
11010000010100	213
11010000010101	555
11010000010110	221
11010000010111	658
11010000011000	318
11010000011001	533
11010000011010	299
11010000011011	854
11010000011100	251
11010000011101	664
11010000011110	289
11010000011111	692
11010000100000	720
11010000100001	1245
11010000100010	708
11010000100011	1294
11010000100100	749
11010000100101	1536
11010000100110	664
11010000100111	1143
11010000101000	885
11010000101001	1403
11010000101010	771
11010000101011	1314
11010000101100	758
11010000101101	1373
11010000101110	809
11010000101111	1099
11010000110000	219
11010000110001	688
11010000110010	252
11010000110011	800
11010000110100	281
11010000110101	808
11010000110110	195
11010000110111	735
11010000111000	437
11010000111001	1108
11010000111010	388
11010000111011	1092
11010000111100	394
11010000111101	936
11010000111110	253
11010000111111	821
11010001000000	393
11010001000001	1163
11010001000010	547
11010001000011	1190
11010001000100	444
11010001000101	1056
11010001000110	484
11010001000111	1010
11010001001000	488
11010001001001	1099
11010001001010	457
11010001001011	1222
11010001001100	553
11010001001101	1129
11010001001110	516
11010001001111	857
11010001010000	162
11010001010001	629
11010001010010	149
11010001010011	428
11010001010100	181
11010001010101	551
11010001010110	170
11010001010111	714
11010001011000	197
11010001011001	661
11010001011010	228
11010001011011	692
11010001011100	215
11010001011101	554
11010001011110	203
11010001011111	502
11010001100000	594
11010001100001	1195
11010001100010	509
11010001100011	1268
11010001100100	609
11010001100101	1271
11010001100110	459
11010001100111	993
11010001101000	632
11010001101001	1059
11010001101010	595
11010001101011	924
11010001101100	573
11010001101101	1192
11010001101110	593
11010001101111	861
11010001110000	152
11010001110001	773
11010001110010	185
11010001110011	679
11010001110100	151
11010001110101	803
11010001110110	177
11010001110111	621
11010001111000	269
11010001111001	824
11010001111010	250
11010001111011	952
11010001111100	222
11010001111101	854
11010001111110	239
11010001111111	755
11010010000000	587
11010010000001	1209
11010010000010	613
11010010000011	1338
11010010000100	691
11010010000101	1011
11010010000110	590
11010010000111	960
11010010001000	907
11010010001001	1001
11010010001010	752
11010010001011	1378
11010010001100	795
11010010001101	1044
11010010001110	754
11010010001111	1053
11010010010000	277
11010010010001	663
11010010010010	190
11010010010011	844
11010010010100	232
11010010010101	607
11010010010110	213
11010010010111	882
11010010011000	304
11010010011001	784
11010010011010	260
11010010011011	719
11010010011100	342
11010010011101	812
11010010011110	320
11010010011111	873
11010010100000	806
11010010100001	1432
11010010100010	702
11010010100011	1371
11010010100100	725
11010010100101	1393
11010010100110	631
11010010100111	1154
11010010101000	796
11010010101001	1649
11010010101010	731
11010010101011	1329
11010010101100	906
11010010101101	1203
11010010101110	714
11010010101111	994
11010010110000	249
11010010110001	637
11010010110010	254
11010010110011	630
11010010110100	252
11010010110101	938
11010010110110	280
11010010110111	934
11010010111000	493
11010010111001	798
11010010111010	375
11010010111011	1087
11010010111100	350
11010010111101	767
11010010111110	379
11010010111111	897
11010011000000	452
11010011000001	680
11010011000010	444
11010011000011	1109
11010011000100	391
11010011000101	983
11010011000110	459
11010011000111	1110
11010011001000	624
11010011001001	805
11010011001010	536
11010011001011	1097
11010011001100	468
11010011001101	847
11010011001110	607
11010011001111	934
11010011010000	155
11010011010001	609
11010011010010	141
11010011010011	570
11010011010100	134
11010011010101	480
11010011010110	195
11010011010111	676
11010011011000	207
11010011011001	717
11010011011010	290
11010011011011	909
11010011011100	286
11010011011101	567
11010011011110	270
11010011011111	797
11010011100000	542
11010011100001	932
11010011100010	504
11010011100011	906
11010011100100	546
11010011100101	1095
11010011100110	511
11010011100111	1127
11010011101000	654
11010011101001	1118
11010011101010	619
11010011101011	1257
11010011101100	598
11010011101101	1109
11010011101110	622
11010011101111	1188
11010011110000	163
11010011110001	552
11010011110010	142
11010011110011	664
11010011110100	208
11010011110101	682
11010011110110	198
11010011110111	772
11010011111000	289
11010011111001	722
11010011111010	306
11010011111011	681
11010011111100	282
11010011111101	748
11010011111110	266
11010011111111	680
11010100000000	544
11010100000001	1001
11010100000010	550
11010100000011	827
11010100000100	542
11010100000101	822
11010100000110	562
11010100000111	1027
11010100001000	604
11010100001001	858
11010100001010	715
11010100001011	887
11010100001100	657
11010100001101	973
11010100001110	562
11010100001111	736
11010100010000	157
11010100010001	646
11010100010010	164
11010100010011	572
11010100010100	245
11010100010101	627
11010100010110	201
11010100010111	551
11010100011000	213
11010100011001	620
11010100011010	310
11010100011011	586
11010100011100	265
11010100011101	687
11010100011110	264
11010100011111	763
11010100100000	632
11010100100001	1076
11010100100010	520
11010100100011	1118
11010100100100	770
11010100100101	1246
11010100100110	567
11010100100111	1203
11010100101000	741
11010100101001	1332
11010100101010	720
11010100101011	1270
11010100101100	953
11010100101101	1345
11010100101110	635
11010100101111	1040
11010100110000	289
11010100110001	830
11010100110010	212
11010100110011	606
11010100110100	278
11010100110101	667
11010100110110	225
11010100110111	663
11010100111000	324
11010100111001	937
11010100111010	374
11010100111011	582
11010100111100	316
11010100111101	760
11010100111110	303
11010100111111	617
11010101000000	350
11010101000001	847
11010101000010	416
11010101000011	830
11010101000100	349
11010101000101	791
11010101000110	406
11010101000111	902
11010101001000	494
11010101001001	964
11010101001010	512
11010101001011	989
11010101001100	462
11010101001101	894
11010101001110	413
11010101001111	868
11010101010000	111
11010101010001	463
11010101010010	104
11010101010011	561
11010101010100	119
11010101010101	564
11010101010110	160
11010101010111	701
11010101011000	191
11010101011001	646
11010101011010	186
11010101011011	585
11010101011100	201
11010101011101	592
11010101011110	244
11010101011111	595
11010101100000	409
11010101100001	954
11010101100010	356
11010101100011	866
11010101100100	508
11010101100101	1144
11010101100110	413
11010101100111	1066
11010101101000	480
11010101101001	923
11010101101010	517
11010101101011	1057
11010101101100	593
11010101101101	950
11010101101110	499
11010101101111	983
11010101110000	153
11010101110001	626
11010101110010	152
11010101110011	690
11010101110100	192
11010101110101	716
11010101110110	203
11010101110111	716
11010101111000	290
11010101111001	653
11010101111010	222
11010101111011	806
11010101111100	292
11010101111101	670
11010101111110	197
11010101111111	673
11010110000000	766
11010110000001	1000
11010110000010	634
11010110000011	1346
11010110000100	814
11010110000101	1465
11010110000110	636
11010110000111	964
11010110001000	820
11010110001001	1061
11010110001010	774
11010110001011	1379
11010110001100	851
11010110001101	1098
11010110001110	938
11010110001111	1114
11010110010000	228
11010110010001	561
11010110010010	252
11010110010011	772
11010110010100	228
11010110010101	798
11010110010110	277
11010110010111	880
11010110011000	360
11010110011001	745
11010110011010	320
11010110011011	775
11010110011100	423
11010110011101	717
11010110011110	415
11010110011111	942
11010110100000	724
11010110100001	1558
11010110100010	787
11010110100011	1571
11010110100100	850
11010110100101	1586
11010110100110	883
11010110100111	1576
11010110101000	1056
11010110101001	1350
11010110101010	1025
11010110101011	1597
11010110101100	1064
11010110101101	1563
11010110101110	809
11010110101111	1522
11010110110000	304
11010110110001	813
11010110110010	333
11010110110011	736
11010110110100	335
11010110110101	1017
11010110110110	354
11010110110111	961
11010110111000	418
11010110111001	1003
11010110111010	429
11010110111011	1096
11010110111100	414
11010110111101	1083
11010110111110	406
11010110111111	852
11010111000000	523
11010111000001	758
11010111000010	601
11010111000011	1036
11010111000100	490
11010111000101	1393
11010111000110	566
11010111000111	1236
11010111001000	478
11010111001001	1237
11010111001010	662
11010111001011	1288
11010111001100	656
11010111001101	840
11010111001110	722
11010111001111	1091
11010111010000	176
11010111010001	517
11010111010010	204
11010111010011	652
11010111010100	169
11010111010101	752
11010111010110	195
11010111010111	798
11010111011000	195
11010111011001	789
11010111011010	287
11010111011011	776
11010111011100	204
11010111011101	958
11010111011110	281
11010111011111	855
11010111100000	549
11010111100001	1185
11010111100010	638
11010111100011	1230
11010111100100	651
11010111100101	1272
11010111100110	614
11010111100111	1333
11010111101000	799
11010111101001	1361
11010111101010	688
11010111101011	1314
11010111101100	785
11010111101101	1271
11010111101110	691
11010111101111	1478
11010111110000	162
11010111110001	630
11010111110010	210
11010111110011	672
11010111110100	275
11010111110101	822
11010111110110	212
11010111110111	1034
11010111111000	312
11010111111001	795
11010111111010	419
11010111111011	1002
11010111111100	356
11010111111101	1108
11010111111110	303
11010111111111	842
11011000000000	360
11011000000001	727
11011000000010	447
11011000000011	862
11011000000100	323
11011000000101	741
11011000000110	374
11011000000111	584
11011000001000	463
11011000001001	668
11011000001010	523
11011000001011	682
11011000001100	426
11011000001101	606
11011000001110	420
11011000001111	718
11011000010000	177
11011000010001	528
11011000010010	160
11011000010011	411
11011000010100	120
11011000010101	397
11011000010110	170
11011000010111	418
11011000011000	162
11011000011001	528
11011000011010	210
11011000011011	585
11011000011100	181
11011000011101	492
11011000011110	190
11011000011111	407
11011000100000	666
11011000100001	872
11011000100010	597
11011000100011	1057
11011000100100	504
11011000100101	823
11011000100110	513
11011000100111	745
11011000101000	625
11011000101001	650
11011000101010	642
11011000101011	906
11011000101100	578
11011000101101	888
11011000101110	469
11011000101111	669
11011000110000	184
11011000110001	564
11011000110010	152
11011000110011	475
11011000110100	165
11011000110101	471
11011000110110	170
11011000110111	435
11011000111000	346
11011000111001	746
11011000111010	235
11011000111011	501
11011000111100	256
11011000111101	477
11011000111110	189
11011000111111	473
11011001000000	344
11011001000001	771
11011001000010	334
11011001000011	749
11011001000100	376
11011001000101	822
11011001000110	351
11011001000111	728
11011001001000	349
11011001001001	559
11011001001010	304
11011001001011	737
11011001001100	263
11011001001101	523
11011001001110	390
11011001001111	603
11011001010000	117
11011001010001	387
11011001010010	131
11011001010011	496
11011001010100	72
11011001010101	325
11011001010110	93
11011001010111	323
11011001011000	195
11011001011001	319
11011001011010	122
11011001011011	422
11011001011100	136
11011001011101	455
11011001011110	143
11011001011111	396
11011001100000	347
11011001100001	786
11011001100010	370
11011001100011	799
11011001100100	344
11011001100101	942
11011001100110	375
11011001100111	533
11011001101000	493
11011001101001	798
11011001101010	476
11011001101011	749
11011001101100	446
11011001101101	661
11011001101110	374
11011001101111	706
11011001110000	121
11011001110001	578
11011001110010	143
11011001110011	414
11011001110100	115
11011001110101	535
11011001110110	167
11011001110111	429
11011001111000	195
11011001111001	508
11011001111010	171
11011001111011	510
11011001111100	174
11011001111101	504
11011001111110	199
11011001111111	432
11011010000000	432
11011010000001	729
11011010000010	423
11011010000011	806
11011010000100	535
11011010000101	801
11011010000110	334
11011010000111	711
11011010001000	470
11011010001001	819
11011010001010	536
11011010001011	811
11011010001100	588
11011010001101	767
11011010001110	481
11011010001111	651
11011010010000	144
11011010010001	415
11011010010010	124
11011010010011	450
11011010010100	185
11011010010101	490
11011010010110	153
11011010010111	520
11011010011000	206
11011010011001	574
11011010011010	254
11011010011011	603
11011010011100	213
11011010011101	403
11011010011110	191
11011010011111	555
11011010100000	493
11011010100001	931
11011010100010	406
11011010100011	865
11011010100100	531
11011010100101	925
11011010100110	512
11011010100111	948
11011010101000	537
11011010101001	815
11011010101010	603
11011010101011	1011
11011010101100	551
11011010101101	954
11011010101110	624
11011010101111	896
11011010110000	159
11011010110001	526
11011010110010	145
11011010110011	429
11011010110100	184
11011010110101	587
11011010110110	201
11011010110111	546
11011010111000	262
11011010111001	648
11011010111010	232
11011010111011	649
11011010111100	229
11011010111101	643
11011010111110	251
11011010111111	519
11011011000000	283
11011011000001	588
11011011000010	272
11011011000011	666
11011011000100	282
11011011000101	614
11011011000110	366
11011011000111	658
11011011001000	534
11011011001001	574
11011011001010	371
11011011001011	753
11011011001100	344
11011011001101	554
11011011001110	516
11011011001111	772
11011011010000	82
11011011010001	424
11011011010010	103
11011011010011	432
11011011010100	129
11011011010101	330
11011011010110	101
11011011010111	432
11011011011000	150
11011011011001	454
11011011011010	240
11011011011011	571
11011011011100	146
11011011011101	396
11011011011110	164
11011011011111	570
11011011100000	326
11011011100001	746
11011011100010	483
11011011100011	745
11011011100100	405
11011011100101	834
11011011100110	415
11011011100111	837
11011011101000	410
11011011101001	941
11011011101010	478
11011011101011	704
11011011101100	531
11011011101101	887
11011011101110	484
11011011101111	779
11011011110000	115
11011011110001	495
11011011110010	147
11011011110011	423
11011011110100	124
11011011110101	446
11011011110110	138
11011011110111	419
11011011111000	167
11011011111001	714
11011011111010	215
11011011111011	493
11011011111100	202
11011011111101	527
11011011111110	163
11011011111111	582
11011100000000	326
11011100000001	765
11011100000010	283
11011100000011	637
11011100000100	344
11011100000101	597
11011100000110	344
11011100000111	610
11011100001000	437
11011100001001	558
11011100001010	330
11011100001011	708
11011100001100	308
11011100001101	462
11011100001110	312
11011100001111	595
11011100010000	109
11011100010001	303
11011100010010	150
11011100010011	355
11011100010100	101
11011100010101	396
11011100010110	108
11011100010111	439
11011100011000	143
11011100011001	421
11011100011010	161
11011100011011	493
11011100011100	162
11011100011101	390
11011100011110	137
11011100011111	377
11011100100000	442
11011100100001	740
11011100100010	464
11011100100011	616
11011100100100	452
11011100100101	599
11011100100110	383
11011100100111	629
11011100101000	478
11011100101001	819
11011100101010	517
11011100101011	712
11011100101100	387
11011100101101	591
11011100101110	389
11011100101111	686
11011100110000	171
11011100110001	325
11011100110010	144
11011100110011	246
11011100110100	121
11011100110101	466
11011100110110	126
11011100110111	410
11011100111000	210
11011100111001	511
11011100111010	219
11011100111011	512
11011100111100	208
11011100111101	511
11011100111110	230
11011100111111	687
11011101000000	331
11011101000001	526
11011101000010	240
11011101000011	601
11011101000100	280
11011101000101	622
11011101000110	302
11011101000111	595
11011101001000	271
11011101001001	538
11011101001010	271
11011101001011	512
11011101001100	343
11011101001101	546
11011101001110	305
11011101001111	609
11011101010000	80
11011101010001	348
11011101010010	100
11011101010011	380
11011101010100	71
11011101010101	366
11011101010110	98
11011101010111	447
11011101011000	129
11011101011001	360
11011101011010	144
11011101011011	379
11011101011100	131
11011101011101	388
11011101011110	131
11011101011111	290
11011101100000	299
11011101100001	732
11011101100010	243
11011101100011	655
11011101100100	326
11011101100101	610
11011101100110	403
11011101100111	650
11011101101000	274
11011101101001	582
11011101101010	288
11011101101011	873
11011101101100	390
11011101101101	534
11011101101110	278
11011101101111	509
11011101110000	114
11011101110001	381
11011101110010	107
11011101110011	368
11011101110100	128
11011101110101	523
11011101110110	119
11011101110111	372
11011101111000	164
11011101111001	399
11011101111010	146
11011101111011	474
11011101111100	170
11011101111101	419
11011101111110	144
11011101111111	460
11011110000000	551
11011110000001	923
11011110000010	395
11011110000011	865
11011110000100	537
11011110000101	778
11011110000110	539
11011110000111	926
11011110001000	555
11011110001001	1001
11011110001010	715
11011110001011	1031
11011110001100	636
11011110001101	835
11011110001110	450
11011110001111	991
11011110010000	144
11011110010001	461
11011110010010	179
11011110010011	550
11011110010100	176
11011110010101	460
11011110010110	187
11011110010111	605
11011110011000	328
11011110011001	656
11011110011010	300
11011110011011	671
11011110011100	241
11011110011101	509
11011110011110	279
11011110011111	713
11011110100000	566
11011110100001	962
11011110100010	607
11011110100011	993
11011110100100	489
11011110100101	1089
11011110100110	500
11011110100111	927
11011110101000	759
11011110101001	1047
11011110101010	612
11011110101011	949
11011110101100	713
11011110101101	1054
11011110101110	673
11011110101111	1083
11011110110000	194
11011110110001	569
11011110110010	223
11011110110011	568
11011110110100	191
11011110110101	795
11011110110110	197
11011110110111	647
11011110111000	292
11011110111001	715
11011110111010	331
11011110111011	636
11011110111100	293
11011110111101	743
11011110111110	240
11011110111111	787
11011111000000	342
11011111000001	644
11011111000010	370
11011111000011	855
11011111000100	353
11011111000101	753
11011111000110	365
11011111000111	855
11011111001000	459
11011111001001	689
11011111001010	490
11011111001011	971
11011111001100	313
11011111001101	705
11011111001110	355
11011111001111	897
11011111010000	128
11011111010001	347
11011111010010	113
11011111010011	509
11011111010100	131
11011111010101	401
11011111010110	141
11011111010111	514
11011111011000	215
11011111011001	512
11011111011010	229
11011111011011	485
11011111011100	178
11011111011101	455
11011111011110	231
11011111011111	646
11011111100000	384
11011111100001	850
11011111100010	490
11011111100011	964
11011111100100	458
11011111100101	702
11011111100110	447
11011111100111	980
11011111101000	571
11011111101001	998
11011111101010	668
11011111101011	1194
11011111101100	531
11011111101101	845
11011111101110	578
11011111101111	790
11011111110000	154
11011111110001	458
11011111110010	158
11011111110011	530
11011111110100	151
11011111110101	523
11011111110110	149
11011111110111	627
11011111111000	275
11011111111001	648
11011111111010	232
11011111111011	781
11011111111100	292
11011111111101	573
11011111111110	238
11011111111111	530
11100000000000	317
11100000000001	572
11100000000010	419
11100000000011	668
11100000000100	338
11100000000101	643
11100000000110	306
11100000000111	573
11100000001000	448
11100000001001	510
11100000001010	477
11100000001011	464
11100000001100	306
11100000001101	552
11100000001110	464
11100000001111	612
11100000010000	119
11100000010001	356
11100000010010	95
11100000010011	321
11100000010100	84
11100000010101	383
11100000010110	108
11100000010111	287
11100000011000	197
11100000011001	378
11100000011010	208
11100000011011	543
11100000011100	183
11100000011101	310
11100000011110	178
11100000011111	327
11100000100000	427
11100000100001	597
11100000100010	412
11100000100011	765
11100000100100	336
11100000100101	554
11100000100110	432
11100000100111	545
11100000101000	582
11100000101001	851
11100000101010	486
11100000101011	637
11100000101100	509
11100000101101	604
11100000101110	394
11100000101111	710
11100000110000	153
11100000110001	356
11100000110010	110
11100000110011	385
11100000110100	170
11100000110101	308
11100000110110	162
11100000110111	369
11100000111000	276
11100000111001	605
11100000111010	213
11100000111011	487
11100000111100	252
11100000111101	419
11100000111110	151
11100000111111	452
11100001000000	252
11100001000001	431
11100001000010	231
11100001000011	581
11100001000100	200
11100001000101	501
11100001000110	207
11100001000111	478
11100001001000	275
11100001001001	493
11100001001010	288
11100001001011	535
11100001001100	243
11100001001101	384
11100001001110	205
11100001001111	416
11100001010000	51
11100001010001	306
11100001010010	70
11100001010011	361
11100001010100	85
11100001010101	276
11100001010110	81
11100001010111	236
11100001011000	89
11100001011001	332
11100001011010	101
11100001011011	449
11100001011100	64
11100001011101	354
11100001011110	83
11100001011111	359
11100001100000	375
11100001100001	668
11100001100010	262
11100001100011	467
11100001100100	355
11100001100101	563
11100001100110	239
11100001100111	436
11100001101000	355
11100001101001	613
11100001101010	326
11100001101011	653
11100001101100	451
11100001101101	567
11100001101110	329
11100001101111	683
11100001110000	101
11100001110001	329
11100001110010	74
11100001110011	320
11100001110100	101
11100001110101	347
11100001110110	91
11100001110111	364
11100001111000	178
11100001111001	428
11100001111010	161
11100001111011	486
11100001111100	158
11100001111101	410
11100001111110	123
11100001111111	445
11100010000000	255
11100010000001	531
11100010000010	249
11100010000011	451
11100010000100	205
11100010000101	728
11100010000110	327
11100010000111	519
11100010001000	350
11100010001001	517
11100010001010	320
11100010001011	449
11100010001100	304
11100010001101	516
11100010001110	330
11100010001111	497
11100010010000	76
11100010010001	350
11100010010010	100
11100010010011	443
11100010010100	74
11100010010101	257
11100010010110	99
11100010010111	290
11100010011000	145
11100010011001	316
11100010011010	128
11100010011011	284
11100010011100	126
11100010011101	497
11100010011110	203
11100010011111	453
11100010100000	363
11100010100001	497
11100010100010	214
11100010100011	453
11100010100100	327
11100010100101	664
11100010100110	367
11100010100111	704
11100010101000	402
11100010101001	734
11100010101010	479
11100010101011	749
11100010101100	321
11100010101101	681
11100010101110	457
11100010101111	506
11100010110000	136
11100010110001	316
11100010110010	89
11100010110011	387
11100010110100	134
11100010110101	333
11100010110110	127
11100010110111	343
11100010111000	282
11100010111001	506
11100010111010	132
11100010111011	391
11100010111100	184
11100010111101	418
11100010111110	144
11100010111111	418
11100011000000	274
11100011000001	388
11100011000010	200
11100011000011	625
11100011000100	251
11100011000101	606
11100011000110	279
11100011000111	601
11100011001000	343
11100011001001	507
11100011001010	387
11100011001011	635
11100011001100	302
11100011001101	363
11100011001110	299
11100011001111	539
11100011010000	75
11100011010001	200
11100011010010	109
11100011010011	283
11100011010100	100
11100011010101	277
11100011010110	88
11100011010111	351
11100011011000	160
11100011011001	338
11100011011010	155
11100011011011	453
11100011011100	81
11100011011101	358
11100011011110	155
11100011011111	360
11100011100000	290
11100011100001	514
11100011100010	422
11100011100011	560
11100011100100	301
11100011100101	526
11100011100110	320
11100011100111	660
11100011101000	321
11100011101001	417
11100011101010	228
11100011101011	540
11100011101100	278
11100011101101	391
11100011101110	277
11100011101111	481
11100011110000	111
11100011110001	170
11100011110010	97
11100011110011	285
11100011110100	83
11100011110101	388
11100011110110	118
11100011110111	341
11100011111000	167
11100011111001	322
11100011111010	188
11100011111011	356
11100011111100	138
11100011111101	288
11100011111110	101
11100011111111	340
11100100000000	319
11100100000001	538
11100100000010	267
11100100000011	543
11100100000100	258
11100100000101	538
11100100000110	284
11100100000111	428
11100100001000	376
11100100001001	507
11100100001010	282
11100100001011	412
11100100001100	329
11100100001101	531
11100100001110	287
11100100001111	400
11100100010000	98
11100100010001	263
11100100010010	67
11100100010011	328
11100100010100	72
11100100010101	193
11100100010110	86
11100100010111	338
11100100011000	141
11100100011001	299
11100100011010	154
11100100011011	290
11100100011100	147
11100100011101	276
11100100011110	131
11100100011111	390
11100100100000	343
11100100100001	531
11100100100010	388
11100100100011	440
11100100100100	391
11100100100101	460
11100100100110	272
11100100100111	437
11100100101000	381
11100100101001	575
11100100101010	423
11100100101011	582
11100100101100	366
11100100101101	526
11100100101110	407
11100100101111	426
11100100110000	128
11100100110001	365
11100100110010	107
11100100110011	347
11100100110100	146
11100100110101	223
11100100110110	117
11100100110111	359
11100100111000	177
11100100111001	433
11100100111010	252
11100100111011	339
11100100111100	172
11100100111101	501
11100100111110	187
11100100111111	436
11100101000000	184
11100101000001	396
11100101000010	210
11100101000011	459
11100101000100	152
11100101000101	489
11100101000110	160
11100101000111	370
11100101001000	203
11100101001001	405
11100101001010	198
11100101001011	483
11100101001100	171
11100101001101	360
11100101001110	141
11100101001111	395
11100101010000	61
11100101010001	175
11100101010010	47
11100101010011	279
11100101010100	75
11100101010101	235
11100101010110	51
11100101010111	307
11100101011000	95
11100101011001	292
11100101011010	107
11100101011011	244
11100101011100	80
11100101011101	343
11100101011110	61
11100101011111	277
11100101100000	140
11100101100001	408
11100101100010	183
11100101100011	631
11100101100100	183
11100101100101	511
11100101100110	149
11100101100111	451
11100101101000	207
11100101101001	474
11100101101010	220
11100101101011	419
11100101101100	247
11100101101101	395
11100101101110	209
11100101101111	418
11100101110000	64
11100101110001	284
11100101110010	53
11100101110011	235
11100101110100	75
11100101110101	259
11100101110110	82
11100101110111	265
11100101111000	129
11100101111001	431
11100101111010	79
11100101111011	350
11100101111100	100
11100101111101	349
11100101111110	98
11100101111111	333
11100110000000	237
11100110000001	618
11100110000010	314
11100110000011	701
11100110000100	273
11100110000101	514
11100110000110	308
11100110000111	475
11100110001000	420
11100110001001	550
11100110001010	395
11100110001011	597
11100110001100	393
11100110001101	550
11100110001110	412
11100110001111	569
11100110010000	113
11100110010001	350
11100110010010	120
11100110010011	457
11100110010100	123
11100110010101	371
11100110010110	109
11100110010111	383
11100110011000	166
11100110011001	379
11100110011010	105
11100110011011	509
11100110011100	165
11100110011101	483
11100110011110	202
11100110011111	473
11100110100000	320
11100110100001	774
11100110100010	359
11100110100011	670
11100110100100	395
11100110100101	595
11100110100110	482
11100110100111	793
11100110101000	467
11100110101001	708
11100110101010	471
11100110101011	613
11100110101100	535
11100110101101	812
11100110101110	492
11100110101111	802
11100110110000	121
11100110110001	343
11100110110010	124
11100110110011	371
11100110110100	137
11100110110101	343
11100110110110	158
11100110110111	359
11100110111000	239
11100110111001	529
11100110111010	224
11100110111011	385
11100110111100	173
11100110111101	566
11100110111110	145
11100110111111	445
11100111000000	254
11100111000001	423
11100111000010	296
11100111000011	600
11100111000100	262
11100111000101	445
11100111000110	317
11100111000111	489
11100111001000	317
11100111001001	517
11100111001010	413
11100111001011	626
11100111001100	259
11100111001101	479
11100111001110	306
11100111001111	611
11100111010000	102
11100111010001	251
11100111010010	86
11100111010011	272
11100111010100	69
11100111010101	363
11100111010110	112
11100111010111	336
11100111011000	103
11100111011001	268
11100111011010	164
11100111011011	418
11100111011100	148
11100111011101	352
11100111011110	147
11100111011111	401
11100111100000	252
11100111100001	507
11100111100010	325
11100111100011	581
11100111100100	287
11100111100101	593
11100111100110	403
11100111100111	632
11100111101000	434
11100111101001	701
11100111101010	342
11100111101011	741
11100111101100	358
11100111101101	742
11100111101110	320
11100111101111	682
11100111110000	87
11100111110001	292
11100111110010	108
11100111110011	365
11100111110100	105
11100111110101	374
11100111110110	105
11100111110111	475
11100111111000	140
11100111111001	423
11100111111010	157
11100111111011	332
11100111111100	188
11100111111101	350
11100111111110	151
11100111111111	507
11101000000000	507
11101000000001	852
11101000000010	404
11101000000011	887
11101000000100	336
11101000000101	826
11101000000110	379
11101000000111	805
11101000001000	542
11101000001001	970
11101000001010	486
11101000001011	848
11101000001100	403
11101000001101	739
11101000001110	563
11101000001111	832
11101000010000	193
11101000010001	403
11101000010010	140
11101000010011	547
11101000010100	123
11101000010101	401
11101000010110	168
11101000010111	320
11101000011000	211
11101000011001	531
11101000011010	245
11101000011011	576
11101000011100	214
11101000011101	531
11101000011110	176
11101000011111	575
11101000100000	470
11101000100001	931
11101000100010	543
11101000100011	883
11101000100100	560
11101000100101	770
11101000100110	444
11101000100111	781
11101000101000	920
11101000101001	1101
11101000101010	653
11101000101011	1065
11101000101100	669
11101000101101	1030
11101000101110	554
11101000101111	664
11101000110000	183
11101000110001	525
11101000110010	220
11101000110011	394
11101000110100	211
11101000110101	526
11101000110110	145
11101000110111	508
11101000111000	289
11101000111001	771
11101000111010	295
11101000111011	731
11101000111100	259
11101000111101	679
11101000111110	251
11101000111111	458
11101001000000	273
11101001000001	653
11101001000010	191
11101001000011	868
11101001000100	285
11101001000101	539
11101001000110	300
11101001000111	526
11101001001000	306
11101001001001	816
11101001001010	341
11101001001011	680
11101001001100	346
11101001001101	767
11101001001110	276
11101001001111	583
11101001010000	86
11101001010001	342
11101001010010	105
11101001010011	477
11101001010100	149
11101001010101	329
11101001010110	114
11101001010111	433
11101001011000	140
11101001011001	654
11101001011010	162
11101001011011	496
11101001011100	169
11101001011101	420
11101001011110	157
11101001011111	537
11101001100000	305
11101001100001	796
11101001100010	379
11101001100011	803
11101001100100	394
11101001100101	882
11101001100110	333
11101001100111	790
11101001101000	495
11101001101001	748
11101001101010	472
11101001101011	804
11101001101100	478
11101001101101	877
11101001101110	378
11101001101111	740
11101001110000	140
11101001110001	511
11101001110010	122
11101001110011	529
11101001110100	140
11101001110101	612
11101001110110	117
11101001110111	392
11101001111000	215
11101001111001	523
11101001111010	194
11101001111011	576
11101001111100	166
11101001111101	440
11101001111110	165
11101001111111	447
11101010000000	453
11101010000001	864
11101010000010	567
11101010000011	651
11101010000100	399
11101010000101	653
11101010000110	538
11101010000111	921
11101010001000	496
11101010001001	875
11101010001010	642
11101010001011	990
11101010001100	479
11101010001101	691
11101010001110	628
11101010001111	803
11101010010000	171
11101010010001	431
11101010010010	154
11101010010011	521
11101010010100	167
11101010010101	565
11101010010110	164
11101010010111	560
11101010011000	273
11101010011001	577
11101010011010	314
11101010011011	583
11101010011100	263
11101010011101	524
11101010011110	235
11101010011111	663
11101010100000	488
11101010100001	1160
11101010100010	454
11101010100011	1134
11101010100100	530
11101010100101	1213
11101010100110	517
11101010100111	1129
11101010101000	768
11101010101001	1083
11101010101010	657
11101010101011	1019
11101010101100	532
11101010101101	1322
11101010101110	687
11101010101111	1064
11101010110000	138
11101010110001	463
11101010110010	148
11101010110011	674
11101010110100	191
11101010110101	708
11101010110110	193
11101010110111	607
11101010111000	245
11101010111001	829
11101010111010	250
11101010111011	851
11101010111100	339
11101010111101	672
11101010111110	217
11101010111111	539
11101011000000	345
11101011000001	688
11101011000010	327
11101011000011	772
11101011000100	373
11101011000101	804
11101011000110	351
11101011000111	844
11101011001000	420
11101011001001	692
11101011001010	477
11101011001011	842
11101011001100	366
11101011001101	807
11101011001110	475
11101011001111	789
11101011010000	112
11101011010001	334
11101011010010	152
11101011010011	392
11101011010100	117
11101011010101	415
11101011010110	133
11101011010111	512
11101011011000	177
11101011011001	478
11101011011010	204
11101011011011	657
11101011011100	216
11101011011101	570
11101011011110	243
11101011011111	520
11101011100000	359
11101011100001	934
11101011100010	385
11101011100011	834
11101011100100	475
11101011100101	883
11101011100110	474
11101011100111	845
11101011101000	464
11101011101001	866
11101011101010	544
11101011101011	941
11101011101100	505
11101011101101	1011
11101011101110	556
11101011101111	882
11101011110000	166
11101011110001	479
11101011110010	137
11101011110011	508
11101011110100	235
11101011110101	572
11101011110110	145
11101011110111	614
11101011111000	226
11101011111001	559
11101011111010	244
11101011111011	494
11101011111100	189
11101011111101	548
11101011111110	228
11101011111111	530
11101100000000	331
11101100000001	790
11101100000010	366
11101100000011	597
11101100000100	380
11101100000101	601
11101100000110	344
11101100000111	769
11101100001000	529
11101100001001	693
11101100001010	438
11101100001011	716
11101100001100	430
11101100001101	596
11101100001110	450
11101100001111	751
11101100010000	120
11101100010001	369
11101100010010	133
11101100010011	474
11101100010100	142
11101100010101	294
11101100010110	125
11101100010111	432
11101100011000	222
11101100011001	485
11101100011010	205
11101100011011	523
11101100011100	185
11101100011101	369
11101100011110	193
11101100011111	430
11101100100000	465
11101100100001	856
11101100100010	417
11101100100011	668
11101100100100	527
11101100100101	802
11101100100110	418
11101100100111	859
11101100101000	687
11101100101001	734
11101100101010	542
11101100101011	768
11101100101100	561
11101100101101	793
11101100101110	525
11101100101111	721
11101100110000	152
11101100110001	357
11101100110010	150
11101100110011	328
11101100110100	164
11101100110101	507
11101100110110	149
11101100110111	481
11101100111000	323
11101100111001	691
11101100111010	226
11101100111011	540
11101100111100	354
11101100111101	549
11101100111110	216
11101100111111	571
11101101000000	142
11101101000001	636
11101101000010	223
11101101000011	635
11101101000100	250
11101101000101	549
11101101000110	258
11101101000111	562
11101101001000	298
11101101001001	591
11101101001010	281
11101101001011	624
11101101001100	323
11101101001101	554
11101101001110	305
11101101001111	540
11101101010000	66
11101101010001	331
11101101010010	48
11101101010011	313
11101101010100	124
11101101010101	428
11101101010110	95
11101101010111	368
11101101011000	123
11101101011001	481
11101101011010	152
11101101011011	422
11101101011100	161
11101101011101	365
11101101011110	115
11101101011111	462
11101101100000	292
11101101100001	775
11101101100010	274
11101101100011	644
11101101100100	272
11101101100101	750
11101101100110	314
11101101100111	763
11101101101000	500
11101101101001	720
11101101101010	422
11101101101011	894
11101101101100	494
11101101101101	715
11101101101110	439
11101101101111	637
11101101110000	121
11101101110001	492
11101101110010	94
11101101110011	380
11101101110100	113
11101101110101	505
11101101110110	134
11101101110111	439
11101101111000	135
11101101111001	504
11101101111010	169
11101101111011	484
11101101111100	184
11101101111101	519
11101101111110	205
11101101111111	483
11101110000000	517
11101110000001	942
11101110000010	603
11101110000011	1018
11101110000100	564
11101110000101	1027
11101110000110	604
11101110000111	951
11101110001000	597
11101110001001	921
11101110001010	720
11101110001011	916
11101110001100	583
11101110001101	795
11101110001110	622
11101110001111	1127
11101110010000	147
11101110010001	586
11101110010010	198
11101110010011	550
11101110010100	198
11101110010101	573
11101110010110	192
11101110010111	580
11101110011000	322
11101110011001	584
11101110011010	332
11101110011011	767
11101110011100	248
11101110011101	503
11101110011110	324
11101110011111	731
11101110100000	646
11101110100001	1094
11101110100010	588
11101110100011	886
11101110100100	708
11101110100101	1330
11101110100110	645
11101110100111	917
11101110101000	721
11101110101001	1042
11101110101010	816
11101110101011	996
11101110101100	772
11101110101101	1387
11101110101110	694
11101110101111	1000
11101110110000	216
11101110110001	555
11101110110010	211
11101110110011	538
11101110110100	276
11101110110101	890
11101110110110	212
11101110110111	574
11101110111000	385
11101110111001	707
11101110111010	379
11101110111011	682
11101110111100	341
11101110111101	1086
11101110111110	342
11101110111111	842
11101111000000	409
11101111000001	828
11101111000010	466
11101111000011	882
11101111000100	326
11101111000101	993
11101111000110	501
11101111000111	916
11101111001000	444
11101111001001	798
11101111001010	546
11101111001011	996
11101111001100	481
11101111001101	870
11101111001110	518
11101111001111	972
11101111010000	121
11101111010001	320
11101111010010	127
11101111010011	495
11101111010100	98
11101111010101	419
11101111010110	205
11101111010111	496
11101111011000	198
11101111011001	559
11101111011010	223
11101111011011	582
11101111011100	228
11101111011101	624
11101111011110	252
11101111011111	585
11101111100000	444
11101111100001	779
11101111100010	591
11101111100011	946
11101111100100	538
11101111100101	1021
11101111100110	440
11101111100111	1119
11101111101000	661
11101111101001	1006
11101111101010	585
11101111101011	1045
11101111101100	511
11101111101101	957
11101111101110	537
11101111101111	866
11101111110000	138
11101111110001	546
11101111110010	156
11101111110011	565
11101111110100	129
11101111110101	583
11101111110110	122
11101111110111	622
11101111111000	192
11101111111001	792
11101111111010	283
11101111111011	640
11101111111100	295
11101111111101	731
11101111111110	212
11101111111111	752
11110000000000	641
11110000000001	1022
11110000000010	590
11110000000011	1077
11110000000100	559
11110000000101	1126
11110000000110	492
11110000000111	989
11110000001000	737
11110000001001	1047
11110000001010	717
11110000001011	1042
11110000001100	529
11110000001101	1093
11110000001110	640
11110000001111	831
11110000010000	196
11110000010001	464
11110000010010	207
11110000010011	580
11110000010100	164
11110000010101	530
11110000010110	204
11110000010111	520
11110000011000	325
11110000011001	725
11110000011010	306
11110000011011	663
11110000011100	251
11110000011101	677
11110000011110	219
11110000011111	623
11110000100000	863
11110000100001	1121
11110000100010	581
11110000100011	1133
11110000100100	668
11110000100101	1406
11110000100110	664
11110000100111	972
11110000101000	1076
11110000101001	1237
11110000101010	901
11110000101011	1122
11110000101100	802
11110000101101	1366
11110000101110	661
11110000101111	886
11110000110000	204
11110000110001	788
11110000110010	219
11110000110011	680
11110000110100	197
11110000110101	752
11110000110110	167
11110000110111	620
11110000111000	402
11110000111001	909
11110000111010	286
11110000111011	714
11110000111100	364
11110000111101	793
11110000111110	350
11110000111111	759
11110001000000	386
11110001000001	1052
11110001000010	374
11110001000011	955
11110001000100	408
11110001000101	882
11110001000110	360
11110001000111	911
11110001001000	427
11110001001001	1148
11110001001010	464
11110001001011	858
11110001001100	452
11110001001101	781
11110001001110	356
11110001001111	867
11110001010000	135
11110001010001	593
11110001010010	116
11110001010011	408
11110001010100	106
11110001010101	428
11110001010110	120
11110001010111	572
11110001011000	229
11110001011001	727
11110001011010	192
11110001011011	725
11110001011100	210
11110001011101	499
11110001011110	166
11110001011111	471
11110001100000	462
11110001100001	1012
11110001100010	370
11110001100011	1058
11110001100100	526
11110001100101	976
11110001100110	393
11110001100111	952
11110001101000	534
11110001101001	1008
11110001101010	493
11110001101011	977
11110001101100	561
11110001101101	1033
11110001101110	557
11110001101111	1080
11110001110000	188
11110001110001	628
11110001110010	160
11110001110011	668
11110001110100	176
11110001110101	794
11110001110110	193
11110001110111	506
11110001111000	267
11110001111001	906
11110001111010	228
11110001111011	721
11110001111100	231
11110001111101	832
11110001111110	248
11110001111111	680
11110010000000	470
11110010000001	795
11110010000010	525
11110010000011	1065
11110010000100	579
11110010000101	1251
11110010000110	524
11110010000111	1327
11110010001000	617
11110010001001	892
11110010001010	604
11110010001011	1227
11110010001100	680
11110010001101	880
11110010001110	666
11110010001111	1259
11110010010000	185
11110010010001	670
11110010010010	190
11110010010011	430
11110010010100	207
11110010010101	523
11110010010110	192
11110010010111	680
11110010011000	253
11110010011001	601
11110010011010	375
11110010011011	1019
11110010011100	268
11110010011101	579
11110010011110	295
11110010011111	863
11110010100000	710
11110010100001	1356
11110010100010	536
11110010100011	766
11110010100100	549
11110010100101	1180
11110010100110	623
11110010100111	1046
11110010101000	845
11110010101001	1223
11110010101010	817
11110010101011	1344
11110010101100	797
11110010101101	1345
11110010101110	658
11110010101111	956
11110010110000	239
11110010110001	526
11110010110010	176
11110010110011	583
11110010110100	239
11110010110101	863
11110010110110	233
11110010110111	652
11110010111000	285
11110010111001	782
11110010111010	335
11110010111011	826
11110010111100	320
11110010111101	873
11110010111110	374
11110010111111	736
11110011000000	450
11110011000001	736
11110011000010	441
11110011000011	963
11110011000100	463
11110011000101	959
11110011000110	443
11110011000111	1031
11110011001000	509
11110011001001	796
11110011001010	425
11110011001011	780
11110011001100	505
11110011001101	878
11110011001110	526
11110011001111	876
11110011010000	147
11110011010001	499
11110011010010	178
11110011010011	513
11110011010100	160
11110011010101	446
11110011010110	205
11110011010111	517
11110011011000	199
11110011011001	691
11110011011010	212
11110011011011	612
11110011011100	205
11110011011101	674
11110011011110	213
11110011011111	700
11110011100000	422
11110011100001	910
11110011100010	460
11110011100011	1015
11110011100100	439
11110011100101	865
11110011100110	512
11110011100111	1101
11110011101000	533
11110011101001	1024
11110011101010	593
11110011101011	1506
11110011101100	727
11110011101101	1100
11110011101110	620
11110011101111	1089
11110011110000	142
11110011110001	546
11110011110010	159
11110011110011	571
11110011110100	159
11110011110101	669
11110011110110	189
11110011110111	579
11110011111000	262
11110011111001	697
11110011111010	276
11110011111011	744
11110011111100	291
11110011111101	697
11110011111110	239
11110011111111	909
11110100000000	435
11110100000001	1003
11110100000010	480
11110100000011	821
11110100000100	387
11110100000101	979
11110100000110	354
11110100000111	557
11110100001000	590
11110100001001	866
11110100001010	565
11110100001011	951
11110100001100	506
11110100001101	874
11110100001110	625
11110100001111	974
11110100010000	127
11110100010001	484
11110100010010	171
11110100010011	556
11110100010100	198
11110100010101	593
11110100010110	143
11110100010111	593
11110100011000	283
11110100011001	543
11110100011010	297
11110100011011	734
11110100011100	264
11110100011101	541
11110100011110	261
11110100011111	708
11110100100000	613
11110100100001	981
11110100100010	557
11110100100011	986
11110100100100	673
11110100100101	1107
11110100100110	549
11110100100111	865
11110100101000	760
11110100101001	1136
11110100101010	641
11110100101011	1246
11110100101100	766
11110100101101	1128
11110100101110	723
11110100101111	968
11110100110000	231
11110100110001	545
11110100110010	192
11110100110011	594
11110100110100	208
11110100110101	763
11110100110110	201
11110100110111	529
11110100111000	341
11110100111001	668
11110100111010	294
11110100111011	688
11110100111100	301
11110100111101	730
11110100111110	315
11110100111111	620
11110101000000	309
11110101000001	772
11110101000010	328
11110101000011	746
11110101000100	314
11110101000101	841
11110101000110	358
11110101000111	789
11110101001000	444
11110101001001	766
11110101001010	364
11110101001011	542
11110101001100	325
11110101001101	736
11110101001110	442
11110101001111	833
11110101010000	140
11110101010001	392
11110101010010	114
11110101010011	449
11110101010100	111
11110101010101	525
11110101010110	98
11110101010111	584
11110101011000	165
11110101011001	633
11110101011010	161
11110101011011	578
11110101011100	164
11110101011101	495
11110101011110	184
11110101011111	562
11110101100000	377
11110101100001	811
11110101100010	432
11110101100011	1026
11110101100100	506
11110101100101	1003
11110101100110	425
11110101100111	720
11110101101000	503
11110101101001	965
11110101101010	446
11110101101011	912
11110101101100	503
11110101101101	888
11110101101110	503
11110101101111	890
11110101110000	148
11110101110001	569
11110101110010	129
11110101110011	472
11110101110100	202
11110101110101	539
11110101110110	119
11110101110111	693
11110101111000	210
11110101111001	647
11110101111010	213
11110101111011	567
11110101111100	251
11110101111101	945
11110101111110	262
11110101111111	959
11110110000000	609
11110110000001	1481
11110110000010	596
11110110000011	1400
11110110000100	673
11110110000101	1034
11110110000110	684
11110110000111	1108
11110110001000	653
11110110001001	1151
11110110001010	886
11110110001011	1038
11110110001100	661
11110110001101	1196
11110110001110	756
11110110001111	1146
11110110010000	213
11110110010001	604
11110110010010	228
11110110010011	686
11110110010100	262
11110110010101	793
11110110010110	292
11110110010111	664
11110110011000	356
11110110011001	836
11110110011010	372
11110110011011	767
11110110011100	331
11110110011101	862
11110110011110	314
11110110011111	1041
11110110100000	774
11110110100001	1143
11110110100010	711
11110110100011	1431
11110110100100	778
11110110100101	1297
11110110100110	634
11110110100111	1641
11110110101000	897
11110110101001	1563
11110110101010	892
11110110101011	1416
11110110101100	1056
11110110101101	1395
11110110101110	712
11110110101111	1140
11110110110000	262
11110110110001	977
11110110110010	219
11110110110011	752
11110110110100	331
11110110110101	938
11110110110110	253
11110110110111	733
11110110111000	444
11110110111001	942
11110110111010	359
11110110111011	1119
11110110111100	431
11110110111101	1228
11110110111110	440
11110110111111	1161
11110111000000	457
11110111000001	1034
11110111000010	451
11110111000011	1192
11110111000100	509
11110111000101	1339
11110111000110	390
11110111000111	1090
11110111001000	494
11110111001001	997
11110111001010	641
11110111001011	1089
11110111001100	576
11110111001101	1210
11110111001110	645
11110111001111	1114
11110111010000	130
11110111010001	506
11110111010010	147
11110111010011	661
11110111010100	106
11110111010101	691
11110111010110	183
11110111010111	643
11110111011000	188
11110111011001	614
11110111011010	326
11110111011011	737
11110111011100	250
11110111011101	698
11110111011110	274
11110111011111	853
11110111100000	504
11110111100001	1096
11110111100010	602
11110111100011	1338
11110111100100	566
11110111100101	1120
11110111100110	539
11110111100111	1360
11110111101000	618
11110111101001	1168
11110111101010	805
11110111101011	1316
11110111101100	841
11110111101101	1127
11110111101110	639
11110111101111	1088
11110111110000	161
11110111110001	664
11110111110010	190
11110111110011	681
11110111110100	182
11110111110101	735
11110111110110	205
11110111110111	820
11110111111000	373
11110111111001	750
11110111111010	330
11110111111011	820
11110111111100	316
11110111111101	763
11110111111110	311
11110111111111	806
11111000000000	419
11111000000001	656
11111000000010	340
11111000000011	623
11111000000100	358
11111000000101	745
11111000000110	365
11111000000111	568
11111000001000	482
11111000001001	706
11111000001010	503
11111000001011	921
11111000001100	411
11111000001101	694
11111000001110	430
11111000001111	491
11111000010000	147
11111000010001	356
11111000010010	177
11111000010011	402
11111000010100	148
11111000010101	430
11111000010110	136
11111000010111	350
11111000011000	198
11111000011001	572
11111000011010	226
11111000011011	371
11111000011100	180
11111000011101	445
11111000011110	233
11111000011111	405
11111000100000	498
11111000100001	861
11111000100010	389
11111000100011	859
11111000100100	427
11111000100101	879
11111000100110	431
11111000100111	605
11111000101000	501
11111000101001	903
11111000101010	586
11111000101011	1085
11111000101100	598
11111000101101	755
11111000101110	472
11111000101111	703
11111000110000	155
11111000110001	534
11111000110010	188
11111000110011	425
11111000110100	206
11111000110101	547
11111000110110	180
11111000110111	420
11111000111000	289
11111000111001	615
11111000111010	253
11111000111011	599
11111000111100	255
11111000111101	548
11111000111110	232
11111000111111	547
11111001000000	290
11111001000001	705
11111001000010	203
11111001000011	625
11111001000100	245
11111001000101	704
11111001000110	238
11111001000111	596
11111001001000	444
11111001001001	780
11111001001010	333
11111001001011	674
11111001001100	365
11111001001101	657
11111001001110	504
11111001001111	670
11111001010000	99
11111001010001	269
11111001010010	94
11111001010011	275
11111001010100	93
11111001010101	441
11111001010110	127
11111001010111	439
11111001011000	158
11111001011001	457
11111001011010	149
11111001011011	428
11111001011100	147
11111001011101	346
11111001011110	152
11111001011111	525
11111001100000	390
11111001100001	821
11111001100010	376
11111001100011	771
11111001100100	376
11111001100101	704
11111001100110	323
11111001100111	655
11111001101000	460
11111001101001	988
11111001101010	455
11111001101011	685
11111001101100	371
11111001101101	884
11111001101110	287
11111001101111	713
11111001110000	99
11111001110001	494
11111001110010	101
11111001110011	468
11111001110100	115
11111001110101	502
11111001110110	154
11111001110111	399
11111001111000	224
11111001111001	560
11111001111010	225
11111001111011	567
11111001111100	167
11111001111101	564
11111001111110	174
11111001111111	413
11111010000000	442
11111010000001	752
11111010000010	437
11111010000011	709
11111010000100	468
11111010000101	803
11111010000110	452
11111010000111	718
11111010001000	535
11111010001001	968
11111010001010	503
11111010001011	673
11111010001100	479
11111010001101	637
11111010001110	472
11111010001111	700
11111010010000	115
11111010010001	430
11111010010010	153
11111010010011	422
11111010010100	124
11111010010101	484
11111010010110	142
11111010010111	440
11111010011000	240
11111010011001	616
11111010011010	224
11111010011011	503
11111010011100	211
11111010011101	471
11111010011110	203
11111010011111	625
11111010100000	469
11111010100001	957
11111010100010	396
11111010100011	778
11111010100100	497
11111010100101	805
11111010100110	429
11111010100111	846
11111010101000	626
11111010101001	710
11111010101010	545
11111010101011	1152
11111010101100	497
11111010101101	1091
11111010101110	479
11111010101111	843
11111010110000	163
11111010110001	515
11111010110010	164
11111010110011	290
11111010110100	192
11111010110101	444
11111010110110	169
11111010110111	480
11111010111000	239
11111010111001	621
11111010111010	219
11111010111011	654
11111010111100	277
11111010111101	649
11111010111110	279
11111010111111	544
11111011000000	271
11111011000001	751
11111011000010	379
11111011000011	578
11111011000100	332
11111011000101	767
11111011000110	438
11111011000111	705
11111011001000	330
11111011001001	652
11111011001010	394
11111011001011	755
11111011001100	341
11111011001101	744
11111011001110	406
11111011001111	728
11111011010000	98
11111011010001	346
11111011010010	109
11111011010011	426
11111011010100	131
11111011010101	383
11111011010110	105
11111011010111	513
11111011011000	153
11111011011001	485
11111011011010	181
11111011011011	714
11111011011100	140
11111011011101	531
11111011011110	217
11111011011111	540
11111011100000	407
11111011100001	637
11111011100010	416
11111011100011	973
11111011100100	375
11111011100101	815
11111011100110	390
11111011100111	773
11111011101000	371
11111011101001	817
11111011101010	543
11111011101011	827
11111011101100	449
11111011101101	814
11111011101110	462
11111011101111	895
11111011110000	134
11111011110001	404
11111011110010	161
11111011110011	528
11111011110100	183
11111011110101	484
11111011110110	130
11111011110111	412
11111011111000	244
11111011111001	574
11111011111010	190
11111011111011	652
11111011111100	187
11111011111101	584
11111011111110	176
11111011111111	664
11111100000000	348
11111100000001	660
11111100000010	298
11111100000011	660
11111100000100	319
11111100000101	476
11111100000110	360
11111100000111	769
11111100001000	464
11111100001001	672
11111100001010	371
11111100001011	848
11111100001100	324
11111100001101	597
11111100001110	329
11111100001111	636
11111100010000	124
11111100010001	317
11111100010010	116
11111100010011	430
11111100010100	118
11111100010101	360
11111100010110	133
11111100010111	337
11111100011000	272
11111100011001	582
11111100011010	222
11111100011011	497
11111100011100	209
11111100011101	360
11111100011110	205
11111100011111	481
11111100100000	534
11111100100001	706
11111100100010	330
11111100100011	579
11111100100100	424
11111100100101	753
11111100100110	379
11111100100111	665
11111100101000	552
11111100101001	935
11111100101010	477
11111100101011	912
11111100101100	476
11111100101101	956
11111100101110	412
11111100101111	708
11111100110000	166
11111100110001	472
11111100110010	91
11111100110011	314
11111100110100	191
11111100110101	456
11111100110110	182
11111100110111	537
11111100111000	234
11111100111001	660
11111100111010	287
11111100111011	567
11111100111100	262
11111100111101	716
11111100111110	239
11111100111111	736
11111101000000	226
11111101000001	515
11111101000010	214
11111101000011	612
11111101000100	222
11111101000101	559
11111101000110	252
11111101000111	559
11111101001000	381
11111101001001	627
11111101001010	446
11111101001011	765
11111101001100	360
11111101001101	677
11111101001110	362
11111101001111	513
11111101010000	76
11111101010001	424
11111101010010	70
11111101010011	336
11111101010100	90
11111101010101	334
11111101010110	92
11111101010111	283
11111101011000	135
11111101011001	446
11111101011010	141
11111101011011	520
11111101011100	192
11111101011101	446
11111101011110	140
11111101011111	289
11111101100000	266
11111101100001	562
11111101100010	284
11111101100011	792
11111101100100	421
11111101100101	748
11111101100110	318
11111101100111	797
11111101101000	456
11111101101001	724
11111101101010	344
11111101101011	744
11111101101100	359
11111101101101	630
11111101101110	385
11111101101111	536
11111101110000	123
11111101110001	352
11111101110010	103
11111101110011	273
11111101110100	108
11111101110101	499
11111101110110	106
11111101110111	403
11111101111000	245
11111101111001	540
11111101111010	210
11111101111011	504
11111101111100	154
11111101111101	418
11111101111110	173
11111101111111	536
11111110000000	540
11111110000001	560
11111110000010	526
11111110000011	1132
11111110000100	424
11111110000101	792
11111110000110	529
11111110000111	838
11111110001000	428
11111110001001	757
11111110001010	702
11111110001011	1225
11111110001100	587
11111110001101	1006
11111110001110	636
11111110001111	867
11111110010000	211
11111110010001	498
11111110010010	169
11111110010011	532
11111110010100	150
11111110010101	504
11111110010110	201
11111110010111	350
11111110011000	215
11111110011001	741
11111110011010	311
11111110011011	655
11111110011100	254
11111110011101	535
11111110011110	270
11111110011111	639
11111110100000	565
11111110100001	1219
11111110100010	528
11111110100011	974
11111110100100	719
11111110100101	1100
11111110100110	542
11111110100111	903
11111110101000	674
11111110101001	1052
11111110101010	665
11111110101011	1285
11111110101100	718
11111110101101	1054
11111110101110	660
11111110101111	997
11111110110000	180
11111110110001	517
11111110110010	168
11111110110011	684
11111110110100	257
11111110110101	530
11111110110110	224
11111110110111	696
11111110111000	371
11111110111001	742
11111110111010	302
11111110111011	794
11111110111100	277
11111110111101	1054
11111110111110	277
11111110111111	787
11111111000000	310
11111111000001	913
11111111000010	363
11111111000011	811
11111111000100	346
11111111000101	668
11111111000110	392
11111111000111	1080
11111111001000	391
11111111001001	777
11111111001010	470
11111111001011	1160
11111111001100	429
11111111001101	978
11111111001110	441
11111111001111	889
11111111010000	103
11111111010001	485
11111111010010	143
11111111010011	493
11111111010100	120
11111111010101	468
11111111010110	130
11111111010111	531
11111111011000	160
11111111011001	537
11111111011010	188
11111111011011	458
11111111011100	195
11111111011101	493
11111111011110	192
11111111011111	617
11111111100000	416
11111111100001	935
11111111100010	480
11111111100011	947
11111111100100	422
11111111100101	861
11111111100110	398
11111111100111	863
11111111101000	519
11111111101001	1015
11111111101010	594
11111111101011	1264
11111111101100	626
11111111101101	1075
11111111101110	575
11111111101111	1227
11111111110000	134
11111111110001	508
11111111110010	179
11111111110011	535
11111111110100	151
11111111110101	492
11111111110110	155
11111111110111	537
11111111111000	247
11111111111001	800
11111111111010	251
11111111111011	586
11111111111100	228
11111111111101	634
11111111111110	160
11111111111111	649
5	3221
