 	count
00000000000000	153
00000000000001	147
00000000000010	204
00000000000011	190
00000000000100	145
00000000000101	221
00000000000110	176
00000000000111	220
00000000001000	190
00000000001001	273
00000000001010	148
00000000001011	254
00000000001100	174
00000000001101	211
00000000001110	166
00000000001111	220
00000000010000	64
00000000010001	152
00000000010010	97
00000000010011	186
00000000010100	77
00000000010101	209
00000000010110	82
00000000010111	199
00000000011000	111
00000000011001	138
00000000011010	125
00000000011011	181
00000000011100	88
00000000011101	135
00000000011110	114
00000000011111	178
00000000100000	174
00000000100001	245
00000000100010	202
00000000100011	300
00000000100100	212
00000000100101	206
00000000100110	183
00000000100111	263
00000000101000	298
00000000101001	288
00000000101010	229
00000000101011	312
00000000101100	214
00000000101101	181
00000000101110	237
00000000101111	202
00000000110000	109
00000000110001	181
00000000110010	102
00000000110011	197
00000000110100	117
00000000110101	162
00000000110110	87
00000000110111	191
00000000111000	172
00000000111001	239
00000000111010	159
00000000111011	252
00000000111100	161
00000000111101	197
00000000111110	152
00000000111111	188
00000001000000	171
00000001000001	242
00000001000010	140
00000001000011	338
00000001000100	149
00000001000101	306
00000001000110	132
00000001000111	278
00000001001000	221
00000001001001	311
00000001001010	169
00000001001011	262
00000001001100	177
00000001001101	374
00000001001110	186
00000001001111	231
00000001010000	85
00000001010001	225
00000001010010	98
00000001010011	189
00000001010100	79
00000001010101	216
00000001010110	93
00000001010111	229
00000001011000	123
00000001011001	271
00000001011010	123
00000001011011	193
00000001011100	114
00000001011101	303
00000001011110	131
00000001011111	231
00000001100000	204
00000001100001	333
00000001100010	207
00000001100011	365
00000001100100	259
00000001100101	362
00000001100110	210
00000001100111	302
00000001101000	271
00000001101001	456
00000001101010	257
00000001101011	310
00000001101100	220
00000001101101	311
00000001101110	156
00000001101111	275
00000001110000	101
00000001110001	325
00000001110010	99
00000001110011	227
00000001110100	122
00000001110101	302
00000001110110	120
00000001110111	262
00000001111000	170
00000001111001	306
00000001111010	141
00000001111011	296
00000001111100	169
00000001111101	345
00000001111110	132
00000001111111	240
00000010000000	156
00000010000001	246
00000010000010	122
00000010000011	255
00000010000100	150
00000010000101	240
00000010000110	195
00000010000111	242
00000010001000	194
00000010001001	237
00000010001010	153
00000010001011	246
00000010001100	158
00000010001101	203
00000010001110	204
00000010001111	262
00000010010000	71
00000010010001	150
00000010010010	98
00000010010011	188
00000010010100	65
00000010010101	217
00000010010110	79
00000010010111	283
00000010011000	82
00000010011001	272
00000010011010	102
00000010011011	158
00000010011100	140
00000010011101	177
00000010011110	110
00000010011111	291
00000010100000	238
00000010100001	391
00000010100010	213
00000010100011	299
00000010100100	193
00000010100101	388
00000010100110	197
00000010100111	255
00000010101000	237
00000010101001	334
00000010101010	205
00000010101011	343
00000010101100	224
00000010101101	340
00000010101110	186
00000010101111	305
00000010110000	105
00000010110001	179
00000010110010	80
00000010110011	241
00000010110100	78
00000010110101	209
00000010110110	98
00000010110111	198
00000010111000	158
00000010111001	310
00000010111010	149
00000010111011	320
00000010111100	170
00000010111101	314
00000010111110	151
00000010111111	239
00000011000000	247
00000011000001	373
00000011000010	171
00000011000011	364
00000011000100	229
00000011000101	448
00000011000110	300
00000011000111	413
00000011001000	222
00000011001001	433
00000011001010	240
00000011001011	297
00000011001100	231
00000011001101	395
00000011001110	292
00000011001111	334
00000011010000	132
00000011010001	216
00000011010010	81
00000011010011	306
00000011010100	114
00000011010101	392
00000011010110	99
00000011010111	302
00000011011000	162
00000011011001	222
00000011011010	169
00000011011011	277
00000011011100	162
00000011011101	401
00000011011110	156
00000011011111	285
00000011100000	290
00000011100001	444
00000011100010	188
00000011100011	447
00000011100100	269
00000011100101	577
00000011100110	231
00000011100111	491
00000011101000	451
00000011101001	551
00000011101010	278
00000011101011	446
00000011101100	268
00000011101101	501
00000011101110	222
00000011101111	418
00000011110000	139
00000011110001	308
00000011110010	108
00000011110011	231
00000011110100	166
00000011110101	374
00000011110110	109
00000011110111	377
00000011111000	294
00000011111001	461
00000011111010	192
00000011111011	450
00000011111100	236
00000011111101	495
00000011111110	223
00000011111111	381
00000100000000	120
00000100000001	211
00000100000010	115
00000100000011	127
00000100000100	145
00000100000101	187
00000100000110	171
00000100000111	301
00000100001000	164
00000100001001	142
00000100001010	136
00000100001011	167
00000100001100	139
00000100001101	132
00000100001110	150
00000100001111	134
00000100010000	58
00000100010001	102
00000100010010	78
00000100010011	97
00000100010100	85
00000100010101	125
00000100010110	78
00000100010111	99
00000100011000	105
00000100011001	142
00000100011010	114
00000100011011	141
00000100011100	68
00000100011101	141
00000100011110	93
00000100011111	138
00000100100000	167
00000100100001	295
00000100100010	148
00000100100011	213
00000100100100	148
00000100100101	200
00000100100110	114
00000100100111	268
00000100101000	225
00000100101001	244
00000100101010	223
00000100101011	216
00000100101100	198
00000100101101	153
00000100101110	186
00000100101111	207
00000100110000	75
00000100110001	153
00000100110010	78
00000100110011	147
00000100110100	79
00000100110101	168
00000100110110	72
00000100110111	143
00000100111000	158
00000100111001	213
00000100111010	87
00000100111011	157
00000100111100	86
00000100111101	183
00000100111110	112
00000100111111	235
00000101000000	119
00000101000001	280
00000101000010	135
00000101000011	273
00000101000100	161
00000101000101	310
00000101000110	108
00000101000111	220
00000101001000	195
00000101001001	210
00000101001010	114
00000101001011	198
00000101001100	119
00000101001101	201
00000101001110	152
00000101001111	256
00000101010000	68
00000101010001	150
00000101010010	49
00000101010011	143
00000101010100	78
00000101010101	221
00000101010110	67
00000101010111	173
00000101011000	96
00000101011001	298
00000101011010	86
00000101011011	217
00000101011100	131
00000101011101	172
00000101011110	136
00000101011111	243
00000101100000	119
00000101100001	299
00000101100010	115
00000101100011	250
00000101100100	207
00000101100101	318
00000101100110	179
00000101100111	208
00000101101000	212
00000101101001	280
00000101101010	138
00000101101011	231
00000101101100	213
00000101101101	348
00000101101110	172
00000101101111	291
00000101110000	81
00000101110001	254
00000101110010	81
00000101110011	249
00000101110100	104
00000101110101	218
00000101110110	90
00000101110111	186
00000101111000	116
00000101111001	259
00000101111010	123
00000101111011	262
00000101111100	126
00000101111101	239
00000101111110	136
00000101111111	211
00000110000000	215
00000110000001	204
00000110000010	182
00000110000011	312
00000110000100	188
00000110000101	269
00000110000110	193
00000110000111	286
00000110001000	250
00000110001001	243
00000110001010	233
00000110001011	210
00000110001100	192
00000110001101	262
00000110001110	207
00000110001111	301
00000110010000	90
00000110010001	142
00000110010010	99
00000110010011	271
00000110010100	102
00000110010101	203
00000110010110	126
00000110010111	211
00000110011000	140
00000110011001	220
00000110011010	140
00000110011011	206
00000110011100	133
00000110011101	201
00000110011110	130
00000110011111	222
00000110100000	211
00000110100001	340
00000110100010	187
00000110100011	299
00000110100100	213
00000110100101	296
00000110100110	236
00000110100111	309
00000110101000	263
00000110101001	270
00000110101010	299
00000110101011	311
00000110101100	250
00000110101101	202
00000110101110	179
00000110101111	293
00000110110000	114
00000110110001	229
00000110110010	90
00000110110011	307
00000110110100	141
00000110110101	293
00000110110110	109
00000110110111	219
00000110111000	147
00000110111001	303
00000110111010	142
00000110111011	295
00000110111100	128
00000110111101	192
00000110111110	148
00000110111111	213
00000111000000	262
00000111000001	335
00000111000010	224
00000111000011	373
00000111000100	299
00000111000101	421
00000111000110	171
00000111000111	538
00000111001000	285
00000111001001	426
00000111001010	359
00000111001011	447
00000111001100	343
00000111001101	401
00000111001110	304
00000111001111	404
00000111010000	155
00000111010001	425
00000111010010	148
00000111010011	250
00000111010100	118
00000111010101	367
00000111010110	138
00000111010111	355
00000111011000	215
00000111011001	349
00000111011010	175
00000111011011	372
00000111011100	236
00000111011101	384
00000111011110	202
00000111011111	375
00000111100000	310
00000111100001	471
00000111100010	249
00000111100011	299
00000111100100	347
00000111100101	677
00000111100110	311
00000111100111	441
00000111101000	385
00000111101001	389
00000111101010	364
00000111101011	394
00000111101100	315
00000111101101	579
00000111101110	292
00000111101111	312
00000111110000	165
00000111110001	495
00000111110010	121
00000111110011	329
00000111110100	169
00000111110101	385
00000111110110	166
00000111110111	269
00000111111000	280
00000111111001	428
00000111111010	207
00000111111011	344
00000111111100	245
00000111111101	490
00000111111110	173
00000111111111	333
00001000000000	211
00001000000001	358
00001000000010	239
00001000000011	342
00001000000100	238
00001000000101	253
00001000000110	192
00001000000111	337
00001000001000	296
00001000001001	379
00001000001010	251
00001000001011	359
00001000001100	277
00001000001101	299
00001000001110	241
00001000001111	289
00001000010000	100
00001000010001	236
00001000010010	117
00001000010011	233
00001000010100	95
00001000010101	195
00001000010110	129
00001000010111	243
00001000011000	174
00001000011001	301
00001000011010	189
00001000011011	246
00001000011100	151
00001000011101	277
00001000011110	169
00001000011111	233
00001000100000	251
00001000100001	348
00001000100010	274
00001000100011	361
00001000100100	251
00001000100101	275
00001000100110	231
00001000100111	426
00001000101000	312
00001000101001	407
00001000101010	340
00001000101011	387
00001000101100	304
00001000101101	290
00001000101110	310
00001000101111	311
00001000110000	167
00001000110001	330
00001000110010	126
00001000110011	274
00001000110100	146
00001000110101	238
00001000110110	140
00001000110111	217
00001000111000	182
00001000111001	316
00001000111010	181
00001000111011	364
00001000111100	177
00001000111101	250
00001000111110	180
00001000111111	360
00001001000000	128
00001001000001	380
00001001000010	183
00001001000011	415
00001001000100	237
00001001000101	379
00001001000110	177
00001001000111	381
00001001001000	216
00001001001001	439
00001001001010	259
00001001001011	350
00001001001100	274
00001001001101	481
00001001001110	266
00001001001111	386
00001001010000	97
00001001010001	232
00001001010010	102
00001001010011	299
00001001010100	133
00001001010101	484
00001001010110	103
00001001010111	305
00001001011000	138
00001001011001	348
00001001011010	110
00001001011011	264
00001001011100	180
00001001011101	463
00001001011110	173
00001001011111	283
00001001100000	278
00001001100001	444
00001001100010	240
00001001100011	502
00001001100100	274
00001001100101	586
00001001100110	227
00001001100111	448
00001001101000	349
00001001101001	454
00001001101010	261
00001001101011	429
00001001101100	365
00001001101101	538
00001001101110	245
00001001101111	397
00001001110000	168
00001001110001	385
00001001110010	83
00001001110011	356
00001001110100	151
00001001110101	372
00001001110110	164
00001001110111	342
00001001111000	216
00001001111001	475
00001001111010	170
00001001111011	334
00001001111100	260
00001001111101	586
00001001111110	189
00001001111111	291
00001010000000	228
00001010000001	335
00001010000010	238
00001010000011	405
00001010000100	239
00001010000101	396
00001010000110	357
00001010000111	432
00001010001000	251
00001010001001	439
00001010001010	336
00001010001011	357
00001010001100	283
00001010001101	416
00001010001110	304
00001010001111	337
00001010010000	125
00001010010001	245
00001010010010	163
00001010010011	295
00001010010100	111
00001010010101	243
00001010010110	151
00001010010111	347
00001010011000	161
00001010011001	322
00001010011010	183
00001010011011	352
00001010011100	159
00001010011101	274
00001010011110	219
00001010011111	333
00001010100000	305
00001010100001	507
00001010100010	251
00001010100011	445
00001010100100	310
00001010100101	468
00001010100110	313
00001010100111	486
00001010101000	323
00001010101001	454
00001010101010	419
00001010101011	414
00001010101100	366
00001010101101	512
00001010101110	287
00001010101111	596
00001010110000	177
00001010110001	406
00001010110010	121
00001010110011	336
00001010110100	189
00001010110101	369
00001010110110	145
00001010110111	313
00001010111000	286
00001010111001	429
00001010111010	196
00001010111011	470
00001010111100	263
00001010111101	322
00001010111110	158
00001010111111	384
00001011000000	309
00001011000001	555
00001011000010	341
00001011000011	566
00001011000100	274
00001011000101	498
00001011000110	364
00001011000111	614
00001011001000	326
00001011001001	541
00001011001010	385
00001011001011	524
00001011001100	362
00001011001101	553
00001011001110	402
00001011001111	460
00001011010000	139
00001011010001	463
00001011010010	181
00001011010011	502
00001011010100	201
00001011010101	365
00001011010110	231
00001011010111	411
00001011011000	247
00001011011001	490
00001011011010	219
00001011011011	396
00001011011100	251
00001011011101	516
00001011011110	297
00001011011111	538
00001011100000	397
00001011100001	733
00001011100010	343
00001011100011	621
00001011100100	466
00001011100101	779
00001011100110	324
00001011100111	631
00001011101000	583
00001011101001	825
00001011101010	440
00001011101011	563
00001011101100	525
00001011101101	617
00001011101110	437
00001011101111	624
00001011110000	235
00001011110001	565
00001011110010	180
00001011110011	432
00001011110100	238
00001011110101	389
00001011110110	172
00001011110111	454
00001011111000	316
00001011111001	463
00001011111010	241
00001011111011	505
00001011111100	326
00001011111101	466
00001011111110	298
00001011111111	452
00001100000000	227
00001100000001	279
00001100000010	202
00001100000011	280
00001100000100	203
00001100000101	193
00001100000110	195
00001100000111	294
00001100001000	203
00001100001001	269
00001100001010	240
00001100001011	279
00001100001100	210
00001100001101	215
00001100001110	263
00001100001111	202
00001100010000	78
00001100010001	205
00001100010010	99
00001100010011	187
00001100010100	93
00001100010101	170
00001100010110	96
00001100010111	225
00001100011000	148
00001100011001	179
00001100011010	134
00001100011011	225
00001100011100	140
00001100011101	213
00001100011110	173
00001100011111	216
00001100100000	198
00001100100001	378
00001100100010	186
00001100100011	345
00001100100100	223
00001100100101	355
00001100100110	221
00001100100111	302
00001100101000	268
00001100101001	328
00001100101010	256
00001100101011	288
00001100101100	249
00001100101101	302
00001100101110	231
00001100101111	258
00001100110000	148
00001100110001	209
00001100110010	121
00001100110011	216
00001100110100	98
00001100110101	204
00001100110110	92
00001100110111	269
00001100111000	154
00001100111001	246
00001100111010	159
00001100111011	200
00001100111100	176
00001100111101	305
00001100111110	161
00001100111111	256
00001101000000	196
00001101000001	322
00001101000010	147
00001101000011	257
00001101000100	203
00001101000101	385
00001101000110	138
00001101000111	299
00001101001000	218
00001101001001	360
00001101001010	206
00001101001011	312
00001101001100	203
00001101001101	273
00001101001110	208
00001101001111	317
00001101010000	88
00001101010001	234
00001101010010	75
00001101010011	255
00001101010100	79
00001101010101	293
00001101010110	113
00001101010111	255
00001101011000	118
00001101011001	296
00001101011010	115
00001101011011	303
00001101011100	130
00001101011101	255
00001101011110	92
00001101011111	242
00001101100000	182
00001101100001	380
00001101100010	172
00001101100011	352
00001101100100	241
00001101100101	560
00001101100110	187
00001101100111	425
00001101101000	360
00001101101001	512
00001101101010	239
00001101101011	303
00001101101100	238
00001101101101	394
00001101101110	225
00001101101111	391
00001101110000	126
00001101110001	292
00001101110010	82
00001101110011	233
00001101110100	135
00001101110101	280
00001101110110	107
00001101110111	400
00001101111000	164
00001101111001	388
00001101111010	137
00001101111011	253
00001101111100	142
00001101111101	368
00001101111110	143
00001101111111	302
00001110000000	197
00001110000001	314
00001110000010	262
00001110000011	446
00001110000100	284
00001110000101	477
00001110000110	314
00001110000111	411
00001110001000	279
00001110001001	423
00001110001010	327
00001110001011	334
00001110001100	280
00001110001101	448
00001110001110	369
00001110001111	383
00001110010000	138
00001110010001	291
00001110010010	167
00001110010011	294
00001110010100	145
00001110010101	360
00001110010110	126
00001110010111	333
00001110011000	180
00001110011001	338
00001110011010	184
00001110011011	346
00001110011100	167
00001110011101	272
00001110011110	184
00001110011111	231
00001110100000	352
00001110100001	544
00001110100010	215
00001110100011	470
00001110100100	344
00001110100101	428
00001110100110	363
00001110100111	466
00001110101000	420
00001110101001	583
00001110101010	402
00001110101011	476
00001110101100	416
00001110101101	537
00001110101110	386
00001110101111	433
00001110110000	147
00001110110001	413
00001110110010	185
00001110110011	309
00001110110100	170
00001110110101	330
00001110110110	172
00001110110111	351
00001110111000	231
00001110111001	484
00001110111010	229
00001110111011	489
00001110111100	197
00001110111101	392
00001110111110	246
00001110111111	454
00001111000000	360
00001111000001	573
00001111000010	293
00001111000011	672
00001111000100	313
00001111000101	653
00001111000110	333
00001111000111	637
00001111001000	423
00001111001001	537
00001111001010	423
00001111001011	717
00001111001100	439
00001111001101	747
00001111001110	372
00001111001111	579
00001111010000	168
00001111010001	504
00001111010010	185
00001111010011	419
00001111010100	233
00001111010101	636
00001111010110	210
00001111010111	505
00001111011000	231
00001111011001	461
00001111011010	256
00001111011011	467
00001111011100	282
00001111011101	561
00001111011110	288
00001111011111	538
00001111100000	468
00001111100001	851
00001111100010	360
00001111100011	601
00001111100100	554
00001111100101	841
00001111100110	431
00001111100111	663
00001111101000	417
00001111101001	678
00001111101010	381
00001111101011	533
00001111101100	532
00001111101101	801
00001111101110	475
00001111101111	607
00001111110000	187
00001111110001	607
00001111110010	208
00001111110011	500
00001111110100	303
00001111110101	764
00001111110110	232
00001111110111	521
00001111111000	332
00001111111001	646
00001111111010	225
00001111111011	595
00001111111100	267
00001111111101	684
00001111111110	253
00001111111111	418
00010000000000	212
00010000000001	318
00010000000010	275
00010000000011	418
00010000000100	266
00010000000101	343
00010000000110	242
00010000000111	327
00010000001000	297
00010000001001	279
00010000001010	305
00010000001011	440
00010000001100	269
00010000001101	265
00010000001110	303
00010000001111	322
00010000010000	133
00010000010001	250
00010000010010	158
00010000010011	308
00010000010100	132
00010000010101	283
00010000010110	113
00010000010111	234
00010000011000	158
00010000011001	268
00010000011010	223
00010000011011	314
00010000011100	169
00010000011101	305
00010000011110	172
00010000011111	274
00010000100000	248
00010000100001	370
00010000100010	301
00010000100011	376
00010000100100	278
00010000100101	398
00010000100110	249
00010000100111	387
00010000101000	333
00010000101001	447
00010000101010	414
00010000101011	340
00010000101100	412
00010000101101	484
00010000101110	313
00010000101111	364
00010000110000	147
00010000110001	259
00010000110010	131
00010000110011	260
00010000110100	169
00010000110101	310
00010000110110	108
00010000110111	248
00010000111000	227
00010000111001	267
00010000111010	207
00010000111011	431
00010000111100	266
00010000111101	325
00010000111110	182
00010000111111	401
00010001000000	234
00010001000001	436
00010001000010	229
00010001000011	357
00010001000100	297
00010001000101	552
00010001000110	314
00010001000111	448
00010001001000	285
00010001001001	496
00010001001010	266
00010001001011	437
00010001001100	332
00010001001101	381
00010001001110	236
00010001001111	427
00010001010000	132
00010001010001	403
00010001010010	104
00010001010011	373
00010001010100	193
00010001010101	410
00010001010110	102
00010001010111	380
00010001011000	223
00010001011001	361
00010001011010	187
00010001011011	368
00010001011100	228
00010001011101	371
00010001011110	211
00010001011111	469
00010001100000	360
00010001100001	605
00010001100010	251
00010001100011	478
00010001100100	400
00010001100101	545
00010001100110	272
00010001100111	464
00010001101000	305
00010001101001	685
00010001101010	330
00010001101011	492
00010001101100	335
00010001101101	520
00010001101110	230
00010001101111	453
00010001110000	179
00010001110001	405
00010001110010	127
00010001110011	404
00010001110100	201
00010001110101	497
00010001110110	107
00010001110111	381
00010001111000	246
00010001111001	567
00010001111010	265
00010001111011	415
00010001111100	277
00010001111101	497
00010001111110	263
00010001111111	358
00010010000000	189
00010010000001	360
00010010000010	339
00010010000011	493
00010010000100	281
00010010000101	506
00010010000110	315
00010010000111	536
00010010001000	352
00010010001001	505
00010010001010	348
00010010001011	619
00010010001100	369
00010010001101	430
00010010001110	360
00010010001111	431
00010010010000	127
00010010010001	251
00010010010010	171
00010010010011	376
00010010010100	161
00010010010101	418
00010010010110	173
00010010010111	312
00010010011000	225
00010010011001	371
00010010011010	295
00010010011011	346
00010010011100	202
00010010011101	309
00010010011110	202
00010010011111	329
00010010100000	339
00010010100001	527
00010010100010	366
00010010100011	484
00010010100100	337
00010010100101	527
00010010100110	353
00010010100111	489
00010010101000	451
00010010101001	522
00010010101010	364
00010010101011	618
00010010101100	404
00010010101101	501
00010010101110	404
00010010101111	406
00010010110000	156
00010010110001	347
00010010110010	171
00010010110011	381
00010010110100	216
00010010110101	342
00010010110110	151
00010010110111	335
00010010111000	315
00010010111001	454
00010010111010	256
00010010111011	494
00010010111100	259
00010010111101	358
00010010111110	231
00010010111111	414
00010011000000	298
00010011000001	555
00010011000010	339
00010011000011	510
00010011000100	391
00010011000101	552
00010011000110	371
00010011000111	589
00010011001000	421
00010011001001	568
00010011001010	431
00010011001011	622
00010011001100	375
00010011001101	608
00010011001110	402
00010011001111	517
00010011010000	253
00010011010001	445
00010011010010	140
00010011010011	460
00010011010100	220
00010011010101	541
00010011010110	242
00010011010111	532
00010011011000	220
00010011011001	551
00010011011010	317
00010011011011	487
00010011011100	248
00010011011101	611
00010011011110	241
00010011011111	526
00010011100000	366
00010011100001	904
00010011100010	407
00010011100011	707
00010011100100	522
00010011100101	592
00010011100110	458
00010011100111	536
00010011101000	574
00010011101001	848
00010011101010	428
00010011101011	647
00010011101100	387
00010011101101	674
00010011101110	338
00010011101111	508
00010011110000	275
00010011110001	761
00010011110010	202
00010011110011	414
00010011110100	283
00010011110101	746
00010011110110	232
00010011110111	594
00010011111000	309
00010011111001	826
00010011111010	332
00010011111011	597
00010011111100	409
00010011111101	638
00010011111110	295
00010011111111	654
00010100000000	214
00010100000001	217
00010100000010	216
00010100000011	336
00010100000100	194
00010100000101	394
00010100000110	259
00010100000111	258
00010100001000	283
00010100001001	332
00010100001010	270
00010100001011	258
00010100001100	206
00010100001101	279
00010100001110	277
00010100001111	327
00010100010000	114
00010100010001	304
00010100010010	164
00010100010011	192
00010100010100	101
00010100010101	250
00010100010110	136
00010100010111	244
00010100011000	168
00010100011001	211
00010100011010	175
00010100011011	362
00010100011100	156
00010100011101	261
00010100011110	160
00010100011111	332
00010100100000	243
00010100100001	354
00010100100010	184
00010100100011	355
00010100100100	271
00010100100101	434
00010100100110	263
00010100100111	427
00010100101000	261
00010100101001	342
00010100101010	317
00010100101011	320
00010100101100	296
00010100101101	285
00010100101110	243
00010100101111	293
00010100110000	115
00010100110001	211
00010100110010	126
00010100110011	227
00010100110100	177
00010100110101	345
00010100110110	134
00010100110111	246
00010100111000	181
00010100111001	282
00010100111010	237
00010100111011	267
00010100111100	247
00010100111101	367
00010100111110	134
00010100111111	242
00010101000000	182
00010101000001	385
00010101000010	190
00010101000011	444
00010101000100	289
00010101000101	438
00010101000110	153
00010101000111	347
00010101001000	244
00010101001001	254
00010101001010	225
00010101001011	293
00010101001100	253
00010101001101	473
00010101001110	196
00010101001111	237
00010101010000	132
00010101010001	419
00010101010010	108
00010101010011	299
00010101010100	130
00010101010101	315
00010101010110	127
00010101010111	244
00010101011000	125
00010101011001	312
00010101011010	146
00010101011011	381
00010101011100	194
00010101011101	364
00010101011110	202
00010101011111	338
00010101100000	259
00010101100001	600
00010101100010	175
00010101100011	349
00010101100100	299
00010101100101	576
00010101100110	285
00010101100111	464
00010101101000	330
00010101101001	441
00010101101010	267
00010101101011	317
00010101101100	304
00010101101101	432
00010101101110	234
00010101101111	342
00010101110000	119
00010101110001	387
00010101110010	145
00010101110011	351
00010101110100	178
00010101110101	378
00010101110110	142
00010101110111	339
00010101111000	196
00010101111001	525
00010101111010	205
00010101111011	361
00010101111100	256
00010101111101	546
00010101111110	198
00010101111111	392
00010110000000	377
00010110000001	472
00010110000010	341
00010110000011	403
00010110000100	358
00010110000101	423
00010110000110	433
00010110000111	472
00010110001000	430
00010110001001	485
00010110001010	442
00010110001011	491
00010110001100	477
00010110001101	477
00010110001110	402
00010110001111	502
00010110010000	166
00010110010001	372
00010110010010	170
00010110010011	408
00010110010100	228
00010110010101	393
00010110010110	195
00010110010111	359
00010110011000	246
00010110011001	430
00010110011010	244
00010110011011	572
00010110011100	289
00010110011101	382
00010110011110	235
00010110011111	442
00010110100000	414
00010110100001	725
00010110100010	316
00010110100011	630
00010110100100	476
00010110100101	681
00010110100110	328
00010110100111	431
00010110101000	480
00010110101001	599
00010110101010	425
00010110101011	551
00010110101100	452
00010110101101	495
00010110101110	439
00010110101111	514
00010110110000	152
00010110110001	449
00010110110010	209
00010110110011	375
00010110110100	262
00010110110101	474
00010110110110	216
00010110110111	378
00010110111000	336
00010110111001	690
00010110111010	304
00010110111011	586
00010110111100	340
00010110111101	432
00010110111110	286
00010110111111	436
00010111000000	492
00010111000001	734
00010111000010	399
00010111000011	765
00010111000100	457
00010111000101	672
00010111000110	500
00010111000111	727
00010111001000	509
00010111001001	851
00010111001010	420
00010111001011	732
00010111001100	482
00010111001101	931
00010111001110	327
00010111001111	663
00010111010000	216
00010111010001	446
00010111010010	229
00010111010011	607
00010111010100	277
00010111010101	550
00010111010110	300
00010111010111	476
00010111011000	351
00010111011001	667
00010111011010	278
00010111011011	694
00010111011100	400
00010111011101	503
00010111011110	259
00010111011111	607
00010111100000	512
00010111100001	1061
00010111100010	490
00010111100011	760
00010111100100	627
00010111100101	935
00010111100110	406
00010111100111	658
00010111101000	663
00010111101001	891
00010111101010	569
00010111101011	749
00010111101100	644
00010111101101	852
00010111101110	517
00010111101111	536
00010111110000	300
00010111110001	673
00010111110010	240
00010111110011	591
00010111110100	337
00010111110101	783
00010111110110	228
00010111110111	668
00010111111000	301
00010111111001	925
00010111111010	364
00010111111011	782
00010111111100	451
00010111111101	743
00010111111110	452
00010111111111	529
00011000000000	216
00011000000001	265
00011000000010	138
00011000000011	191
00011000000100	187
00011000000101	274
00011000000110	205
00011000000111	231
00011000001000	237
00011000001001	235
00011000001010	197
00011000001011	234
00011000001100	225
00011000001101	320
00011000001110	156
00011000001111	242
00011000010000	101
00011000010001	174
00011000010010	55
00011000010011	233
00011000010100	85
00011000010101	199
00011000010110	110
00011000010111	230
00011000011000	162
00011000011001	230
00011000011010	202
00011000011011	234
00011000011100	130
00011000011101	160
00011000011110	161
00011000011111	191
00011000100000	267
00011000100001	302
00011000100010	231
00011000100011	204
00011000100100	216
00011000100101	325
00011000100110	201
00011000100111	224
00011000101000	328
00011000101001	330
00011000101010	290
00011000101011	233
00011000101100	233
00011000101101	341
00011000101110	206
00011000101111	240
00011000110000	99
00011000110001	236
00011000110010	88
00011000110011	285
00011000110100	105
00011000110101	193
00011000110110	105
00011000110111	226
00011000111000	167
00011000111001	264
00011000111010	207
00011000111011	258
00011000111100	157
00011000111101	227
00011000111110	150
00011000111111	207
00011001000000	217
00011001000001	439
00011001000010	168
00011001000011	282
00011001000100	256
00011001000101	394
00011001000110	204
00011001000111	349
00011001001000	256
00011001001001	374
00011001001010	203
00011001001011	321
00011001001100	204
00011001001101	328
00011001001110	207
00011001001111	306
00011001010000	79
00011001010001	252
00011001010010	141
00011001010011	203
00011001010100	99
00011001010101	310
00011001010110	135
00011001010111	323
00011001011000	174
00011001011001	351
00011001011010	151
00011001011011	278
00011001011100	127
00011001011101	291
00011001011110	125
00011001011111	243
00011001100000	255
00011001100001	421
00011001100010	205
00011001100011	302
00011001100100	287
00011001100101	575
00011001100110	214
00011001100111	398
00011001101000	321
00011001101001	407
00011001101010	198
00011001101011	416
00011001101100	287
00011001101101	422
00011001101110	166
00011001101111	228
00011001110000	119
00011001110001	283
00011001110010	109
00011001110011	273
00011001110100	135
00011001110101	419
00011001110110	86
00011001110111	342
00011001111000	232
00011001111001	425
00011001111010	137
00011001111011	315
00011001111100	154
00011001111101	307
00011001111110	176
00011001111111	304
00011010000000	172
00011010000001	402
00011010000010	215
00011010000011	385
00011010000100	241
00011010000101	237
00011010000110	253
00011010000111	374
00011010001000	239
00011010001001	418
00011010001010	338
00011010001011	297
00011010001100	235
00011010001101	310
00011010001110	267
00011010001111	279
00011010010000	110
00011010010001	230
00011010010010	130
00011010010011	259
00011010010100	133
00011010010101	251
00011010010110	121
00011010010111	342
00011010011000	139
00011010011001	422
00011010011010	168
00011010011011	327
00011010011100	134
00011010011101	357
00011010011110	154
00011010011111	308
00011010100000	274
00011010100001	472
00011010100010	248
00011010100011	492
00011010100100	242
00011010100101	470
00011010100110	261
00011010100111	377
00011010101000	309
00011010101001	434
00011010101010	281
00011010101011	445
00011010101100	355
00011010101101	381
00011010101110	218
00011010101111	302
00011010110000	149
00011010110001	355
00011010110010	109
00011010110011	233
00011010110100	106
00011010110101	343
00011010110110	122
00011010110111	247
00011010111000	224
00011010111001	353
00011010111010	173
00011010111011	332
00011010111100	156
00011010111101	312
00011010111110	181
00011010111111	315
00011011000000	265
00011011000001	509
00011011000010	234
00011011000011	519
00011011000100	298
00011011000101	405
00011011000110	295
00011011000111	453
00011011001000	393
00011011001001	522
00011011001010	348
00011011001011	464
00011011001100	321
00011011001101	405
00011011001110	331
00011011001111	404
00011011010000	116
00011011010001	355
00011011010010	134
00011011010011	339
00011011010100	159
00011011010101	417
00011011010110	151
00011011010111	328
00011011011000	197
00011011011001	364
00011011011010	148
00011011011011	356
00011011011100	258
00011011011101	382
00011011011110	235
00011011011111	387
00011011100000	296
00011011100001	695
00011011100010	309
00011011100011	362
00011011100100	384
00011011100101	561
00011011100110	337
00011011100111	429
00011011101000	381
00011011101001	815
00011011101010	420
00011011101011	439
00011011101100	446
00011011101101	513
00011011101110	365
00011011101111	407
00011011110000	175
00011011110001	438
00011011110010	142
00011011110011	362
00011011110100	152
00011011110101	375
00011011110110	161
00011011110111	387
00011011111000	258
00011011111001	594
00011011111010	188
00011011111011	433
00011011111100	257
00011011111101	451
00011011111110	240
00011011111111	403
00011100000000	149
00011100000001	253
00011100000010	130
00011100000011	202
00011100000100	155
00011100000101	212
00011100000110	139
00011100000111	271
00011100001000	160
00011100001001	251
00011100001010	211
00011100001011	243
00011100001100	141
00011100001101	232
00011100001110	162
00011100001111	167
00011100010000	110
00011100010001	199
00011100010010	71
00011100010011	192
00011100010100	84
00011100010101	173
00011100010110	48
00011100010111	186
00011100011000	92
00011100011001	147
00011100011010	140
00011100011011	224
00011100011100	130
00011100011101	192
00011100011110	57
00011100011111	239
00011100100000	182
00011100100001	291
00011100100010	150
00011100100011	284
00011100100100	181
00011100100101	284
00011100100110	137
00011100100111	253
00011100101000	149
00011100101001	210
00011100101010	210
00011100101011	309
00011100101100	198
00011100101101	266
00011100101110	229
00011100101111	175
00011100110000	90
00011100110001	168
00011100110010	73
00011100110011	223
00011100110100	138
00011100110101	233
00011100110110	96
00011100110111	232
00011100111000	177
00011100111001	207
00011100111010	108
00011100111011	286
00011100111100	154
00011100111101	188
00011100111110	132
00011100111111	214
00011101000000	131
00011101000001	411
00011101000010	133
00011101000011	281
00011101000100	197
00011101000101	283
00011101000110	198
00011101000111	276
00011101001000	225
00011101001001	302
00011101001010	144
00011101001011	296
00011101001100	184
00011101001101	257
00011101001110	199
00011101001111	215
00011101010000	89
00011101010001	245
00011101010010	89
00011101010011	271
00011101010100	94
00011101010101	230
00011101010110	104
00011101010111	281
00011101011000	143
00011101011001	240
00011101011010	109
00011101011011	200
00011101011100	129
00011101011101	234
00011101011110	89
00011101011111	273
00011101100000	170
00011101100001	367
00011101100010	171
00011101100011	254
00011101100100	224
00011101100101	340
00011101100110	138
00011101100111	337
00011101101000	216
00011101101001	401
00011101101010	165
00011101101011	375
00011101101100	306
00011101101101	299
00011101101110	208
00011101101111	264
00011101110000	105
00011101110001	340
00011101110010	107
00011101110011	205
00011101110100	117
00011101110101	376
00011101110110	120
00011101110111	277
00011101111000	141
00011101111001	297
00011101111010	146
00011101111011	284
00011101111100	152
00011101111101	322
00011101111110	148
00011101111111	272
00011110000000	219
00011110000001	369
00011110000010	294
00011110000011	358
00011110000100	250
00011110000101	311
00011110000110	311
00011110000111	428
00011110001000	295
00011110001001	343
00011110001010	271
00011110001011	401
00011110001100	286
00011110001101	290
00011110001110	312
00011110001111	314
00011110010000	100
00011110010001	302
00011110010010	124
00011110010011	252
00011110010100	115
00011110010101	200
00011110010110	151
00011110010111	300
00011110011000	146
00011110011001	363
00011110011010	199
00011110011011	314
00011110011100	202
00011110011101	270
00011110011110	134
00011110011111	385
00011110100000	242
00011110100001	383
00011110100010	349
00011110100011	399
00011110100100	257
00011110100101	372
00011110100110	229
00011110100111	467
00011110101000	379
00011110101001	485
00011110101010	322
00011110101011	452
00011110101100	356
00011110101101	430
00011110101110	255
00011110101111	376
00011110110000	138
00011110110001	303
00011110110010	148
00011110110011	316
00011110110100	153
00011110110101	303
00011110110110	124
00011110110111	376
00011110111000	266
00011110111001	454
00011110111010	233
00011110111011	387
00011110111100	221
00011110111101	314
00011110111110	227
00011110111111	306
00011111000000	345
00011111000001	514
00011111000010	304
00011111000011	580
00011111000100	278
00011111000101	558
00011111000110	283
00011111000111	513
00011111001000	373
00011111001001	498
00011111001010	393
00011111001011	438
00011111001100	349
00011111001101	632
00011111001110	300
00011111001111	392
00011111010000	159
00011111010001	351
00011111010010	130
00011111010011	388
00011111010100	139
00011111010101	491
00011111010110	178
00011111010111	405
00011111011000	226
00011111011001	507
00011111011010	224
00011111011011	476
00011111011100	226
00011111011101	478
00011111011110	212
00011111011111	541
00011111100000	405
00011111100001	649
00011111100010	298
00011111100011	537
00011111100100	476
00011111100101	739
00011111100110	324
00011111100111	554
00011111101000	451
00011111101001	602
00011111101010	355
00011111101011	597
00011111101100	405
00011111101101	673
00011111101110	301
00011111101111	494
00011111110000	209
00011111110001	440
00011111110010	172
00011111110011	385
00011111110100	197
00011111110101	460
00011111110110	213
00011111110111	602
00011111111000	292
00011111111001	578
00011111111010	281
00011111111011	496
00011111111100	296
00011111111101	589
00011111111110	285
00011111111111	561
00100000000000	211
00100000000001	209
00100000000010	192
00100000000011	299
00100000000100	217
00100000000101	213
00100000000110	214
00100000000111	292
00100000001000	286
00100000001001	335
00100000001010	205
00100000001011	311
00100000001100	178
00100000001101	263
00100000001110	232
00100000001111	235
00100000010000	69
00100000010001	213
00100000010010	142
00100000010011	231
00100000010100	77
00100000010101	187
00100000010110	143
00100000010111	232
00100000011000	163
00100000011001	194
00100000011010	144
00100000011011	242
00100000011100	163
00100000011101	246
00100000011110	143
00100000011111	235
00100000100000	223
00100000100001	329
00100000100010	281
00100000100011	414
00100000100100	239
00100000100101	326
00100000100110	234
00100000100111	302
00100000101000	297
00100000101001	366
00100000101010	254
00100000101011	335
00100000101100	231
00100000101101	346
00100000101110	215
00100000101111	271
00100000110000	101
00100000110001	188
00100000110010	98
00100000110011	280
00100000110100	109
00100000110101	282
00100000110110	140
00100000110111	248
00100000111000	221
00100000111001	370
00100000111010	204
00100000111011	313
00100000111100	190
00100000111101	206
00100000111110	183
00100000111111	267
00100001000000	270
00100001000001	392
00100001000010	174
00100001000011	347
00100001000100	181
00100001000101	402
00100001000110	185
00100001000111	335
00100001001000	272
00100001001001	326
00100001001010	191
00100001001011	325
00100001001100	214
00100001001101	253
00100001001110	205
00100001001111	250
00100001010000	98
00100001010001	227
00100001010010	101
00100001010011	299
00100001010100	128
00100001010101	275
00100001010110	101
00100001010111	265
00100001011000	186
00100001011001	424
00100001011010	92
00100001011011	358
00100001011100	142
00100001011101	264
00100001011110	125
00100001011111	302
00100001100000	252
00100001100001	436
00100001100010	234
00100001100011	403
00100001100100	314
00100001100101	539
00100001100110	189
00100001100111	396
00100001101000	243
00100001101001	485
00100001101010	288
00100001101011	480
00100001101100	305
00100001101101	472
00100001101110	257
00100001101111	320
00100001110000	170
00100001110001	433
00100001110010	153
00100001110011	245
00100001110100	211
00100001110101	447
00100001110110	148
00100001110111	328
00100001111000	169
00100001111001	384
00100001111010	160
00100001111011	293
00100001111100	240
00100001111101	482
00100001111110	177
00100001111111	284
00100010000000	176
00100010000001	381
00100010000010	190
00100010000011	281
00100010000100	276
00100010000101	347
00100010000110	268
00100010000111	387
00100010001000	181
00100010001001	475
00100010001010	239
00100010001011	279
00100010001100	207
00100010001101	301
00100010001110	255
00100010001111	263
00100010010000	110
00100010010001	280
00100010010010	117
00100010010011	233
00100010010100	116
00100010010101	212
00100010010110	127
00100010010111	243
00100010011000	135
00100010011001	278
00100010011010	174
00100010011011	354
00100010011100	146
00100010011101	228
00100010011110	204
00100010011111	235
00100010100000	214
00100010100001	455
00100010100010	307
00100010100011	377
00100010100100	293
00100010100101	505
00100010100110	297
00100010100111	498
00100010101000	267
00100010101001	355
00100010101010	320
00100010101011	256
00100010101100	291
00100010101101	349
00100010101110	276
00100010101111	311
00100010110000	161
00100010110001	259
00100010110010	118
00100010110011	302
00100010110100	148
00100010110101	306
00100010110110	146
00100010110111	420
00100010111000	192
00100010111001	357
00100010111010	180
00100010111011	521
00100010111100	182
00100010111101	337
00100010111110	191
00100010111111	280
00100011000000	264
00100011000001	494
00100011000010	231
00100011000011	382
00100011000100	218
00100011000101	395
00100011000110	301
00100011000111	398
00100011001000	324
00100011001001	393
00100011001010	297
00100011001011	397
00100011001100	308
00100011001101	430
00100011001110	230
00100011001111	397
00100011010000	166
00100011010001	295
00100011010010	108
00100011010011	286
00100011010100	173
00100011010101	308
00100011010110	137
00100011010111	335
00100011011000	196
00100011011001	374
00100011011010	221
00100011011011	329
00100011011100	250
00100011011101	477
00100011011110	216
00100011011111	313
00100011100000	390
00100011100001	530
00100011100010	449
00100011100011	448
00100011100100	369
00100011100101	667
00100011100110	336
00100011100111	507
00100011101000	436
00100011101001	555
00100011101010	363
00100011101011	510
00100011101100	338
00100011101101	474
00100011101110	334
00100011101111	540
00100011110000	189
00100011110001	404
00100011110010	178
00100011110011	382
00100011110100	220
00100011110101	498
00100011110110	171
00100011110111	429
00100011111000	234
00100011111001	399
00100011111010	196
00100011111011	636
00100011111100	256
00100011111101	560
00100011111110	166
00100011111111	352
00100100000000	170
00100100000001	196
00100100000010	206
00100100000011	283
00100100000100	196
00100100000101	224
00100100000110	173
00100100000111	306
00100100001000	193
00100100001001	251
00100100001010	173
00100100001011	159
00100100001100	171
00100100001101	198
00100100001110	183
00100100001111	190
00100100010000	87
00100100010001	153
00100100010010	59
00100100010011	173
00100100010100	60
00100100010101	150
00100100010110	81
00100100010111	150
00100100011000	123
00100100011001	166
00100100011010	140
00100100011011	248
00100100011100	109
00100100011101	164
00100100011110	128
00100100011111	160
00100100100000	167
00100100100001	289
00100100100010	184
00100100100011	224
00100100100100	184
00100100100101	270
00100100100110	213
00100100100111	249
00100100101000	210
00100100101001	312
00100100101010	184
00100100101011	289
00100100101100	200
00100100101101	225
00100100101110	207
00100100101111	269
00100100110000	98
00100100110001	206
00100100110010	70
00100100110011	232
00100100110100	109
00100100110101	274
00100100110110	105
00100100110111	141
00100100111000	122
00100100111001	285
00100100111010	138
00100100111011	144
00100100111100	127
00100100111101	228
00100100111110	136
00100100111111	274
00100101000000	162
00100101000001	322
00100101000010	105
00100101000011	365
00100101000100	150
00100101000101	329
00100101000110	145
00100101000111	332
00100101001000	163
00100101001001	326
00100101001010	114
00100101001011	264
00100101001100	232
00100101001101	260
00100101001110	136
00100101001111	178
00100101010000	88
00100101010001	268
00100101010010	77
00100101010011	189
00100101010100	123
00100101010101	176
00100101010110	69
00100101010111	192
00100101011000	119
00100101011001	309
00100101011010	123
00100101011011	285
00100101011100	136
00100101011101	217
00100101011110	81
00100101011111	210
00100101100000	258
00100101100001	343
00100101100010	131
00100101100011	270
00100101100100	221
00100101100101	454
00100101100110	174
00100101100111	291
00100101101000	166
00100101101001	521
00100101101010	130
00100101101011	271
00100101101100	224
00100101101101	395
00100101101110	170
00100101101111	196
00100101110000	83
00100101110001	314
00100101110010	79
00100101110011	172
00100101110100	156
00100101110101	334
00100101110110	89
00100101110111	296
00100101111000	134
00100101111001	324
00100101111010	127
00100101111011	205
00100101111100	149
00100101111101	299
00100101111110	130
00100101111111	237
00100110000000	206
00100110000001	301
00100110000010	238
00100110000011	331
00100110000100	311
00100110000101	304
00100110000110	231
00100110000111	313
00100110001000	202
00100110001001	354
00100110001010	244
00100110001011	297
00100110001100	203
00100110001101	279
00100110001110	275
00100110001111	364
00100110010000	97
00100110010001	219
00100110010010	115
00100110010011	335
00100110010100	132
00100110010101	222
00100110010110	161
00100110010111	310
00100110011000	194
00100110011001	293
00100110011010	188
00100110011011	371
00100110011100	183
00100110011101	292
00100110011110	213
00100110011111	206
00100110100000	247
00100110100001	468
00100110100010	287
00100110100011	454
00100110100100	291
00100110100101	472
00100110100110	205
00100110100111	341
00100110101000	338
00100110101001	407
00100110101010	331
00100110101011	354
00100110101100	337
00100110101101	312
00100110101110	284
00100110101111	401
00100110110000	104
00100110110001	310
00100110110010	123
00100110110011	256
00100110110100	166
00100110110101	257
00100110110110	149
00100110110111	333
00100110111000	224
00100110111001	373
00100110111010	239
00100110111011	237
00100110111100	228
00100110111101	375
00100110111110	239
00100110111111	310
00100111000000	325
00100111000001	531
00100111000010	336
00100111000011	549
00100111000100	280
00100111000101	520
00100111000110	304
00100111000111	442
00100111001000	374
00100111001001	514
00100111001010	363
00100111001011	447
00100111001100	354
00100111001101	507
00100111001110	274
00100111001111	329
00100111010000	152
00100111010001	439
00100111010010	165
00100111010011	407
00100111010100	154
00100111010101	391
00100111010110	213
00100111010111	361
00100111011000	208
00100111011001	544
00100111011010	202
00100111011011	407
00100111011100	257
00100111011101	459
00100111011110	235
00100111011111	401
00100111100000	362
00100111100001	829
00100111100010	376
00100111100011	391
00100111100100	451
00100111100101	692
00100111100110	311
00100111100111	682
00100111101000	403
00100111101001	630
00100111101010	479
00100111101011	594
00100111101100	435
00100111101101	610
00100111101110	388
00100111101111	470
00100111110000	249
00100111110001	578
00100111110010	171
00100111110011	565
00100111110100	197
00100111110101	550
00100111110110	238
00100111110111	340
00100111111000	304
00100111111001	575
00100111111010	278
00100111111011	485
00100111111100	262
00100111111101	549
00100111111110	262
00100111111111	374
00101000000000	325
00101000000001	346
00101000000010	268
00101000000011	376
00101000000100	269
00101000000101	429
00101000000110	225
00101000000111	483
00101000001000	351
00101000001001	355
00101000001010	326
00101000001011	288
00101000001100	229
00101000001101	323
00101000001110	238
00101000001111	416
00101000010000	161
00101000010001	289
00101000010010	117
00101000010011	299
00101000010100	142
00101000010101	288
00101000010110	207
00101000010111	317
00101000011000	185
00101000011001	327
00101000011010	211
00101000011011	350
00101000011100	152
00101000011101	260
00101000011110	271
00101000011111	343
00101000100000	370
00101000100001	385
00101000100010	244
00101000100011	434
00101000100100	252
00101000100101	508
00101000100110	280
00101000100111	436
00101000101000	352
00101000101001	514
00101000101010	347
00101000101011	458
00101000101100	384
00101000101101	395
00101000101110	292
00101000101111	401
00101000110000	141
00101000110001	327
00101000110010	143
00101000110011	263
00101000110100	181
00101000110101	358
00101000110110	156
00101000110111	332
00101000111000	258
00101000111001	375
00101000111010	216
00101000111011	430
00101000111100	271
00101000111101	299
00101000111110	255
00101000111111	364
00101001000000	352
00101001000001	533
00101001000010	253
00101001000011	429
00101001000100	221
00101001000101	566
00101001000110	207
00101001000111	396
00101001001000	314
00101001001001	512
00101001001010	195
00101001001011	402
00101001001100	303
00101001001101	405
00101001001110	247
00101001001111	454
00101001010000	104
00101001010001	260
00101001010010	153
00101001010011	418
00101001010100	149
00101001010101	377
00101001010110	170
00101001010111	370
00101001011000	252
00101001011001	311
00101001011010	204
00101001011011	397
00101001011100	248
00101001011101	401
00101001011110	226
00101001011111	441
00101001100000	299
00101001100001	682
00101001100010	274
00101001100011	504
00101001100100	359
00101001100101	704
00101001100110	338
00101001100111	579
00101001101000	420
00101001101001	529
00101001101010	352
00101001101011	588
00101001101100	393
00101001101101	760
00101001101110	343
00101001101111	459
00101001110000	189
00101001110001	483
00101001110010	127
00101001110011	322
00101001110100	219
00101001110101	527
00101001110110	166
00101001110111	436
00101001111000	213
00101001111001	482
00101001111010	191
00101001111011	413
00101001111100	245
00101001111101	588
00101001111110	216
00101001111111	504
00101010000000	403
00101010000001	481
00101010000010	385
00101010000011	420
00101010000100	393
00101010000101	493
00101010000110	320
00101010000111	574
00101010001000	338
00101010001001	476
00101010001010	410
00101010001011	682
00101010001100	362
00101010001101	363
00101010001110	363
00101010001111	619
00101010010000	178
00101010010001	329
00101010010010	166
00101010010011	392
00101010010100	190
00101010010101	372
00101010010110	190
00101010010111	612
00101010011000	214
00101010011001	521
00101010011010	270
00101010011011	491
00101010011100	263
00101010011101	362
00101010011110	254
00101010011111	465
00101010100000	341
00101010100001	595
00101010100010	346
00101010100011	587
00101010100100	379
00101010100101	730
00101010100110	342
00101010100111	585
00101010101000	611
00101010101001	758
00101010101010	526
00101010101011	622
00101010101100	440
00101010101101	596
00101010101110	493
00101010101111	603
00101010110000	176
00101010110001	485
00101010110010	169
00101010110011	379
00101010110100	216
00101010110101	509
00101010110110	198
00101010110111	544
00101010111000	341
00101010111001	506
00101010111010	213
00101010111011	567
00101010111100	288
00101010111101	448
00101010111110	228
00101010111111	438
00101011000000	438
00101011000001	639
00101011000010	318
00101011000011	665
00101011000100	412
00101011000101	841
00101011000110	382
00101011000111	673
00101011001000	354
00101011001001	880
00101011001010	383
00101011001011	765
00101011001100	368
00101011001101	672
00101011001110	390
00101011001111	671
00101011010000	202
00101011010001	419
00101011010010	211
00101011010011	372
00101011010100	261
00101011010101	630
00101011010110	254
00101011010111	527
00101011011000	384
00101011011001	567
00101011011010	272
00101011011011	531
00101011011100	236
00101011011101	630
00101011011110	325
00101011011111	506
00101011100000	591
00101011100001	905
00101011100010	363
00101011100011	777
00101011100100	572
00101011100101	1023
00101011100110	499
00101011100111	811
00101011101000	613
00101011101001	951
00101011101010	512
00101011101011	787
00101011101100	583
00101011101101	876
00101011101110	557
00101011101111	626
00101011110000	271
00101011110001	667
00101011110010	274
00101011110011	601
00101011110100	360
00101011110101	822
00101011110110	227
00101011110111	627
00101011111000	424
00101011111001	730
00101011111010	313
00101011111011	586
00101011111100	447
00101011111101	718
00101011111110	339
00101011111111	586
00101100000000	206
00101100000001	244
00101100000010	187
00101100000011	279
00101100000100	186
00101100000101	264
00101100000110	217
00101100000111	315
00101100001000	206
00101100001001	278
00101100001010	281
00101100001011	343
00101100001100	263
00101100001101	277
00101100001110	197
00101100001111	198
00101100010000	85
00101100010001	236
00101100010010	97
00101100010011	297
00101100010100	84
00101100010101	297
00101100010110	86
00101100010111	188
00101100011000	126
00101100011001	326
00101100011010	178
00101100011011	222
00101100011100	165
00101100011101	334
00101100011110	160
00101100011111	256
00101100100000	277
00101100100001	274
00101100100010	283
00101100100011	314
00101100100100	275
00101100100101	378
00101100100110	258
00101100100111	343
00101100101000	380
00101100101001	333
00101100101010	275
00101100101011	410
00101100101100	286
00101100101101	325
00101100101110	391
00101100101111	282
00101100110000	147
00101100110001	210
00101100110010	124
00101100110011	281
00101100110100	127
00101100110101	271
00101100110110	122
00101100110111	268
00101100111000	226
00101100111001	365
00101100111010	207
00101100111011	332
00101100111100	169
00101100111101	285
00101100111110	183
00101100111111	261
00101101000000	185
00101101000001	441
00101101000010	252
00101101000011	332
00101101000100	138
00101101000101	329
00101101000110	235
00101101000111	305
00101101001000	236
00101101001001	322
00101101001010	186
00101101001011	375
00101101001100	247
00101101001101	346
00101101001110	174
00101101001111	313
00101101010000	105
00101101010001	369
00101101010010	87
00101101010011	250
00101101010100	139
00101101010101	298
00101101010110	96
00101101010111	239
00101101011000	139
00101101011001	383
00101101011010	99
00101101011011	325
00101101011100	136
00101101011101	303
00101101011110	142
00101101011111	361
00101101100000	216
00101101100001	582
00101101100010	170
00101101100011	501
00101101100100	264
00101101100101	487
00101101100110	257
00101101100111	501
00101101101000	289
00101101101001	444
00101101101010	244
00101101101011	525
00101101101100	244
00101101101101	588
00101101101110	249
00101101101111	486
00101101110000	143
00101101110001	406
00101101110010	109
00101101110011	332
00101101110100	149
00101101110101	404
00101101110110	105
00101101110111	421
00101101111000	207
00101101111001	452
00101101111010	143
00101101111011	352
00101101111100	195
00101101111101	399
00101101111110	191
00101101111111	387
00101110000000	273
00101110000001	508
00101110000010	337
00101110000011	543
00101110000100	356
00101110000101	633
00101110000110	400
00101110000111	561
00101110001000	357
00101110001001	407
00101110001010	342
00101110001011	575
00101110001100	412
00101110001101	539
00101110001110	318
00101110001111	452
00101110010000	148
00101110010001	450
00101110010010	164
00101110010011	381
00101110010100	200
00101110010101	575
00101110010110	174
00101110010111	412
00101110011000	216
00101110011001	494
00101110011010	268
00101110011011	487
00101110011100	223
00101110011101	459
00101110011110	272
00101110011111	310
00101110100000	341
00101110100001	837
00101110100010	410
00101110100011	603
00101110100100	466
00101110100101	690
00101110100110	487
00101110100111	660
00101110101000	586
00101110101001	731
00101110101010	465
00101110101011	636
00101110101100	422
00101110101101	631
00101110101110	513
00101110101111	623
00101110110000	207
00101110110001	515
00101110110010	201
00101110110011	459
00101110110100	190
00101110110101	555
00101110110110	212
00101110110111	546
00101110111000	288
00101110111001	532
00101110111010	298
00101110111011	593
00101110111100	310
00101110111101	559
00101110111110	331
00101110111111	479
00101111000000	395
00101111000001	630
00101111000010	474
00101111000011	717
00101111000100	445
00101111000101	730
00101111000110	351
00101111000111	786
00101111001000	522
00101111001001	728
00101111001010	451
00101111001011	698
00101111001100	385
00101111001101	667
00101111001110	429
00101111001111	726
00101111010000	232
00101111010001	495
00101111010010	246
00101111010011	502
00101111010100	183
00101111010101	696
00101111010110	244
00101111010111	694
00101111011000	424
00101111011001	741
00101111011010	340
00101111011011	605
00101111011100	392
00101111011101	631
00101111011110	344
00101111011111	672
00101111100000	678
00101111100001	784
00101111100010	503
00101111100011	899
00101111100100	566
00101111100101	1027
00101111100110	530
00101111100111	1065
00101111101000	698
00101111101001	1002
00101111101010	561
00101111101011	839
00101111101100	775
00101111101101	975
00101111101110	602
00101111101111	798
00101111110000	298
00101111110001	731
00101111110010	238
00101111110011	630
00101111110100	318
00101111110101	789
00101111110110	314
00101111110111	575
00101111111000	395
00101111111001	811
00101111111010	327
00101111111011	709
00101111111100	499
00101111111101	947
00101111111110	346
00101111111111	762
00110000000000	207
00110000000001	379
00110000000010	299
00110000000011	481
00110000000100	251
00110000000101	285
00110000000110	281
00110000000111	395
00110000001000	373
00110000001001	350
00110000001010	396
00110000001011	361
00110000001100	344
00110000001101	412
00110000001110	304
00110000001111	312
00110000010000	144
00110000010001	252
00110000010010	174
00110000010011	371
00110000010100	128
00110000010101	277
00110000010110	104
00110000010111	313
00110000011000	244
00110000011001	390
00110000011010	281
00110000011011	357
00110000011100	186
00110000011101	243
00110000011110	224
00110000011111	230
00110000100000	331
00110000100001	585
00110000100010	369
00110000100011	543
00110000100100	332
00110000100101	371
00110000100110	303
00110000100111	461
00110000101000	469
00110000101001	450
00110000101010	469
00110000101011	407
00110000101100	338
00110000101101	365
00110000101110	398
00110000101111	413
00110000110000	196
00110000110001	433
00110000110010	124
00110000110011	321
00110000110100	188
00110000110101	360
00110000110110	178
00110000110111	351
00110000111000	285
00110000111001	495
00110000111010	253
00110000111011	422
00110000111100	295
00110000111101	411
00110000111110	191
00110000111111	401
00110001000000	327
00110001000001	455
00110001000010	268
00110001000011	554
00110001000100	255
00110001000101	482
00110001000110	197
00110001000111	379
00110001001000	315
00110001001001	669
00110001001010	315
00110001001011	391
00110001001100	237
00110001001101	460
00110001001110	223
00110001001111	243
00110001010000	147
00110001010001	421
00110001010010	127
00110001010011	395
00110001010100	202
00110001010101	454
00110001010110	117
00110001010111	459
00110001011000	217
00110001011001	482
00110001011010	178
00110001011011	458
00110001011100	232
00110001011101	473
00110001011110	189
00110001011111	474
00110001100000	403
00110001100001	630
00110001100010	313
00110001100011	562
00110001100100	361
00110001100101	792
00110001100110	325
00110001100111	423
00110001101000	435
00110001101001	712
00110001101010	365
00110001101011	654
00110001101100	407
00110001101101	660
00110001101110	260
00110001101111	386
00110001110000	181
00110001110001	537
00110001110010	166
00110001110011	424
00110001110100	211
00110001110101	683
00110001110110	150
00110001110111	549
00110001111000	339
00110001111001	717
00110001111010	290
00110001111011	587
00110001111100	348
00110001111101	484
00110001111110	251
00110001111111	525
00110010000000	431
00110010000001	646
00110010000010	330
00110010000011	627
00110010000100	314
00110010000101	390
00110010000110	358
00110010000111	495
00110010001000	404
00110010001001	584
00110010001010	425
00110010001011	569
00110010001100	360
00110010001101	408
00110010001110	307
00110010001111	464
00110010010000	183
00110010010001	422
00110010010010	156
00110010010011	399
00110010010100	243
00110010010101	321
00110010010110	208
00110010010111	424
00110010011000	291
00110010011001	417
00110010011010	310
00110010011011	633
00110010011100	235
00110010011101	434
00110010011110	311
00110010011111	437
00110010100000	430
00110010100001	890
00110010100010	384
00110010100011	681
00110010100100	464
00110010100101	598
00110010100110	477
00110010100111	503
00110010101000	570
00110010101001	672
00110010101010	517
00110010101011	614
00110010101100	490
00110010101101	534
00110010101110	382
00110010101111	605
00110010110000	225
00110010110001	461
00110010110010	186
00110010110011	328
00110010110100	291
00110010110101	463
00110010110110	212
00110010110111	458
00110010111000	305
00110010111001	595
00110010111010	378
00110010111011	585
00110010111100	251
00110010111101	488
00110010111110	276
00110010111111	606
00110011000000	481
00110011000001	730
00110011000010	380
00110011000011	687
00110011000100	393
00110011000101	673
00110011000110	339
00110011000111	646
00110011001000	590
00110011001001	1035
00110011001010	388
00110011001011	678
00110011001100	423
00110011001101	481
00110011001110	397
00110011001111	418
00110011010000	245
00110011010001	563
00110011010010	191
00110011010011	624
00110011010100	233
00110011010101	536
00110011010110	246
00110011010111	807
00110011011000	292
00110011011001	673
00110011011010	302
00110011011011	594
00110011011100	264
00110011011101	491
00110011011110	365
00110011011111	629
00110011100000	515
00110011100001	944
00110011100010	441
00110011100011	728
00110011100100	631
00110011100101	825
00110011100110	529
00110011100111	736
00110011101000	604
00110011101001	1198
00110011101010	610
00110011101011	883
00110011101100	629
00110011101101	832
00110011101110	521
00110011101111	861
00110011110000	325
00110011110001	700
00110011110010	208
00110011110011	611
00110011110100	350
00110011110101	942
00110011110110	328
00110011110111	625
00110011111000	441
00110011111001	681
00110011111010	349
00110011111011	845
00110011111100	392
00110011111101	725
00110011111110	318
00110011111111	695
00110100000000	194
00110100000001	418
00110100000010	222
00110100000011	321
00110100000100	219
00110100000101	328
00110100000110	236
00110100000111	220
00110100001000	239
00110100001001	330
00110100001010	219
00110100001011	319
00110100001100	267
00110100001101	343
00110100001110	229
00110100001111	298
00110100010000	96
00110100010001	301
00110100010010	146
00110100010011	321
00110100010100	140
00110100010101	218
00110100010110	116
00110100010111	310
00110100011000	201
00110100011001	248
00110100011010	258
00110100011011	282
00110100011100	210
00110100011101	263
00110100011110	175
00110100011111	292
00110100100000	344
00110100100001	459
00110100100010	283
00110100100011	408
00110100100100	327
00110100100101	429
00110100100110	246
00110100100111	277
00110100101000	293
00110100101001	444
00110100101010	388
00110100101011	395
00110100101100	392
00110100101101	441
00110100101110	261
00110100101111	407
00110100110000	162
00110100110001	289
00110100110010	150
00110100110011	309
00110100110100	154
00110100110101	292
00110100110110	134
00110100110111	350
00110100111000	270
00110100111001	335
00110100111010	223
00110100111011	299
00110100111100	197
00110100111101	348
00110100111110	243
00110100111111	309
00110101000000	192
00110101000001	487
00110101000010	182
00110101000011	556
00110101000100	244
00110101000101	465
00110101000110	148
00110101000111	406
00110101001000	285
00110101001001	428
00110101001010	243
00110101001011	342
00110101001100	279
00110101001101	315
00110101001110	139
00110101001111	339
00110101010000	125
00110101010001	454
00110101010010	151
00110101010011	386
00110101010100	124
00110101010101	422
00110101010110	123
00110101010111	343
00110101011000	233
00110101011001	389
00110101011010	157
00110101011011	447
00110101011100	223
00110101011101	408
00110101011110	193
00110101011111	367
00110101100000	322
00110101100001	775
00110101100010	281
00110101100011	501
00110101100100	299
00110101100101	767
00110101100110	299
00110101100111	482
00110101101000	368
00110101101001	505
00110101101010	327
00110101101011	456
00110101101100	369
00110101101101	634
00110101101110	268
00110101101111	416
00110101110000	194
00110101110001	535
00110101110010	158
00110101110011	445
00110101110100	244
00110101110101	597
00110101110110	138
00110101110111	512
00110101111000	223
00110101111001	595
00110101111010	240
00110101111011	361
00110101111100	247
00110101111101	552
00110101111110	207
00110101111111	413
00110110000000	366
00110110000001	613
00110110000010	300
00110110000011	601
00110110000100	437
00110110000101	582
00110110000110	455
00110110000111	611
00110110001000	379
00110110001001	539
00110110001010	500
00110110001011	525
00110110001100	454
00110110001101	505
00110110001110	402
00110110001111	415
00110110010000	211
00110110010001	432
00110110010010	238
00110110010011	489
00110110010100	209
00110110010101	450
00110110010110	236
00110110010111	574
00110110011000	257
00110110011001	428
00110110011010	338
00110110011011	609
00110110011100	315
00110110011101	528
00110110011110	328
00110110011111	561
00110110100000	543
00110110100001	646
00110110100010	506
00110110100011	739
00110110100100	524
00110110100101	790
00110110100110	543
00110110100111	648
00110110101000	572
00110110101001	738
00110110101010	489
00110110101011	709
00110110101100	514
00110110101101	649
00110110101110	524
00110110101111	536
00110110110000	233
00110110110001	567
00110110110010	232
00110110110011	489
00110110110100	226
00110110110101	483
00110110110110	313
00110110110111	616
00110110111000	398
00110110111001	685
00110110111010	293
00110110111011	761
00110110111100	352
00110110111101	650
00110110111110	391
00110110111111	597
00110111000000	461
00110111000001	922
00110111000010	443
00110111000011	928
00110111000100	516
00110111000101	990
00110111000110	414
00110111000111	767
00110111001000	586
00110111001001	960
00110111001010	491
00110111001011	587
00110111001100	462
00110111001101	659
00110111001110	475
00110111001111	611
00110111010000	315
00110111010001	651
00110111010010	217
00110111010011	664
00110111010100	263
00110111010101	665
00110111010110	301
00110111010111	690
00110111011000	516
00110111011001	790
00110111011010	328
00110111011011	617
00110111011100	328
00110111011101	643
00110111011110	310
00110111011111	825
00110111100000	720
00110111100001	1013
00110111100010	424
00110111100011	1091
00110111100100	687
00110111100101	1164
00110111100110	659
00110111100111	929
00110111101000	757
00110111101001	1118
00110111101010	644
00110111101011	829
00110111101100	794
00110111101101	1238
00110111101110	546
00110111101111	914
00110111110000	361
00110111110001	900
00110111110010	312
00110111110011	721
00110111110100	369
00110111110101	913
00110111110110	391
00110111110111	667
00110111111000	525
00110111111001	782
00110111111010	459
00110111111011	839
00110111111100	581
00110111111101	873
00110111111110	404
00110111111111	612
00111000000000	124
00111000000001	323
00111000000010	237
00111000000011	225
00111000000100	224
00111000000101	343
00111000000110	160
00111000000111	282
00111000001000	252
00111000001001	314
00111000001010	281
00111000001011	286
00111000001100	174
00111000001101	336
00111000001110	245
00111000001111	237
00111000010000	95
00111000010001	203
00111000010010	109
00111000010011	210
00111000010100	100
00111000010101	194
00111000010110	148
00111000010111	207
00111000011000	156
00111000011001	142
00111000011010	214
00111000011011	322
00111000011100	161
00111000011101	215
00111000011110	130
00111000011111	295
00111000100000	235
00111000100001	461
00111000100010	203
00111000100011	302
00111000100100	258
00111000100101	386
00111000100110	240
00111000100111	370
00111000101000	364
00111000101001	440
00111000101010	330
00111000101011	423
00111000101100	337
00111000101101	425
00111000101110	256
00111000101111	285
00111000110000	123
00111000110001	345
00111000110010	143
00111000110011	263
00111000110100	141
00111000110101	290
00111000110110	124
00111000110111	284
00111000111000	204
00111000111001	293
00111000111010	208
00111000111011	408
00111000111100	166
00111000111101	412
00111000111110	142
00111000111111	250
00111001000000	305
00111001000001	401
00111001000010	183
00111001000011	457
00111001000100	204
00111001000101	367
00111001000110	198
00111001000111	345
00111001001000	291
00111001001001	449
00111001001010	224
00111001001011	344
00111001001100	194
00111001001101	354
00111001001110	143
00111001001111	323
00111001010000	116
00111001010001	275
00111001010010	102
00111001010011	282
00111001010100	130
00111001010101	359
00111001010110	137
00111001010111	290
00111001011000	220
00111001011001	458
00111001011010	173
00111001011011	402
00111001011100	187
00111001011101	398
00111001011110	173
00111001011111	258
00111001100000	289
00111001100001	489
00111001100010	213
00111001100011	329
00111001100100	395
00111001100101	606
00111001100110	295
00111001100111	484
00111001101000	370
00111001101001	642
00111001101010	327
00111001101011	393
00111001101100	380
00111001101101	607
00111001101110	295
00111001101111	311
00111001110000	182
00111001110001	299
00111001110010	101
00111001110011	272
00111001110100	143
00111001110101	612
00111001110110	147
00111001110111	395
00111001111000	195
00111001111001	393
00111001111010	213
00111001111011	406
00111001111100	209
00111001111101	402
00111001111110	245
00111001111111	353
00111010000000	274
00111010000001	564
00111010000010	280
00111010000011	448
00111010000100	267
00111010000101	417
00111010000110	287
00111010000111	389
00111010001000	262
00111010001001	429
00111010001010	290
00111010001011	405
00111010001100	287
00111010001101	461
00111010001110	256
00111010001111	398
00111010010000	173
00111010010001	301
00111010010010	139
00111010010011	297
00111010010100	98
00111010010101	341
00111010010110	165
00111010010111	374
00111010011000	214
00111010011001	372
00111010011010	196
00111010011011	294
00111010011100	158
00111010011101	264
00111010011110	240
00111010011111	246
00111010100000	288
00111010100001	407
00111010100010	387
00111010100011	565
00111010100100	305
00111010100101	543
00111010100110	327
00111010100111	559
00111010101000	516
00111010101001	386
00111010101010	371
00111010101011	537
00111010101100	380
00111010101101	440
00111010101110	354
00111010101111	418
00111010110000	180
00111010110001	333
00111010110010	189
00111010110011	329
00111010110100	221
00111010110101	427
00111010110110	152
00111010110111	370
00111010111000	240
00111010111001	431
00111010111010	200
00111010111011	485
00111010111100	204
00111010111101	311
00111010111110	241
00111010111111	412
00111011000000	366
00111011000001	600
00111011000010	341
00111011000011	588
00111011000100	377
00111011000101	699
00111011000110	331
00111011000111	527
00111011001000	351
00111011001001	386
00111011001010	463
00111011001011	484
00111011001100	290
00111011001101	607
00111011001110	244
00111011001111	463
00111011010000	142
00111011010001	402
00111011010010	174
00111011010011	454
00111011010100	228
00111011010101	362
00111011010110	150
00111011010111	398
00111011011000	199
00111011011001	568
00111011011010	262
00111011011011	517
00111011011100	265
00111011011101	468
00111011011110	233
00111011011111	461
00111011100000	433
00111011100001	708
00111011100010	439
00111011100011	729
00111011100100	502
00111011100101	788
00111011100110	361
00111011100111	636
00111011101000	574
00111011101001	649
00111011101010	463
00111011101011	513
00111011101100	500
00111011101101	610
00111011101110	414
00111011101111	412
00111011110000	220
00111011110001	550
00111011110010	213
00111011110011	473
00111011110100	303
00111011110101	451
00111011110110	171
00111011110111	516
00111011111000	308
00111011111001	544
00111011111010	329
00111011111011	581
00111011111100	392
00111011111101	570
00111011111110	296
00111011111111	442
00111100000000	186
00111100000001	240
00111100000010	187
00111100000011	259
00111100000100	158
00111100000101	226
00111100000110	183
00111100000111	281
00111100001000	179
00111100001001	203
00111100001010	239
00111100001011	268
00111100001100	203
00111100001101	250
00111100001110	192
00111100001111	242
00111100010000	116
00111100010001	188
00111100010010	109
00111100010011	181
00111100010100	98
00111100010101	144
00111100010110	100
00111100010111	259
00111100011000	139
00111100011001	168
00111100011010	148
00111100011011	300
00111100011100	166
00111100011101	193
00111100011110	135
00111100011111	287
00111100100000	184
00111100100001	349
00111100100010	246
00111100100011	297
00111100100100	212
00111100100101	302
00111100100110	268
00111100100111	337
00111100101000	275
00111100101001	337
00111100101010	231
00111100101011	350
00111100101100	319
00111100101101	340
00111100101110	248
00111100101111	285
00111100110000	118
00111100110001	231
00111100110010	116
00111100110011	284
00111100110100	137
00111100110101	201
00111100110110	100
00111100110111	259
00111100111000	154
00111100111001	274
00111100111010	150
00111100111011	272
00111100111100	112
00111100111101	284
00111100111110	154
00111100111111	244
00111101000000	218
00111101000001	390
00111101000010	150
00111101000011	305
00111101000100	270
00111101000101	388
00111101000110	170
00111101000111	340
00111101001000	148
00111101001001	340
00111101001010	171
00111101001011	327
00111101001100	173
00111101001101	406
00111101001110	160
00111101001111	222
00111101010000	76
00111101010001	329
00111101010010	104
00111101010011	268
00111101010100	143
00111101010101	266
00111101010110	115
00111101010111	357
00111101011000	143
00111101011001	294
00111101011010	154
00111101011011	389
00111101011100	115
00111101011101	272
00111101011110	123
00111101011111	295
00111101100000	224
00111101100001	600
00111101100010	195
00111101100011	314
00111101100100	326
00111101100101	377
00111101100110	207
00111101100111	435
00111101101000	255
00111101101001	518
00111101101010	189
00111101101011	318
00111101101100	370
00111101101101	327
00111101101110	302
00111101101111	437
00111101110000	80
00111101110001	329
00111101110010	103
00111101110011	274
00111101110100	156
00111101110101	369
00111101110110	139
00111101110111	375
00111101111000	209
00111101111001	343
00111101111010	149
00111101111011	383
00111101111100	202
00111101111101	327
00111101111110	183
00111101111111	364
00111110000000	338
00111110000001	477
00111110000010	296
00111110000011	584
00111110000100	358
00111110000101	408
00111110000110	288
00111110000111	381
00111110001000	337
00111110001001	456
00111110001010	296
00111110001011	482
00111110001100	362
00111110001101	353
00111110001110	364
00111110001111	334
00111110010000	97
00111110010001	341
00111110010010	129
00111110010011	402
00111110010100	159
00111110010101	318
00111110010110	175
00111110010111	351
00111110011000	261
00111110011001	489
00111110011010	263
00111110011011	372
00111110011100	243
00111110011101	425
00111110011110	200
00111110011111	375
00111110100000	366
00111110100001	596
00111110100010	377
00111110100011	649
00111110100100	354
00111110100101	569
00111110100110	409
00111110100111	485
00111110101000	472
00111110101001	668
00111110101010	421
00111110101011	545
00111110101100	493
00111110101101	384
00111110101110	364
00111110101111	504
00111110110000	207
00111110110001	503
00111110110010	219
00111110110011	402
00111110110100	209
00111110110101	363
00111110110110	185
00111110110111	514
00111110111000	284
00111110111001	517
00111110111010	241
00111110111011	555
00111110111100	204
00111110111101	415
00111110111110	236
00111110111111	390
00111111000000	404
00111111000001	549
00111111000010	337
00111111000011	559
00111111000100	356
00111111000101	707
00111111000110	363
00111111000111	593
00111111001000	464
00111111001001	663
00111111001010	295
00111111001011	602
00111111001100	399
00111111001101	622
00111111001110	363
00111111001111	541
00111111010000	226
00111111010001	362
00111111010010	163
00111111010011	422
00111111010100	239
00111111010101	532
00111111010110	232
00111111010111	461
00111111011000	295
00111111011001	664
00111111011010	245
00111111011011	465
00111111011100	302
00111111011101	455
00111111011110	287
00111111011111	612
00111111100000	561
00111111100001	871
00111111100010	437
00111111100011	644
00111111100100	500
00111111100101	805
00111111100110	416
00111111100111	697
00111111101000	598
00111111101001	881
00111111101010	542
00111111101011	669
00111111101100	464
00111111101101	689
00111111101110	511
00111111101111	654
00111111110000	256
00111111110001	554
00111111110010	188
00111111110011	644
00111111110100	254
00111111110101	743
00111111110110	232
00111111110111	606
00111111111000	430
00111111111001	711
00111111111010	304
00111111111011	472
00111111111100	405
00111111111101	740
00111111111110	326
00111111111111	602
01000000000000	170
01000000000001	214
01000000000010	134
01000000000011	229
01000000000100	147
01000000000101	170
01000000000110	185
01000000000111	193
01000000001000	242
01000000001001	204
01000000001010	193
01000000001011	137
01000000001100	170
01000000001101	210
01000000001110	148
01000000001111	228
01000000010000	103
01000000010001	137
01000000010010	69
01000000010011	148
01000000010100	111
01000000010101	141
01000000010110	93
01000000010111	159
01000000011000	120
01000000011001	191
01000000011010	96
01000000011011	125
01000000011100	129
01000000011101	139
01000000011110	106
01000000011111	159
01000000100000	179
01000000100001	227
01000000100010	242
01000000100011	208
01000000100100	231
01000000100101	249
01000000100110	213
01000000100111	257
01000000101000	234
01000000101001	312
01000000101010	165
01000000101011	262
01000000101100	173
01000000101101	264
01000000101110	161
01000000101111	196
01000000110000	94
01000000110001	201
01000000110010	101
01000000110011	203
01000000110100	104
01000000110101	145
01000000110110	109
01000000110111	157
01000000111000	154
01000000111001	214
01000000111010	114
01000000111011	252
01000000111100	140
01000000111101	187
01000000111110	125
01000000111111	177
01000001000000	177
01000001000001	312
01000001000010	134
01000001000011	279
01000001000100	181
01000001000101	256
01000001000110	110
01000001000111	291
01000001001000	164
01000001001001	353
01000001001010	114
01000001001011	188
01000001001100	146
01000001001101	216
01000001001110	109
01000001001111	279
01000001010000	79
01000001010001	176
01000001010010	97
01000001010011	207
01000001010100	86
01000001010101	299
01000001010110	62
01000001010111	255
01000001011000	128
01000001011001	184
01000001011010	98
01000001011011	193
01000001011100	106
01000001011101	288
01000001011110	111
01000001011111	189
01000001100000	185
01000001100001	334
01000001100010	141
01000001100011	263
01000001100100	192
01000001100101	369
01000001100110	147
01000001100111	290
01000001101000	202
01000001101001	367
01000001101010	148
01000001101011	217
01000001101100	169
01000001101101	374
01000001101110	155
01000001101111	173
01000001110000	62
01000001110001	243
01000001110010	81
01000001110011	205
01000001110100	98
01000001110101	273
01000001110110	83
01000001110111	130
01000001111000	180
01000001111001	282
01000001111010	96
01000001111011	246
01000001111100	172
01000001111101	242
01000001111110	122
01000001111111	209
01000010000000	139
01000010000001	275
01000010000010	155
01000010000011	259
01000010000100	144
01000010000101	234
01000010000110	158
01000010000111	266
01000010001000	181
01000010001001	206
01000010001010	211
01000010001011	280
01000010001100	127
01000010001101	143
01000010001110	161
01000010001111	207
01000010010000	72
01000010010001	159
01000010010010	90
01000010010011	126
01000010010100	97
01000010010101	134
01000010010110	58
01000010010111	186
01000010011000	94
01000010011001	213
01000010011010	79
01000010011011	261
01000010011100	109
01000010011101	163
01000010011110	133
01000010011111	153
01000010100000	153
01000010100001	246
01000010100010	172
01000010100011	200
01000010100100	191
01000010100101	236
01000010100110	180
01000010100111	229
01000010101000	297
01000010101001	190
01000010101010	226
01000010101011	242
01000010101100	165
01000010101101	204
01000010101110	212
01000010101111	220
01000010110000	81
01000010110001	185
01000010110010	92
01000010110011	190
01000010110100	64
01000010110101	239
01000010110110	85
01000010110111	215
01000010111000	193
01000010111001	226
01000010111010	140
01000010111011	283
01000010111100	134
01000010111101	233
01000010111110	126
01000010111111	194
01000011000000	201
01000011000001	289
01000011000010	178
01000011000011	270
01000011000100	196
01000011000101	322
01000011000110	226
01000011000111	289
01000011001000	312
01000011001001	233
01000011001010	208
01000011001011	229
01000011001100	293
01000011001101	316
01000011001110	186
01000011001111	340
01000011010000	112
01000011010001	255
01000011010010	129
01000011010011	239
01000011010100	110
01000011010101	335
01000011010110	122
01000011010111	310
01000011011000	137
01000011011001	232
01000011011010	175
01000011011011	268
01000011011100	162
01000011011101	280
01000011011110	120
01000011011111	287
01000011100000	221
01000011100001	403
01000011100010	237
01000011100011	321
01000011100100	280
01000011100101	347
01000011100110	213
01000011100111	280
01000011101000	245
01000011101001	335
01000011101010	187
01000011101011	332
01000011101100	274
01000011101101	296
01000011101110	201
01000011101111	340
01000011110000	115
01000011110001	299
01000011110010	90
01000011110011	183
01000011110100	128
01000011110101	410
01000011110110	121
01000011110111	269
01000011111000	175
01000011111001	327
01000011111010	139
01000011111011	302
01000011111100	203
01000011111101	397
01000011111110	181
01000011111111	288
01000100000000	152
01000100000001	188
01000100000010	134
01000100000011	166
01000100000100	105
01000100000101	182
01000100000110	156
01000100000111	185
01000100001000	144
01000100001001	167
01000100001010	139
01000100001011	191
01000100001100	162
01000100001101	191
01000100001110	143
01000100001111	209
01000100010000	46
01000100010001	133
01000100010010	67
01000100010011	150
01000100010100	56
01000100010101	162
01000100010110	36
01000100010111	130
01000100011000	89
01000100011001	197
01000100011010	118
01000100011011	160
01000100011100	66
01000100011101	148
01000100011110	85
01000100011111	137
01000100100000	159
01000100100001	243
01000100100010	147
01000100100011	205
01000100100100	160
01000100100101	219
01000100100110	164
01000100100111	220
01000100101000	181
01000100101001	182
01000100101010	189
01000100101011	158
01000100101100	198
01000100101101	235
01000100101110	150
01000100101111	211
01000100110000	73
01000100110001	173
01000100110010	93
01000100110011	159
01000100110100	87
01000100110101	137
01000100110110	77
01000100110111	120
01000100111000	123
01000100111001	204
01000100111010	99
01000100111011	92
01000100111100	120
01000100111101	182
01000100111110	106
01000100111111	176
01000101000000	108
01000101000001	230
01000101000010	133
01000101000011	167
01000101000100	107
01000101000101	220
01000101000110	113
01000101000111	204
01000101001000	146
01000101001001	210
01000101001010	151
01000101001011	218
01000101001100	165
01000101001101	227
01000101001110	122
01000101001111	184
01000101010000	54
01000101010001	188
01000101010010	65
01000101010011	169
01000101010100	92
01000101010101	231
01000101010110	55
01000101010111	170
01000101011000	85
01000101011001	195
01000101011010	97
01000101011011	168
01000101011100	91
01000101011101	290
01000101011110	49
01000101011111	245
01000101100000	172
01000101100001	335
01000101100010	107
01000101100011	177
01000101100100	169
01000101100101	269
01000101100110	99
01000101100111	243
01000101101000	251
01000101101001	256
01000101101010	126
01000101101011	264
01000101101100	171
01000101101101	266
01000101101110	174
01000101101111	158
01000101110000	64
01000101110001	201
01000101110010	68
01000101110011	175
01000101110100	100
01000101110101	261
01000101110110	76
01000101110111	174
01000101111000	101
01000101111001	226
01000101111010	90
01000101111011	169
01000101111100	117
01000101111101	193
01000101111110	76
01000101111111	155
01000110000000	177
01000110000001	259
01000110000010	152
01000110000011	362
01000110000100	240
01000110000101	318
01000110000110	199
01000110000111	293
01000110001000	162
01000110001001	243
01000110001010	243
01000110001011	320
01000110001100	210
01000110001101	243
01000110001110	166
01000110001111	221
01000110010000	97
01000110010001	144
01000110010010	73
01000110010011	199
01000110010100	95
01000110010101	231
01000110010110	93
01000110010111	259
01000110011000	121
01000110011001	180
01000110011010	142
01000110011011	224
01000110011100	138
01000110011101	176
01000110011110	119
01000110011111	272
01000110100000	196
01000110100001	366
01000110100010	209
01000110100011	323
01000110100100	226
01000110100101	305
01000110100110	200
01000110100111	294
01000110101000	274
01000110101001	311
01000110101010	217
01000110101011	207
01000110101100	230
01000110101101	266
01000110101110	251
01000110101111	278
01000110110000	94
01000110110001	236
01000110110010	88
01000110110011	194
01000110110100	116
01000110110101	184
01000110110110	123
01000110110111	207
01000110111000	181
01000110111001	291
01000110111010	112
01000110111011	198
01000110111100	168
01000110111101	264
01000110111110	156
01000110111111	180
01000111000000	229
01000111000001	368
01000111000010	190
01000111000011	273
01000111000100	217
01000111000101	388
01000111000110	236
01000111000111	396
01000111001000	301
01000111001001	283
01000111001010	273
01000111001011	345
01000111001100	234
01000111001101	412
01000111001110	225
01000111001111	281
01000111010000	148
01000111010001	283
01000111010010	140
01000111010011	273
01000111010100	119
01000111010101	285
01000111010110	95
01000111010111	292
01000111011000	160
01000111011001	416
01000111011010	209
01000111011011	291
01000111011100	199
01000111011101	323
01000111011110	200
01000111011111	299
01000111100000	254
01000111100001	397
01000111100010	245
01000111100011	373
01000111100100	315
01000111100101	472
01000111100110	262
01000111100111	419
01000111101000	399
01000111101001	443
01000111101010	273
01000111101011	408
01000111101100	373
01000111101101	441
01000111101110	278
01000111101111	337
01000111110000	173
01000111110001	403
01000111110010	174
01000111110011	275
01000111110100	224
01000111110101	419
01000111110110	135
01000111110111	306
01000111111000	246
01000111111001	377
01000111111010	144
01000111111011	327
01000111111100	224
01000111111101	445
01000111111110	187
01000111111111	307
01001000000000	195
01001000000001	226
01001000000010	167
01001000000011	345
01001000000100	207
01001000000101	290
01001000000110	197
01001000000111	297
01001000001000	225
01001000001001	262
01001000001010	280
01001000001011	351
01001000001100	170
01001000001101	207
01001000001110	228
01001000001111	217
01001000010000	107
01001000010001	227
01001000010010	93
01001000010011	217
01001000010100	81
01001000010101	241
01001000010110	109
01001000010111	238
01001000011000	117
01001000011001	224
01001000011010	147
01001000011011	271
01001000011100	114
01001000011101	184
01001000011110	127
01001000011111	217
01001000100000	241
01001000100001	303
01001000100010	205
01001000100011	440
01001000100100	244
01001000100101	333
01001000100110	182
01001000100111	324
01001000101000	327
01001000101001	311
01001000101010	291
01001000101011	363
01001000101100	287
01001000101101	224
01001000101110	267
01001000101111	258
01001000110000	131
01001000110001	270
01001000110010	113
01001000110011	233
01001000110100	117
01001000110101	254
01001000110110	112
01001000110111	198
01001000111000	169
01001000111001	263
01001000111010	196
01001000111011	272
01001000111100	185
01001000111101	230
01001000111110	161
01001000111111	251
01001001000000	213
01001001000001	313
01001001000010	144
01001001000011	390
01001001000100	218
01001001000101	409
01001001000110	211
01001001000111	371
01001001001000	303
01001001001001	342
01001001001010	189
01001001001011	236
01001001001100	186
01001001001101	303
01001001001110	202
01001001001111	285
01001001010000	90
01001001010001	316
01001001010010	82
01001001010011	271
01001001010100	83
01001001010101	252
01001001010110	91
01001001010111	269
01001001011000	147
01001001011001	251
01001001011010	151
01001001011011	303
01001001011100	164
01001001011101	377
01001001011110	109
01001001011111	264
01001001100000	241
01001001100001	411
01001001100010	183
01001001100011	415
01001001100100	304
01001001100101	474
01001001100110	182
01001001100111	344
01001001101000	283
01001001101001	418
01001001101010	229
01001001101011	313
01001001101100	251
01001001101101	428
01001001101110	203
01001001101111	375
01001001110000	103
01001001110001	301
01001001110010	100
01001001110011	308
01001001110100	112
01001001110101	286
01001001110110	126
01001001110111	365
01001001111000	187
01001001111001	319
01001001111010	108
01001001111011	328
01001001111100	222
01001001111101	279
01001001111110	159
01001001111111	232
01001010000000	315
01001010000001	454
01001010000010	291
01001010000011	348
01001010000100	207
01001010000101	316
01001010000110	239
01001010000111	391
01001010001000	313
01001010001001	380
01001010001010	256
01001010001011	347
01001010001100	236
01001010001101	420
01001010001110	275
01001010001111	258
01001010010000	91
01001010010001	260
01001010010010	137
01001010010011	221
01001010010100	119
01001010010101	235
01001010010110	143
01001010010111	313
01001010011000	164
01001010011001	299
01001010011010	199
01001010011011	308
01001010011100	131
01001010011101	220
01001010011110	159
01001010011111	274
01001010100000	286
01001010100001	358
01001010100010	294
01001010100011	328
01001010100100	345
01001010100101	426
01001010100110	294
01001010100111	413
01001010101000	362
01001010101001	570
01001010101010	343
01001010101011	410
01001010101100	353
01001010101101	439
01001010101110	318
01001010101111	343
01001010110000	156
01001010110001	346
01001010110010	171
01001010110011	293
01001010110100	128
01001010110101	290
01001010110110	116
01001010110111	276
01001010111000	227
01001010111001	358
01001010111010	243
01001010111011	406
01001010111100	207
01001010111101	278
01001010111110	157
01001010111111	327
01001011000000	301
01001011000001	476
01001011000010	263
01001011000011	479
01001011000100	269
01001011000101	598
01001011000110	356
01001011000111	379
01001011001000	352
01001011001001	557
01001011001010	267
01001011001011	507
01001011001100	347
01001011001101	543
01001011001110	383
01001011001111	521
01001011010000	121
01001011010001	323
01001011010010	146
01001011010011	333
01001011010100	165
01001011010101	473
01001011010110	182
01001011010111	349
01001011011000	214
01001011011001	552
01001011011010	213
01001011011011	411
01001011011100	291
01001011011101	494
01001011011110	230
01001011011111	449
01001011100000	393
01001011100001	575
01001011100010	298
01001011100011	442
01001011100100	356
01001011100101	643
01001011100110	336
01001011100111	421
01001011101000	560
01001011101001	700
01001011101010	393
01001011101011	569
01001011101100	416
01001011101101	646
01001011101110	308
01001011101111	469
01001011110000	191
01001011110001	570
01001011110010	143
01001011110011	346
01001011110100	252
01001011110101	493
01001011110110	174
01001011110111	489
01001011111000	342
01001011111001	483
01001011111010	243
01001011111011	448
01001011111100	224
01001011111101	464
01001011111110	287
01001011111111	478
01001100000000	138
01001100000001	272
01001100000010	183
01001100000011	266
01001100000100	185
01001100000101	198
01001100000110	151
01001100000111	218
01001100001000	182
01001100001001	226
01001100001010	225
01001100001011	232
01001100001100	249
01001100001101	234
01001100001110	231
01001100001111	195
01001100010000	73
01001100010001	187
01001100010010	73
01001100010011	152
01001100010100	93
01001100010101	207
01001100010110	101
01001100010111	157
01001100011000	158
01001100011001	215
01001100011010	131
01001100011011	212
01001100011100	115
01001100011101	194
01001100011110	94
01001100011111	208
01001100100000	188
01001100100001	273
01001100100010	139
01001100100011	279
01001100100100	178
01001100100101	255
01001100100110	217
01001100100111	245
01001100101000	185
01001100101001	278
01001100101010	269
01001100101011	340
01001100101100	238
01001100101101	323
01001100101110	226
01001100101111	230
01001100110000	102
01001100110001	235
01001100110010	92
01001100110011	187
01001100110100	114
01001100110101	159
01001100110110	118
01001100110111	185
01001100111000	158
01001100111001	242
01001100111010	122
01001100111011	229
01001100111100	115
01001100111101	255
01001100111110	164
01001100111111	217
01001101000000	126
01001101000001	314
01001101000010	174
01001101000011	312
01001101000100	165
01001101000101	316
01001101000110	142
01001101000111	323
01001101001000	179
01001101001001	252
01001101001010	187
01001101001011	301
01001101001100	188
01001101001101	265
01001101001110	188
01001101001111	237
01001101010000	85
01001101010001	208
01001101010010	76
01001101010011	262
01001101010100	87
01001101010101	202
01001101010110	63
01001101010111	230
01001101011000	118
01001101011001	237
01001101011010	115
01001101011011	310
01001101011100	137
01001101011101	261
01001101011110	90
01001101011111	215
01001101100000	196
01001101100001	408
01001101100010	129
01001101100011	350
01001101100100	207
01001101100101	339
01001101100110	166
01001101100111	340
01001101101000	198
01001101101001	383
01001101101010	178
01001101101011	313
01001101101100	275
01001101101101	346
01001101101110	238
01001101101111	301
01001101110000	105
01001101110001	204
01001101110010	76
01001101110011	263
01001101110100	158
01001101110101	249
01001101110110	93
01001101110111	200
01001101111000	104
01001101111001	357
01001101111010	118
01001101111011	372
01001101111100	171
01001101111101	316
01001101111110	128
01001101111111	246
01001110000000	235
01001110000001	382
01001110000010	261
01001110000011	301
01001110000100	240
01001110000101	360
01001110000110	258
01001110000111	392
01001110001000	262
01001110001001	377
01001110001010	309
01001110001011	510
01001110001100	227
01001110001101	377
01001110001110	333
01001110001111	391
01001110010000	127
01001110010001	326
01001110010010	140
01001110010011	251
01001110010100	111
01001110010101	268
01001110010110	108
01001110010111	294
01001110011000	180
01001110011001	389
01001110011010	175
01001110011011	295
01001110011100	191
01001110011101	315
01001110011110	223
01001110011111	324
01001110100000	308
01001110100001	437
01001110100010	287
01001110100011	387
01001110100100	300
01001110100101	396
01001110100110	247
01001110100111	514
01001110101000	409
01001110101001	470
01001110101010	342
01001110101011	400
01001110101100	334
01001110101101	467
01001110101110	359
01001110101111	332
01001110110000	131
01001110110001	383
01001110110010	139
01001110110011	340
01001110110100	143
01001110110101	434
01001110110110	146
01001110110111	338
01001110111000	254
01001110111001	417
01001110111010	214
01001110111011	347
01001110111100	189
01001110111101	354
01001110111110	156
01001110111111	353
01001111000000	308
01001111000001	553
01001111000010	336
01001111000011	443
01001111000100	298
01001111000101	614
01001111000110	376
01001111000111	682
01001111001000	403
01001111001001	608
01001111001010	369
01001111001011	578
01001111001100	391
01001111001101	540
01001111001110	325
01001111001111	442
01001111010000	154
01001111010001	488
01001111010010	170
01001111010011	321
01001111010100	169
01001111010101	418
01001111010110	181
01001111010111	502
01001111011000	305
01001111011001	399
01001111011010	166
01001111011011	333
01001111011100	238
01001111011101	436
01001111011110	235
01001111011111	472
01001111100000	450
01001111100001	698
01001111100010	362
01001111100011	721
01001111100100	492
01001111100101	739
01001111100110	409
01001111100111	647
01001111101000	486
01001111101001	645
01001111101010	442
01001111101011	458
01001111101100	331
01001111101101	686
01001111101110	419
01001111101111	420
01001111110000	202
01001111110001	473
01001111110010	166
01001111110011	399
01001111110100	232
01001111110101	557
01001111110110	181
01001111110111	440
01001111111000	277
01001111111001	631
01001111111010	265
01001111111011	434
01001111111100	302
01001111111101	558
01001111111110	305
01001111111111	617
01010000000000	213
01010000000001	261
01010000000010	252
01010000000011	300
01010000000100	240
01010000000101	327
01010000000110	231
01010000000111	306
01010000001000	202
01010000001001	390
01010000001010	297
01010000001011	296
01010000001100	277
01010000001101	254
01010000001110	249
01010000001111	312
01010000010000	115
01010000010001	234
01010000010010	99
01010000010011	272
01010000010100	115
01010000010101	202
01010000010110	106
01010000010111	313
01010000011000	159
01010000011001	288
01010000011010	151
01010000011011	325
01010000011100	162
01010000011101	300
01010000011110	149
01010000011111	320
01010000100000	289
01010000100001	362
01010000100010	235
01010000100011	287
01010000100100	270
01010000100101	416
01010000100110	230
01010000100111	375
01010000101000	367
01010000101001	381
01010000101010	324
01010000101011	486
01010000101100	327
01010000101101	304
01010000101110	287
01010000101111	298
01010000110000	190
01010000110001	298
01010000110010	149
01010000110011	350
01010000110100	155
01010000110101	308
01010000110110	145
01010000110111	331
01010000111000	227
01010000111001	338
01010000111010	196
01010000111011	346
01010000111100	272
01010000111101	319
01010000111110	190
01010000111111	292
01010001000000	277
01010001000001	441
01010001000010	178
01010001000011	364
01010001000100	234
01010001000101	483
01010001000110	200
01010001000111	368
01010001001000	245
01010001001001	374
01010001001010	276
01010001001011	365
01010001001100	225
01010001001101	404
01010001001110	205
01010001001111	374
01010001010000	130
01010001010001	349
01010001010010	108
01010001010011	343
01010001010100	136
01010001010101	280
01010001010110	124
01010001010111	336
01010001011000	124
01010001011001	372
01010001011010	178
01010001011011	329
01010001011100	162
01010001011101	375
01010001011110	157
01010001011111	267
01010001100000	289
01010001100001	555
01010001100010	228
01010001100011	366
01010001100100	335
01010001100101	405
01010001100110	193
01010001100111	374
01010001101000	346
01010001101001	559
01010001101010	257
01010001101011	405
01010001101100	288
01010001101101	408
01010001101110	206
01010001101111	315
01010001110000	99
01010001110001	431
01010001110010	136
01010001110011	323
01010001110100	170
01010001110101	423
01010001110110	165
01010001110111	435
01010001111000	187
01010001111001	429
01010001111010	169
01010001111011	371
01010001111100	214
01010001111101	336
01010001111110	202
01010001111111	284
01010010000000	198
01010010000001	480
01010010000010	215
01010010000011	370
01010010000100	248
01010010000101	290
01010010000110	217
01010010000111	499
01010010001000	303
01010010001001	353
01010010001010	284
01010010001011	409
01010010001100	272
01010010001101	372
01010010001110	305
01010010001111	460
01010010010000	131
01010010010001	275
01010010010010	128
01010010010011	419
01010010010100	162
01010010010101	364
01010010010110	105
01010010010111	416
01010010011000	227
01010010011001	391
01010010011010	218
01010010011011	419
01010010011100	220
01010010011101	276
01010010011110	189
01010010011111	398
01010010100000	308
01010010100001	541
01010010100010	283
01010010100011	342
01010010100100	307
01010010100101	514
01010010100110	275
01010010100111	436
01010010101000	396
01010010101001	512
01010010101010	348
01010010101011	486
01010010101100	305
01010010101101	448
01010010101110	344
01010010101111	330
01010010110000	182
01010010110001	395
01010010110010	130
01010010110011	357
01010010110100	175
01010010110101	368
01010010110110	169
01010010110111	334
01010010111000	259
01010010111001	342
01010010111010	206
01010010111011	348
01010010111100	232
01010010111101	353
01010010111110	224
01010010111111	349
01010011000000	385
01010011000001	660
01010011000010	262
01010011000011	516
01010011000100	261
01010011000101	529
01010011000110	274
01010011000111	490
01010011001000	365
01010011001001	567
01010011001010	349
01010011001011	568
01010011001100	323
01010011001101	600
01010011001110	257
01010011001111	435
01010011010000	152
01010011010001	406
01010011010010	186
01010011010011	438
01010011010100	213
01010011010101	424
01010011010110	166
01010011010111	431
01010011011000	218
01010011011001	487
01010011011010	207
01010011011011	485
01010011011100	219
01010011011101	444
01010011011110	193
01010011011111	347
01010011100000	435
01010011100001	577
01010011100010	383
01010011100011	579
01010011100100	372
01010011100101	554
01010011100110	298
01010011100111	458
01010011101000	459
01010011101001	745
01010011101010	406
01010011101011	466
01010011101100	370
01010011101101	512
01010011101110	294
01010011101111	412
01010011110000	201
01010011110001	518
01010011110010	163
01010011110011	334
01010011110100	205
01010011110101	502
01010011110110	170
01010011110111	645
01010011111000	325
01010011111001	566
01010011111010	236
01010011111011	547
01010011111100	282
01010011111101	518
01010011111110	251
01010011111111	446
01010100000000	180
01010100000001	291
01010100000010	223
01010100000011	358
01010100000100	212
01010100000101	347
01010100000110	239
01010100000111	323
01010100001000	258
01010100001001	301
01010100001010	270
01010100001011	320
01010100001100	220
01010100001101	337
01010100001110	231
01010100001111	257
01010100010000	110
01010100010001	192
01010100010010	89
01010100010011	304
01010100010100	106
01010100010101	246
01010100010110	92
01010100010111	223
01010100011000	151
01010100011001	215
01010100011010	169
01010100011011	304
01010100011100	130
01010100011101	205
01010100011110	129
01010100011111	233
01010100100000	228
01010100100001	387
01010100100010	209
01010100100011	262
01010100100100	266
01010100100101	319
01010100100110	256
01010100100111	302
01010100101000	312
01010100101001	325
01010100101010	263
01010100101011	334
01010100101100	286
01010100101101	341
01010100101110	258
01010100101111	247
01010100110000	138
01010100110001	271
01010100110010	105
01010100110011	205
01010100110100	123
01010100110101	214
01010100110110	115
01010100110111	263
01010100111000	186
01010100111001	304
01010100111010	207
01010100111011	254
01010100111100	162
01010100111101	290
01010100111110	181
01010100111111	272
01010101000000	199
01010101000001	422
01010101000010	205
01010101000011	356
01010101000100	212
01010101000101	378
01010101000110	192
01010101000111	361
01010101001000	287
01010101001001	321
01010101001010	212
01010101001011	290
01010101001100	201
01010101001101	386
01010101001110	164
01010101001111	322
01010101010000	146
01010101010001	277
01010101010010	92
01010101010011	239
01010101010100	126
01010101010101	375
01010101010110	84
01010101010111	244
01010101011000	164
01010101011001	266
01010101011010	136
01010101011011	286
01010101011100	132
01010101011101	343
01010101011110	158
01010101011111	343
01010101100000	230
01010101100001	451
01010101100010	165
01010101100011	317
01010101100100	286
01010101100101	486
01010101100110	186
01010101100111	460
01010101101000	254
01010101101001	506
01010101101010	230
01010101101011	422
01010101101100	298
01010101101101	397
01010101101110	168
01010101101111	430
01010101110000	126
01010101110001	321
01010101110010	101
01010101110011	303
01010101110100	142
01010101110101	390
01010101110110	145
01010101110111	271
01010101111000	173
01010101111001	502
01010101111010	152
01010101111011	373
01010101111100	230
01010101111101	485
01010101111110	158
01010101111111	280
01010110000000	336
01010110000001	431
01010110000010	356
01010110000011	496
01010110000100	260
01010110000101	510
01010110000110	291
01010110000111	385
01010110001000	372
01010110001001	432
01010110001010	334
01010110001011	534
01010110001100	310
01010110001101	341
01010110001110	301
01010110001111	449
01010110010000	155
01010110010001	292
01010110010010	164
01010110010011	395
01010110010100	170
01010110010101	289
01010110010110	182
01010110010111	255
01010110011000	272
01010110011001	331
01010110011010	239
01010110011011	431
01010110011100	245
01010110011101	368
01010110011110	243
01010110011111	373
01010110100000	313
01010110100001	379
01010110100010	449
01010110100011	469
01010110100100	386
01010110100101	523
01010110100110	354
01010110100111	416
01010110101000	462
01010110101001	508
01010110101010	384
01010110101011	428
01010110101100	435
01010110101101	586
01010110101110	262
01010110101111	415
01010110110000	143
01010110110001	405
01010110110010	194
01010110110011	325
01010110110100	199
01010110110101	397
01010110110110	186
01010110110111	421
01010110111000	296
01010110111001	511
01010110111010	228
01010110111011	413
01010110111100	287
01010110111101	405
01010110111110	298
01010110111111	440
01010111000000	374
01010111000001	674
01010111000010	372
01010111000011	577
01010111000100	497
01010111000101	773
01010111000110	342
01010111000111	555
01010111001000	482
01010111001001	651
01010111001010	380
01010111001011	616
01010111001100	460
01010111001101	495
01010111001110	304
01010111001111	608
01010111010000	273
01010111010001	590
01010111010010	244
01010111010011	454
01010111010100	188
01010111010101	573
01010111010110	204
01010111010111	469
01010111011000	281
01010111011001	568
01010111011010	343
01010111011011	523
01010111011100	292
01010111011101	477
01010111011110	270
01010111011111	457
01010111100000	486
01010111100001	864
01010111100010	426
01010111100011	562
01010111100100	423
01010111100101	786
01010111100110	432
01010111100111	616
01010111101000	514
01010111101001	776
01010111101010	448
01010111101011	672
01010111101100	496
01010111101101	677
01010111101110	322
01010111101111	454
01010111110000	273
01010111110001	716
01010111110010	229
01010111110011	463
01010111110100	270
01010111110101	778
01010111110110	256
01010111110111	540
01010111111000	395
01010111111001	677
01010111111010	372
01010111111011	681
01010111111100	419
01010111111101	579
01010111111110	304
01010111111111	605
01011000000000	176
01011000000001	224
01011000000010	162
01011000000011	242
01011000000100	168
01011000000101	256
01011000000110	226
01011000000111	285
01011000001000	207
01011000001001	263
01011000001010	166
01011000001011	277
01011000001100	181
01011000001101	211
01011000001110	160
01011000001111	248
01011000010000	92
01011000010001	153
01011000010010	93
01011000010011	188
01011000010100	101
01011000010101	190
01011000010110	78
01011000010111	202
01011000011000	115
01011000011001	180
01011000011010	136
01011000011011	234
01011000011100	107
01011000011101	186
01011000011110	149
01011000011111	199
01011000100000	202
01011000100001	232
01011000100010	176
01011000100011	232
01011000100100	216
01011000100101	308
01011000100110	177
01011000100111	271
01011000101000	269
01011000101001	292
01011000101010	239
01011000101011	320
01011000101100	214
01011000101101	359
01011000101110	216
01011000101111	196
01011000110000	102
01011000110001	191
01011000110010	104
01011000110011	199
01011000110100	111
01011000110101	235
01011000110110	100
01011000110111	190
01011000111000	190
01011000111001	300
01011000111010	159
01011000111011	194
01011000111100	109
01011000111101	229
01011000111110	131
01011000111111	219
01011001000000	141
01011001000001	346
01011001000010	165
01011001000011	227
01011001000100	186
01011001000101	295
01011001000110	183
01011001000111	266
01011001001000	215
01011001001001	280
01011001001010	194
01011001001011	336
01011001001100	230
01011001001101	423
01011001001110	198
01011001001111	332
01011001010000	75
01011001010001	245
01011001010010	88
01011001010011	227
01011001010100	93
01011001010101	286
01011001010110	102
01011001010111	259
01011001011000	101
01011001011001	262
01011001011010	135
01011001011011	222
01011001011100	142
01011001011101	299
01011001011110	140
01011001011111	216
01011001100000	189
01011001100001	356
01011001100010	160
01011001100011	318
01011001100100	233
01011001100101	376
01011001100110	153
01011001100111	292
01011001101000	180
01011001101001	373
01011001101010	224
01011001101011	396
01011001101100	215
01011001101101	356
01011001101110	157
01011001101111	260
01011001110000	114
01011001110001	247
01011001110010	86
01011001110011	189
01011001110100	104
01011001110101	347
01011001110110	122
01011001110111	279
01011001111000	162
01011001111001	353
01011001111010	159
01011001111011	255
01011001111100	114
01011001111101	338
01011001111110	126
01011001111111	280
01011010000000	197
01011010000001	256
01011010000010	207
01011010000011	301
01011010000100	190
01011010000101	327
01011010000110	246
01011010000111	243
01011010001000	200
01011010001001	215
01011010001010	212
01011010001011	310
01011010001100	248
01011010001101	292
01011010001110	189
01011010001111	273
01011010010000	75
01011010010001	185
01011010010010	96
01011010010011	198
01011010010100	75
01011010010101	161
01011010010110	102
01011010010111	218
01011010011000	185
01011010011001	251
01011010011010	153
01011010011011	245
01011010011100	158
01011010011101	162
01011010011110	143
01011010011111	234
01011010100000	220
01011010100001	386
01011010100010	183
01011010100011	306
01011010100100	234
01011010100101	297
01011010100110	183
01011010100111	397
01011010101000	323
01011010101001	332
01011010101010	234
01011010101011	264
01011010101100	305
01011010101101	289
01011010101110	276
01011010101111	296
01011010110000	104
01011010110001	253
01011010110010	137
01011010110011	257
01011010110100	138
01011010110101	226
01011010110110	99
01011010110111	263
01011010111000	231
01011010111001	319
01011010111010	139
01011010111011	299
01011010111100	127
01011010111101	293
01011010111110	131
01011010111111	223
01011011000000	203
01011011000001	346
01011011000010	189
01011011000011	401
01011011000100	237
01011011000101	404
01011011000110	205
01011011000111	317
01011011001000	316
01011011001001	558
01011011001010	266
01011011001011	346
01011011001100	236
01011011001101	463
01011011001110	239
01011011001111	426
01011011010000	125
01011011010001	234
01011011010010	84
01011011010011	270
01011011010100	145
01011011010101	354
01011011010110	102
01011011010111	288
01011011011000	193
01011011011001	471
01011011011010	179
01011011011011	361
01011011011100	203
01011011011101	263
01011011011110	173
01011011011111	308
01011011100000	333
01011011100001	492
01011011100010	268
01011011100011	426
01011011100100	322
01011011100101	498
01011011100110	223
01011011100111	365
01011011101000	367
01011011101001	448
01011011101010	367
01011011101011	451
01011011101100	355
01011011101101	428
01011011101110	255
01011011101111	308
01011011110000	170
01011011110001	396
01011011110010	141
01011011110011	340
01011011110100	157
01011011110101	310
01011011110110	141
01011011110111	328
01011011111000	290
01011011111001	376
01011011111010	241
01011011111011	410
01011011111100	248
01011011111101	426
01011011111110	182
01011011111111	396
01011100000000	141
01011100000001	172
01011100000010	128
01011100000011	173
01011100000100	139
01011100000101	210
01011100000110	187
01011100000111	183
01011100001000	145
01011100001001	234
01011100001010	179
01011100001011	220
01011100001100	175
01011100001101	162
01011100001110	163
01011100001111	236
01011100010000	82
01011100010001	185
01011100010010	76
01011100010011	137
01011100010100	130
01011100010101	180
01011100010110	61
01011100010111	193
01011100011000	102
01011100011001	198
01011100011010	146
01011100011011	176
01011100011100	142
01011100011101	199
01011100011110	101
01011100011111	157
01011100100000	210
01011100100001	261
01011100100010	181
01011100100011	232
01011100100100	194
01011100100101	160
01011100100110	178
01011100100111	250
01011100101000	226
01011100101001	322
01011100101010	227
01011100101011	227
01011100101100	260
01011100101101	271
01011100101110	181
01011100101111	179
01011100110000	77
01011100110001	156
01011100110010	97
01011100110011	184
01011100110100	100
01011100110101	167
01011100110110	82
01011100110111	174
01011100111000	163
01011100111001	199
01011100111010	130
01011100111011	216
01011100111100	138
01011100111101	230
01011100111110	160
01011100111111	162
01011101000000	144
01011101000001	290
01011101000010	91
01011101000011	263
01011101000100	155
01011101000101	252
01011101000110	185
01011101000111	238
01011101001000	200
01011101001001	233
01011101001010	177
01011101001011	234
01011101001100	190
01011101001101	202
01011101001110	115
01011101001111	227
01011101010000	70
01011101010001	162
01011101010010	67
01011101010011	260
01011101010100	119
01011101010101	283
01011101010110	78
01011101010111	182
01011101011000	115
01011101011001	222
01011101011010	102
01011101011011	280
01011101011100	119
01011101011101	333
01011101011110	105
01011101011111	244
01011101100000	199
01011101100001	401
01011101100010	128
01011101100011	285
01011101100100	172
01011101100101	369
01011101100110	114
01011101100111	274
01011101101000	228
01011101101001	320
01011101101010	191
01011101101011	274
01011101101100	205
01011101101101	384
01011101101110	152
01011101101111	186
01011101110000	75
01011101110001	245
01011101110010	85
01011101110011	228
01011101110100	115
01011101110101	332
01011101110110	85
01011101110111	256
01011101111000	133
01011101111001	295
01011101111010	84
01011101111011	202
01011101111100	178
01011101111101	283
01011101111110	114
01011101111111	170
01011110000000	196
01011110000001	368
01011110000010	189
01011110000011	433
01011110000100	193
01011110000101	280
01011110000110	234
01011110000111	258
01011110001000	230
01011110001001	307
01011110001010	258
01011110001011	325
01011110001100	228
01011110001101	335
01011110001110	282
01011110001111	262
01011110010000	101
01011110010001	221
01011110010010	129
01011110010011	336
01011110010100	99
01011110010101	234
01011110010110	155
01011110010111	342
01011110011000	168
01011110011001	254
01011110011010	172
01011110011011	355
01011110011100	162
01011110011101	361
01011110011110	179
01011110011111	322
01011110100000	314
01011110100001	376
01011110100010	261
01011110100011	401
01011110100100	271
01011110100101	377
01011110100110	235
01011110100111	364
01011110101000	362
01011110101001	412
01011110101010	293
01011110101011	347
01011110101100	332
01011110101101	463
01011110101110	251
01011110101111	327
01011110110000	141
01011110110001	250
01011110110010	101
01011110110011	242
01011110110100	169
01011110110101	342
01011110110110	147
01011110110111	250
01011110111000	173
01011110111001	344
01011110111010	214
01011110111011	354
01011110111100	198
01011110111101	320
01011110111110	170
01011110111111	202
01011111000000	270
01011111000001	434
01011111000010	263
01011111000011	471
01011111000100	257
01011111000101	498
01011111000110	266
01011111000111	456
01011111001000	333
01011111001001	501
01011111001010	238
01011111001011	377
01011111001100	257
01011111001101	510
01011111001110	248
01011111001111	427
01011111010000	96
01011111010001	364
01011111010010	162
01011111010011	403
01011111010100	146
01011111010101	368
01011111010110	150
01011111010111	353
01011111011000	199
01011111011001	427
01011111011010	220
01011111011011	354
01011111011100	218
01011111011101	441
01011111011110	176
01011111011111	309
01011111100000	370
01011111100001	664
01011111100010	322
01011111100011	456
01011111100100	384
01011111100101	490
01011111100110	308
01011111100111	409
01011111101000	347
01011111101001	569
01011111101010	338
01011111101011	522
01011111101100	353
01011111101101	545
01011111101110	277
01011111101111	454
01011111110000	149
01011111110001	407
01011111110010	128
01011111110011	379
01011111110100	227
01011111110101	540
01011111110110	141
01011111110111	367
01011111111000	265
01011111111001	454
01011111111010	201
01011111111011	401
01011111111100	219
01011111111101	367
01011111111110	193
01011111111111	351
01100000000000	172
01100000000001	323
01100000000010	150
01100000000011	195
01100000000100	242
01100000000101	253
01100000000110	187
01100000000111	254
01100000001000	182
01100000001001	165
01100000001010	258
01100000001011	165
01100000001100	185
01100000001101	176
01100000001110	140
01100000001111	166
01100000010000	99
01100000010001	165
01100000010010	87
01100000010011	134
01100000010100	93
01100000010101	182
01100000010110	128
01100000010111	161
01100000011000	123
01100000011001	189
01100000011010	114
01100000011011	201
01100000011100	138
01100000011101	170
01100000011110	138
01100000011111	271
01100000100000	177
01100000100001	253
01100000100010	258
01100000100011	254
01100000100100	192
01100000100101	320
01100000100110	206
01100000100111	290
01100000101000	282
01100000101001	270
01100000101010	211
01100000101011	305
01100000101100	262
01100000101101	250
01100000101110	196
01100000101111	287
01100000110000	120
01100000110001	217
01100000110010	77
01100000110011	192
01100000110100	97
01100000110101	188
01100000110110	87
01100000110111	188
01100000111000	184
01100000111001	258
01100000111010	129
01100000111011	248
01100000111100	133
01100000111101	273
01100000111110	191
01100000111111	203
01100001000000	196
01100001000001	265
01100001000010	158
01100001000011	352
01100001000100	127
01100001000101	250
01100001000110	94
01100001000111	245
01100001001000	157
01100001001001	297
01100001001010	132
01100001001011	162
01100001001100	134
01100001001101	211
01100001001110	109
01100001001111	174
01100001010000	91
01100001010001	244
01100001010010	104
01100001010011	270
01100001010100	101
01100001010101	201
01100001010110	119
01100001010111	231
01100001011000	135
01100001011001	247
01100001011010	83
01100001011011	235
01100001011100	116
01100001011101	268
01100001011110	81
01100001011111	201
01100001100000	216
01100001100001	388
01100001100010	184
01100001100011	280
01100001100100	209
01100001100101	418
01100001100110	224
01100001100111	228
01100001101000	282
01100001101001	378
01100001101010	202
01100001101011	385
01100001101100	186
01100001101101	282
01100001101110	228
01100001101111	249
01100001110000	76
01100001110001	266
01100001110010	93
01100001110011	259
01100001110100	125
01100001110101	356
01100001110110	147
01100001110111	296
01100001111000	136
01100001111001	286
01100001111010	151
01100001111011	269
01100001111100	185
01100001111101	350
01100001111110	126
01100001111111	271
01100010000000	201
01100010000001	250
01100010000010	130
01100010000011	298
01100010000100	166
01100010000101	296
01100010000110	210
01100010000111	241
01100010001000	200
01100010001001	234
01100010001010	192
01100010001011	236
01100010001100	171
01100010001101	210
01100010001110	165
01100010001111	258
01100010010000	71
01100010010001	156
01100010010010	95
01100010010011	279
01100010010100	111
01100010010101	230
01100010010110	88
01100010010111	239
01100010011000	107
01100010011001	222
01100010011010	150
01100010011011	187
01100010011100	110
01100010011101	203
01100010011110	128
01100010011111	162
01100010100000	206
01100010100001	406
01100010100010	161
01100010100011	328
01100010100100	216
01100010100101	326
01100010100110	246
01100010100111	354
01100010101000	262
01100010101001	306
01100010101010	199
01100010101011	279
01100010101100	223
01100010101101	305
01100010101110	167
01100010101111	244
01100010110000	131
01100010110001	287
01100010110010	68
01100010110011	221
01100010110100	74
01100010110101	263
01100010110110	90
01100010110111	154
01100010111000	182
01100010111001	328
01100010111010	132
01100010111011	191
01100010111100	170
01100010111101	196
01100010111110	145
01100010111111	250
01100011000000	137
01100011000001	474
01100011000010	244
01100011000011	482
01100011000100	232
01100011000101	412
01100011000110	228
01100011000111	365
01100011001000	283
01100011001001	472
01100011001010	272
01100011001011	392
01100011001100	285
01100011001101	362
01100011001110	197
01100011001111	250
01100011010000	80
01100011010001	349
01100011010010	80
01100011010011	286
01100011010100	149
01100011010101	348
01100011010110	90
01100011010111	319
01100011011000	169
01100011011001	297
01100011011010	148
01100011011011	260
01100011011100	200
01100011011101	248
01100011011110	190
01100011011111	291
01100011100000	288
01100011100001	657
01100011100010	323
01100011100011	349
01100011100100	348
01100011100101	533
01100011100110	282
01100011100111	562
01100011101000	335
01100011101001	550
01100011101010	307
01100011101011	375
01100011101100	377
01100011101101	427
01100011101110	289
01100011101111	371
01100011110000	145
01100011110001	333
01100011110010	107
01100011110011	385
01100011110100	166
01100011110101	527
01100011110110	166
01100011110111	434
01100011111000	238
01100011111001	447
01100011111010	203
01100011111011	383
01100011111100	218
01100011111101	377
01100011111110	213
01100011111111	365
01100100000000	182
01100100000001	165
01100100000010	141
01100100000011	183
01100100000100	120
01100100000101	179
01100100000110	147
01100100000111	137
01100100001000	164
01100100001001	199
01100100001010	178
01100100001011	172
01100100001100	132
01100100001101	150
01100100001110	163
01100100001111	121
01100100010000	66
01100100010001	133
01100100010010	73
01100100010011	157
01100100010100	83
01100100010101	139
01100100010110	83
01100100010111	186
01100100011000	100
01100100011001	177
01100100011010	120
01100100011011	170
01100100011100	79
01100100011101	141
01100100011110	70
01100100011111	181
01100100100000	145
01100100100001	195
01100100100010	128
01100100100011	181
01100100100100	114
01100100100101	229
01100100100110	151
01100100100111	168
01100100101000	185
01100100101001	186
01100100101010	197
01100100101011	248
01100100101100	183
01100100101101	148
01100100101110	144
01100100101111	227
01100100110000	94
01100100110001	154
01100100110010	99
01100100110011	160
01100100110100	118
01100100110101	221
01100100110110	78
01100100110111	160
01100100111000	143
01100100111001	206
01100100111010	108
01100100111011	195
01100100111100	118
01100100111101	193
01100100111110	121
01100100111111	154
01100101000000	127
01100101000001	222
01100101000010	91
01100101000011	167
01100101000100	158
01100101000101	241
01100101000110	83
01100101000111	211
01100101001000	122
01100101001001	241
01100101001010	181
01100101001011	192
01100101001100	90
01100101001101	249
01100101001110	82
01100101001111	113
01100101010000	78
01100101010001	153
01100101010010	60
01100101010011	219
01100101010100	88
01100101010101	213
01100101010110	75
01100101010111	200
01100101011000	108
01100101011001	270
01100101011010	111
01100101011011	253
01100101011100	108
01100101011101	179
01100101011110	60
01100101011111	149
01100101100000	156
01100101100001	329
01100101100010	96
01100101100011	252
01100101100100	173
01100101100101	508
01100101100110	123
01100101100111	309
01100101101000	198
01100101101001	322
01100101101010	139
01100101101011	282
01100101101100	205
01100101101101	208
01100101101110	106
01100101101111	222
01100101110000	83
01100101110001	358
01100101110010	60
01100101110011	235
01100101110100	147
01100101110101	379
01100101110110	85
01100101110111	207
01100101111000	86
01100101111001	305
01100101111010	140
01100101111011	220
01100101111100	106
01100101111101	242
01100101111110	78
01100101111111	192
01100110000000	233
01100110000001	286
01100110000010	257
01100110000011	264
01100110000100	182
01100110000101	332
01100110000110	169
01100110000111	319
01100110001000	243
01100110001001	289
01100110001010	194
01100110001011	272
01100110001100	202
01100110001101	313
01100110001110	213
01100110001111	245
01100110010000	124
01100110010001	270
01100110010010	116
01100110010011	292
01100110010100	132
01100110010101	228
01100110010110	114
01100110010111	217
01100110011000	174
01100110011001	283
01100110011010	154
01100110011011	262
01100110011100	142
01100110011101	256
01100110011110	145
01100110011111	246
01100110100000	211
01100110100001	254
01100110100010	179
01100110100011	324
01100110100100	238
01100110100101	417
01100110100110	256
01100110100111	360
01100110101000	307
01100110101001	383
01100110101010	224
01100110101011	320
01100110101100	280
01100110101101	281
01100110101110	182
01100110101111	277
01100110110000	115
01100110110001	314
01100110110010	125
01100110110011	243
01100110110100	151
01100110110101	342
01100110110110	98
01100110110111	294
01100110111000	198
01100110111001	269
01100110111010	189
01100110111011	309
01100110111100	182
01100110111101	255
01100110111110	185
01100110111111	304
01100111000000	253
01100111000001	547
01100111000010	298
01100111000011	537
01100111000100	315
01100111000101	562
01100111000110	244
01100111000111	389
01100111001000	262
01100111001001	397
01100111001010	263
01100111001011	394
01100111001100	318
01100111001101	302
01100111001110	214
01100111001111	361
01100111010000	104
01100111010001	416
01100111010010	174
01100111010011	386
01100111010100	119
01100111010101	423
01100111010110	192
01100111010111	458
01100111011000	195
01100111011001	414
01100111011010	241
01100111011011	475
01100111011100	164
01100111011101	489
01100111011110	181
01100111011111	414
01100111100000	382
01100111100001	568
01100111100010	283
01100111100011	544
01100111100100	409
01100111100101	628
01100111100110	371
01100111100111	519
01100111101000	374
01100111101001	487
01100111101010	337
01100111101011	369
01100111101100	320
01100111101101	578
01100111101110	346
01100111101111	408
01100111110000	182
01100111110001	316
01100111110010	168
01100111110011	333
01100111110100	250
01100111110101	452
01100111110110	177
01100111110111	365
01100111111000	238
01100111111001	567
01100111111010	249
01100111111011	516
01100111111100	285
01100111111101	406
01100111111110	249
01100111111111	347
01101000000000	204
01101000000001	441
01101000000010	215
01101000000011	347
01101000000100	193
01101000000101	319
01101000000110	193
01101000000111	337
01101000001000	308
01101000001001	310
01101000001010	327
01101000001011	378
01101000001100	296
01101000001101	309
01101000001110	242
01101000001111	279
01101000010000	121
01101000010001	163
01101000010010	114
01101000010011	215
01101000010100	142
01101000010101	198
01101000010110	137
01101000010111	298
01101000011000	148
01101000011001	321
01101000011010	203
01101000011011	262
01101000011100	166
01101000011101	298
01101000011110	142
01101000011111	297
01101000100000	314
01101000100001	418
01101000100010	256
01101000100011	293
01101000100100	286
01101000100101	406
01101000100110	268
01101000100111	322
01101000101000	332
01101000101001	361
01101000101010	316
01101000101011	424
01101000101100	272
01101000101101	328
01101000101110	298
01101000101111	359
01101000110000	123
01101000110001	284
01101000110010	105
01101000110011	292
01101000110100	142
01101000110101	366
01101000110110	132
01101000110111	244
01101000111000	216
01101000111001	319
01101000111010	218
01101000111011	310
01101000111100	196
01101000111101	307
01101000111110	140
01101000111111	268
01101001000000	186
01101001000001	433
01101001000010	168
01101001000011	346
01101001000100	232
01101001000101	342
01101001000110	196
01101001000111	393
01101001001000	255
01101001001001	398
01101001001010	207
01101001001011	468
01101001001100	236
01101001001101	326
01101001001110	162
01101001001111	273
01101001010000	142
01101001010001	324
01101001010010	112
01101001010011	308
01101001010100	117
01101001010101	402
01101001010110	122
01101001010111	283
01101001011000	140
01101001011001	448
01101001011010	173
01101001011011	367
01101001011100	177
01101001011101	353
01101001011110	115
01101001011111	384
01101001100000	254
01101001100001	533
01101001100010	168
01101001100011	371
01101001100100	340
01101001100101	588
01101001100110	237
01101001100111	445
01101001101000	300
01101001101001	628
01101001101010	275
01101001101011	519
01101001101100	396
01101001101101	531
01101001101110	207
01101001101111	268
01101001110000	180
01101001110001	395
01101001110010	110
01101001110011	253
01101001110100	157
01101001110101	403
01101001110110	127
01101001110111	404
01101001111000	231
01101001111001	379
01101001111010	160
01101001111011	348
01101001111100	211
01101001111101	464
01101001111110	168
01101001111111	364
01101010000000	287
01101010000001	543
01101010000010	313
01101010000011	477
01101010000100	364
01101010000101	487
01101010000110	303
01101010000111	514
01101010001000	327
01101010001001	459
01101010001010	313
01101010001011	539
01101010001100	356
01101010001101	352
01101010001110	246
01101010001111	498
01101010010000	156
01101010010001	303
01101010010010	191
01101010010011	312
01101010010100	168
01101010010101	386
01101010010110	146
01101010010111	454
01101010011000	251
01101010011001	354
01101010011010	200
01101010011011	461
01101010011100	180
01101010011101	374
01101010011110	233
01101010011111	479
01101010100000	378
01101010100001	624
01101010100010	247
01101010100011	596
01101010100100	414
01101010100101	658
01101010100110	269
01101010100111	585
01101010101000	378
01101010101001	643
01101010101010	432
01101010101011	472
01101010101100	381
01101010101101	608
01101010101110	291
01101010101111	417
01101010110000	226
01101010110001	407
01101010110010	188
01101010110011	507
01101010110100	171
01101010110101	396
01101010110110	197
01101010110111	438
01101010111000	283
01101010111001	590
01101010111010	261
01101010111011	460
01101010111100	273
01101010111101	420
01101010111110	247
01101010111111	405
01101011000000	316
01101011000001	660
01101011000010	325
01101011000011	657
01101011000100	442
01101011000101	681
01101011000110	364
01101011000111	551
01101011001000	444
01101011001001	799
01101011001010	442
01101011001011	409
01101011001100	376
01101011001101	626
01101011001110	338
01101011001111	562
01101011010000	150
01101011010001	439
01101011010010	198
01101011010011	597
01101011010100	212
01101011010101	652
01101011010110	211
01101011010111	540
01101011011000	272
01101011011001	627
01101011011010	235
01101011011011	493
01101011011100	244
01101011011101	335
01101011011110	188
01101011011111	627
01101011100000	453
01101011100001	785
01101011100010	369
01101011100011	703
01101011100100	478
01101011100101	953
01101011100110	358
01101011100111	817
01101011101000	591
01101011101001	731
01101011101010	335
01101011101011	760
01101011101100	468
01101011101101	782
01101011101110	497
01101011101111	450
01101011110000	239
01101011110001	635
01101011110010	151
01101011110011	560
01101011110100	236
01101011110101	596
01101011110110	202
01101011110111	674
01101011111000	304
01101011111001	796
01101011111010	266
01101011111011	551
01101011111100	304
01101011111101	650
01101011111110	345
01101011111111	592
01101100000000	182
01101100000001	269
01101100000010	211
01101100000011	345
01101100000100	240
01101100000101	268
01101100000110	148
01101100000111	191
01101100001000	201
01101100001001	253
01101100001010	194
01101100001011	232
01101100001100	169
01101100001101	236
01101100001110	220
01101100001111	232
01101100010000	101
01101100010001	175
01101100010010	119
01101100010011	252
01101100010100	98
01101100010101	231
01101100010110	114
01101100010111	180
01101100011000	112
01101100011001	250
01101100011010	153
01101100011011	214
01101100011100	161
01101100011101	258
01101100011110	155
01101100011111	264
01101100100000	226
01101100100001	332
01101100100010	214
01101100100011	332
01101100100100	225
01101100100101	281
01101100100110	311
01101100100111	305
01101100101000	288
01101100101001	423
01101100101010	311
01101100101011	293
01101100101100	309
01101100101101	287
01101100101110	223
01101100101111	288
01101100110000	99
01101100110001	254
01101100110010	105
01101100110011	193
01101100110100	124
01101100110101	239
01101100110110	117
01101100110111	248
01101100111000	128
01101100111001	312
01101100111010	148
01101100111011	219
01101100111100	192
01101100111101	258
01101100111110	180
01101100111111	199
01101101000000	194
01101101000001	318
01101101000010	195
01101101000011	289
01101101000100	174
01101101000101	382
01101101000110	172
01101101000111	342
01101101001000	260
01101101001001	359
01101101001010	121
01101101001011	254
01101101001100	169
01101101001101	333
01101101001110	196
01101101001111	355
01101101010000	90
01101101010001	303
01101101010010	93
01101101010011	258
01101101010100	133
01101101010101	351
01101101010110	107
01101101010111	291
01101101011000	117
01101101011001	306
01101101011010	158
01101101011011	243
01101101011100	207
01101101011101	366
01101101011110	113
01101101011111	336
01101101100000	280
01101101100001	545
01101101100010	168
01101101100011	290
01101101100100	279
01101101100101	533
01101101100110	200
01101101100111	370
01101101101000	248
01101101101001	419
01101101101010	301
01101101101011	373
01101101101100	334
01101101101101	519
01101101101110	236
01101101101111	421
01101101110000	129
01101101110001	346
01101101110010	131
01101101110011	345
01101101110100	162
01101101110101	415
01101101110110	149
01101101110111	292
01101101111000	164
01101101111001	330
01101101111010	151
01101101111011	315
01101101111100	230
01101101111101	407
01101101111110	130
01101101111111	278
01101110000000	290
01101110000001	515
01101110000010	201
01101110000011	539
01101110000100	293
01101110000101	544
01101110000110	359
01101110000111	538
01101110001000	311
01101110001001	424
01101110001010	307
01101110001011	454
01101110001100	353
01101110001101	431
01101110001110	354
01101110001111	426
01101110010000	160
01101110010001	365
01101110010010	176
01101110010011	387
01101110010100	178
01101110010101	399
01101110010110	216
01101110010111	411
01101110011000	225
01101110011001	421
01101110011010	226
01101110011011	317
01101110011100	185
01101110011101	431
01101110011110	217
01101110011111	431
01101110100000	373
01101110100001	616
01101110100010	352
01101110100011	446
01101110100100	371
01101110100101	682
01101110100110	354
01101110100111	518
01101110101000	424
01101110101001	697
01101110101010	410
01101110101011	692
01101110101100	397
01101110101101	654
01101110101110	487
01101110101111	413
01101110110000	202
01101110110001	431
01101110110010	163
01101110110011	529
01101110110100	220
01101110110101	482
01101110110110	173
01101110110111	466
01101110111000	289
01101110111001	493
01101110111010	271
01101110111011	438
01101110111100	262
01101110111101	520
01101110111110	234
01101110111111	580
01101111000000	333
01101111000001	718
01101111000010	391
01101111000011	585
01101111000100	388
01101111000101	561
01101111000110	332
01101111000111	645
01101111001000	454
01101111001001	736
01101111001010	412
01101111001011	633
01101111001100	397
01101111001101	465
01101111001110	351
01101111001111	564
01101111010000	180
01101111010001	489
01101111010010	185
01101111010011	465
01101111010100	182
01101111010101	674
01101111010110	258
01101111010111	548
01101111011000	291
01101111011001	605
01101111011010	266
01101111011011	560
01101111011100	359
01101111011101	557
01101111011110	277
01101111011111	525
01101111100000	517
01101111100001	865
01101111100010	370
01101111100011	746
01101111100100	523
01101111100101	872
01101111100110	450
01101111100111	594
01101111101000	554
01101111101001	693
01101111101010	447
01101111101011	833
01101111101100	569
01101111101101	866
01101111101110	422
01101111101111	812
01101111110000	239
01101111110001	632
01101111110010	233
01101111110011	545
01101111110100	258
01101111110101	613
01101111110110	273
01101111110111	686
01101111111000	307
01101111111001	741
01101111111010	334
01101111111011	745
01101111111100	392
01101111111101	724
01101111111110	356
01101111111111	477
01110000000000	272
01110000000001	265
01110000000010	188
01110000000011	333
01110000000100	243
01110000000101	306
01110000000110	231
01110000000111	343
01110000001000	268
01110000001001	372
01110000001010	262
01110000001011	382
01110000001100	211
01110000001101	355
01110000001110	266
01110000001111	393
01110000010000	136
01110000010001	253
01110000010010	99
01110000010011	218
01110000010100	122
01110000010101	247
01110000010110	138
01110000010111	287
01110000011000	174
01110000011001	252
01110000011010	190
01110000011011	364
01110000011100	198
01110000011101	296
01110000011110	156
01110000011111	260
01110000100000	331
01110000100001	415
01110000100010	303
01110000100011	427
01110000100100	310
01110000100101	375
01110000100110	317
01110000100111	371
01110000101000	403
01110000101001	369
01110000101010	328
01110000101011	338
01110000101100	342
01110000101101	348
01110000101110	280
01110000101111	360
01110000110000	141
01110000110001	279
01110000110010	145
01110000110011	330
01110000110100	185
01110000110101	323
01110000110110	170
01110000110111	316
01110000111000	248
01110000111001	426
01110000111010	206
01110000111011	366
01110000111100	247
01110000111101	407
01110000111110	193
01110000111111	265
01110001000000	261
01110001000001	349
01110001000010	160
01110001000011	465
01110001000100	244
01110001000101	357
01110001000110	137
01110001000111	369
01110001001000	267
01110001001001	345
01110001001010	191
01110001001011	405
01110001001100	200
01110001001101	348
01110001001110	130
01110001001111	438
01110001010000	143
01110001010001	433
01110001010010	92
01110001010011	317
01110001010100	166
01110001010101	361
01110001010110	102
01110001010111	327
01110001011000	212
01110001011001	372
01110001011010	180
01110001011011	430
01110001011100	190
01110001011101	376
01110001011110	129
01110001011111	316
01110001100000	266
01110001100001	651
01110001100010	172
01110001100011	483
01110001100100	283
01110001100101	637
01110001100110	195
01110001100111	345
01110001101000	340
01110001101001	731
01110001101010	217
01110001101011	460
01110001101100	334
01110001101101	461
01110001101110	255
01110001101111	306
01110001110000	149
01110001110001	518
01110001110010	126
01110001110011	392
01110001110100	187
01110001110101	482
01110001110110	156
01110001110111	385
01110001111000	224
01110001111001	659
01110001111010	151
01110001111011	365
01110001111100	270
01110001111101	566
01110001111110	183
01110001111111	415
01110010000000	326
01110010000001	516
01110010000010	317
01110010000011	548
01110010000100	266
01110010000101	402
01110010000110	398
01110010000111	279
01110010001000	281
01110010001001	462
01110010001010	393
01110010001011	567
01110010001100	279
01110010001101	332
01110010001110	267
01110010001111	346
01110010010000	121
01110010010001	300
01110010010010	119
01110010010011	499
01110010010100	115
01110010010101	427
01110010010110	179
01110010010111	331
01110010011000	158
01110010011001	370
01110010011010	213
01110010011011	469
01110010011100	262
01110010011101	396
01110010011110	174
01110010011111	396
01110010100000	348
01110010100001	561
01110010100010	280
01110010100011	480
01110010100100	367
01110010100101	596
01110010100110	317
01110010100111	522
01110010101000	415
01110010101001	620
01110010101010	370
01110010101011	572
01110010101100	316
01110010101101	537
01110010101110	257
01110010101111	486
01110010110000	206
01110010110001	476
01110010110010	180
01110010110011	457
01110010110100	232
01110010110101	467
01110010110110	202
01110010110111	413
01110010111000	213
01110010111001	430
01110010111010	279
01110010111011	451
01110010111100	225
01110010111101	426
01110010111110	213
01110010111111	390
01110011000000	328
01110011000001	602
01110011000010	357
01110011000011	716
01110011000100	386
01110011000101	637
01110011000110	284
01110011000111	437
01110011001000	448
01110011001001	717
01110011001010	301
01110011001011	465
01110011001100	260
01110011001101	553
01110011001110	260
01110011001111	350
01110011010000	138
01110011010001	484
01110011010010	189
01110011010011	489
01110011010100	206
01110011010101	553
01110011010110	251
01110011010111	574
01110011011000	299
01110011011001	574
01110011011010	280
01110011011011	552
01110011011100	238
01110011011101	520
01110011011110	232
01110011011111	400
01110011100000	417
01110011100001	858
01110011100010	363
01110011100011	698
01110011100100	382
01110011100101	645
01110011100110	398
01110011100111	635
01110011101000	575
01110011101001	794
01110011101010	549
01110011101011	554
01110011101100	493
01110011101101	717
01110011101110	344
01110011101111	419
01110011110000	254
01110011110001	701
01110011110010	214
01110011110011	690
01110011110100	303
01110011110101	593
01110011110110	235
01110011110111	522
01110011111000	427
01110011111001	871
01110011111010	222
01110011111011	603
01110011111100	313
01110011111101	645
01110011111110	238
01110011111111	525
01110100000000	226
01110100000001	288
01110100000010	213
01110100000011	304
01110100000100	222
01110100000101	259
01110100000110	149
01110100000111	392
01110100001000	219
01110100001001	274
01110100001010	214
01110100001011	269
01110100001100	170
01110100001101	294
01110100001110	206
01110100001111	241
01110100010000	108
01110100010001	241
01110100010010	108
01110100010011	166
01110100010100	123
01110100010101	254
01110100010110	114
01110100010111	201
01110100011000	176
01110100011001	296
01110100011010	197
01110100011011	301
01110100011100	164
01110100011101	201
01110100011110	172
01110100011111	210
01110100100000	273
01110100100001	359
01110100100010	198
01110100100011	361
01110100100100	273
01110100100101	427
01110100100110	224
01110100100111	291
01110100101000	343
01110100101001	450
01110100101010	326
01110100101011	272
01110100101100	278
01110100101101	284
01110100101110	291
01110100101111	287
01110100110000	122
01110100110001	241
01110100110010	123
01110100110011	193
01110100110100	123
01110100110101	278
01110100110110	115
01110100110111	205
01110100111000	219
01110100111001	314
01110100111010	193
01110100111011	352
01110100111100	235
01110100111101	292
01110100111110	157
01110100111111	348
01110101000000	185
01110101000001	442
01110101000010	159
01110101000011	242
01110101000100	155
01110101000101	381
01110101000110	107
01110101000111	253
01110101001000	192
01110101001001	390
01110101001010	176
01110101001011	195
01110101001100	205
01110101001101	405
01110101001110	150
01110101001111	349
01110101010000	99
01110101010001	327
01110101010010	82
01110101010011	433
01110101010100	104
01110101010101	410
01110101010110	97
01110101010111	310
01110101011000	147
01110101011001	326
01110101011010	187
01110101011011	335
01110101011100	131
01110101011101	372
01110101011110	162
01110101011111	307
01110101100000	225
01110101100001	571
01110101100010	175
01110101100011	593
01110101100100	267
01110101100101	575
01110101100110	149
01110101100111	411
01110101101000	324
01110101101001	530
01110101101010	210
01110101101011	384
01110101101100	306
01110101101101	537
01110101101110	167
01110101101111	368
01110101110000	143
01110101110001	386
01110101110010	126
01110101110011	365
01110101110100	190
01110101110101	484
01110101110110	129
01110101110111	460
01110101111000	170
01110101111001	616
01110101111010	189
01110101111011	295
01110101111100	211
01110101111101	595
01110101111110	187
01110101111111	371
01110110000000	363
01110110000001	532
01110110000010	375
01110110000011	481
01110110000100	386
01110110000101	654
01110110000110	252
01110110000111	558
01110110001000	393
01110110001001	458
01110110001010	271
01110110001011	429
01110110001100	353
01110110001101	354
01110110001110	301
01110110001111	431
01110110010000	181
01110110010001	423
01110110010010	209
01110110010011	396
01110110010100	183
01110110010101	382
01110110010110	244
01110110010111	528
01110110011000	223
01110110011001	410
01110110011010	294
01110110011011	471
01110110011100	240
01110110011101	474
01110110011110	286
01110110011111	528
01110110100000	438
01110110100001	720
01110110100010	398
01110110100011	548
01110110100100	358
01110110100101	656
01110110100110	366
01110110100111	597
01110110101000	408
01110110101001	654
01110110101010	413
01110110101011	507
01110110101100	538
01110110101101	673
01110110101110	384
01110110101111	540
01110110110000	269
01110110110001	535
01110110110010	205
01110110110011	421
01110110110100	221
01110110110101	621
01110110110110	259
01110110110111	399
01110110111000	336
01110110111001	529
01110110111010	330
01110110111011	625
01110110111100	263
01110110111101	477
01110110111110	255
01110110111111	547
01110111000000	507
01110111000001	750
01110111000010	355
01110111000011	736
01110111000100	380
01110111000101	753
01110111000110	368
01110111000111	461
01110111001000	452
01110111001001	745
01110111001010	405
01110111001011	541
01110111001100	407
01110111001101	483
01110111001110	341
01110111001111	531
01110111010000	225
01110111010001	569
01110111010010	268
01110111010011	459
01110111010100	246
01110111010101	600
01110111010110	303
01110111010111	621
01110111011000	387
01110111011001	711
01110111011010	261
01110111011011	588
01110111011100	337
01110111011101	594
01110111011110	293
01110111011111	470
01110111100000	483
01110111100001	953
01110111100010	449
01110111100011	727
01110111100100	515
01110111100101	958
01110111100110	436
01110111100111	642
01110111101000	663
01110111101001	872
01110111101010	565
01110111101011	764
01110111101100	580
01110111101101	840
01110111101110	382
01110111101111	561
01110111110000	275
01110111110001	697
01110111110010	214
01110111110011	686
01110111110100	346
01110111110101	656
01110111110110	336
01110111110111	695
01110111111000	426
01110111111001	743
01110111111010	350
01110111111011	786
01110111111100	404
01110111111101	813
01110111111110	420
01110111111111	685
01111000000000	146
01111000000001	202
01111000000010	183
01111000000011	271
01111000000100	204
01111000000101	279
01111000000110	168
01111000000111	288
01111000001000	196
01111000001001	230
01111000001010	254
01111000001011	277
01111000001100	189
01111000001101	261
01111000001110	209
01111000001111	194
01111000010000	83
01111000010001	171
01111000010010	71
01111000010011	220
01111000010100	92
01111000010101	298
01111000010110	112
01111000010111	198
01111000011000	126
01111000011001	277
01111000011010	173
01111000011011	253
01111000011100	134
01111000011101	229
01111000011110	110
01111000011111	314
01111000100000	193
01111000100001	304
01111000100010	213
01111000100011	399
01111000100100	204
01111000100101	333
01111000100110	204
01111000100111	303
01111000101000	266
01111000101001	307
01111000101010	261
01111000101011	253
01111000101100	264
01111000101101	291
01111000101110	226
01111000101111	299
01111000110000	110
01111000110001	199
01111000110010	119
01111000110011	204
01111000110100	138
01111000110101	296
01111000110110	125
01111000110111	245
01111000111000	199
01111000111001	297
01111000111010	158
01111000111011	339
01111000111100	182
01111000111101	320
01111000111110	145
01111000111111	238
01111001000000	235
01111001000001	296
01111001000010	159
01111001000011	310
01111001000100	206
01111001000101	419
01111001000110	157
01111001000111	244
01111001001000	154
01111001001001	518
01111001001010	163
01111001001011	241
01111001001100	235
01111001001101	382
01111001001110	143
01111001001111	216
01111001010000	96
01111001010001	294
01111001010010	81
01111001010011	283
01111001010100	86
01111001010101	301
01111001010110	114
01111001010111	249
01111001011000	173
01111001011001	210
01111001011010	107
01111001011011	216
01111001011100	129
01111001011101	337
01111001011110	169
01111001011111	252
01111001100000	261
01111001100001	486
01111001100010	178
01111001100011	328
01111001100100	288
01111001100101	409
01111001100110	147
01111001100111	290
01111001101000	259
01111001101001	391
01111001101010	221
01111001101011	321
01111001101100	217
01111001101101	308
01111001101110	224
01111001101111	360
01111001110000	153
01111001110001	272
01111001110010	133
01111001110011	244
01111001110100	172
01111001110101	412
01111001110110	97
01111001110111	353
01111001111000	198
01111001111001	329
01111001111010	155
01111001111011	305
01111001111100	186
01111001111101	352
01111001111110	146
01111001111111	255
01111010000000	194
01111010000001	399
01111010000010	192
01111010000011	416
01111010000100	231
01111010000101	432
01111010000110	285
01111010000111	323
01111010001000	290
01111010001001	457
01111010001010	276
01111010001011	370
01111010001100	228
01111010001101	337
01111010001110	261
01111010001111	287
01111010010000	128
01111010010001	295
01111010010010	122
01111010010011	339
01111010010100	133
01111010010101	297
01111010010110	108
01111010010111	343
01111010011000	197
01111010011001	272
01111010011010	168
01111010011011	263
01111010011100	144
01111010011101	273
01111010011110	169
01111010011111	233
01111010100000	282
01111010100001	430
01111010100010	260
01111010100011	395
01111010100100	235
01111010100101	456
01111010100110	299
01111010100111	332
01111010101000	262
01111010101001	450
01111010101010	334
01111010101011	516
01111010101100	294
01111010101101	444
01111010101110	226
01111010101111	348
01111010110000	129
01111010110001	367
01111010110010	138
01111010110011	267
01111010110100	173
01111010110101	319
01111010110110	118
01111010110111	318
01111010111000	287
01111010111001	395
01111010111010	237
01111010111011	458
01111010111100	222
01111010111101	329
01111010111110	185
01111010111111	368
01111011000000	331
01111011000001	502
01111011000010	251
01111011000011	382
01111011000100	281
01111011000101	483
01111011000110	232
01111011000111	408
01111011001000	428
01111011001001	506
01111011001010	343
01111011001011	535
01111011001100	292
01111011001101	409
01111011001110	301
01111011001111	419
01111011010000	154
01111011010001	382
01111011010010	175
01111011010011	317
01111011010100	150
01111011010101	353
01111011010110	132
01111011010111	409
01111011011000	185
01111011011001	546
01111011011010	169
01111011011011	423
01111011011100	232
01111011011101	325
01111011011110	228
01111011011111	445
01111011100000	370
01111011100001	655
01111011100010	324
01111011100011	542
01111011100100	238
01111011100101	618
01111011100110	251
01111011100111	544
01111011101000	436
01111011101001	565
01111011101010	339
01111011101011	472
01111011101100	429
01111011101101	481
01111011101110	324
01111011101111	487
01111011110000	190
01111011110001	438
01111011110010	130
01111011110011	493
01111011110100	223
01111011110101	435
01111011110110	175
01111011110111	396
01111011111000	281
01111011111001	475
01111011111010	217
01111011111011	449
01111011111100	255
01111011111101	472
01111011111110	154
01111011111111	327
01111100000000	138
01111100000001	205
01111100000010	123
01111100000011	179
01111100000100	134
01111100000101	201
01111100000110	170
01111100000111	240
01111100001000	211
01111100001001	222
01111100001010	167
01111100001011	178
01111100001100	147
01111100001101	202
01111100001110	149
01111100001111	230
01111100010000	52
01111100010001	221
01111100010010	48
01111100010011	200
01111100010100	95
01111100010101	218
01111100010110	87
01111100010111	246
01111100011000	82
01111100011001	171
01111100011010	110
01111100011011	153
01111100011100	115
01111100011101	224
01111100011110	104
01111100011111	193
01111100100000	211
01111100100001	287
01111100100010	208
01111100100011	313
01111100100100	191
01111100100101	303
01111100100110	149
01111100100111	227
01111100101000	256
01111100101001	307
01111100101010	214
01111100101011	260
01111100101100	216
01111100101101	346
01111100101110	167
01111100101111	221
01111100110000	91
01111100110001	202
01111100110010	73
01111100110011	242
01111100110100	98
01111100110101	195
01111100110110	74
01111100110111	200
01111100111000	175
01111100111001	336
01111100111010	147
01111100111011	286
01111100111100	153
01111100111101	236
01111100111110	127
01111100111111	258
01111101000000	167
01111101000001	311
01111101000010	159
01111101000011	311
01111101000100	151
01111101000101	240
01111101000110	147
01111101000111	229
01111101001000	199
01111101001001	303
01111101001010	144
01111101001011	254
01111101001100	127
01111101001101	285
01111101001110	93
01111101001111	196
01111101010000	63
01111101010001	313
01111101010010	65
01111101010011	227
01111101010100	108
01111101010101	280
01111101010110	78
01111101010111	232
01111101011000	104
01111101011001	389
01111101011010	137
01111101011011	286
01111101011100	143
01111101011101	347
01111101011110	81
01111101011111	233
01111101100000	149
01111101100001	400
01111101100010	182
01111101100011	319
01111101100100	200
01111101100101	335
01111101100110	147
01111101100111	266
01111101101000	206
01111101101001	377
01111101101010	178
01111101101011	307
01111101101100	217
01111101101101	422
01111101101110	174
01111101101111	294
01111101110000	107
01111101110001	407
01111101110010	97
01111101110011	343
01111101110100	135
01111101110101	274
01111101110110	104
01111101110111	294
01111101111000	154
01111101111001	289
01111101111010	121
01111101111011	358
01111101111100	180
01111101111101	303
01111101111110	151
01111101111111	342
01111110000000	227
01111110000001	437
01111110000010	247
01111110000011	392
01111110000100	309
01111110000101	307
01111110000110	259
01111110000111	366
01111110001000	282
01111110001001	316
01111110001010	320
01111110001011	390
01111110001100	262
01111110001101	329
01111110001110	266
01111110001111	398
01111110010000	145
01111110010001	298
01111110010010	156
01111110010011	242
01111110010100	136
01111110010101	298
01111110010110	117
01111110010111	407
01111110011000	181
01111110011001	356
01111110011010	209
01111110011011	357
01111110011100	180
01111110011101	263
01111110011110	162
01111110011111	317
01111110100000	340
01111110100001	511
01111110100010	289
01111110100011	369
01111110100100	290
01111110100101	508
01111110100110	351
01111110100111	373
01111110101000	432
01111110101001	586
01111110101010	318
01111110101011	460
01111110101100	359
01111110101101	452
01111110101110	277
01111110101111	390
01111110110000	174
01111110110001	384
01111110110010	109
01111110110011	376
01111110110100	153
01111110110101	347
01111110110110	166
01111110110111	428
01111110111000	319
01111110111001	458
01111110111010	184
01111110111011	436
01111110111100	239
01111110111101	381
01111110111110	191
01111110111111	398
01111111000000	306
01111111000001	657
01111111000010	253
01111111000011	616
01111111000100	280
01111111000101	643
01111111000110	298
01111111000111	552
01111111001000	392
01111111001001	610
01111111001010	321
01111111001011	581
01111111001100	336
01111111001101	473
01111111001110	280
01111111001111	391
01111111010000	215
01111111010001	552
01111111010010	129
01111111010011	511
01111111010100	171
01111111010101	381
01111111010110	144
01111111010111	525
01111111011000	239
01111111011001	493
01111111011010	230
01111111011011	583
01111111011100	243
01111111011101	537
01111111011110	237
01111111011111	335
01111111100000	493
01111111100001	752
01111111100010	333
01111111100011	712
01111111100100	413
01111111100101	829
01111111100110	304
01111111100111	678
01111111101000	433
01111111101001	810
01111111101010	376
01111111101011	515
01111111101100	484
01111111101101	585
01111111101110	336
01111111101111	416
01111111110000	250
01111111110001	419
01111111110010	155
01111111110011	470
01111111110100	203
01111111110101	531
01111111110110	188
01111111110111	538
01111111111000	290
01111111111001	624
01111111111010	312
01111111111011	602
01111111111100	223
01111111111101	504
01111111111110	374
01111111111111	499
10000000000000	152
10000000000001	316
10000000000010	186
10000000000011	313
10000000000100	208
10000000000101	310
10000000000110	163
10000000000111	271
10000000001000	171
10000000001001	236
10000000001010	264
10000000001011	243
10000000001100	291
10000000001101	248
10000000001110	168
10000000001111	283
10000000010000	101
10000000010001	155
10000000010010	71
10000000010011	202
10000000010100	94
10000000010101	125
10000000010110	102
10000000010111	245
10000000011000	134
10000000011001	158
10000000011010	158
10000000011011	249
10000000011100	125
10000000011101	200
10000000011110	107
10000000011111	177
10000000100000	203
10000000100001	308
10000000100010	156
10000000100011	305
10000000100100	233
10000000100101	254
10000000100110	185
10000000100111	280
10000000101000	174
10000000101001	313
10000000101010	198
10000000101011	268
10000000101100	210
10000000101101	169
10000000101110	204
10000000101111	191
10000000110000	95
10000000110001	204
10000000110010	72
10000000110011	259
10000000110100	91
10000000110101	258
10000000110110	106
10000000110111	226
10000000111000	190
10000000111001	259
10000000111010	154
10000000111011	202
10000000111100	142
10000000111101	221
10000000111110	117
10000000111111	163
10000001000000	235
10000001000001	440
10000001000010	163
10000001000011	447
10000001000100	233
10000001000101	439
10000001000110	265
10000001000111	413
10000001001000	219
10000001001001	555
10000001001010	165
10000001001011	400
10000001001100	249
10000001001101	377
10000001001110	183
10000001001111	265
10000001010000	92
10000001010001	448
10000001010010	69
10000001010011	320
10000001010100	96
10000001010101	360
10000001010110	106
10000001010111	329
10000001011000	167
10000001011001	376
10000001011010	102
10000001011011	305
10000001011100	180
10000001011101	266
10000001011110	141
10000001011111	286
10000001100000	182
10000001100001	503
10000001100010	180
10000001100011	413
10000001100100	211
10000001100101	506
10000001100110	169
10000001100111	359
10000001101000	275
10000001101001	509
10000001101010	180
10000001101011	375
10000001101100	227
10000001101101	481
10000001101110	217
10000001101111	333
10000001110000	101
10000001110001	308
10000001110010	94
10000001110011	229
10000001110100	127
10000001110101	428
10000001110110	123
10000001110111	333
10000001111000	205
10000001111001	343
10000001111010	149
10000001111011	333
10000001111100	189
10000001111101	320
10000001111110	125
10000001111111	354
10000010000000	163
10000010000001	275
10000010000010	186
10000010000011	289
10000010000100	189
10000010000101	246
10000010000110	165
10000010000111	292
10000010001000	200
10000010001001	389
10000010001010	302
10000010001011	270
10000010001100	247
10000010001101	299
10000010001110	252
10000010001111	304
10000010010000	97
10000010010001	274
10000010010010	104
10000010010011	199
10000010010100	140
10000010010101	245
10000010010110	128
10000010010111	241
10000010011000	102
10000010011001	265
10000010011010	164
10000010011011	315
10000010011100	150
10000010011101	233
10000010011110	146
10000010011111	211
10000010100000	230
10000010100001	375
10000010100010	187
10000010100011	344
10000010100100	232
10000010100101	352
10000010100110	194
10000010100111	305
10000010101000	223
10000010101001	359
10000010101010	274
10000010101011	299
10000010101100	223
10000010101101	362
10000010101110	231
10000010101111	312
10000010110000	127
10000010110001	321
10000010110010	82
10000010110011	218
10000010110100	118
10000010110101	234
10000010110110	96
10000010110111	214
10000010111000	124
10000010111001	372
10000010111010	161
10000010111011	350
10000010111100	140
10000010111101	201
10000010111110	118
10000010111111	236
10000011000000	222
10000011000001	525
10000011000010	199
10000011000011	317
10000011000100	289
10000011000101	534
10000011000110	206
10000011000111	640
10000011001000	249
10000011001001	396
10000011001010	207
10000011001011	374
10000011001100	264
10000011001101	375
10000011001110	176
10000011001111	381
10000011010000	113
10000011010001	356
10000011010010	105
10000011010011	236
10000011010100	114
10000011010101	368
10000011010110	113
10000011010111	497
10000011011000	163
10000011011001	388
10000011011010	141
10000011011011	403
10000011011100	118
10000011011101	339
10000011011110	151
10000011011111	293
10000011100000	317
10000011100001	609
10000011100010	274
10000011100011	477
10000011100100	275
10000011100101	559
10000011100110	277
10000011100111	413
10000011101000	312
10000011101001	585
10000011101010	215
10000011101011	541
10000011101100	234
10000011101101	555
10000011101110	236
10000011101111	417
10000011110000	77
10000011110001	347
10000011110010	99
10000011110011	338
10000011110100	138
10000011110101	351
10000011110110	150
10000011110111	423
10000011111000	225
10000011111001	393
10000011111010	160
10000011111011	389
10000011111100	205
10000011111101	377
10000011111110	170
10000011111111	390
10000100000000	183
10000100000001	245
10000100000010	159
10000100000011	192
10000100000100	164
10000100000101	160
10000100000110	179
10000100000111	170
10000100001000	129
10000100001001	207
10000100001010	126
10000100001011	223
10000100001100	159
10000100001101	180
10000100001110	123
10000100001111	198
10000100010000	69
10000100010001	162
10000100010010	92
10000100010011	176
10000100010100	59
10000100010101	165
10000100010110	76
10000100010111	165
10000100011000	110
10000100011001	186
10000100011010	118
10000100011011	160
10000100011100	65
10000100011101	211
10000100011110	106
10000100011111	148
10000100100000	153
10000100100001	187
10000100100010	168
10000100100011	230
10000100100100	139
10000100100101	217
10000100100110	164
10000100100111	240
10000100101000	190
10000100101001	213
10000100101010	147
10000100101011	174
10000100101100	177
10000100101101	201
10000100101110	133
10000100101111	164
10000100110000	59
10000100110001	136
10000100110010	68
10000100110011	127
10000100110100	81
10000100110101	228
10000100110110	109
10000100110111	149
10000100111000	120
10000100111001	196
10000100111010	85
10000100111011	253
10000100111100	123
10000100111101	171
10000100111110	87
10000100111111	183
10000101000000	116
10000101000001	269
10000101000010	157
10000101000011	338
10000101000100	155
10000101000101	297
10000101000110	175
10000101000111	363
10000101001000	201
10000101001001	271
10000101001010	117
10000101001011	235
10000101001100	103
10000101001101	367
10000101001110	188
10000101001111	234
10000101010000	91
10000101010001	432
10000101010010	83
10000101010011	288
10000101010100	125
10000101010101	309
10000101010110	75
10000101010111	243
10000101011000	135
10000101011001	402
10000101011010	107
10000101011011	266
10000101011100	130
10000101011101	239
10000101011110	97
10000101011111	232
10000101100000	153
10000101100001	344
10000101100010	157
10000101100011	375
10000101100100	238
10000101100101	477
10000101100110	120
10000101100111	367
10000101101000	198
10000101101001	500
10000101101010	132
10000101101011	278
10000101101100	201
10000101101101	417
10000101101110	167
10000101101111	276
10000101110000	98
10000101110001	328
10000101110010	38
10000101110011	277
10000101110100	99
10000101110101	332
10000101110110	105
10000101110111	212
10000101111000	86
10000101111001	395
10000101111010	78
10000101111011	331
10000101111100	183
10000101111101	184
10000101111110	135
10000101111111	321
10000110000000	168
10000110000001	370
10000110000010	262
10000110000011	502
10000110000100	173
10000110000101	331
10000110000110	299
10000110000111	383
10000110001000	312
10000110001001	379
10000110001010	298
10000110001011	344
10000110001100	263
10000110001101	396
10000110001110	319
10000110001111	327
10000110010000	97
10000110010001	245
10000110010010	155
10000110010011	350
10000110010100	113
10000110010101	374
10000110010110	124
10000110010111	392
10000110011000	149
10000110011001	266
10000110011010	161
10000110011011	493
10000110011100	191
10000110011101	292
10000110011110	166
10000110011111	228
10000110100000	266
10000110100001	419
10000110100010	209
10000110100011	446
10000110100100	243
10000110100101	309
10000110100110	222
10000110100111	354
10000110101000	253
10000110101001	498
10000110101010	244
10000110101011	449
10000110101100	339
10000110101101	440
10000110101110	279
10000110101111	399
10000110110000	137
10000110110001	288
10000110110010	98
10000110110011	320
10000110110100	126
10000110110101	324
10000110110110	90
10000110110111	380
10000110111000	188
10000110111001	299
10000110111010	212
10000110111011	417
10000110111100	212
10000110111101	399
10000110111110	154
10000110111111	308
10000111000000	318
10000111000001	501
10000111000010	268
10000111000011	465
10000111000100	211
10000111000101	563
10000111000110	316
10000111000111	563
10000111001000	388
10000111001001	452
10000111001010	283
10000111001011	502
10000111001100	368
10000111001101	435
10000111001110	309
10000111001111	477
10000111010000	114
10000111010001	312
10000111010010	140
10000111010011	364
10000111010100	142
10000111010101	317
10000111010110	170
10000111010111	408
10000111011000	128
10000111011001	372
10000111011010	238
10000111011011	441
10000111011100	211
10000111011101	336
10000111011110	178
10000111011111	417
10000111100000	331
10000111100001	660
10000111100010	376
10000111100011	556
10000111100100	310
10000111100101	636
10000111100110	263
10000111100111	457
10000111101000	391
10000111101001	590
10000111101010	361
10000111101011	599
10000111101100	342
10000111101101	450
10000111101110	351
10000111101111	475
10000111110000	145
10000111110001	539
10000111110010	176
10000111110011	353
10000111110100	211
10000111110101	518
10000111110110	122
10000111110111	373
10000111111000	185
10000111111001	431
10000111111010	206
10000111111011	473
10000111111100	226
10000111111101	507
10000111111110	179
10000111111111	448
10001000000000	209
10001000000001	344
10001000000010	235
10001000000011	343
10001000000100	209
10001000000101	361
10001000000110	279
10001000000111	435
10001000001000	286
10001000001001	301
10001000001010	287
10001000001011	379
10001000001100	268
10001000001101	271
10001000001110	311
10001000001111	251
10001000010000	106
10001000010001	277
10001000010010	114
10001000010011	308
10001000010100	92
10001000010101	272
10001000010110	179
10001000010111	293
10001000011000	199
10001000011001	275
10001000011010	154
10001000011011	321
10001000011100	173
10001000011101	277
10001000011110	149
10001000011111	230
10001000100000	266
10001000100001	418
10001000100010	252
10001000100011	430
10001000100100	294
10001000100101	415
10001000100110	306
10001000100111	361
10001000101000	338
10001000101001	385
10001000101010	312
10001000101011	390
10001000101100	276
10001000101101	323
10001000101110	309
10001000101111	298
10001000110000	154
10001000110001	347
10001000110010	106
10001000110011	356
10001000110100	110
10001000110101	291
10001000110110	126
10001000110111	242
10001000111000	205
10001000111001	348
10001000111010	206
10001000111011	335
10001000111100	201
10001000111101	364
10001000111110	171
10001000111111	269
10001001000000	280
10001001000001	549
10001001000010	245
10001001000011	533
10001001000100	294
10001001000101	747
10001001000110	334
10001001000111	388
10001001001000	302
10001001001001	593
10001001001010	285
10001001001011	482
10001001001100	287
10001001001101	514
10001001001110	280
10001001001111	365
10001001010000	132
10001001010001	465
10001001010010	115
10001001010011	551
10001001010100	149
10001001010101	536
10001001010110	167
10001001010111	404
10001001011000	226
10001001011001	538
10001001011010	227
10001001011011	552
10001001011100	219
10001001011101	506
10001001011110	198
10001001011111	506
10001001100000	297
10001001100001	768
10001001100010	329
10001001100011	550
10001001100100	313
10001001100101	616
10001001100110	287
10001001100111	605
10001001101000	341
10001001101001	811
10001001101010	299
10001001101011	435
10001001101100	382
10001001101101	748
10001001101110	324
10001001101111	540
10001001110000	176
10001001110001	493
10001001110010	151
10001001110011	472
10001001110100	215
10001001110101	409
10001001110110	193
10001001110111	416
10001001111000	243
10001001111001	503
10001001111010	182
10001001111011	468
10001001111100	305
10001001111101	554
10001001111110	245
10001001111111	417
10001010000000	342
10001010000001	435
10001010000010	342
10001010000011	586
10001010000100	367
10001010000101	516
10001010000110	292
10001010000111	616
10001010001000	455
10001010001001	509
10001010001010	377
10001010001011	614
10001010001100	354
10001010001101	480
10001010001110	362
10001010001111	517
10001010010000	178
10001010010001	277
10001010010010	180
10001010010011	434
10001010010100	149
10001010010101	382
10001010010110	192
10001010010111	395
10001010011000	298
10001010011001	523
10001010011010	279
10001010011011	495
10001010011100	230
10001010011101	405
10001010011110	280
10001010011111	431
10001010100000	368
10001010100001	601
10001010100010	339
10001010100011	480
10001010100100	363
10001010100101	507
10001010100110	323
10001010100111	607
10001010101000	512
10001010101001	661
10001010101010	379
10001010101011	535
10001010101100	387
10001010101101	569
10001010101110	443
10001010101111	464
10001010110000	216
10001010110001	458
10001010110010	214
10001010110011	416
10001010110100	278
10001010110101	473
10001010110110	174
10001010110111	403
10001010111000	266
10001010111001	453
10001010111010	281
10001010111011	548
10001010111100	290
10001010111101	415
10001010111110	268
10001010111111	392
10001011000000	285
10001011000001	719
10001011000010	301
10001011000011	589
10001011000100	296
10001011000101	586
10001011000110	422
10001011000111	872
10001011001000	354
10001011001001	638
10001011001010	382
10001011001011	725
10001011001100	333
10001011001101	556
10001011001110	509
10001011001111	759
10001011010000	141
10001011010001	424
10001011010010	187
10001011010011	446
10001011010100	211
10001011010101	532
10001011010110	161
10001011010111	651
10001011011000	288
10001011011001	573
10001011011010	277
10001011011011	758
10001011011100	242
10001011011101	576
10001011011110	274
10001011011111	582
10001011100000	506
10001011100001	718
10001011100010	392
10001011100011	628
10001011100100	457
10001011100101	725
10001011100110	408
10001011100111	787
10001011101000	435
10001011101001	940
10001011101010	321
10001011101011	548
10001011101100	528
10001011101101	776
10001011101110	430
10001011101111	789
10001011110000	185
10001011110001	502
10001011110010	194
10001011110011	472
10001011110100	243
10001011110101	743
10001011110110	208
10001011110111	718
10001011111000	293
10001011111001	752
10001011111010	325
10001011111011	649
10001011111100	276
10001011111101	663
10001011111110	352
10001011111111	585
10001100000000	203
10001100000001	236
10001100000010	180
10001100000011	256
10001100000100	211
10001100000101	184
10001100000110	236
10001100000111	373
10001100001000	182
10001100001001	302
10001100001010	264
10001100001011	256
10001100001100	185
10001100001101	327
10001100001110	197
10001100001111	237
10001100010000	92
10001100010001	192
10001100010010	108
10001100010011	247
10001100010100	93
10001100010101	280
10001100010110	98
10001100010111	301
10001100011000	155
10001100011001	239
10001100011010	171
10001100011011	369
10001100011100	115
10001100011101	252
10001100011110	158
10001100011111	252
10001100100000	270
10001100100001	239
10001100100010	226
10001100100011	367
10001100100100	251
10001100100101	364
10001100100110	176
10001100100111	237
10001100101000	301
10001100101001	296
10001100101010	251
10001100101011	346
10001100101100	196
10001100101101	292
10001100101110	215
10001100101111	302
10001100110000	112
10001100110001	317
10001100110010	175
10001100110011	280
10001100110100	136
10001100110101	268
10001100110110	153
10001100110111	266
10001100111000	159
10001100111001	303
10001100111010	167
10001100111011	298
10001100111100	208
10001100111101	322
10001100111110	151
10001100111111	224
10001101000000	190
10001101000001	462
10001101000010	212
10001101000011	562
10001101000100	221
10001101000101	611
10001101000110	267
10001101000111	609
10001101001000	228
10001101001001	590
10001101001010	298
10001101001011	560
10001101001100	253
10001101001101	606
10001101001110	291
10001101001111	506
10001101010000	100
10001101010001	458
10001101010010	75
10001101010011	366
10001101010100	139
10001101010101	410
10001101010110	164
10001101010111	411
10001101011000	174
10001101011001	481
10001101011010	182
10001101011011	290
10001101011100	199
10001101011101	543
10001101011110	128
10001101011111	424
10001101100000	323
10001101100001	623
10001101100010	169
10001101100011	476
10001101100100	377
10001101100101	651
10001101100110	209
10001101100111	527
10001101101000	273
10001101101001	552
10001101101010	339
10001101101011	540
10001101101100	345
10001101101101	568
10001101101110	272
10001101101111	373
10001101110000	121
10001101110001	535
10001101110010	121
10001101110011	427
10001101110100	106
10001101110101	546
10001101110110	140
10001101110111	407
10001101111000	213
10001101111001	456
10001101111010	159
10001101111011	506
10001101111100	244
10001101111101	318
10001101111110	181
10001101111111	317
10001110000000	393
10001110000001	520
10001110000010	445
10001110000011	626
10001110000100	368
10001110000101	593
10001110000110	379
10001110000111	655
10001110001000	388
10001110001001	587
10001110001010	501
10001110001011	604
10001110001100	431
10001110001101	576
10001110001110	347
10001110001111	675
10001110010000	185
10001110010001	443
10001110010010	207
10001110010011	538
10001110010100	160
10001110010101	386
10001110010110	191
10001110010111	695
10001110011000	271
10001110011001	453
10001110011010	290
10001110011011	667
10001110011100	281
10001110011101	435
10001110011110	241
10001110011111	539
10001110100000	394
10001110100001	700
10001110100010	374
10001110100011	512
10001110100100	457
10001110100101	658
10001110100110	457
10001110100111	677
10001110101000	443
10001110101001	681
10001110101010	428
10001110101011	599
10001110101100	493
10001110101101	703
10001110101110	324
10001110101111	570
10001110110000	198
10001110110001	469
10001110110010	168
10001110110011	529
10001110110100	238
10001110110101	478
10001110110110	222
10001110110111	440
10001110111000	359
10001110111001	573
10001110111010	288
10001110111011	622
10001110111100	323
10001110111101	558
10001110111110	264
10001110111111	592
10001111000000	376
10001111000001	676
10001111000010	415
10001111000011	803
10001111000100	363
10001111000101	687
10001111000110	436
10001111000111	869
10001111001000	355
10001111001001	849
10001111001010	616
10001111001011	790
10001111001100	437
10001111001101	630
10001111001110	362
10001111001111	708
10001111010000	166
10001111010001	645
10001111010010	162
10001111010011	507
10001111010100	214
10001111010101	551
10001111010110	231
10001111010111	553
10001111011000	302
10001111011001	668
10001111011010	254
10001111011011	712
10001111011100	275
10001111011101	589
10001111011110	272
10001111011111	680
10001111100000	433
10001111100001	754
10001111100010	434
10001111100011	917
10001111100100	465
10001111100101	809
10001111100110	422
10001111100111	763
10001111101000	550
10001111101001	947
10001111101010	477
10001111101011	1005
10001111101100	437
10001111101101	773
10001111101110	443
10001111101111	876
10001111110000	248
10001111110001	589
10001111110010	200
10001111110011	699
10001111110100	228
10001111110101	629
10001111110110	224
10001111110111	664
10001111111000	351
10001111111001	661
10001111111010	328
10001111111011	800
10001111111100	326
10001111111101	619
10001111111110	283
10001111111111	663
10010000000000	221
10010000000001	442
10010000000010	211
10010000000011	438
10010000000100	255
10010000000101	396
10010000000110	259
10010000000111	446
10010000001000	354
10010000001001	391
10010000001010	289
10010000001011	345
10010000001100	263
10010000001101	332
10010000001110	244
10010000001111	301
10010000010000	137
10010000010001	399
10010000010010	131
10010000010011	346
10010000010100	146
10010000010101	294
10010000010110	151
10010000010111	328
10010000011000	194
10010000011001	315
10010000011010	279
10010000011011	329
10010000011100	163
10010000011101	384
10010000011110	150
10010000011111	315
10010000100000	315
10010000100001	488
10010000100010	251
10010000100011	434
10010000100100	280
10010000100101	428
10010000100110	260
10010000100111	434
10010000101000	383
10010000101001	454
10010000101010	293
10010000101011	362
10010000101100	321
10010000101101	351
10010000101110	223
10010000101111	212
10010000110000	134
10010000110001	339
10010000110010	138
10010000110011	320
10010000110100	134
10010000110101	295
10010000110110	112
10010000110111	356
10010000111000	247
10010000111001	271
10010000111010	217
10010000111011	357
10010000111100	252
10010000111101	375
10010000111110	244
10010000111111	255
10010001000000	331
10010001000001	841
10010001000010	259
10010001000011	647
10010001000100	355
10010001000101	677
10010001000110	239
10010001000111	486
10010001001000	293
10010001001001	651
10010001001010	322
10010001001011	509
10010001001100	340
10010001001101	433
10010001001110	225
10010001001111	531
10010001010000	129
10010001010001	619
10010001010010	177
10010001010011	514
10010001010100	199
10010001010101	529
10010001010110	148
10010001010111	498
10010001011000	165
10010001011001	648
10010001011010	208
10010001011011	474
10010001011100	261
10010001011101	632
10010001011110	217
10010001011111	516
10010001100000	305
10010001100001	757
10010001100010	267
10010001100011	580
10010001100100	372
10010001100101	758
10010001100110	306
10010001100111	513
10010001101000	406
10010001101001	619
10010001101010	382
10010001101011	602
10010001101100	319
10010001101101	647
10010001101110	249
10010001101111	322
10010001110000	162
10010001110001	559
10010001110010	159
10010001110011	557
10010001110100	155
10010001110101	583
10010001110110	158
10010001110111	552
10010001111000	281
10010001111001	639
10010001111010	257
10010001111011	505
10010001111100	284
10010001111101	588
10010001111110	245
10010001111111	489
10010010000000	367
10010010000001	518
10010010000010	296
10010010000011	578
10010010000100	435
10010010000101	583
10010010000110	376
10010010000111	461
10010010001000	380
10010010001001	597
10010010001010	441
10010010001011	634
10010010001100	355
10010010001101	537
10010010001110	415
10010010001111	455
10010010010000	234
10010010010001	509
10010010010010	215
10010010010011	401
10010010010100	176
10010010010101	356
10010010010110	199
10010010010111	519
10010010011000	309
10010010011001	455
10010010011010	256
10010010011011	538
10010010011100	249
10010010011101	427
10010010011110	255
10010010011111	625
10010010100000	386
10010010100001	662
10010010100010	291
10010010100011	575
10010010100100	405
10010010100101	743
10010010100110	270
10010010100111	591
10010010101000	547
10010010101001	624
10010010101010	384
10010010101011	511
10010010101100	433
10010010101101	502
10010010101110	369
10010010101111	562
10010010110000	228
10010010110001	395
10010010110010	143
10010010110011	477
10010010110100	179
10010010110101	500
10010010110110	196
10010010110111	452
10010010111000	351
10010010111001	820
10010010111010	298
10010010111011	511
10010010111100	322
10010010111101	579
10010010111110	293
10010010111111	598
10010011000000	314
10010011000001	629
10010011000010	349
10010011000011	752
10010011000100	431
10010011000101	720
10010011000110	370
10010011000111	855
10010011001000	397
10010011001001	734
10010011001010	387
10010011001011	765
10010011001100	393
10010011001101	678
10010011001110	460
10010011001111	733
10010011010000	157
10010011010001	539
10010011010010	177
10010011010011	669
10010011010100	175
10010011010101	538
10010011010110	250
10010011010111	613
10010011011000	241
10010011011001	586
10010011011010	300
10010011011011	611
10010011011100	220
10010011011101	620
10010011011110	302
10010011011111	787
10010011100000	391
10010011100001	990
10010011100010	402
10010011100011	714
10010011100100	400
10010011100101	791
10010011100110	448
10010011100111	822
10010011101000	454
10010011101001	991
10010011101010	437
10010011101011	1018
10010011101100	566
10010011101101	882
10010011101110	417
10010011101111	802
10010011110000	203
10010011110001	703
10010011110010	254
10010011110011	486
10010011110100	301
10010011110101	668
10010011110110	222
10010011110111	627
10010011111000	307
10010011111001	573
10010011111010	315
10010011111011	648
10010011111100	252
10010011111101	578
10010011111110	294
10010011111111	623
10010100000000	268
10010100000001	271
10010100000010	247
10010100000011	333
10010100000100	213
10010100000101	417
10010100000110	253
10010100000111	369
10010100001000	298
10010100001001	357
10010100001010	258
10010100001011	429
10010100001100	286
10010100001101	231
10010100001110	213
10010100001111	240
10010100010000	89
10010100010001	255
10010100010010	114
10010100010011	239
10010100010100	83
10010100010101	303
10010100010110	114
10010100010111	325
10010100011000	157
10010100011001	319
10010100011010	194
10010100011011	325
10010100011100	222
10010100011101	402
10010100011110	187
10010100011111	315
10010100100000	286
10010100100001	437
10010100100010	269
10010100100011	378
10010100100100	251
10010100100101	409
10010100100110	228
10010100100111	370
10010100101000	290
10010100101001	531
10010100101010	263
10010100101011	476
10010100101100	276
10010100101101	379
10010100101110	231
10010100101111	297
10010100110000	140
10010100110001	330
10010100110010	119
10010100110011	323
10010100110100	163
10010100110101	372
10010100110110	132
10010100110111	307
10010100111000	209
10010100111001	436
10010100111010	273
10010100111011	248
10010100111100	173
10010100111101	361
10010100111110	156
10010100111111	295
10010101000000	273
10010101000001	786
10010101000010	200
10010101000011	568
10010101000100	345
10010101000101	863
10010101000110	298
10010101000111	709
10010101001000	400
10010101001001	567
10010101001010	245
10010101001011	558
10010101001100	361
10010101001101	603
10010101001110	258
10010101001111	465
10010101010000	179
10010101010001	477
10010101010010	163
10010101010011	519
10010101010100	181
10010101010101	596
10010101010110	140
10010101010111	526
10010101011000	189
10010101011001	363
10010101011010	143
10010101011011	388
10010101011100	215
10010101011101	589
10010101011110	173
10010101011111	550
10010101100000	327
10010101100001	721
10010101100010	282
10010101100011	569
10010101100100	391
10010101100101	745
10010101100110	232
10010101100111	519
10010101101000	363
10010101101001	733
10010101101010	258
10010101101011	630
10010101101100	324
10010101101101	566
10010101101110	200
10010101101111	572
10010101110000	139
10010101110001	776
10010101110010	179
10010101110011	528
10010101110100	219
10010101110101	561
10010101110110	180
10010101110111	513
10010101111000	245
10010101111001	685
10010101111010	180
10010101111011	482
10010101111100	311
10010101111101	664
10010101111110	205
10010101111111	420
10010110000000	420
10010110000001	852
10010110000010	431
10010110000011	635
10010110000100	527
10010110000101	783
10010110000110	389
10010110000111	633
10010110001000	447
10010110001001	708
10010110001010	452
10010110001011	758
10010110001100	381
10010110001101	709
10010110001110	556
10010110001111	613
10010110010000	259
10010110010001	577
10010110010010	229
10010110010011	529
10010110010100	219
10010110010101	716
10010110010110	212
10010110010111	660
10010110011000	385
10010110011001	608
10010110011010	369
10010110011011	734
10010110011100	290
10010110011101	409
10010110011110	412
10010110011111	596
10010110100000	430
10010110100001	640
10010110100010	476
10010110100011	769
10010110100100	523
10010110100101	616
10010110100110	377
10010110100111	788
10010110101000	608
10010110101001	745
10010110101010	531
10010110101011	680
10010110101100	507
10010110101101	517
10010110101110	385
10010110101111	467
10010110110000	203
10010110110001	459
10010110110010	212
10010110110011	631
10010110110100	301
10010110110101	600
10010110110110	200
10010110110111	495
10010110111000	438
10010110111001	614
10010110111010	291
10010110111011	618
10010110111100	380
10010110111101	620
10010110111110	321
10010110111111	612
10010111000000	349
10010111000001	899
10010111000010	402
10010111000011	893
10010111000100	449
10010111000101	891
10010111000110	493
10010111000111	1180
10010111001000	404
10010111001001	914
10010111001010	582
10010111001011	748
10010111001100	443
10010111001101	869
10010111001110	495
10010111001111	831
10010111010000	240
10010111010001	818
10010111010010	228
10010111010011	712
10010111010100	213
10010111010101	719
10010111010110	310
10010111010111	878
10010111011000	301
10010111011001	935
10010111011010	369
10010111011011	774
10010111011100	292
10010111011101	738
10010111011110	293
10010111011111	708
10010111100000	505
10010111100001	1112
10010111100010	405
10010111100011	815
10010111100100	639
10010111100101	933
10010111100110	482
10010111100111	1008
10010111101000	526
10010111101001	1114
10010111101010	503
10010111101011	867
10010111101100	615
10010111101101	930
10010111101110	509
10010111101111	818
10010111110000	238
10010111110001	809
10010111110010	214
10010111110011	696
10010111110100	216
10010111110101	822
10010111110110	254
10010111110111	926
10010111111000	375
10010111111001	1018
10010111111010	345
10010111111011	903
10010111111100	428
10010111111101	924
10010111111110	323
10010111111111	862
10011000000000	184
10011000000001	190
10011000000010	204
10011000000011	287
10011000000100	172
10011000000101	264
10011000000110	215
10011000000111	249
10011000001000	232
10011000001001	248
10011000001010	273
10011000001011	285
10011000001100	183
10011000001101	264
10011000001110	226
10011000001111	211
10011000010000	90
10011000010001	156
10011000010010	111
10011000010011	279
10011000010100	90
10011000010101	176
10011000010110	105
10011000010111	238
10011000011000	175
10011000011001	258
10011000011010	156
10011000011011	314
10011000011100	122
10011000011101	236
10011000011110	161
10011000011111	241
10011000100000	232
10011000100001	212
10011000100010	175
10011000100011	312
10011000100100	160
10011000100101	349
10011000100110	219
10011000100111	281
10011000101000	361
10011000101001	291
10011000101010	174
10011000101011	323
10011000101100	308
10011000101101	278
10011000101110	216
10011000101111	243
10011000110000	143
10011000110001	189
10011000110010	73
10011000110011	221
10011000110100	125
10011000110101	244
10011000110110	117
10011000110111	265
10011000111000	155
10011000111001	296
10011000111010	185
10011000111011	263
10011000111100	182
10011000111101	187
10011000111110	122
10011000111111	212
10011001000000	276
10011001000001	623
10011001000010	188
10011001000011	521
10011001000100	349
10011001000101	581
10011001000110	224
10011001000111	458
10011001001000	284
10011001001001	511
10011001001010	289
10011001001011	496
10011001001100	303
10011001001101	484
10011001001110	256
10011001001111	337
10011001010000	114
10011001010001	474
10011001010010	94
10011001010011	408
10011001010100	192
10011001010101	368
10011001010110	110
10011001010111	304
10011001011000	186
10011001011001	424
10011001011010	177
10011001011011	331
10011001011100	185
10011001011101	251
10011001011110	142
10011001011111	322
10011001100000	262
10011001100001	486
10011001100010	279
10011001100011	446
10011001100100	327
10011001100101	687
10011001100110	177
10011001100111	456
10011001101000	324
10011001101001	520
10011001101010	254
10011001101011	625
10011001101100	419
10011001101101	534
10011001101110	174
10011001101111	399
10011001110000	172
10011001110001	514
10011001110010	140
10011001110011	423
10011001110100	158
10011001110101	464
10011001110110	103
10011001110111	427
10011001111000	178
10011001111001	564
10011001111010	153
10011001111011	441
10011001111100	195
10011001111101	469
10011001111110	179
10011001111111	389
10011010000000	286
10011010000001	550
10011010000010	263
10011010000011	437
10011010000100	254
10011010000101	344
10011010000110	249
10011010000111	529
10011010001000	325
10011010001001	432
10011010001010	338
10011010001011	489
10011010001100	312
10011010001101	294
10011010001110	328
10011010001111	432
10011010010000	145
10011010010001	376
10011010010010	181
10011010010011	434
10011010010100	161
10011010010101	358
10011010010110	144
10011010010111	431
10011010011000	222
10011010011001	484
10011010011010	224
10011010011011	557
10011010011100	214
10011010011101	288
10011010011110	204
10011010011111	336
10011010100000	256
10011010100001	482
10011010100010	232
10011010100011	298
10011010100100	277
10011010100101	474
10011010100110	253
10011010100111	369
10011010101000	351
10011010101001	557
10011010101010	382
10011010101011	325
10011010101100	315
10011010101101	364
10011010101110	283
10011010101111	416
10011010110000	129
10011010110001	352
10011010110010	137
10011010110011	361
10011010110100	207
10011010110101	322
10011010110110	143
10011010110111	279
10011010111000	330
10011010111001	474
10011010111010	273
10011010111011	369
10011010111100	235
10011010111101	428
10011010111110	229
10011010111111	341
10011011000000	232
10011011000001	509
10011011000010	263
10011011000011	662
10011011000100	289
10011011000101	518
10011011000110	374
10011011000111	587
10011011001000	259
10011011001001	524
10011011001010	334
10011011001011	603
10011011001100	316
10011011001101	507
10011011001110	330
10011011001111	566
10011011010000	138
10011011010001	401
10011011010010	131
10011011010011	420
10011011010100	119
10011011010101	426
10011011010110	181
10011011010111	470
10011011011000	192
10011011011001	482
10011011011010	256
10011011011011	551
10011011011100	167
10011011011101	363
10011011011110	198
10011011011111	393
10011011100000	362
10011011100001	604
10011011100010	259
10011011100011	704
10011011100100	327
10011011100101	702
10011011100110	325
10011011100111	554
10011011101000	352
10011011101001	688
10011011101010	420
10011011101011	562
10011011101100	396
10011011101101	535
10011011101110	270
10011011101111	582
10011011110000	141
10011011110001	491
10011011110010	190
10011011110011	441
10011011110100	215
10011011110101	538
10011011110110	175
10011011110111	387
10011011111000	280
10011011111001	569
10011011111010	221
10011011111011	610
10011011111100	265
10011011111101	523
10011011111110	201
10011011111111	345
10011100000000	145
10011100000001	270
10011100000010	190
10011100000011	223
10011100000100	171
10011100000101	267
10011100000110	182
10011100000111	219
10011100001000	187
10011100001001	321
10011100001010	193
10011100001011	260
10011100001100	163
10011100001101	286
10011100001110	204
10011100001111	262
10011100010000	80
10011100010001	168
10011100010010	80
10011100010011	241
10011100010100	94
10011100010101	223
10011100010110	104
10011100010111	122
10011100011000	181
10011100011001	265
10011100011010	193
10011100011011	205
10011100011100	137
10011100011101	203
10011100011110	127
10011100011111	167
10011100100000	250
10011100100001	286
10011100100010	180
10011100100011	240
10011100100100	251
10011100100101	322
10011100100110	198
10011100100111	232
10011100101000	239
10011100101001	271
10011100101010	225
10011100101011	162
10011100101100	189
10011100101101	220
10011100101110	178
10011100101111	221
10011100110000	116
10011100110001	143
10011100110010	78
10011100110011	164
10011100110100	108
10011100110101	297
10011100110110	101
10011100110111	239
10011100111000	166
10011100111001	330
10011100111010	154
10011100111011	226
10011100111100	138
10011100111101	270
10011100111110	107
10011100111111	202
10011101000000	219
10011101000001	382
10011101000010	235
10011101000011	389
10011101000100	281
10011101000101	474
10011101000110	244
10011101000111	365
10011101001000	257
10011101001001	427
10011101001010	221
10011101001011	431
10011101001100	261
10011101001101	400
10011101001110	193
10011101001111	404
10011101010000	123
10011101010001	397
10011101010010	89
10011101010011	347
10011101010100	157
10011101010101	361
10011101010110	134
10011101010111	407
10011101011000	218
10011101011001	358
10011101011010	165
10011101011011	454
10011101011100	139
10011101011101	361
10011101011110	176
10011101011111	340
10011101100000	206
10011101100001	481
10011101100010	201
10011101100011	470
10011101100100	309
10011101100101	462
10011101100110	174
10011101100111	399
10011101101000	273
10011101101001	571
10011101101010	265
10011101101011	481
10011101101100	344
10011101101101	634
10011101101110	193
10011101101111	462
10011101110000	172
10011101110001	410
10011101110010	101
10011101110011	347
10011101110100	129
10011101110101	494
10011101110110	133
10011101110111	345
10011101111000	153
10011101111001	442
10011101111010	165
10011101111011	345
10011101111100	200
10011101111101	485
10011101111110	218
10011101111111	365
10011110000000	327
10011110000001	547
10011110000010	347
10011110000011	487
10011110000100	349
10011110000101	523
10011110000110	343
10011110000111	478
10011110001000	344
10011110001001	495
10011110001010	393
10011110001011	538
10011110001100	378
10011110001101	494
10011110001110	397
10011110001111	500
10011110010000	163
10011110010001	417
10011110010010	143
10011110010011	381
10011110010100	164
10011110010101	394
10011110010110	197
10011110010111	420
10011110011000	233
10011110011001	589
10011110011010	305
10011110011011	504
10011110011100	199
10011110011101	472
10011110011110	240
10011110011111	485
10011110100000	386
10011110100001	571
10011110100010	381
10011110100011	492
10011110100100	361
10011110100101	514
10011110100110	332
10011110100111	430
10011110101000	497
10011110101001	512
10011110101010	391
10011110101011	560
10011110101100	424
10011110101101	547
10011110101110	343
10011110101111	449
10011110110000	178
10011110110001	406
10011110110010	179
10011110110011	468
10011110110100	184
10011110110101	439
10011110110110	164
10011110110111	500
10011110111000	268
10011110111001	499
10011110111010	239
10011110111011	427
10011110111100	299
10011110111101	522
10011110111110	264
10011110111111	322
10011111000000	330
10011111000001	693
10011111000010	323
10011111000011	769
10011111000100	312
10011111000101	697
10011111000110	337
10011111000111	604
10011111001000	354
10011111001001	572
10011111001010	411
10011111001011	726
10011111001100	392
10011111001101	609
10011111001110	332
10011111001111	698
10011111010000	127
10011111010001	479
10011111010010	192
10011111010011	614
10011111010100	194
10011111010101	549
10011111010110	224
10011111010111	568
10011111011000	221
10011111011001	539
10011111011010	270
10011111011011	707
10011111011100	180
10011111011101	573
10011111011110	268
10011111011111	666
10011111100000	352
10011111100001	792
10011111100010	368
10011111100011	752
10011111100100	468
10011111100101	665
10011111100110	335
10011111100111	842
10011111101000	367
10011111101001	634
10011111101010	435
10011111101011	792
10011111101100	468
10011111101101	846
10011111101110	339
10011111101111	545
10011111110000	161
10011111110001	550
10011111110010	171
10011111110011	707
10011111110100	147
10011111110101	679
10011111110110	245
10011111110111	575
10011111111000	330
10011111111001	769
10011111111010	263
10011111111011	629
10011111111100	272
10011111111101	769
10011111111110	234
10011111111111	474
10100000000000	209
10100000000001	246
10100000000010	220
10100000000011	230
10100000000100	235
10100000000101	219
10100000000110	214
10100000000111	262
10100000001000	206
10100000001001	276
10100000001010	204
10100000001011	281
10100000001100	236
10100000001101	227
10100000001110	167
10100000001111	197
10100000010000	114
10100000010001	243
10100000010010	129
10100000010011	292
10100000010100	118
10100000010101	232
10100000010110	122
10100000010111	217
10100000011000	172
10100000011001	239
10100000011010	155
10100000011011	229
10100000011100	155
10100000011101	169
10100000011110	164
10100000011111	259
10100000100000	261
10100000100001	340
10100000100010	277
10100000100011	357
10100000100100	217
10100000100101	343
10100000100110	228
10100000100111	370
10100000101000	320
10100000101001	276
10100000101010	321
10100000101011	343
10100000101100	256
10100000101101	230
10100000101110	216
10100000101111	282
10100000110000	130
10100000110001	192
10100000110010	107
10100000110011	306
10100000110100	113
10100000110101	258
10100000110110	143
10100000110111	284
10100000111000	151
10100000111001	267
10100000111010	182
10100000111011	289
10100000111100	192
10100000111101	206
10100000111110	166
10100000111111	201
10100001000000	256
10100001000001	436
10100001000010	261
10100001000011	368
10100001000100	217
10100001000101	439
10100001000110	188
10100001000111	403
10100001001000	289
10100001001001	514
10100001001010	259
10100001001011	407
10100001001100	243
10100001001101	589
10100001001110	149
10100001001111	291
10100001010000	190
10100001010001	406
10100001010010	95
10100001010011	399
10100001010100	137
10100001010101	435
10100001010110	111
10100001010111	347
10100001011000	141
10100001011001	449
10100001011010	190
10100001011011	342
10100001011100	181
10100001011101	455
10100001011110	171
10100001011111	390
10100001100000	245
10100001100001	575
10100001100010	227
10100001100011	470
10100001100100	366
10100001100101	520
10100001100110	242
10100001100111	474
10100001101000	270
10100001101001	640
10100001101010	263
10100001101011	424
10100001101100	354
10100001101101	411
10100001101110	224
10100001101111	461
10100001110000	157
10100001110001	604
10100001110010	125
10100001110011	369
10100001110100	235
10100001110101	531
10100001110110	163
10100001110111	380
10100001111000	192
10100001111001	623
10100001111010	145
10100001111011	400
10100001111100	232
10100001111101	593
10100001111110	183
10100001111111	360
10100010000000	282
10100010000001	327
10100010000010	302
10100010000011	387
10100010000100	173
10100010000101	321
10100010000110	219
10100010000111	376
10100010001000	258
10100010001001	344
10100010001010	289
10100010001011	393
10100010001100	267
10100010001101	248
10100010001110	266
10100010001111	410
10100010010000	119
10100010010001	244
10100010010010	121
10100010010011	182
10100010010100	134
10100010010101	310
10100010010110	150
10100010010111	424
10100010011000	145
10100010011001	270
10100010011010	158
10100010011011	262
10100010011100	180
10100010011101	186
10100010011110	164
10100010011111	410
10100010100000	272
10100010100001	427
10100010100010	222
10100010100011	428
10100010100100	234
10100010100101	574
10100010100110	292
10100010100111	423
10100010101000	322
10100010101001	573
10100010101010	302
10100010101011	514
10100010101100	294
10100010101101	404
10100010101110	256
10100010101111	406
10100010110000	155
10100010110001	394
10100010110010	102
10100010110011	350
10100010110100	144
10100010110101	352
10100010110110	110
10100010110111	363
10100010111000	232
10100010111001	354
10100010111010	189
10100010111011	363
10100010111100	192
10100010111101	347
10100010111110	161
10100010111111	311
10100011000000	264
10100011000001	584
10100011000010	277
10100011000011	472
10100011000100	205
10100011000101	397
10100011000110	253
10100011000111	478
10100011001000	233
10100011001001	448
10100011001010	260
10100011001011	522
10100011001100	253
10100011001101	280
10100011001110	248
10100011001111	434
10100011010000	107
10100011010001	277
10100011010010	170
10100011010011	374
10100011010100	116
10100011010101	346
10100011010110	126
10100011010111	454
10100011011000	168
10100011011001	524
10100011011010	239
10100011011011	414
10100011011100	143
10100011011101	332
10100011011110	171
10100011011111	357
10100011100000	308
10100011100001	526
10100011100010	356
10100011100011	621
10100011100100	300
10100011100101	609
10100011100110	297
10100011100111	465
10100011101000	310
10100011101001	608
10100011101010	434
10100011101011	518
10100011101100	448
10100011101101	413
10100011101110	403
10100011101111	471
10100011110000	149
10100011110001	423
10100011110010	154
10100011110011	342
10100011110100	223
10100011110101	477
10100011110110	172
10100011110111	408
10100011111000	208
10100011111001	406
10100011111010	262
10100011111011	515
10100011111100	199
10100011111101	489
10100011111110	223
10100011111111	490
10100100000000	130
10100100000001	382
10100100000010	133
10100100000011	165
10100100000100	192
10100100000101	252
10100100000110	148
10100100000111	141
10100100001000	222
10100100001001	243
10100100001010	147
10100100001011	197
10100100001100	173
10100100001101	170
10100100001110	130
10100100001111	163
10100100010000	74
10100100010001	164
10100100010010	88
10100100010011	219
10100100010100	83
10100100010101	125
10100100010110	104
10100100010111	104
10100100011000	115
10100100011001	291
10100100011010	134
10100100011011	209
10100100011100	111
10100100011101	117
10100100011110	106
10100100011111	215
10100100100000	182
10100100100001	202
10100100100010	201
10100100100011	313
10100100100100	201
10100100100101	249
10100100100110	173
10100100100111	289
10100100101000	261
10100100101001	358
10100100101010	239
10100100101011	274
10100100101100	226
10100100101101	245
10100100101110	180
10100100101111	260
10100100110000	111
10100100110001	239
10100100110010	149
10100100110011	209
10100100110100	119
10100100110101	210
10100100110110	112
10100100110111	269
10100100111000	153
10100100111001	155
10100100111010	154
10100100111011	242
10100100111100	132
10100100111101	202
10100100111110	155
10100100111111	224
10100101000000	155
10100101000001	508
10100101000010	183
10100101000011	434
10100101000100	160
10100101000101	375
10100101000110	184
10100101000111	396
10100101001000	218
10100101001001	389
10100101001010	154
10100101001011	339
10100101001100	276
10100101001101	350
10100101001110	126
10100101001111	246
10100101010000	60
10100101010001	317
10100101010010	121
10100101010011	358
10100101010100	117
10100101010101	376
10100101010110	157
10100101010111	283
10100101011000	130
10100101011001	361
10100101011010	128
10100101011011	277
10100101011100	153
10100101011101	455
10100101011110	101
10100101011111	350
10100101100000	204
10100101100001	487
10100101100010	194
10100101100011	561
10100101100100	243
10100101100101	544
10100101100110	251
10100101100111	335
10100101101000	254
10100101101001	494
10100101101010	195
10100101101011	337
10100101101100	256
10100101101101	384
10100101101110	182
10100101101111	365
10100101110000	133
10100101110001	494
10100101110010	87
10100101110011	481
10100101110100	105
10100101110101	363
10100101110110	149
10100101110111	322
10100101111000	178
10100101111001	299
10100101111010	115
10100101111011	357
10100101111100	219
10100101111101	400
10100101111110	109
10100101111111	310
10100110000000	238
10100110000001	512
10100110000010	320
10100110000011	362
10100110000100	300
10100110000101	501
10100110000110	358
10100110000111	409
10100110001000	341
10100110001001	430
10100110001010	360
10100110001011	474
10100110001100	312
10100110001101	418
10100110001110	256
10100110001111	373
10100110010000	156
10100110010001	359
10100110010010	175
10100110010011	480
10100110010100	162
10100110010101	528
10100110010110	172
10100110010111	402
10100110011000	204
10100110011001	461
10100110011010	315
10100110011011	448
10100110011100	210
10100110011101	356
10100110011110	222
10100110011111	318
10100110100000	349
10100110100001	556
10100110100010	401
10100110100011	624
10100110100100	381
10100110100101	724
10100110100110	319
10100110100111	530
10100110101000	357
10100110101001	606
10100110101010	434
10100110101011	623
10100110101100	368
10100110101101	425
10100110101110	335
10100110101111	442
10100110110000	171
10100110110001	399
10100110110010	135
10100110110011	478
10100110110100	245
10100110110101	506
10100110110110	179
10100110110111	434
10100110111000	329
10100110111001	472
10100110111010	275
10100110111011	516
10100110111100	229
10100110111101	467
10100110111110	231
10100110111111	510
10100111000000	311
10100111000001	472
10100111000010	290
10100111000011	660
10100111000100	361
10100111000101	566
10100111000110	318
10100111000111	696
10100111001000	313
10100111001001	502
10100111001010	339
10100111001011	398
10100111001100	339
10100111001101	504
10100111001110	438
10100111001111	496
10100111010000	178
10100111010001	345
10100111010010	184
10100111010011	624
10100111010100	167
10100111010101	458
10100111010110	162
10100111010111	532
10100111011000	236
10100111011001	417
10100111011010	227
10100111011011	673
10100111011100	183
10100111011101	465
10100111011110	235
10100111011111	570
10100111100000	404
10100111100001	759
10100111100010	374
10100111100011	858
10100111100100	319
10100111100101	754
10100111100110	339
10100111100111	489
10100111101000	462
10100111101001	686
10100111101010	500
10100111101011	552
10100111101100	414
10100111101101	631
10100111101110	474
10100111101111	616
10100111110000	190
10100111110001	419
10100111110010	151
10100111110011	516
10100111110100	278
10100111110101	559
10100111110110	259
10100111110111	482
10100111111000	218
10100111111001	708
10100111111010	348
10100111111011	440
10100111111100	312
10100111111101	599
10100111111110	266
10100111111111	590
10101000000000	284
10101000000001	385
10101000000010	256
10101000000011	324
10101000000100	282
10101000000101	300
10101000000110	300
10101000000111	495
10101000001000	345
10101000001001	373
10101000001010	345
10101000001011	347
10101000001100	371
10101000001101	408
10101000001110	406
10101000001111	298
10101000010000	118
10101000010001	331
10101000010010	133
10101000010011	266
10101000010100	164
10101000010101	242
10101000010110	148
10101000010111	375
10101000011000	170
10101000011001	374
10101000011010	200
10101000011011	346
10101000011100	153
10101000011101	408
10101000011110	165
10101000011111	305
10101000100000	306
10101000100001	461
10101000100010	260
10101000100011	373
10101000100100	294
10101000100101	453
10101000100110	352
10101000100111	373
10101000101000	435
10101000101001	563
10101000101010	355
10101000101011	405
10101000101100	312
10101000101101	409
10101000101110	323
10101000101111	326
10101000110000	168
10101000110001	388
10101000110010	132
10101000110011	369
10101000110100	197
10101000110101	436
10101000110110	129
10101000110111	272
10101000111000	271
10101000111001	514
10101000111010	206
10101000111011	456
10101000111100	228
10101000111101	372
10101000111110	225
10101000111111	360
10101001000000	368
10101001000001	746
10101001000010	319
10101001000011	783
10101001000100	305
10101001000101	698
10101001000110	231
10101001000111	745
10101001001000	393
10101001001001	565
10101001001010	251
10101001001011	443
10101001001100	431
10101001001101	523
10101001001110	249
10101001001111	477
10101001010000	187
10101001010001	625
10101001010010	115
10101001010011	562
10101001010100	157
10101001010101	545
10101001010110	184
10101001010111	550
10101001011000	176
10101001011001	609
10101001011010	206
10101001011011	501
10101001011100	188
10101001011101	743
10101001011110	223
10101001011111	664
10101001100000	377
10101001100001	961
10101001100010	297
10101001100011	839
10101001100100	479
10101001100101	905
10101001100110	397
10101001100111	702
10101001101000	481
10101001101001	898
10101001101010	365
10101001101011	667
10101001101100	457
10101001101101	820
10101001101110	365
10101001101111	619
10101001110000	185
10101001110001	663
10101001110010	113
10101001110011	483
10101001110100	235
10101001110101	632
10101001110110	203
10101001110111	577
10101001111000	322
10101001111001	717
10101001111010	207
10101001111011	676
10101001111100	314
10101001111101	706
10101001111110	223
10101001111111	576
10101010000000	379
10101010000001	621
10101010000010	457
10101010000011	659
10101010000100	447
10101010000101	616
10101010000110	373
10101010000111	765
10101010001000	507
10101010001001	690
10101010001010	451
10101010001011	711
10101010001100	521
10101010001101	656
10101010001110	469
10101010001111	540
10101010010000	228
10101010010001	585
10101010010010	242
10101010010011	514
10101010010100	201
10101010010101	495
10101010010110	187
10101010010111	604
10101010011000	331
10101010011001	517
10101010011010	318
10101010011011	547
10101010011100	284
10101010011101	534
10101010011110	362
10101010011111	604
10101010100000	581
10101010100001	916
10101010100010	412
10101010100011	623
10101010100100	447
10101010100101	1069
10101010100110	532
10101010100111	720
10101010101000	577
10101010101001	680
10101010101010	483
10101010101011	797
10101010101100	618
10101010101101	661
10101010101110	458
10101010101111	570
10101010110000	224
10101010110001	572
10101010110010	236
10101010110011	531
10101010110100	280
10101010110101	589
10101010110110	221
10101010110111	499
10101010111000	419
10101010111001	735
10101010111010	396
10101010111011	654
10101010111100	372
10101010111101	678
10101010111110	283
10101010111111	611
10101011000000	259
10101011000001	778
10101011000010	432
10101011000011	768
10101011000100	443
10101011000101	655
10101011000110	404
10101011000111	947
10101011001000	526
10101011001001	629
10101011001010	557
10101011001011	1059
10101011001100	454
10101011001101	854
10101011001110	495
10101011001111	728
10101011010000	207
10101011010001	488
10101011010010	229
10101011010011	491
10101011010100	197
10101011010101	677
10101011010110	211
10101011010111	744
10101011011000	338
10101011011001	609
10101011011010	308
10101011011011	709
10101011011100	340
10101011011101	698
10101011011110	342
10101011011111	437
10101011100000	450
10101011100001	836
10101011100010	429
10101011100011	973
10101011100100	692
10101011100101	872
10101011100110	563
10101011100111	1032
10101011101000	570
10101011101001	968
10101011101010	647
10101011101011	863
10101011101100	517
10101011101101	827
10101011101110	663
10101011101111	864
10101011110000	277
10101011110001	533
10101011110010	193
10101011110011	576
10101011110100	304
10101011110101	795
10101011110110	252
10101011110111	831
10101011111000	342
10101011111001	839
10101011111010	341
10101011111011	1115
10101011111100	322
10101011111101	812
10101011111110	415
10101011111111	888
10101100000000	267
10101100000001	335
10101100000010	221
10101100000011	411
10101100000100	198
10101100000101	355
10101100000110	252
10101100000111	306
10101100001000	279
10101100001001	305
10101100001010	238
10101100001011	387
10101100001100	232
10101100001101	380
10101100001110	164
10101100001111	272
10101100010000	125
10101100010001	269
10101100010010	160
10101100010011	287
10101100010100	107
10101100010101	220
10101100010110	110
10101100010111	301
10101100011000	170
10101100011001	388
10101100011010	209
10101100011011	368
10101100011100	164
10101100011101	343
10101100011110	191
10101100011111	239
10101100100000	228
10101100100001	373
10101100100010	260
10101100100011	447
10101100100100	252
10101100100101	468
10101100100110	246
10101100100111	439
10101100101000	325
10101100101001	368
10101100101010	353
10101100101011	444
10101100101100	363
10101100101101	391
10101100101110	209
10101100101111	330
10101100110000	141
10101100110001	340
10101100110010	145
10101100110011	291
10101100110100	116
10101100110101	419
10101100110110	141
10101100110111	295
10101100111000	180
10101100111001	457
10101100111010	225
10101100111011	407
10101100111100	230
10101100111101	310
10101100111110	180
10101100111111	267
10101101000000	352
10101101000001	571
10101101000010	242
10101101000011	432
10101101000100	284
10101101000101	725
10101101000110	304
10101101000111	461
10101101001000	347
10101101001001	688
10101101001010	270
10101101001011	373
10101101001100	251
10101101001101	437
10101101001110	284
10101101001111	446
10101101010000	161
10101101010001	415
10101101010010	134
10101101010011	527
10101101010100	130
10101101010101	473
10101101010110	185
10101101010111	380
10101101011000	206
10101101011001	368
10101101011010	188
10101101011011	519
10101101011100	179
10101101011101	470
10101101011110	143
10101101011111	396
10101101100000	311
10101101100001	930
10101101100010	275
10101101100011	761
10101101100100	388
10101101100101	705
10101101100110	324
10101101100111	594
10101101101000	319
10101101101001	638
10101101101010	347
10101101101011	703
10101101101100	501
10101101101101	820
10101101101110	377
10101101101111	602
10101101110000	196
10101101110001	555
10101101110010	111
10101101110011	468
10101101110100	191
10101101110101	569
10101101110110	168
10101101110111	538
10101101111000	250
10101101111001	625
10101101111010	206
10101101111011	613
10101101111100	256
10101101111101	601
10101101111110	211
10101101111111	518
10101110000000	346
10101110000001	702
10101110000010	440
10101110000011	639
10101110000100	501
10101110000101	862
10101110000110	529
10101110000111	811
10101110001000	513
10101110001001	733
10101110001010	539
10101110001011	646
10101110001100	487
10101110001101	667
10101110001110	593
10101110001111	619
10101110010000	255
10101110010001	546
10101110010010	256
10101110010011	530
10101110010100	250
10101110010101	483
10101110010110	248
10101110010111	573
10101110011000	343
10101110011001	613
10101110011010	261
10101110011011	827
10101110011100	395
10101110011101	562
10101110011110	316
10101110011111	597
10101110100000	450
10101110100001	775
10101110100010	443
10101110100011	562
10101110100100	587
10101110100101	840
10101110100110	545
10101110100111	717
10101110101000	591
10101110101001	845
10101110101010	552
10101110101011	838
10101110101100	592
10101110101101	758
10101110101110	535
10101110101111	673
10101110110000	278
10101110110001	570
10101110110010	285
10101110110011	577
10101110110100	309
10101110110101	700
10101110110110	297
10101110110111	568
10101110111000	446
10101110111001	785
10101110111010	313
10101110111011	727
10101110111100	380
10101110111101	643
10101110111110	348
10101110111111	691
10101111000000	415
10101111000001	895
10101111000010	418
10101111000011	695
10101111000100	376
10101111000101	1097
10101111000110	450
10101111000111	966
10101111001000	403
10101111001001	721
10101111001010	479
10101111001011	807
10101111001100	488
10101111001101	792
10101111001110	586
10101111001111	714
10101111010000	195
10101111010001	686
10101111010010	223
10101111010011	791
10101111010100	215
10101111010101	679
10101111010110	307
10101111010111	647
10101111011000	370
10101111011001	602
10101111011010	345
10101111011011	746
10101111011100	332
10101111011101	490
10101111011110	389
10101111011111	680
10101111100000	496
10101111100001	848
10101111100010	494
10101111100011	1076
10101111100100	540
10101111100101	1114
10101111100110	503
10101111100111	989
10101111101000	587
10101111101001	1021
10101111101010	688
10101111101011	1070
10101111101100	540
10101111101101	903
10101111101110	583
10101111101111	947
10101111110000	304
10101111110001	623
10101111110010	283
10101111110011	613
10101111110100	291
10101111110101	706
10101111110110	301
10101111110111	802
10101111111000	331
10101111111001	809
10101111111010	390
10101111111011	810
10101111111100	373
10101111111101	882
10101111111110	401
10101111111111	698
10110000000000	336
10110000000001	386
10110000000010	298
10110000000011	471
10110000000100	263
10110000000101	500
10110000000110	274
10110000000111	336
10110000001000	375
10110000001001	485
10110000001010	352
10110000001011	322
10110000001100	245
10110000001101	415
10110000001110	274
10110000001111	306
10110000010000	145
10110000010001	326
10110000010010	135
10110000010011	352
10110000010100	151
10110000010101	321
10110000010110	174
10110000010111	359
10110000011000	269
10110000011001	455
10110000011010	244
10110000011011	516
10110000011100	216
10110000011101	320
10110000011110	231
10110000011111	336
10110000100000	342
10110000100001	628
10110000100010	383
10110000100011	483
10110000100100	346
10110000100101	553
10110000100110	390
10110000100111	488
10110000101000	349
10110000101001	639
10110000101010	451
10110000101011	443
10110000101100	440
10110000101101	481
10110000101110	347
10110000101111	374
10110000110000	190
10110000110001	455
10110000110010	156
10110000110011	381
10110000110100	239
10110000110101	445
10110000110110	191
10110000110111	357
10110000111000	236
10110000111001	457
10110000111010	295
10110000111011	509
10110000111100	298
10110000111101	372
10110000111110	250
10110000111111	305
10110001000000	354
10110001000001	693
10110001000010	279
10110001000011	668
10110001000100	355
10110001000101	576
10110001000110	253
10110001000111	424
10110001001000	334
10110001001001	986
10110001001010	308
10110001001011	426
10110001001100	378
10110001001101	595
10110001001110	239
10110001001111	434
10110001010000	179
10110001010001	680
10110001010010	181
10110001010011	477
10110001010100	207
10110001010101	802
10110001010110	190
10110001010111	461
10110001011000	238
10110001011001	555
10110001011010	272
10110001011011	565
10110001011100	269
10110001011101	610
10110001011110	248
10110001011111	517
10110001100000	416
10110001100001	884
10110001100010	358
10110001100011	793
10110001100100	438
10110001100101	1058
10110001100110	385
10110001100111	714
10110001101000	547
10110001101001	1029
10110001101010	356
10110001101011	551
10110001101100	437
10110001101101	813
10110001101110	277
10110001101111	474
10110001110000	248
10110001110001	660
10110001110010	188
10110001110011	666
10110001110100	270
10110001110101	708
10110001110110	187
10110001110111	640
10110001111000	383
10110001111001	842
10110001111010	280
10110001111011	578
10110001111100	417
10110001111101	694
10110001111110	312
10110001111111	511
10110010000000	430
10110010000001	765
10110010000010	452
10110010000011	733
10110010000100	403
10110010000101	699
10110010000110	366
10110010000111	587
10110010001000	444
10110010001001	716
10110010001010	483
10110010001011	725
10110010001100	592
10110010001101	595
10110010001110	384
10110010001111	592
10110010010000	193
10110010010001	590
10110010010010	200
10110010010011	511
10110010010100	197
10110010010101	621
10110010010110	258
10110010010111	565
10110010011000	288
10110010011001	513
10110010011010	381
10110010011011	690
10110010011100	312
10110010011101	392
10110010011110	301
10110010011111	574
10110010100000	479
10110010100001	778
10110010100010	482
10110010100011	546
10110010100100	439
10110010100101	622
10110010100110	370
10110010100111	628
10110010101000	597
10110010101001	663
10110010101010	468
10110010101011	719
10110010101100	609
10110010101101	730
10110010101110	522
10110010101111	592
10110010110000	181
10110010110001	711
10110010110010	217
10110010110011	561
10110010110100	231
10110010110101	757
10110010110110	292
10110010110111	617
10110010111000	368
10110010111001	688
10110010111010	368
10110010111011	622
10110010111100	438
10110010111101	657
10110010111110	330
10110010111111	635
10110011000000	317
10110011000001	836
10110011000010	398
10110011000011	935
10110011000100	329
10110011000101	723
10110011000110	453
10110011000111	731
10110011001000	406
10110011001001	742
10110011001010	537
10110011001011	871
10110011001100	399
10110011001101	655
10110011001110	405
10110011001111	613
10110011010000	219
10110011010001	579
10110011010010	212
10110011010011	808
10110011010100	238
10110011010101	664
10110011010110	220
10110011010111	680
10110011011000	291
10110011011001	641
10110011011010	303
10110011011011	733
10110011011100	349
10110011011101	597
10110011011110	249
10110011011111	493
10110011100000	495
10110011100001	969
10110011100010	575
10110011100011	1040
10110011100100	542
10110011100101	758
10110011100110	485
10110011100111	1021
10110011101000	606
10110011101001	1016
10110011101010	526
10110011101011	755
10110011101100	536
10110011101101	877
10110011101110	498
10110011101111	738
10110011110000	216
10110011110001	690
10110011110010	217
10110011110011	741
10110011110100	355
10110011110101	727
10110011110110	226
10110011110111	736
10110011111000	393
10110011111001	782
10110011111010	408
10110011111011	720
10110011111100	364
10110011111101	687
10110011111110	432
10110011111111	682
10110100000000	313
10110100000001	404
10110100000010	252
10110100000011	446
10110100000100	271
10110100000101	434
10110100000110	285
10110100000111	346
10110100001000	278
10110100001001	431
10110100001010	278
10110100001011	429
10110100001100	260
10110100001101	372
10110100001110	272
10110100001111	277
10110100010000	126
10110100010001	317
10110100010010	143
10110100010011	351
10110100010100	124
10110100010101	293
10110100010110	161
10110100010111	306
10110100011000	247
10110100011001	358
10110100011010	213
10110100011011	430
10110100011100	258
10110100011101	322
10110100011110	237
10110100011111	333
10110100100000	388
10110100100001	522
10110100100010	287
10110100100011	451
10110100100100	356
10110100100101	522
10110100100110	271
10110100100111	468
10110100101000	441
10110100101001	438
10110100101010	343
10110100101011	317
10110100101100	383
10110100101101	386
10110100101110	265
10110100101111	382
10110100110000	187
10110100110001	487
10110100110010	166
10110100110011	306
10110100110100	159
10110100110101	351
10110100110110	174
10110100110111	291
10110100111000	300
10110100111001	465
10110100111010	250
10110100111011	384
10110100111100	287
10110100111101	382
10110100111110	241
10110100111111	376
10110101000000	325
10110101000001	858
10110101000010	261
10110101000011	657
10110101000100	366
10110101000101	479
10110101000110	211
10110101000111	628
10110101001000	410
10110101001001	696
10110101001010	217
10110101001011	434
10110101001100	377
10110101001101	650
10110101001110	192
10110101001111	352
10110101010000	178
10110101010001	616
10110101010010	235
10110101010011	704
10110101010100	206
10110101010101	652
10110101010110	143
10110101010111	513
10110101011000	206
10110101011001	617
10110101011010	287
10110101011011	659
10110101011100	259
10110101011101	593
10110101011110	243
10110101011111	702
10110101100000	428
10110101100001	1017
10110101100010	313
10110101100011	683
10110101100100	487
10110101100101	957
10110101100110	375
10110101100111	695
10110101101000	317
10110101101001	752
10110101101010	409
10110101101011	771
10110101101100	447
10110101101101	660
10110101101110	280
10110101101111	545
10110101110000	221
10110101110001	813
10110101110010	184
10110101110011	506
10110101110100	246
10110101110101	850
10110101110110	174
10110101110111	558
10110101111000	286
10110101111001	923
10110101111010	334
10110101111011	662
10110101111100	394
10110101111101	706
10110101111110	223
10110101111111	551
10110110000000	593
10110110000001	856
10110110000010	570
10110110000011	810
10110110000100	573
10110110000101	746
10110110000110	443
10110110000111	988
10110110001000	605
10110110001001	749
10110110001010	513
10110110001011	881
10110110001100	596
10110110001101	746
10110110001110	530
10110110001111	582
10110110010000	267
10110110010001	565
10110110010010	269
10110110010011	677
10110110010100	301
10110110010101	712
10110110010110	327
10110110010111	780
10110110011000	377
10110110011001	782
10110110011010	365
10110110011011	722
10110110011100	386
10110110011101	673
10110110011110	461
10110110011111	496
10110110100000	526
10110110100001	915
10110110100010	485
10110110100011	920
10110110100100	645
10110110100101	1051
10110110100110	585
10110110100111	739
10110110101000	715
10110110101001	926
10110110101010	693
10110110101011	770
10110110101100	714
10110110101101	747
10110110101110	635
10110110101111	747
10110110110000	340
10110110110001	910
10110110110010	285
10110110110011	753
10110110110100	391
10110110110101	918
10110110110110	360
10110110110111	655
10110110111000	480
10110110111001	914
10110110111010	463
10110110111011	810
10110110111100	491
10110110111101	861
10110110111110	376
10110110111111	575
10110111000000	443
10110111000001	778
10110111000010	618
10110111000011	1127
10110111000100	446
10110111000101	948
10110111000110	397
10110111000111	1161
10110111001000	518
10110111001001	583
10110111001010	696
10110111001011	1032
10110111001100	581
10110111001101	911
10110111001110	458
10110111001111	773
10110111010000	259
10110111010001	770
10110111010010	315
10110111010011	935
10110111010100	249
10110111010101	974
10110111010110	289
10110111010111	982
10110111011000	466
10110111011001	834
10110111011010	430
10110111011011	969
10110111011100	355
10110111011101	819
10110111011110	303
10110111011111	938
10110111100000	516
10110111100001	1251
10110111100010	658
10110111100011	1364
10110111100100	681
10110111100101	1243
10110111100110	699
10110111100111	1239
10110111101000	633
10110111101001	1028
10110111101010	861
10110111101011	1000
10110111101100	660
10110111101101	987
10110111101110	654
10110111101111	990
10110111110000	278
10110111110001	756
10110111110010	349
10110111110011	976
10110111110100	480
10110111110101	811
10110111110110	417
10110111110111	1008
10110111111000	436
10110111111001	1260
10110111111010	462
10110111111011	1007
10110111111100	574
10110111111101	993
10110111111110	536
10110111111111	949
10111000000000	249
10111000000001	364
10111000000010	233
10111000000011	333
10111000000100	238
10111000000101	320
10111000000110	200
10111000000111	442
10111000001000	272
10111000001001	361
10111000001010	210
10111000001011	351
10111000001100	275
10111000001101	293
10111000001110	216
10111000001111	308
10111000010000	126
10111000010001	259
10111000010010	102
10111000010011	305
10111000010100	123
10111000010101	309
10111000010110	149
10111000010111	241
10111000011000	176
10111000011001	345
10111000011010	176
10111000011011	274
10111000011100	159
10111000011101	342
10111000011110	176
10111000011111	239
10111000100000	268
10111000100001	505
10111000100010	278
10111000100011	469
10111000100100	308
10111000100101	448
10111000100110	197
10111000100111	445
10111000101000	379
10111000101001	380
10111000101010	312
10111000101011	370
10111000101100	311
10111000101101	408
10111000101110	261
10111000101111	264
10111000110000	124
10111000110001	307
10111000110010	172
10111000110011	274
10111000110100	151
10111000110101	282
10111000110110	123
10111000110111	309
10111000111000	221
10111000111001	393
10111000111010	213
10111000111011	226
10111000111100	181
10111000111101	208
10111000111110	189
10111000111111	212
10111001000000	270
10111001000001	521
10111001000010	211
10111001000011	588
10111001000100	321
10111001000101	483
10111001000110	200
10111001000111	385
10111001001000	424
10111001001001	575
10111001001010	250
10111001001011	411
10111001001100	328
10111001001101	595
10111001001110	202
10111001001111	461
10111001010000	162
10111001010001	468
10111001010010	96
10111001010011	574
10111001010100	153
10111001010101	610
10111001010110	112
10111001010111	513
10111001011000	221
10111001011001	467
10111001011010	171
10111001011011	557
10111001011100	246
10111001011101	471
10111001011110	252
10111001011111	418
10111001100000	345
10111001100001	678
10111001100010	357
10111001100011	499
10111001100100	492
10111001100101	687
10111001100110	295
10111001100111	672
10111001101000	483
10111001101001	537
10111001101010	382
10111001101011	619
10111001101100	393
10111001101101	628
10111001101110	295
10111001101111	315
10111001110000	140
10111001110001	514
10111001110010	196
10111001110011	442
10111001110100	204
10111001110101	512
10111001110110	200
10111001110111	414
10111001111000	313
10111001111001	728
10111001111010	246
10111001111011	624
10111001111100	251
10111001111101	621
10111001111110	240
10111001111111	495
10111010000000	355
10111010000001	578
10111010000010	299
10111010000011	418
10111010000100	267
10111010000101	636
10111010000110	321
10111010000111	563
10111010001000	427
10111010001001	517
10111010001010	391
10111010001011	674
10111010001100	354
10111010001101	368
10111010001110	421
10111010001111	542
10111010010000	147
10111010010001	378
10111010010010	178
10111010010011	358
10111010010100	148
10111010010101	444
10111010010110	143
10111010010111	372
10111010011000	253
10111010011001	463
10111010011010	276
10111010011011	452
10111010011100	337
10111010011101	470
10111010011110	228
10111010011111	390
10111010100000	400
10111010100001	552
10111010100010	332
10111010100011	643
10111010100100	470
10111010100101	665
10111010100110	387
10111010100111	566
10111010101000	441
10111010101001	598
10111010101010	403
10111010101011	612
10111010101100	476
10111010101101	447
10111010101110	492
10111010101111	493
10111010110000	195
10111010110001	465
10111010110010	186
10111010110011	363
10111010110100	245
10111010110101	427
10111010110110	182
10111010110111	475
10111010111000	258
10111010111001	563
10111010111010	324
10111010111011	615
10111010111100	273
10111010111101	455
10111010111110	236
10111010111111	373
10111011000000	243
10111011000001	661
10111011000010	394
10111011000011	575
10111011000100	335
10111011000101	491
10111011000110	345
10111011000111	684
10111011001000	373
10111011001001	757
10111011001010	397
10111011001011	641
10111011001100	398
10111011001101	588
10111011001110	376
10111011001111	408
10111011010000	158
10111011010001	420
10111011010010	172
10111011010011	569
10111011010100	160
10111011010101	586
10111011010110	158
10111011010111	529
10111011011000	231
10111011011001	495
10111011011010	241
10111011011011	667
10111011011100	317
10111011011101	574
10111011011110	248
10111011011111	646
10111011100000	419
10111011100001	786
10111011100010	405
10111011100011	752
10111011100100	461
10111011100101	776
10111011100110	374
10111011100111	806
10111011101000	603
10111011101001	987
10111011101010	470
10111011101011	687
10111011101100	414
10111011101101	795
10111011101110	567
10111011101111	522
10111011110000	209
10111011110001	630
10111011110010	219
10111011110011	470
10111011110100	220
10111011110101	561
10111011110110	218
10111011110111	629
10111011111000	339
10111011111001	619
10111011111010	313
10111011111011	805
10111011111100	280
10111011111101	528
10111011111110	287
10111011111111	596
10111100000000	208
10111100000001	326
10111100000010	214
10111100000011	356
10111100000100	186
10111100000101	308
10111100000110	202
10111100000111	277
10111100001000	278
10111100001001	354
10111100001010	219
10111100001011	337
10111100001100	207
10111100001101	267
10111100001110	219
10111100001111	255
10111100010000	121
10111100010001	304
10111100010010	92
10111100010011	209
10111100010100	97
10111100010101	310
10111100010110	90
10111100010111	332
10111100011000	200
10111100011001	372
10111100011010	140
10111100011011	233
10111100011100	124
10111100011101	236
10111100011110	145
10111100011111	192
10111100100000	223
10111100100001	345
10111100100010	256
10111100100011	416
10111100100100	256
10111100100101	393
10111100100110	265
10111100100111	281
10111100101000	266
10111100101001	401
10111100101010	346
10111100101011	381
10111100101100	279
10111100101101	310
10111100101110	217
10111100101111	283
10111100110000	125
10111100110001	276
10111100110010	111
10111100110011	280
10111100110100	152
10111100110101	303
10111100110110	136
10111100110111	235
10111100111000	226
10111100111001	316
10111100111010	202
10111100111011	289
10111100111100	201
10111100111101	275
10111100111110	170
10111100111111	234
10111101000000	220
10111101000001	658
10111101000010	242
10111101000011	534
10111101000100	258
10111101000101	676
10111101000110	256
10111101000111	494
10111101001000	317
10111101001001	457
10111101001010	171
10111101001011	429
10111101001100	250
10111101001101	418
10111101001110	166
10111101001111	344
10111101010000	167
10111101010001	438
10111101010010	143
10111101010011	498
10111101010100	119
10111101010101	430
10111101010110	123
10111101010111	405
10111101011000	200
10111101011001	405
10111101011010	250
10111101011011	477
10111101011100	168
10111101011101	404
10111101011110	182
10111101011111	401
10111101100000	331
10111101100001	725
10111101100010	295
10111101100011	663
10111101100100	423
10111101100101	623
10111101100110	247
10111101100111	553
10111101101000	344
10111101101001	653
10111101101010	267
10111101101011	481
10111101101100	443
10111101101101	528
10111101101110	243
10111101101111	376
10111101110000	158
10111101110001	630
10111101110010	162
10111101110011	416
10111101110100	241
10111101110101	484
10111101110110	187
10111101110111	389
10111101111000	315
10111101111001	567
10111101111010	145
10111101111011	642
10111101111100	341
10111101111101	530
10111101111110	213
10111101111111	591
10111110000000	362
10111110000001	605
10111110000010	450
10111110000011	589
10111110000100	445
10111110000101	475
10111110000110	431
10111110000111	623
10111110001000	472
10111110001001	698
10111110001010	441
10111110001011	597
10111110001100	588
10111110001101	563
10111110001110	317
10111110001111	621
10111110010000	201
10111110010001	579
10111110010010	180
10111110010011	521
10111110010100	288
10111110010101	524
10111110010110	222
10111110010111	590
10111110011000	290
10111110011001	399
10111110011010	346
10111110011011	781
10111110011100	292
10111110011101	397
10111110011110	243
10111110011111	571
10111110100000	447
10111110100001	807
10111110100010	429
10111110100011	769
10111110100100	449
10111110100101	765
10111110100110	394
10111110100111	559
10111110101000	549
10111110101001	768
10111110101010	536
10111110101011	508
10111110101100	549
10111110101101	697
10111110101110	516
10111110101111	791
10111110110000	228
10111110110001	543
10111110110010	260
10111110110011	601
10111110110100	275
10111110110101	620
10111110110110	267
10111110110111	538
10111110111000	411
10111110111001	640
10111110111010	323
10111110111011	723
10111110111100	421
10111110111101	534
10111110111110	422
10111110111111	419
10111111000000	369
10111111000001	691
10111111000010	375
10111111000011	1033
10111111000100	298
10111111000101	794
10111111000110	412
10111111000111	792
10111111001000	346
10111111001001	809
10111111001010	407
10111111001011	799
10111111001100	383
10111111001101	857
10111111001110	444
10111111001111	699
10111111010000	170
10111111010001	594
10111111010010	188
10111111010011	551
10111111010100	203
10111111010101	659
10111111010110	224
10111111010111	630
10111111011000	263
10111111011001	625
10111111011010	353
10111111011011	696
10111111011100	315
10111111011101	476
10111111011110	329
10111111011111	692
10111111100000	442
10111111100001	961
10111111100010	449
10111111100011	1026
10111111100100	467
10111111100101	825
10111111100110	513
10111111100111	740
10111111101000	608
10111111101001	1046
10111111101010	517
10111111101011	896
10111111101100	463
10111111101101	913
10111111101110	553
10111111101111	650
10111111110000	289
10111111110001	655
10111111110010	213
10111111110011	589
10111111110100	335
10111111110101	669
10111111110110	250
10111111110111	765
10111111111000	341
10111111111001	801
10111111111010	297
10111111111011	920
10111111111100	423
10111111111101	617
10111111111110	325
10111111111111	699
11000000000000	198
11000000000001	231
11000000000010	208
11000000000011	143
11000000000100	185
11000000000101	202
11000000000110	145
11000000000111	252
11000000001000	214
11000000001001	167
11000000001010	222
11000000001011	201
11000000001100	195
11000000001101	252
11000000001110	158
11000000001111	212
11000000010000	95
11000000010001	214
11000000010010	93
11000000010011	207
11000000010100	77
11000000010101	206
11000000010110	92
11000000010111	171
11000000011000	138
11000000011001	196
11000000011010	135
11000000011011	177
11000000011100	139
11000000011101	215
11000000011110	124
11000000011111	203
11000000100000	195
11000000100001	307
11000000100010	146
11000000100011	237
11000000100100	204
11000000100101	354
11000000100110	165
11000000100111	268
11000000101000	235
11000000101001	293
11000000101010	183
11000000101011	249
11000000101100	148
11000000101101	200
11000000101110	181
11000000101111	176
11000000110000	112
11000000110001	231
11000000110010	79
11000000110011	188
11000000110100	99
11000000110101	204
11000000110110	100
11000000110111	188
11000000111000	125
11000000111001	225
11000000111010	134
11000000111011	238
11000000111100	126
11000000111101	180
11000000111110	127
11000000111111	138
11000001000000	213
11000001000001	446
11000001000010	211
11000001000011	486
11000001000100	197
11000001000101	351
11000001000110	191
11000001000111	389
11000001001000	219
11000001001001	521
11000001001010	228
11000001001011	332
11000001001100	200
11000001001101	356
11000001001110	188
11000001001111	292
11000001010000	109
11000001010001	314
11000001010010	106
11000001010011	342
11000001010100	103
11000001010101	433
11000001010110	113
11000001010111	287
11000001011000	149
11000001011001	386
11000001011010	131
11000001011011	338
11000001011100	157
11000001011101	335
11000001011110	133
11000001011111	284
11000001100000	217
11000001100001	423
11000001100010	191
11000001100011	420
11000001100100	244
11000001100101	461
11000001100110	185
11000001100111	342
11000001101000	282
11000001101001	404
11000001101010	245
11000001101011	382
11000001101100	221
11000001101101	457
11000001101110	179
11000001101111	260
11000001110000	124
11000001110001	219
11000001110010	100
11000001110011	252
11000001110100	123
11000001110101	357
11000001110110	113
11000001110111	304
11000001111000	150
11000001111001	282
11000001111010	156
11000001111011	259
11000001111100	187
11000001111101	407
11000001111110	123
11000001111111	306
11000010000000	117
11000010000001	294
11000010000010	199
11000010000011	370
11000010000100	218
11000010000101	369
11000010000110	233
11000010000111	223
11000010001000	214
11000010001001	234
11000010001010	226
11000010001011	371
11000010001100	205
11000010001101	361
11000010001110	175
11000010001111	216
11000010010000	97
11000010010001	222
11000010010010	111
11000010010011	275
11000010010100	105
11000010010101	240
11000010010110	139
11000010010111	235
11000010011000	156
11000010011001	235
11000010011010	135
11000010011011	188
11000010011100	135
11000010011101	289
11000010011110	145
11000010011111	304
11000010100000	258
11000010100001	347
11000010100010	170
11000010100011	334
11000010100100	257
11000010100101	418
11000010100110	211
11000010100111	315
11000010101000	288
11000010101001	300
11000010101010	226
11000010101011	322
11000010101100	277
11000010101101	299
11000010101110	180
11000010101111	284
11000010110000	81
11000010110001	240
11000010110010	113
11000010110011	287
11000010110100	116
11000010110101	300
11000010110110	115
11000010110111	281
11000010111000	202
11000010111001	366
11000010111010	141
11000010111011	314
11000010111100	117
11000010111101	210
11000010111110	156
11000010111111	236
11000011000000	165
11000011000001	369
11000011000010	285
11000011000011	499
11000011000100	264
11000011000101	487
11000011000110	311
11000011000111	449
11000011001000	282
11000011001001	501
11000011001010	322
11000011001011	426
11000011001100	361
11000011001101	411
11000011001110	310
11000011001111	489
11000011010000	130
11000011010001	284
11000011010010	138
11000011010011	297
11000011010100	140
11000011010101	279
11000011010110	147
11000011010111	438
11000011011000	178
11000011011001	304
11000011011010	136
11000011011011	352
11000011011100	160
11000011011101	414
11000011011110	175
11000011011111	419
11000011100000	253
11000011100001	375
11000011100010	221
11000011100011	433
11000011100100	317
11000011100101	506
11000011100110	270
11000011100111	528
11000011101000	309
11000011101001	487
11000011101010	321
11000011101011	448
11000011101100	307
11000011101101	414
11000011101110	249
11000011101111	453
11000011110000	107
11000011110001	324
11000011110010	119
11000011110011	379
11000011110100	151
11000011110101	478
11000011110110	169
11000011110111	375
11000011111000	222
11000011111001	356
11000011111010	197
11000011111011	490
11000011111100	220
11000011111101	414
11000011111110	208
11000011111111	337
11000100000000	151
11000100000001	182
11000100000010	198
11000100000011	232
11000100000100	146
11000100000101	242
11000100000110	162
11000100000111	234
11000100001000	169
11000100001001	162
11000100001010	144
11000100001011	156
11000100001100	167
11000100001101	141
11000100001110	128
11000100001111	132
11000100010000	73
11000100010001	127
11000100010010	90
11000100010011	135
11000100010100	64
11000100010101	176
11000100010110	66
11000100010111	185
11000100011000	86
11000100011001	139
11000100011010	100
11000100011011	170
11000100011100	115
11000100011101	139
11000100011110	74
11000100011111	104
11000100100000	180
11000100100001	280
11000100100010	126
11000100100011	207
11000100100100	130
11000100100101	224
11000100100110	160
11000100100111	221
11000100101000	226
11000100101001	220
11000100101010	186
11000100101011	176
11000100101100	171
11000100101101	175
11000100101110	161
11000100101111	217
11000100110000	84
11000100110001	176
11000100110010	84
11000100110011	136
11000100110100	114
11000100110101	148
11000100110110	66
11000100110111	116
11000100111000	126
11000100111001	249
11000100111010	144
11000100111011	193
11000100111100	120
11000100111101	230
11000100111110	126
11000100111111	165
11000101000000	196
11000101000001	367
11000101000010	158
11000101000011	422
11000101000100	175
11000101000101	487
11000101000110	158
11000101000111	305
11000101001000	257
11000101001001	415
11000101001010	166
11000101001011	272
11000101001100	170
11000101001101	319
11000101001110	162
11000101001111	322
11000101010000	92
11000101010001	310
11000101010010	84
11000101010011	299
11000101010100	87
11000101010101	316
11000101010110	89
11000101010111	245
11000101011000	175
11000101011001	368
11000101011010	129
11000101011011	197
11000101011100	127
11000101011101	203
11000101011110	151
11000101011111	302
11000101100000	258
11000101100001	319
11000101100010	205
11000101100011	325
11000101100100	245
11000101100101	348
11000101100110	154
11000101100111	340
11000101101000	203
11000101101001	436
11000101101010	156
11000101101011	366
11000101101100	217
11000101101101	406
11000101101110	140
11000101101111	219
11000101110000	94
11000101110001	307
11000101110010	112
11000101110011	249
11000101110100	114
11000101110101	374
11000101110110	75
11000101110111	190
11000101111000	127
11000101111001	210
11000101111010	123
11000101111011	303
11000101111100	134
11000101111101	333
11000101111110	110
11000101111111	269
11000110000000	201
11000110000001	340
11000110000010	208
11000110000011	349
11000110000100	210
11000110000101	416
11000110000110	261
11000110000111	392
11000110001000	313
11000110001001	405
11000110001010	263
11000110001011	348
11000110001100	263
11000110001101	380
11000110001110	271
11000110001111	321
11000110010000	129
11000110010001	262
11000110010010	150
11000110010011	323
11000110010100	111
11000110010101	321
11000110010110	110
11000110010111	329
11000110011000	178
11000110011001	312
11000110011010	227
11000110011011	393
11000110011100	204
11000110011101	274
11000110011110	206
11000110011111	340
11000110100000	265
11000110100001	461
11000110100010	222
11000110100011	308
11000110100100	325
11000110100101	339
11000110100110	245
11000110100111	366
11000110101000	371
11000110101001	305
11000110101010	299
11000110101011	337
11000110101100	273
11000110101101	359
11000110101110	232
11000110101111	221
11000110110000	116
11000110110001	316
11000110110010	141
11000110110011	277
11000110110100	107
11000110110101	353
11000110110110	115
11000110110111	240
11000110111000	204
11000110111001	367
11000110111010	204
11000110111011	281
11000110111100	237
11000110111101	260
11000110111110	145
11000110111111	311
11000111000000	292
11000111000001	473
11000111000010	341
11000111000011	669
11000111000100	250
11000111000101	545
11000111000110	308
11000111000111	492
11000111001000	330
11000111001001	504
11000111001010	314
11000111001011	641
11000111001100	205
11000111001101	378
11000111001110	377
11000111001111	493
11000111010000	133
11000111010001	340
11000111010010	167
11000111010011	455
11000111010100	146
11000111010101	367
11000111010110	160
11000111010111	433
11000111011000	192
11000111011001	459
11000111011010	241
11000111011011	442
11000111011100	215
11000111011101	547
11000111011110	256
11000111011111	426
11000111100000	343
11000111100001	660
11000111100010	344
11000111100011	639
11000111100100	357
11000111100101	623
11000111100110	379
11000111100111	656
11000111101000	331
11000111101001	431
11000111101010	332
11000111101011	600
11000111101100	408
11000111101101	491
11000111101110	318
11000111101111	456
11000111110000	143
11000111110001	395
11000111110010	227
11000111110011	394
11000111110100	182
11000111110101	415
11000111110110	249
11000111110111	461
11000111111000	218
11000111111001	458
11000111111010	284
11000111111011	413
11000111111100	310
11000111111101	561
11000111111110	208
11000111111111	378
11001000000000	281
11001000000001	352
11001000000010	209
11001000000011	286
11001000000100	207
11001000000101	351
11001000000110	190
11001000000111	335
11001000001000	234
11001000001001	303
11001000001010	371
11001000001011	352
11001000001100	222
11001000001101	267
11001000001110	250
11001000001111	371
11001000010000	118
11001000010001	246
11001000010010	111
11001000010011	250
11001000010100	120
11001000010101	238
11001000010110	126
11001000010111	282
11001000011000	184
11001000011001	282
11001000011010	95
11001000011011	240
11001000011100	146
11001000011101	234
11001000011110	165
11001000011111	273
11001000100000	207
11001000100001	365
11001000100010	212
11001000100011	343
11001000100100	206
11001000100101	344
11001000100110	258
11001000100111	315
11001000101000	377
11001000101001	318
11001000101010	227
11001000101011	292
11001000101100	269
11001000101101	239
11001000101110	261
11001000101111	308
11001000110000	135
11001000110001	266
11001000110010	116
11001000110011	278
11001000110100	123
11001000110101	292
11001000110110	91
11001000110111	295
11001000111000	195
11001000111001	323
11001000111010	156
11001000111011	324
11001000111100	204
11001000111101	322
11001000111110	142
11001000111111	176
11001001000000	262
11001001000001	638
11001001000010	258
11001001000011	513
11001001000100	301
11001001000101	611
11001001000110	252
11001001000111	609
11001001001000	326
11001001001001	561
11001001001010	293
11001001001011	529
11001001001100	287
11001001001101	735
11001001001110	287
11001001001111	547
11001001010000	131
11001001010001	360
11001001010010	94
11001001010011	332
11001001010100	146
11001001010101	535
11001001010110	152
11001001010111	434
11001001011000	232
11001001011001	425
11001001011010	221
11001001011011	488
11001001011100	206
11001001011101	577
11001001011110	224
11001001011111	388
11001001100000	307
11001001100001	604
11001001100010	249
11001001100011	360
11001001100100	322
11001001100101	700
11001001100110	287
11001001100111	499
11001001101000	320
11001001101001	590
11001001101010	268
11001001101011	577
11001001101100	396
11001001101101	546
11001001101110	181
11001001101111	401
11001001110000	163
11001001110001	487
11001001110010	126
11001001110011	418
11001001110100	194
11001001110101	574
11001001110110	129
11001001110111	421
11001001111000	223
11001001111001	506
11001001111010	182
11001001111011	462
11001001111100	264
11001001111101	456
11001001111110	218
11001001111111	481
11001010000000	299
11001010000001	495
11001010000010	343
11001010000011	475
11001010000100	340
11001010000101	565
11001010000110	431
11001010000111	519
11001010001000	427
11001010001001	498
11001010001010	447
11001010001011	539
11001010001100	415
11001010001101	505
11001010001110	365
11001010001111	408
11001010010000	123
11001010010001	417
11001010010010	202
11001010010011	344
11001010010100	197
11001010010101	482
11001010010110	186
11001010010111	458
11001010011000	238
11001010011001	418
11001010011010	233
11001010011011	390
11001010011100	252
11001010011101	440
11001010011110	260
11001010011111	436
11001010100000	388
11001010100001	552
11001010100010	346
11001010100011	469
11001010100100	377
11001010100101	640
11001010100110	240
11001010100111	462
11001010101000	474
11001010101001	457
11001010101010	416
11001010101011	448
11001010101100	319
11001010101101	504
11001010101110	303
11001010101111	342
11001010110000	198
11001010110001	402
11001010110010	150
11001010110011	332
11001010110100	217
11001010110101	367
11001010110110	191
11001010110111	368
11001010111000	277
11001010111001	546
11001010111010	241
11001010111011	541
11001010111100	308
11001010111101	398
11001010111110	270
11001010111111	432
11001011000000	363
11001011000001	681
11001011000010	438
11001011000011	744
11001011000100	408
11001011000101	490
11001011000110	390
11001011000111	936
11001011001000	416
11001011001001	610
11001011001010	487
11001011001011	683
11001011001100	448
11001011001101	474
11001011001110	377
11001011001111	696
11001011010000	179
11001011010001	463
11001011010010	216
11001011010011	526
11001011010100	152
11001011010101	414
11001011010110	216
11001011010111	569
11001011011000	274
11001011011001	540
11001011011010	236
11001011011011	654
11001011011100	208
11001011011101	482
11001011011110	187
11001011011111	563
11001011100000	344
11001011100001	698
11001011100010	300
11001011100011	736
11001011100100	438
11001011100101	757
11001011100110	414
11001011100111	670
11001011101000	491
11001011101001	831
11001011101010	496
11001011101011	619
11001011101100	362
11001011101101	731
11001011101110	452
11001011101111	612
11001011110000	201
11001011110001	550
11001011110010	191
11001011110011	525
11001011110100	232
11001011110101	600
11001011110110	208
11001011110111	505
11001011111000	316
11001011111001	586
11001011111010	344
11001011111011	668
11001011111100	331
11001011111101	525
11001011111110	295
11001011111111	547
11001100000000	208
11001100000001	357
11001100000010	189
11001100000011	330
11001100000100	211
11001100000101	343
11001100000110	213
11001100000111	372
11001100001000	292
11001100001001	257
11001100001010	225
11001100001011	262
11001100001100	191
11001100001101	313
11001100001110	187
11001100001111	262
11001100010000	99
11001100010001	201
11001100010010	96
11001100010011	245
11001100010100	120
11001100010101	209
11001100010110	116
11001100010111	225
11001100011000	142
11001100011001	327
11001100011010	211
11001100011011	215
11001100011100	186
11001100011101	288
11001100011110	139
11001100011111	300
11001100100000	260
11001100100001	349
11001100100010	242
11001100100011	293
11001100100100	193
11001100100101	309
11001100100110	160
11001100100111	364
11001100101000	339
11001100101001	378
11001100101010	263
11001100101011	352
11001100101100	221
11001100101101	247
11001100101110	222
11001100101111	244
11001100110000	147
11001100110001	315
11001100110010	89
11001100110011	179
11001100110100	131
11001100110101	211
11001100110110	117
11001100110111	313
11001100111000	169
11001100111001	260
11001100111010	129
11001100111011	249
11001100111100	153
11001100111101	238
11001100111110	147
11001100111111	250
11001101000000	252
11001101000001	521
11001101000010	215
11001101000011	559
11001101000100	265
11001101000101	585
11001101000110	179
11001101000111	573
11001101001000	271
11001101001001	495
11001101001010	328
11001101001011	529
11001101001100	240
11001101001101	420
11001101001110	224
11001101001111	396
11001101010000	119
11001101010001	338
11001101010010	139
11001101010011	372
11001101010100	134
11001101010101	454
11001101010110	130
11001101010111	427
11001101011000	203
11001101011001	226
11001101011010	192
11001101011011	437
11001101011100	195
11001101011101	477
11001101011110	143
11001101011111	315
11001101100000	295
11001101100001	667
11001101100010	208
11001101100011	341
11001101100100	395
11001101100101	597
11001101100110	268
11001101100111	365
11001101101000	383
11001101101001	626
11001101101010	213
11001101101011	465
11001101101100	317
11001101101101	536
11001101101110	210
11001101101111	314
11001101110000	156
11001101110001	324
11001101110010	144
11001101110011	350
11001101110100	150
11001101110101	541
11001101110110	128
11001101110111	373
11001101111000	227
11001101111001	466
11001101111010	180
11001101111011	399
11001101111100	289
11001101111101	403
11001101111110	231
11001101111111	341
11001110000000	402
11001110000001	564
11001110000010	405
11001110000011	642
11001110000100	439
11001110000101	627
11001110000110	396
11001110000111	727
11001110001000	445
11001110001001	552
11001110001010	426
11001110001011	573
11001110001100	411
11001110001101	605
11001110001110	328
11001110001111	545
11001110010000	213
11001110010001	578
11001110010010	221
11001110010011	509
11001110010100	178
11001110010101	476
11001110010110	289
11001110010111	430
11001110011000	387
11001110011001	487
11001110011010	304
11001110011011	626
11001110011100	377
11001110011101	452
11001110011110	234
11001110011111	495
11001110100000	387
11001110100001	576
11001110100010	424
11001110100011	561
11001110100100	324
11001110100101	798
11001110100110	389
11001110100111	640
11001110101000	536
11001110101001	688
11001110101010	470
11001110101011	499
11001110101100	573
11001110101101	549
11001110101110	339
11001110101111	480
11001110110000	243
11001110110001	550
11001110110010	209
11001110110011	438
11001110110100	192
11001110110101	583
11001110110110	233
11001110110111	523
11001110111000	354
11001110111001	533
11001110111010	285
11001110111011	496
11001110111100	363
11001110111101	574
11001110111110	250
11001110111111	394
11001111000000	358
11001111000001	674
11001111000010	424
11001111000011	793
11001111000100	378
11001111000101	737
11001111000110	520
11001111000111	798
11001111001000	484
11001111001001	676
11001111001010	521
11001111001011	789
11001111001100	460
11001111001101	636
11001111001110	467
11001111001111	789
11001111010000	183
11001111010001	498
11001111010010	281
11001111010011	712
11001111010100	201
11001111010101	710
11001111010110	266
11001111010111	632
11001111011000	260
11001111011001	602
11001111011010	360
11001111011011	817
11001111011100	350
11001111011101	437
11001111011110	314
11001111011111	679
11001111100000	444
11001111100001	915
11001111100010	421
11001111100011	825
11001111100100	431
11001111100101	714
11001111100110	539
11001111100111	1038
11001111101000	638
11001111101001	888
11001111101010	606
11001111101011	929
11001111101100	470
11001111101101	720
11001111101110	570
11001111101111	801
11001111110000	251
11001111110001	557
11001111110010	208
11001111110011	671
11001111110100	249
11001111110101	539
11001111110110	212
11001111110111	771
11001111111000	243
11001111111001	685
11001111111010	360
11001111111011	759
11001111111100	347
11001111111101	571
11001111111110	338
11001111111111	655
11010000000000	227
11010000000001	348
11010000000010	254
11010000000011	425
11010000000100	212
11010000000101	397
11010000000110	246
11010000000111	314
11010000001000	299
11010000001001	425
11010000001010	310
11010000001011	402
11010000001100	257
11010000001101	316
11010000001110	213
11010000001111	277
11010000010000	133
11010000010001	364
11010000010010	143
11010000010011	283
11010000010100	164
11010000010101	272
11010000010110	149
11010000010111	297
11010000011000	188
11010000011001	231
11010000011010	203
11010000011011	389
11010000011100	198
11010000011101	300
11010000011110	192
11010000011111	282
11010000100000	293
11010000100001	383
11010000100010	263
11010000100011	380
11010000100100	274
11010000100101	427
11010000100110	211
11010000100111	335
11010000101000	364
11010000101001	393
11010000101010	293
11010000101011	403
11010000101100	245
11010000101101	420
11010000101110	260
11010000101111	274
11010000110000	143
11010000110001	277
11010000110010	134
11010000110011	364
11010000110100	146
11010000110101	373
11010000110110	139
11010000110111	332
11010000111000	227
11010000111001	436
11010000111010	256
11010000111011	389
11010000111100	199
11010000111101	328
11010000111110	143
11010000111111	310
11010001000000	269
11010001000001	750
11010001000010	362
11010001000011	652
11010001000100	336
11010001000101	595
11010001000110	253
11010001000111	515
11010001001000	454
11010001001001	682
11010001001010	247
11010001001011	638
11010001001100	436
11010001001101	651
11010001001110	258
11010001001111	378
11010001010000	177
11010001010001	609
11010001010010	122
11010001010011	324
11010001010100	223
11010001010101	442
11010001010110	163
11010001010111	559
11010001011000	173
11010001011001	585
11010001011010	290
11010001011011	584
11010001011100	213
11010001011101	512
11010001011110	189
11010001011111	335
11010001100000	336
11010001100001	665
11010001100010	234
11010001100011	606
11010001100100	337
11010001100101	785
11010001100110	210
11010001100111	401
11010001101000	364
11010001101001	726
11010001101010	277
11010001101011	352
11010001101100	322
11010001101101	589
11010001101110	264
11010001101111	300
11010001110000	167
11010001110001	542
11010001110010	142
11010001110011	442
11010001110100	172
11010001110101	624
11010001110110	212
11010001110111	446
11010001111000	256
11010001111001	671
11010001111010	215
11010001111011	560
11010001111100	219
11010001111101	635
11010001111110	159
11010001111111	492
11010010000000	365
11010010000001	572
11010010000010	365
11010010000011	674
11010010000100	480
11010010000101	530
11010010000110	368
11010010000111	502
11010010001000	559
11010010001001	527
11010010001010	385
11010010001011	631
11010010001100	367
11010010001101	499
11010010001110	359
11010010001111	428
11010010010000	202
11010010010001	461
11010010010010	200
11010010010011	628
11010010010100	197
11010010010101	418
11010010010110	207
11010010010111	689
11010010011000	249
11010010011001	540
11010010011010	240
11010010011011	518
11010010011100	250
11010010011101	490
11010010011110	266
11010010011111	506
11010010100000	413
11010010100001	657
11010010100010	324
11010010100011	610
11010010100100	359
11010010100101	679
11010010100110	328
11010010100111	469
11010010101000	424
11010010101001	743
11010010101010	373
11010010101011	592
11010010101100	444
11010010101101	516
11010010101110	303
11010010101111	381
11010010110000	203
11010010110001	386
11010010110010	169
11010010110011	340
11010010110100	206
11010010110101	488
11010010110110	215
11010010110111	607
11010010111000	320
11010010111001	482
11010010111010	249
11010010111011	630
11010010111100	254
11010010111101	395
11010010111110	281
11010010111111	470
11010011000000	349
11010011000001	407
11010011000010	445
11010011000011	759
11010011000100	346
11010011000101	690
11010011000110	394
11010011000111	724
11010011001000	477
11010011001001	495
11010011001010	380
11010011001011	733
11010011001100	357
11010011001101	623
11010011001110	426
11010011001111	583
11010011010000	146
11010011010001	577
11010011010010	213
11010011010011	596
11010011010100	177
11010011010101	472
11010011010110	283
11010011010111	709
11010011011000	233
11010011011001	552
11010011011010	321
11010011011011	847
11010011011100	347
11010011011101	458
11010011011110	349
11010011011111	777
11010011100000	413
11010011100001	653
11010011100010	401
11010011100011	589
11010011100100	462
11010011100101	746
11010011100110	429
11010011100111	714
11010011101000	458
11010011101001	780
11010011101010	379
11010011101011	769
11010011101100	424
11010011101101	667
11010011101110	395
11010011101111	649
11010011110000	166
11010011110001	497
11010011110010	237
11010011110011	678
11010011110100	209
11010011110101	617
11010011110110	274
11010011110111	728
11010011111000	334
11010011111001	657
11010011111010	313
11010011111011	572
11010011111100	339
11010011111101	712
11010011111110	328
11010011111111	625
11010100000000	217
11010100000001	386
11010100000010	260
11010100000011	352
11010100000100	248
11010100000101	313
11010100000110	221
11010100000111	349
11010100001000	284
11010100001001	324
11010100001010	309
11010100001011	359
11010100001100	307
11010100001101	352
11010100001110	206
11010100001111	205
11010100010000	130
11010100010001	367
11010100010010	155
11010100010011	334
11010100010100	150
11010100010101	340
11010100010110	171
11010100010111	245
11010100011000	167
11010100011001	310
11010100011010	220
11010100011011	318
11010100011100	210
11010100011101	303
11010100011110	178
11010100011111	323
11010100100000	292
11010100100001	361
11010100100010	228
11010100100011	448
11010100100100	283
11010100100101	464
11010100100110	245
11010100100111	314
11010100101000	364
11010100101001	471
11010100101010	261
11010100101011	414
11010100101100	349
11010100101101	424
11010100101110	234
11010100101111	340
11010100110000	162
11010100110001	360
11010100110010	121
11010100110011	305
11010100110100	156
11010100110101	273
11010100110110	154
11010100110111	237
11010100111000	203
11010100111001	407
11010100111010	188
11010100111011	260
11010100111100	209
11010100111101	317
11010100111110	153
11010100111111	236
11010101000000	291
11010101000001	703
11010101000010	328
11010101000011	592
11010101000100	336
11010101000101	677
11010101000110	240
11010101000111	587
11010101001000	409
11010101001001	716
11010101001010	302
11010101001011	575
11010101001100	338
11010101001101	627
11010101001110	222
11010101001111	448
11010101010000	176
11010101010001	531
11010101010010	113
11010101010011	542
11010101010100	217
11010101010101	672
11010101010110	184
11010101010111	581
11010101011000	249
11010101011001	621
11010101011010	212
11010101011011	506
11010101011100	245
11010101011101	579
11010101011110	229
11010101011111	510
11010101100000	317
11010101100001	598
11010101100010	230
11010101100011	583
11010101100100	406
11010101100101	727
11010101100110	225
11010101100111	523
11010101101000	332
11010101101001	629
11010101101010	312
11010101101011	498
11010101101100	391
11010101101101	542
11010101101110	230
11010101101111	351
11010101110000	183
11010101110001	615
11010101110010	171
11010101110011	637
11010101110100	190
11010101110101	673
11010101110110	137
11010101110111	463
11010101111000	284
11010101111001	658
11010101111010	218
11010101111011	598
11010101111100	263
11010101111101	536
11010101111110	198
11010101111111	449
11010110000000	540
11010110000001	633
11010110000010	472
11010110000011	813
11010110000100	523
11010110000101	865
11010110000110	423
11010110000111	627
11010110001000	523
11010110001001	649
11010110001010	442
11010110001011	632
11010110001100	549
11010110001101	542
11010110001110	520
11010110001111	463
11010110010000	229
11010110010001	545
11010110010010	252
11010110010011	649
11010110010100	269
11010110010101	569
11010110010110	297
11010110010111	655
11010110011000	383
11010110011001	564
11010110011010	292
11010110011011	587
11010110011100	380
11010110011101	507
11010110011110	362
11010110011111	504
11010110100000	435
11010110100001	946
11010110100010	456
11010110100011	747
11010110100100	503
11010110100101	775
11010110100110	458
11010110100111	735
11010110101000	629
11010110101001	690
11010110101010	464
11010110101011	641
11010110101100	537
11010110101101	657
11010110101110	374
11010110101111	618
11010110110000	243
11010110110001	623
11010110110010	300
11010110110011	521
11010110110100	321
11010110110101	680
11010110110110	245
11010110110111	602
11010110111000	405
11010110111001	715
11010110111010	353
11010110111011	708
11010110111100	362
11010110111101	705
11010110111110	359
11010110111111	436
11010111000000	508
11010111000001	748
11010111000010	595
11010111000011	956
11010111000100	419
11010111000101	1193
11010111000110	555
11010111000111	1115
11010111001000	408
11010111001001	997
11010111001010	640
11010111001011	999
11010111001100	625
11010111001101	655
11010111001110	599
11010111001111	744
11010111010000	227
11010111010001	638
11010111010010	242
11010111010011	914
11010111010100	252
11010111010101	742
11010111010110	300
11010111010111	960
11010111011000	290
11010111011001	880
11010111011010	467
11010111011011	943
11010111011100	317
11010111011101	945
11010111011110	452
11010111011111	941
11010111100000	547
11010111100001	1004
11010111100010	589
11010111100011	1035
11010111100100	640
11010111100101	977
11010111100110	592
11010111100111	945
11010111101000	647
11010111101001	1063
11010111101010	567
11010111101011	973
11010111101100	585
11010111101101	852
11010111101110	528
11010111101111	824
11010111110000	225
11010111110001	647
11010111110010	265
11010111110011	683
11010111110100	353
11010111110101	851
11010111110110	329
11010111110111	1068
11010111111000	478
11010111111001	820
11010111111010	446
11010111111011	971
11010111111100	450
11010111111101	1007
11010111111110	392
11010111111111	697
11011000000000	153
11011000000001	281
11011000000010	190
11011000000011	284
11011000000100	220
11011000000101	308
11011000000110	157
11011000000111	243
11011000001000	209
11011000001001	201
11011000001010	243
11011000001011	269
11011000001100	244
11011000001101	233
11011000001110	217
11011000001111	225
11011000010000	98
11011000010001	266
11011000010010	110
11011000010011	198
11011000010100	71
11011000010101	180
11011000010110	129
11011000010111	248
11011000011000	116
11011000011001	250
11011000011010	169
11011000011011	306
11011000011100	149
11011000011101	237
11011000011110	139
11011000011111	198
11011000100000	266
11011000100001	311
11011000100010	213
11011000100011	338
11011000100100	268
11011000100101	303
11011000100110	196
11011000100111	248
11011000101000	271
11011000101001	249
11011000101010	221
11011000101011	312
11011000101100	237
11011000101101	284
11011000101110	169
11011000101111	243
11011000110000	125
11011000110001	242
11011000110010	92
11011000110011	236
11011000110100	112
11011000110101	194
11011000110110	100
11011000110111	205
11011000111000	220
11011000111001	327
11011000111010	155
11011000111011	167
11011000111100	170
11011000111101	237
11011000111110	115
11011000111111	210
11011001000000	258
11011001000001	564
11011001000010	223
11011001000011	509
11011001000100	313
11011001000101	634
11011001000110	214
11011001000111	484
11011001001000	253
11011001001001	453
11011001001010	214
11011001001011	441
11011001001100	207
11011001001101	420
11011001001110	259
11011001001111	338
11011001010000	112
11011001010001	325
11011001010010	118
11011001010011	400
11011001010100	137
11011001010101	355
11011001010110	94
11011001010111	356
11011001011000	199
11011001011001	315
11011001011010	157
11011001011011	298
11011001011100	229
11011001011101	420
11011001011110	191
11011001011111	374
11011001100000	227
11011001100001	540
11011001100010	186
11011001100011	470
11011001100100	221
11011001100101	625
11011001100110	204
11011001100111	271
11011001101000	387
11011001101001	508
11011001101010	247
11011001101011	381
11011001101100	340
11011001101101	481
11011001101110	182
11011001101111	319
11011001110000	138
11011001110001	468
11011001110010	114
11011001110011	320
11011001110100	183
11011001110101	498
11011001110110	134
11011001110111	324
11011001111000	213
11011001111001	447
11011001111010	156
11011001111011	367
11011001111100	212
11011001111101	439
11011001111110	194
11011001111111	322
11011010000000	340
11011010000001	405
11011010000010	240
11011010000011	463
11011010000100	371
11011010000101	445
11011010000110	234
11011010000111	519
11011010001000	247
11011010001001	458
11011010001010	286
11011010001011	417
11011010001100	431
11011010001101	359
11011010001110	289
11011010001111	301
11011010010000	141
11011010010001	348
11011010010010	133
11011010010011	361
11011010010100	127
11011010010101	363
11011010010110	129
11011010010111	334
11011010011000	214
11011010011001	504
11011010011010	208
11011010011011	401
11011010011100	227
11011010011101	296
11011010011110	198
11011010011111	376
11011010100000	326
11011010100001	498
11011010100010	171
11011010100011	445
11011010100100	292
11011010100101	483
11011010100110	284
11011010100111	480
11011010101000	306
11011010101001	428
11011010101010	282
11011010101011	441
11011010101100	356
11011010101101	471
11011010101110	276
11011010101111	382
11011010110000	133
11011010110001	298
11011010110010	160
11011010110011	249
11011010110100	144
11011010110101	329
11011010110110	132
11011010110111	281
11011010111000	237
11011010111001	435
11011010111010	183
11011010111011	425
11011010111100	205
11011010111101	385
11011010111110	174
11011010111111	277
11011011000000	213
11011011000001	453
11011011000010	279
11011011000011	433
11011011000100	218
11011011000101	529
11011011000110	305
11011011000111	534
11011011001000	447
11011011001001	390
11011011001010	318
11011011001011	615
11011011001100	296
11011011001101	393
11011011001110	400
11011011001111	570
11011011010000	127
11011011010001	402
11011011010010	151
11011011010011	511
11011011010100	185
11011011010101	376
11011011010110	158
11011011010111	485
11011011011000	226
11011011011001	439
11011011011010	354
11011011011011	651
11011011011100	200
11011011011101	390
11011011011110	215
11011011011111	578
11011011100000	301
11011011100001	591
11011011100010	384
11011011100011	584
11011011100100	370
11011011100101	644
11011011100110	312
11011011100111	653
11011011101000	357
11011011101001	755
11011011101010	413
11011011101011	570
11011011101100	419
11011011101101	503
11011011101110	313
11011011101111	536
11011011110000	152
11011011110001	484
11011011110010	140
11011011110011	436
11011011110100	138
11011011110101	459
11011011110110	172
11011011110111	422
11011011111000	253
11011011111001	684
11011011111010	287
11011011111011	447
11011011111100	247
11011011111101	490
11011011111110	225
11011011111111	494
11011100000000	134
11011100000001	366
11011100000010	145
11011100000011	286
11011100000100	249
11011100000101	291
11011100000110	172
11011100000111	280
11011100001000	255
11011100001001	253
11011100001010	179
11011100001011	354
11011100001100	205
11011100001101	164
11011100001110	160
11011100001111	245
11011100010000	112
11011100010001	184
11011100010010	87
11011100010011	214
11011100010100	83
11011100010101	166
11011100010110	80
11011100010111	249
11011100011000	124
11011100011001	271
11011100011010	135
11011100011011	261
11011100011100	127
11011100011101	176
11011100011110	124
11011100011111	175
11011100100000	199
11011100100001	279
11011100100010	186
11011100100011	226
11011100100100	200
11011100100101	249
11011100100110	161
11011100100111	213
11011100101000	260
11011100101001	323
11011100101010	201
11011100101011	269
11011100101100	191
11011100101101	201
11011100101110	194
11011100101111	301
11011100110000	135
11011100110001	197
11011100110010	82
11011100110011	143
11011100110100	92
11011100110101	265
11011100110110	77
11011100110111	195
11011100111000	176
11011100111001	264
11011100111010	133
11011100111011	242
11011100111100	134
11011100111101	206
11011100111110	149
11011100111111	261
11011101000000	280
11011101000001	468
11011101000010	218
11011101000011	514
11011101000100	269
11011101000101	538
11011101000110	224
11011101000111	446
11011101001000	255
11011101001001	558
11011101001010	245
11011101001011	359
11011101001100	316
11011101001101	397
11011101001110	220
11011101001111	371
11011101010000	127
11011101010001	365
11011101010010	144
11011101010011	438
11011101010100	146
11011101010101	393
11011101010110	115
11011101010111	439
11011101011000	195
11011101011001	424
11011101011010	178
11011101011011	395
11011101011100	210
11011101011101	483
11011101011110	217
11011101011111	350
11011101100000	274
11011101100001	554
11011101100010	247
11011101100011	430
11011101100100	236
11011101100101	516
11011101100110	215
11011101100111	385
11011101101000	295
11011101101001	461
11011101101010	224
11011101101011	477
11011101101100	292
11011101101101	350
11011101101110	149
11011101101111	260
11011101110000	118
11011101110001	395
11011101110010	132
11011101110011	316
11011101110100	156
11011101110101	500
11011101110110	95
11011101110111	319
11011101111000	230
11011101111001	445
11011101111010	142
11011101111011	433
11011101111100	211
11011101111101	411
11011101111110	203
11011101111111	368
11011110000000	455
11011110000001	652
11011110000010	283
11011110000011	530
11011110000100	396
11011110000101	422
11011110000110	345
11011110000111	593
11011110001000	382
11011110001001	628
11011110001010	487
11011110001011	555
11011110001100	382
11011110001101	458
11011110001110	276
11011110001111	476
11011110010000	150
11011110010001	432
11011110010010	178
11011110010011	553
11011110010100	176
11011110010101	351
11011110010110	224
11011110010111	525
11011110011000	357
11011110011001	537
11011110011010	276
11011110011011	547
11011110011100	269
11011110011101	369
11011110011110	249
11011110011111	547
11011110100000	417
11011110100001	560
11011110100010	404
11011110100011	551
11011110100100	312
11011110100101	647
11011110100110	308
11011110100111	473
11011110101000	488
11011110101001	534
11011110101010	396
11011110101011	480
11011110101100	494
11011110101101	517
11011110101110	379
11011110101111	432
11011110110000	207
11011110110001	448
11011110110010	203
11011110110011	432
11011110110100	187
11011110110101	531
11011110110110	151
11011110110111	426
11011110111000	315
11011110111001	498
11011110111010	290
11011110111011	347
11011110111100	277
11011110111101	493
11011110111110	239
11011110111111	434
11011111000000	342
11011111000001	583
11011111000010	425
11011111000011	820
11011111000100	328
11011111000101	633
11011111000110	409
11011111000111	775
11011111001000	439
11011111001001	621
11011111001010	532
11011111001011	798
11011111001100	273
11011111001101	563
11011111001110	345
11011111001111	702
11011111010000	176
11011111010001	491
11011111010010	214
11011111010011	613
11011111010100	230
11011111010101	451
11011111010110	247
11011111010111	580
11011111011000	262
11011111011001	637
11011111011010	360
11011111011011	568
11011111011100	248
11011111011101	538
11011111011110	367
11011111011111	796
11011111100000	354
11011111100001	820
11011111100010	409
11011111100011	859
11011111100100	426
11011111100101	559
11011111100110	380
11011111100111	873
11011111101000	525
11011111101001	753
11011111101010	537
11011111101011	908
11011111101100	430
11011111101101	624
11011111101110	419
11011111101111	577
11011111110000	187
11011111110001	532
11011111110010	218
11011111110011	560
11011111110100	197
11011111110101	559
11011111110110	240
11011111110111	639
11011111111000	347
11011111111001	596
11011111111010	350
11011111111011	793
11011111111100	394
11011111111101	615
11011111111110	287
11011111111111	585
11100000000000	176
11100000000001	263
11100000000010	190
11100000000011	276
11100000000100	183
11100000000101	244
11100000000110	189
11100000000111	244
11100000001000	227
11100000001001	204
11100000001010	266
11100000001011	158
11100000001100	164
11100000001101	253
11100000001110	187
11100000001111	198
11100000010000	142
11100000010001	225
11100000010010	82
11100000010011	173
11100000010100	85
11100000010101	228
11100000010110	113
11100000010111	183
11100000011000	161
11100000011001	227
11100000011010	152
11100000011011	324
11100000011100	134
11100000011101	170
11100000011110	139
11100000011111	154
11100000100000	285
11100000100001	274
11100000100010	189
11100000100011	257
11100000100100	238
11100000100101	236
11100000100110	214
11100000100111	245
11100000101000	288
11100000101001	341
11100000101010	207
11100000101011	286
11100000101100	228
11100000101101	251
11100000101110	176
11100000101111	263
11100000110000	103
11100000110001	225
11100000110010	65
11100000110011	184
11100000110100	127
11100000110101	178
11100000110110	114
11100000110111	202
11100000111000	187
11100000111001	277
11100000111010	144
11100000111011	298
11100000111100	152
11100000111101	217
11100000111110	136
11100000111111	247
11100001000000	215
11100001000001	349
11100001000010	184
11100001000011	403
11100001000100	208
11100001000101	448
11100001000110	141
11100001000111	302
11100001001000	227
11100001001001	386
11100001001010	235
11100001001011	330
11100001001100	194
11100001001101	296
11100001001110	130
11100001001111	200
11100001010000	94
11100001010001	325
11100001010010	99
11100001010011	377
11100001010100	123
11100001010101	424
11100001010110	81
11100001010111	285
11100001011000	94
11100001011001	368
11100001011010	88
11100001011011	462
11100001011100	140
11100001011101	374
11100001011110	101
11100001011111	325
11100001100000	265
11100001100001	569
11100001100010	204
11100001100011	376
11100001100100	376
11100001100101	469
11100001100110	221
11100001100111	311
11100001101000	248
11100001101001	537
11100001101010	284
11100001101011	437
11100001101100	347
11100001101101	456
11100001101110	194
11100001101111	431
11100001110000	154
11100001110001	400
11100001110010	112
11100001110011	309
11100001110100	151
11100001110101	441
11100001110110	146
11100001110111	335
11100001111000	193
11100001111001	483
11100001111010	164
11100001111011	422
11100001111100	173
11100001111101	359
11100001111110	196
11100001111111	405
11100010000000	166
11100010000001	279
11100010000010	197
11100010000011	310
11100010000100	177
11100010000101	539
11100010000110	189
11100010000111	335
11100010001000	214
11100010001001	322
11100010001010	210
11100010001011	301
11100010001100	175
11100010001101	306
11100010001110	185
11100010001111	271
11100010010000	89
11100010010001	352
11100010010010	107
11100010010011	407
11100010010100	80
11100010010101	241
11100010010110	101
11100010010111	269
11100010011000	175
11100010011001	330
11100010011010	151
11100010011011	282
11100010011100	105
11100010011101	357
11100010011110	196
11100010011111	321
11100010100000	227
11100010100001	346
11100010100010	189
11100010100011	362
11100010100100	219
11100010100101	416
11100010100110	277
11100010100111	450
11100010101000	279
11100010101001	414
11100010101010	304
11100010101011	439
11100010101100	219
11100010101101	431
11100010101110	242
11100010101111	320
11100010110000	102
11100010110001	278
11100010110010	99
11100010110011	326
11100010110100	124
11100010110101	300
11100010110110	127
11100010110111	254
11100010111000	236
11100010111001	400
11100010111010	156
11100010111011	295
11100010111100	163
11100010111101	299
11100010111110	174
11100010111111	270
11100011000000	271
11100011000001	414
11100011000010	238
11100011000011	620
11100011000100	310
11100011000101	535
11100011000110	234
11100011000111	509
11100011001000	382
11100011001001	447
11100011001010	388
11100011001011	610
11100011001100	250
11100011001101	290
11100011001110	214
11100011001111	385
11100011010000	94
11100011010001	323
11100011010010	176
11100011010011	365
11100011010100	140
11100011010101	421
11100011010110	174
11100011010111	447
11100011011000	207
11100011011001	403
11100011011010	196
11100011011011	633
11100011011100	170
11100011011101	348
11100011011110	195
11100011011111	423
11100011100000	352
11100011100001	516
11100011100010	431
11100011100011	522
11100011100100	322
11100011100101	493
11100011100110	312
11100011100111	645
11100011101000	372
11100011101001	341
11100011101010	252
11100011101011	450
11100011101100	294
11100011101101	330
11100011101110	317
11100011101111	382
11100011110000	209
11100011110001	244
11100011110010	165
11100011110011	299
11100011110100	163
11100011110101	418
11100011110110	200
11100011110111	460
11100011111000	246
11100011111001	344
11100011111010	258
11100011111011	342
11100011111100	176
11100011111101	302
11100011111110	234
11100011111111	396
11100100000000	190
11100100000001	254
11100100000010	182
11100100000011	278
11100100000100	129
11100100000101	294
11100100000110	167
11100100000111	238
11100100001000	189
11100100001001	258
11100100001010	141
11100100001011	215
11100100001100	181
11100100001101	213
11100100001110	118
11100100001111	174
11100100010000	97
11100100010001	193
11100100010010	65
11100100010011	231
11100100010100	61
11100100010101	102
11100100010110	69
11100100010111	226
11100100011000	128
11100100011001	157
11100100011010	139
11100100011011	152
11100100011100	121
11100100011101	188
11100100011110	116
11100100011111	191
11100100100000	229
11100100100001	293
11100100100010	226
11100100100011	282
11100100100100	194
11100100100101	259
11100100100110	178
11100100100111	232
11100100101000	212
11100100101001	227
11100100101010	230
11100100101011	245
11100100101100	221
11100100101101	216
11100100101110	162
11100100101111	143
11100100110000	105
11100100110001	258
11100100110010	117
11100100110011	281
11100100110100	138
11100100110101	164
11100100110110	85
11100100110111	242
11100100111000	145
11100100111001	246
11100100111010	229
11100100111011	207
11100100111100	152
11100100111101	260
11100100111110	135
11100100111111	227
11100101000000	214
11100101000001	375
11100101000010	173
11100101000011	355
11100101000100	168
11100101000101	501
11100101000110	130
11100101000111	277
11100101001000	228
11100101001001	356
11100101001010	137
11100101001011	357
11100101001100	145
11100101001101	308
11100101001110	123
11100101001111	208
11100101010000	79
11100101010001	254
11100101010010	83
11100101010011	351
11100101010100	110
11100101010101	372
11100101010110	104
11100101010111	433
11100101011000	125
11100101011001	393
11100101011010	188
11100101011011	330
11100101011100	151
11100101011101	381
11100101011110	98
11100101011111	325
11100101100000	178
11100101100001	453
11100101100010	209
11100101100011	457
11100101100100	246
11100101100101	551
11100101100110	135
11100101100111	358
11100101101000	206
11100101101001	473
11100101101010	155
11100101101011	324
11100101101100	224
11100101101101	362
11100101101110	153
11100101101111	317
11100101110000	90
11100101110001	363
11100101110010	83
11100101110011	257
11100101110100	119
11100101110101	344
11100101110110	100
11100101110111	328
11100101111000	203
11100101111001	497
11100101111010	106
11100101111011	350
11100101111100	152
11100101111101	369
11100101111110	115
11100101111111	273
11100110000000	261
11100110000001	583
11100110000010	283
11100110000011	476
11100110000100	229
11100110000101	452
11100110000110	256
11100110000111	292
11100110001000	361
11100110001001	418
11100110001010	285
11100110001011	343
11100110001100	251
11100110001101	332
11100110001110	269
11100110001111	275
11100110010000	179
11100110010001	522
11100110010010	133
11100110010011	493
11100110010100	184
11100110010101	378
11100110010110	131
11100110010111	429
11100110011000	228
11100110011001	394
11100110011010	194
11100110011011	587
11100110011100	185
11100110011101	438
11100110011110	191
11100110011111	444
11100110100000	288
11100110100001	564
11100110100010	306
11100110100011	575
11100110100100	365
11100110100101	462
11100110100110	337
11100110100111	516
11100110101000	431
11100110101001	569
11100110101010	333
11100110101011	428
11100110101100	423
11100110101101	514
11100110101110	354
11100110101111	361
11100110110000	168
11100110110001	390
11100110110010	147
11100110110011	419
11100110110100	194
11100110110101	365
11100110110110	187
11100110110111	335
11100110111000	305
11100110111001	509
11100110111010	201
11100110111011	367
11100110111100	199
11100110111101	437
11100110111110	178
11100110111111	295
11100111000000	303
11100111000001	412
11100111000010	440
11100111000011	750
11100111000100	335
11100111000101	476
11100111000110	357
11100111000111	532
11100111001000	397
11100111001001	535
11100111001010	444
11100111001011	664
11100111001100	273
11100111001101	428
11100111001110	303
11100111001111	495
11100111010000	175
11100111010001	361
11100111010010	162
11100111010011	497
11100111010100	163
11100111010101	490
11100111010110	191
11100111010111	534
11100111011000	202
11100111011001	388
11100111011010	290
11100111011011	543
11100111011100	190
11100111011101	418
11100111011110	219
11100111011111	533
11100111100000	300
11100111100001	558
11100111100010	429
11100111100011	642
11100111100100	318
11100111100101	697
11100111100110	479
11100111100111	613
11100111101000	474
11100111101001	682
11100111101010	425
11100111101011	765
11100111101100	399
11100111101101	637
11100111101110	382
11100111101111	574
11100111110000	186
11100111110001	371
11100111110010	225
11100111110011	557
11100111110100	175
11100111110101	466
11100111110110	225
11100111110111	713
11100111111000	247
11100111111001	534
11100111111010	292
11100111111011	480
11100111111100	359
11100111111101	427
11100111111110	276
11100111111111	615
11101000000000	275
11101000000001	384
11101000000010	218
11101000000011	418
11101000000100	192
11101000000101	432
11101000000110	176
11101000000111	458
11101000001000	303
11101000001001	441
11101000001010	241
11101000001011	432
11101000001100	200
11101000001101	393
11101000001110	311
11101000001111	311
11101000010000	184
11101000010001	303
11101000010010	165
11101000010011	322
11101000010100	109
11101000010101	320
11101000010110	155
11101000010111	247
11101000011000	187
11101000011001	292
11101000011010	181
11101000011011	337
11101000011100	209
11101000011101	227
11101000011110	149
11101000011111	359
11101000100000	273
11101000100001	361
11101000100010	279
11101000100011	424
11101000100100	349
11101000100101	358
11101000100110	250
11101000100111	401
11101000101000	452
11101000101001	446
11101000101010	339
11101000101011	476
11101000101100	385
11101000101101	402
11101000101110	271
11101000101111	252
11101000110000	162
11101000110001	297
11101000110010	170
11101000110011	249
11101000110100	171
11101000110101	342
11101000110110	161
11101000110111	305
11101000111000	257
11101000111001	426
11101000111010	266
11101000111011	375
11101000111100	235
11101000111101	355
11101000111110	154
11101000111111	271
11101001000000	289
11101001000001	610
11101001000010	228
11101001000011	695
11101001000100	345
11101001000101	628
11101001000110	296
11101001000111	491
11101001001000	344
11101001001001	661
11101001001010	255
11101001001011	521
11101001001100	310
11101001001101	656
11101001001110	201
11101001001111	366
11101001010000	166
11101001010001	515
11101001010010	174
11101001010011	589
11101001010100	263
11101001010101	534
11101001010110	169
11101001010111	585
11101001011000	270
11101001011001	771
11101001011010	239
11101001011011	508
11101001011100	249
11101001011101	525
11101001011110	242
11101001011111	573
11101001100000	291
11101001100001	794
11101001100010	321
11101001100011	700
11101001100100	435
11101001100101	942
11101001100110	299
11101001100111	616
11101001101000	515
11101001101001	580
11101001101010	342
11101001101011	724
11101001101100	482
11101001101101	769
11101001101110	312
11101001101111	537
11101001110000	200
11101001110001	535
11101001110010	180
11101001110011	646
11101001110100	237
11101001110101	797
11101001110110	165
11101001110111	553
11101001111000	308
11101001111001	507
11101001111010	208
11101001111011	586
11101001111100	215
11101001111101	495
11101001111110	224
11101001111111	467
11101010000000	412
11101010000001	661
11101010000010	427
11101010000011	506
11101010000100	408
11101010000101	468
11101010000110	414
11101010000111	615
11101010001000	474
11101010001001	621
11101010001010	533
11101010001011	652
11101010001100	378
11101010001101	471
11101010001110	502
11101010001111	509
11101010010000	215
11101010010001	492
11101010010010	198
11101010010011	490
11101010010100	194
11101010010101	571
11101010010110	196
11101010010111	562
11101010011000	330
11101010011001	639
11101010011010	387
11101010011011	494
11101010011100	267
11101010011101	496
11101010011110	280
11101010011111	505
11101010100000	473
11101010100001	883
11101010100010	372
11101010100011	699
11101010100100	369
11101010100101	796
11101010100110	461
11101010100111	818
11101010101000	570
11101010101001	771
11101010101010	477
11101010101011	703
11101010101100	469
11101010101101	859
11101010101110	426
11101010101111	615
11101010110000	188
11101010110001	475
11101010110010	185
11101010110011	599
11101010110100	208
11101010110101	657
11101010110110	211
11101010110111	530
11101010111000	307
11101010111001	657
11101010111010	269
11101010111011	801
11101010111100	328
11101010111101	474
11101010111110	260
11101010111111	421
11101011000000	387
11101011000001	737
11101011000010	360
11101011000011	827
11101011000100	380
11101011000101	833
11101011000110	424
11101011000111	873
11101011001000	442
11101011001001	670
11101011001010	541
11101011001011	789
11101011001100	422
11101011001101	811
11101011001110	462
11101011001111	719
11101011010000	202
11101011010001	476
11101011010010	239
11101011010011	585
11101011010100	162
11101011010101	626
11101011010110	298
11101011010111	793
11101011011000	294
11101011011001	568
11101011011010	288
11101011011011	912
11101011011100	349
11101011011101	703
11101011011110	444
11101011011111	649
11101011100000	403
11101011100001	886
11101011100010	398
11101011100011	875
11101011100100	509
11101011100101	950
11101011100110	662
11101011100111	930
11101011101000	599
11101011101001	811
11101011101010	500
11101011101011	890
11101011101100	572
11101011101101	904
11101011101110	592
11101011101111	661
11101011110000	232
11101011110001	682
11101011110010	244
11101011110011	729
11101011110100	347
11101011110101	712
11101011110110	240
11101011110111	793
11101011111000	364
11101011111001	702
11101011111010	363
11101011111011	626
11101011111100	333
11101011111101	545
11101011111110	337
11101011111111	568
11101100000000	222
11101100000001	442
11101100000010	290
11101100000011	340
11101100000100	256
11101100000101	324
11101100000110	242
11101100000111	415
11101100001000	331
11101100001001	364
11101100001010	311
11101100001011	324
11101100001100	236
11101100001101	263
11101100001110	268
11101100001111	310
11101100010000	118
11101100010001	274
11101100010010	99
11101100010011	328
11101100010100	150
11101100010101	242
11101100010110	131
11101100010111	242
11101100011000	179
11101100011001	320
11101100011010	166
11101100011011	409
11101100011100	183
11101100011101	223
11101100011110	191
11101100011111	303
11101100100000	300
11101100100001	431
11101100100010	320
11101100100011	436
11101100100100	346
11101100100101	410
11101100100110	262
11101100100111	438
11101100101000	390
11101100101001	337
11101100101010	306
11101100101011	359
11101100101100	308
11101100101101	400
11101100101110	333
11101100101111	349
11101100110000	114
11101100110001	288
11101100110010	125
11101100110011	231
11101100110100	133
11101100110101	287
11101100110110	136
11101100110111	328
11101100111000	286
11101100111001	432
11101100111010	200
11101100111011	328
11101100111100	263
11101100111101	216
11101100111110	145
11101100111111	254
11101101000000	167
11101101000001	757
11101101000010	273
11101101000011	732
11101101000100	335
11101101000101	660
11101101000110	268
11101101000111	518
11101101001000	417
11101101001001	588
11101101001010	285
11101101001011	549
11101101001100	305
11101101001101	542
11101101001110	240
11101101001111	416
11101101010000	137
11101101010001	563
11101101010010	156
11101101010011	482
11101101010100	264
11101101010101	626
11101101010110	193
11101101010111	542
11101101011000	198
11101101011001	765
11101101011010	242
11101101011011	472
11101101011100	265
11101101011101	484
11101101011110	205
11101101011111	490
11101101100000	400
11101101100001	842
11101101100010	207
11101101100011	633
11101101100100	350
11101101100101	889
11101101100110	340
11101101100111	685
11101101101000	554
11101101101001	724
11101101101010	376
11101101101011	734
11101101101100	576
11101101101101	700
11101101101110	424
11101101101111	520
11101101110000	237
11101101110001	708
11101101110010	174
11101101110011	515
11101101110100	255
11101101110101	845
11101101110110	185
11101101110111	592
11101101111000	245
11101101111001	666
11101101111010	262
11101101111011	499
11101101111100	333
11101101111101	586
11101101111110	228
11101101111111	446
11101110000000	492
11101110000001	888
11101110000010	585
11101110000011	804
11101110000100	537
11101110000101	885
11101110000110	556
11101110000111	766
11101110001000	515
11101110001001	717
11101110001010	622
11101110001011	642
11101110001100	439
11101110001101	647
11101110001110	512
11101110001111	651
11101110010000	233
11101110010001	749
11101110010010	292
11101110010011	615
11101110010100	268
11101110010101	592
11101110010110	269
11101110010111	711
11101110011000	394
11101110011001	610
11101110011010	493
11101110011011	813
11101110011100	348
11101110011101	443
11101110011110	379
11101110011111	740
11101110100000	621
11101110100001	1036
11101110100010	476
11101110100011	779
11101110100100	583
11101110100101	956
11101110100110	554
11101110100111	717
11101110101000	667
11101110101001	791
11101110101010	701
11101110101011	733
11101110101100	640
11101110101101	939
11101110101110	477
11101110101111	680
11101110110000	284
11101110110001	620
11101110110010	251
11101110110011	593
11101110110100	357
11101110110101	933
11101110110110	333
11101110110111	572
11101110111000	459
11101110111001	712
11101110111010	451
11101110111011	638
11101110111100	422
11101110111101	802
11101110111110	413
11101110111111	715
11101111000000	453
11101111000001	975
11101111000010	595
11101111000011	1091
11101111000100	375
11101111000101	1029
11101111000110	549
11101111000111	1088
11101111001000	553
11101111001001	776
11101111001010	766
11101111001011	1178
11101111001100	542
11101111001101	845
11101111001110	565
11101111001111	879
11101111010000	219
11101111010001	514
11101111010010	259
11101111010011	761
11101111010100	205
11101111010101	542
11101111010110	368
11101111010111	834
11101111011000	356
11101111011001	798
11101111011010	450
11101111011011	894
11101111011100	341
11101111011101	702
11101111011110	377
11101111011111	798
11101111100000	559
11101111100001	731
11101111100010	674
11101111100011	1099
11101111100100	585
11101111100101	1077
11101111100110	585
11101111100111	1255
11101111101000	624
11101111101001	1034
11101111101010	748
11101111101011	1211
11101111101100	560
11101111101101	909
11101111101110	667
11101111101111	849
11101111110000	271
11101111110001	761
11101111110010	306
11101111110011	1011
11101111110100	221
11101111110101	815
11101111110110	266
11101111110111	856
11101111111000	394
11101111111001	923
11101111111010	520
11101111111011	932
11101111111100	445
11101111111101	832
11101111111110	472
11101111111111	1043
11110000000000	280
11110000000001	388
11110000000010	296
11110000000011	449
11110000000100	311
11110000000101	396
11110000000110	207
11110000000111	349
11110000001000	269
11110000001001	415
11110000001010	284
11110000001011	329
11110000001100	231
11110000001101	359
11110000001110	211
11110000001111	269
11110000010000	147
11110000010001	280
11110000010010	152
11110000010011	357
11110000010100	144
11110000010101	347
11110000010110	166
11110000010111	320
11110000011000	227
11110000011001	317
11110000011010	228
11110000011011	323
11110000011100	208
11110000011101	314
11110000011110	143
11110000011111	314
11110000100000	383
11110000100001	452
11110000100010	230
11110000100011	460
11110000100100	294
11110000100101	507
11110000100110	258
11110000100111	383
11110000101000	456
11110000101001	491
11110000101010	389
11110000101011	395
11110000101100	342
11110000101101	471
11110000101110	311
11110000101111	267
11110000110000	174
11110000110001	391
11110000110010	155
11110000110011	424
11110000110100	172
11110000110101	390
11110000110110	137
11110000110111	354
11110000111000	299
11110000111001	438
11110000111010	224
11110000111011	314
11110000111100	228
11110000111101	321
11110000111110	253
11110000111111	377
11110001000000	314
11110001000001	784
11110001000010	311
11110001000011	638
11110001000100	292
11110001000101	512
11110001000110	150
11110001000111	397
11110001001000	425
11110001001001	753
11110001001010	235
11110001001011	407
11110001001100	275
11110001001101	456
11110001001110	142
11110001001111	325
11110001010000	198
11110001010001	774
11110001010010	172
11110001010011	440
11110001010100	116
11110001010101	472
11110001010110	171
11110001010111	510
11110001011000	304
11110001011001	729
11110001011010	202
11110001011011	565
11110001011100	260
11110001011101	550
11110001011110	169
11110001011111	422
11110001100000	412
11110001100001	840
11110001100010	285
11110001100011	669
11110001100100	399
11110001100101	729
11110001100110	191
11110001100111	496
11110001101000	501
11110001101001	712
11110001101010	324
11110001101011	588
11110001101100	369
11110001101101	568
11110001101110	284
11110001101111	509
11110001110000	249
11110001110001	681
11110001110010	200
11110001110011	626
11110001110100	285
11110001110101	752
11110001110110	226
11110001110111	471
11110001111000	272
11110001111001	892
11110001111010	228
11110001111011	618
11110001111100	318
11110001111101	767
11110001111110	261
11110001111111	599
11110010000000	337
11110010000001	532
11110010000010	395
11110010000011	644
11110010000100	386
11110010000101	690
11110010000110	322
11110010000111	663
11110010001000	384
11110010001001	519
11110010001010	375
11110010001011	634
11110010001100	390
11110010001101	492
11110010001110	323
11110010001111	512
11110010010000	206
11110010010001	603
11110010010010	205
11110010010011	381
11110010010100	217
11110010010101	444
11110010010110	209
11110010010111	579
11110010011000	270
11110010011001	527
11110010011010	324
11110010011011	801
11110010011100	280
11110010011101	466
11110010011110	293
11110010011111	597
11110010100000	377
11110010100001	785
11110010100010	431
11110010100011	446
11110010100100	366
11110010100101	744
11110010100110	384
11110010100111	552
11110010101000	566
11110010101001	797
11110010101010	504
11110010101011	778
11110010101100	424
11110010101101	652
11110010101110	367
11110010101111	416
11110010110000	214
11110010110001	456
11110010110010	190
11110010110011	558
11110010110100	208
11110010110101	634
11110010110110	226
11110010110111	525
11110010111000	324
11110010111001	674
11110010111010	349
11110010111011	594
11110010111100	315
11110010111101	518
11110010111110	299
11110010111111	461
11110011000000	416
11110011000001	642
11110011000010	379
11110011000011	812
11110011000100	441
11110011000101	826
11110011000110	339
11110011000111	736
11110011001000	521
11110011001001	665
11110011001010	376
11110011001011	597
11110011001100	364
11110011001101	525
11110011001110	357
11110011001111	493
11110011010000	191
11110011010001	581
11110011010010	257
11110011010011	661
11110011010100	225
11110011010101	522
11110011010110	260
11110011010111	762
11110011011000	295
11110011011001	781
11110011011010	365
11110011011011	717
11110011011100	279
11110011011101	715
11110011011110	354
11110011011111	700
11110011100000	437
11110011100001	721
11110011100010	497
11110011100011	927
11110011100100	425
11110011100101	815
11110011100110	497
11110011100111	866
11110011101000	526
11110011101001	854
11110011101010	614
11110011101011	1163
11110011101100	575
11110011101101	808
11110011101110	489
11110011101111	681
11110011110000	229
11110011110001	595
11110011110010	309
11110011110011	596
11110011110100	267
11110011110101	759
11110011110110	257
11110011110111	729
11110011111000	332
11110011111001	732
11110011111010	371
11110011111011	816
11110011111100	362
11110011111101	689
11110011111110	423
11110011111111	892
11110100000000	262
11110100000001	463
11110100000010	250
11110100000011	349
11110100000100	210
11110100000101	396
11110100000110	163
11110100000111	271
11110100001000	297
11110100001001	350
11110100001010	280
11110100001011	391
11110100001100	257
11110100001101	333
11110100001110	193
11110100001111	304
11110100010000	178
11110100010001	308
11110100010010	174
11110100010011	342
11110100010100	129
11110100010101	378
11110100010110	127
11110100010111	347
11110100011000	194
11110100011001	298
11110100011010	221
11110100011011	443
11110100011100	244
11110100011101	320
11110100011110	211
11110100011111	372
11110100100000	306
11110100100001	451
11110100100010	251
11110100100011	461
11110100100100	360
11110100100101	539
11110100100110	283
11110100100111	376
11110100101000	310
11110100101001	509
11110100101010	303
11110100101011	513
11110100101100	340
11110100101101	400
11110100101110	282
11110100101111	372
11110100110000	187
11110100110001	314
11110100110010	184
11110100110011	285
11110100110100	140
11110100110101	398
11110100110110	149
11110100110111	318
11110100111000	309
11110100111001	402
11110100111010	219
11110100111011	338
11110100111100	225
11110100111101	306
11110100111110	216
11110100111111	295
11110101000000	355
11110101000001	725
11110101000010	278
11110101000011	554
11110101000100	293
11110101000101	690
11110101000110	204
11110101000111	508
11110101001000	378
11110101001001	668
11110101001010	248
11110101001011	264
11110101001100	239
11110101001101	583
11110101001110	190
11110101001111	301
11110101010000	222
11110101010001	514
11110101010010	187
11110101010011	457
11110101010100	199
11110101010101	683
11110101010110	151
11110101010111	602
11110101011000	251
11110101011001	695
11110101011010	234
11110101011011	651
11110101011100	190
11110101011101	524
11110101011110	160
11110101011111	492
11110101100000	396
11110101100001	791
11110101100010	399
11110101100011	800
11110101100100	440
11110101100101	864
11110101100110	336
11110101100111	427
11110101101000	417
11110101101001	777
11110101101010	334
11110101101011	612
11110101101100	351
11110101101101	633
11110101101110	251
11110101101111	432
11110101110000	204
11110101110001	737
11110101110010	196
11110101110011	564
11110101110100	282
11110101110101	721
11110101110110	156
11110101110111	607
11110101111000	387
11110101111001	713
11110101111010	255
11110101111011	610
11110101111100	348
11110101111101	964
11110101111110	242
11110101111111	794
11110110000000	557
11110110000001	1160
11110110000010	420
11110110000011	931
11110110000100	522
11110110000101	715
11110110000110	461
11110110000111	669
11110110001000	559
11110110001001	759
11110110001010	591
11110110001011	597
11110110001100	419
11110110001101	653
11110110001110	394
11110110001111	535
11110110010000	270
11110110010001	673
11110110010010	289
11110110010011	741
11110110010100	370
11110110010101	819
11110110010110	320
11110110010111	623
11110110011000	421
11110110011001	730
11110110011010	395
11110110011011	656
11110110011100	374
11110110011101	647
11110110011110	303
11110110011111	726
11110110100000	617
11110110100001	901
11110110100010	469
11110110100011	1047
11110110100100	604
11110110100101	815
11110110100110	569
11110110100111	982
11110110101000	623
11110110101001	1005
11110110101010	562
11110110101011	897
11110110101100	709
11110110101101	761
11110110101110	450
11110110101111	572
11110110110000	336
11110110110001	805
11110110110010	312
11110110110011	726
11110110110100	297
11110110110101	795
11110110110110	267
11110110110111	631
11110110111000	498
11110110111001	813
11110110111010	387
11110110111011	965
11110110111100	461
11110110111101	779
11110110111110	393
11110110111111	795
11110111000000	537
11110111000001	987
11110111000010	540
11110111000011	1360
11110111000100	457
11110111000101	1119
11110111000110	364
11110111000111	912
11110111001000	508
11110111001001	1043
11110111001010	566
11110111001011	944
11110111001100	494
11110111001101	945
11110111001110	507
11110111001111	748
11110111010000	216
11110111010001	746
11110111010010	322
11110111010011	916
11110111010100	186
11110111010101	797
11110111010110	355
11110111010111	955
11110111011000	333
11110111011001	762
11110111011010	594
11110111011011	933
11110111011100	328
11110111011101	767
11110111011110	440
11110111011111	969
11110111100000	537
11110111100001	1102
11110111100010	666
11110111100011	1318
11110111100100	542
11110111100101	1050
11110111100110	595
11110111100111	1101
11110111101000	727
11110111101001	1043
11110111101010	785
11110111101011	1171
11110111101100	729
11110111101101	957
11110111101110	543
11110111101111	823
11110111110000	312
11110111110001	793
11110111110010	382
11110111110011	952
11110111110100	331
11110111110101	982
11110111110110	351
11110111110111	1036
11110111111000	535
11110111111001	897
11110111111010	499
11110111111011	1113
11110111111100	456
11110111111101	775
11110111111110	481
11110111111111	888
11111000000000	157
11111000000001	324
11111000000010	194
11111000000011	297
11111000000100	184
11111000000101	321
11111000000110	189
11111000000111	279
11111000001000	271
11111000001001	284
11111000001010	227
11111000001011	345
11111000001100	247
11111000001101	299
11111000001110	182
11111000001111	155
11111000010000	122
11111000010001	228
11111000010010	151
11111000010011	211
11111000010100	156
11111000010101	267
11111000010110	149
11111000010111	212
11111000011000	105
11111000011001	255
11111000011010	160
11111000011011	206
11111000011100	149
11111000011101	248
11111000011110	171
11111000011111	223
11111000100000	280
11111000100001	415
11111000100010	198
11111000100011	415
11111000100100	227
11111000100101	417
11111000100110	222
11111000100111	286
11111000101000	201
11111000101001	348
11111000101010	313
11111000101011	382
11111000101100	239
11111000101101	310
11111000101110	187
11111000101111	259
11111000110000	143
11111000110001	345
11111000110010	152
11111000110011	245
11111000110100	126
11111000110101	328
11111000110110	149
11111000110111	222
11111000111000	227
11111000111001	345
11111000111010	206
11111000111011	266
11111000111100	208
11111000111101	229
11111000111110	147
11111000111111	272
11111001000000	288
11111001000001	579
11111001000010	157
11111001000011	492
11111001000100	231
11111001000101	537
11111001000110	182
11111001000111	367
11111001001000	408
11111001001001	663
11111001001010	230
11111001001011	398
11111001001100	226
11111001001101	496
11111001001110	194
11111001001111	331
11111001010000	143
11111001010001	315
11111001010010	138
11111001010011	273
11111001010100	213
11111001010101	570
11111001010110	184
11111001010111	444
11111001011000	189
11111001011001	513
11111001011010	166
11111001011011	471
11111001011100	168
11111001011101	389
11111001011110	200
11111001011111	488
11111001100000	330
11111001100001	718
11111001100010	294
11111001100011	580
11111001100100	370
11111001100101	609
11111001100110	241
11111001100111	438
11111001101000	413
11111001101001	751
11111001101010	308
11111001101011	514
11111001101100	265
11111001101101	664
11111001101110	188
11111001101111	410
11111001110000	158
11111001110001	559
11111001110010	160
11111001110011	493
11111001110100	178
11111001110101	592
11111001110110	180
11111001110111	518
11111001111000	225
11111001111001	600
11111001111010	243
11111001111011	554
11111001111100	287
11111001111101	593
11111001111110	214
11111001111111	299
11111010000000	386
11111010000001	620
11111010000010	253
11111010000011	566
11111010000100	383
11111010000101	570
11111010000110	305
11111010000111	470
11111010001000	439
11111010001001	667
11111010001010	317
11111010001011	388
11111010001100	314
11111010001101	445
11111010001110	247
11111010001111	325
11111010010000	200
11111010010001	456
11111010010010	178
11111010010011	368
11111010010100	135
11111010010101	437
11111010010110	154
11111010010111	401
11111010011000	238
11111010011001	500
11111010011010	257
11111010011011	431
11111010011100	212
11111010011101	354
11111010011110	213
11111010011111	531
11111010100000	371
11111010100001	675
11111010100010	310
11111010100011	536
11111010100100	345
11111010100101	519
11111010100110	263
11111010100111	558
11111010101000	427
11111010101001	421
11111010101010	439
11111010101011	659
11111010101100	341
11111010101101	648
11111010101110	331
11111010101111	424
11111010110000	154
11111010110001	459
11111010110010	197
11111010110011	257
11111010110100	204
11111010110101	361
11111010110110	171
11111010110111	406
11111010111000	250
11111010111001	484
11111010111010	292
11111010111011	543
11111010111100	265
11111010111101	530
11111010111110	254
11111010111111	411
11111011000000	247
11111011000001	677
11111011000010	370
11111011000011	551
11111011000100	272
11111011000101	634
11111011000110	392
11111011000111	628
11111011001000	345
11111011001001	575
11111011001010	345
11111011001011	666
11111011001100	274
11111011001101	549
11111011001110	359
11111011001111	559
11111011010000	158
11111011010001	448
11111011010010	191
11111011010011	619
11111011010100	166
11111011010101	440
11111011010110	188
11111011010111	697
11111011011000	235
11111011011001	567
11111011011010	261
11111011011011	921
11111011011100	210
11111011011101	567
11111011011110	338
11111011011111	685
11111011100000	400
11111011100001	534
11111011100010	483
11111011100011	947
11111011100100	377
11111011100101	717
11111011100110	393
11111011100111	638
11111011101000	433
11111011101001	819
11111011101010	554
11111011101011	666
11111011101100	432
11111011101101	705
11111011101110	450
11111011101111	651
11111011110000	199
11111011110001	535
11111011110010	272
11111011110011	732
11111011110100	236
11111011110101	624
11111011110110	267
11111011110111	567
11111011111000	374
11111011111001	594
11111011111010	361
11111011111011	752
11111011111100	296
11111011111101	554
11111011111110	303
11111011111111	718
11111100000000	223
11111100000001	358
11111100000010	177
11111100000011	344
11111100000100	180
11111100000101	273
11111100000110	161
11111100000111	348
11111100001000	261
11111100001001	392
11111100001010	209
11111100001011	339
11111100001100	178
11111100001101	236
11111100001110	172
11111100001111	181
11111100010000	115
11111100010001	245
11111100010010	103
11111100010011	316
11111100010100	126
11111100010101	222
11111100010110	111
11111100010111	204
11111100011000	232
11111100011001	364
11111100011010	173
11111100011011	329
11111100011100	189
11111100011101	221
11111100011110	205
11111100011111	259
11111100100000	279
11111100100001	399
11111100100010	201
11111100100011	248
11111100100100	239
11111100100101	375
11111100100110	205
11111100100111	342
11111100101000	270
11111100101001	400
11111100101010	251
11111100101011	423
11111100101100	278
11111100101101	340
11111100101110	202
11111100101111	266
11111100110000	136
11111100110001	286
11111100110010	109
11111100110011	230
11111100110100	191
11111100110101	286
11111100110110	165
11111100110111	325
11111100111000	190
11111100111001	395
11111100111010	171
11111100111011	313
11111100111100	177
11111100111101	369
11111100111110	181
11111100111111	327
11111101000000	224
11111101000001	522
11111101000010	187
11111101000011	549
11111101000100	248
11111101000101	540
11111101000110	174
11111101000111	376
11111101001000	437
11111101001001	536
11111101001010	329
11111101001011	470
11111101001100	279
11111101001101	558
11111101001110	181
11111101001111	223
11111101010000	161
11111101010001	660
11111101010010	120
11111101010011	396
11111101010100	178
11111101010101	473
11111101010110	160
11111101010111	396
11111101011000	223
11111101011001	548
11111101011010	198
11111101011011	573
11111101011100	250
11111101011101	535
11111101011110	232
11111101011111	278
11111101100000	312
11111101100001	575
11111101100010	255
11111101100011	674
11111101100100	404
11111101100101	615
11111101100110	284
11111101100111	613
11111101101000	446
11111101101001	631
11111101101010	269
11111101101011	566
11111101101100	355
11111101101101	512
11111101101110	259
11111101101111	327
11111101110000	169
11111101110001	530
11111101110010	169
11111101110011	340
11111101110100	187
11111101110101	697
11111101110110	175
11111101110111	485
11111101111000	326
11111101111001	634
11111101111010	267
11111101111011	482
11111101111100	268
11111101111101	461
11111101111110	194
11111101111111	485
11111110000000	474
11111110000001	499
11111110000010	486
11111110000011	829
11111110000100	320
11111110000101	592
11111110000110	431
11111110000111	598
11111110001000	371
11111110001001	562
11111110001010	570
11111110001011	727
11111110001100	451
11111110001101	579
11111110001110	398
11111110001111	419
11111110010000	232
11111110010001	571
11111110010010	248
11111110010011	623
11111110010100	194
11111110010101	601
11111110010110	241
11111110010111	367
11111110011000	266
11111110011001	787
11111110011010	390
11111110011011	605
11111110011100	314
11111110011101	541
11111110011110	287
11111110011111	551
11111110100000	463
11111110100001	930
11111110100010	461
11111110100011	785
11111110100100	633
11111110100101	784
11111110100110	394
11111110100111	596
11111110101000	572
11111110101001	817
11111110101010	472
11111110101011	841
11111110101100	508
11111110101101	627
11111110101110	469
11111110101111	552
11111110110000	236
11111110110001	532
11111110110010	228
11111110110011	666
11111110110100	294
11111110110101	480
11111110110110	319
11111110110111	636
11111110111000	439
11111110111001	684
11111110111010	343
11111110111011	771
11111110111100	346
11111110111101	779
11111110111110	347
11111110111111	598
11111111000000	320
11111111000001	931
11111111000010	397
11111111000011	863
11111111000100	367
11111111000101	658
11111111000110	393
11111111000111	1095
11111111001000	412
11111111001001	773
11111111001010	553
11111111001011	1073
11111111001100	403
11111111001101	718
11111111001110	390
11111111001111	736
11111111010000	161
11111111010001	595
11111111010010	236
11111111010011	742
11111111010100	193
11111111010101	656
11111111010110	246
11111111010111	731
11111111011000	287
11111111011001	583
11111111011010	285
11111111011011	692
11111111011100	271
11111111011101	648
11111111011110	354
11111111011111	726
11111111100000	493
11111111100001	992
11111111100010	522
11111111100011	978
11111111100100	464
11111111100101	864
11111111100110	503
11111111100111	843
11111111101000	556
11111111101001	930
11111111101010	753
11111111101011	1262
11111111101100	608
11111111101101	915
11111111101110	601
11111111101111	962
11111111110000	247
11111111110001	580
11111111110010	306
11111111110011	759
11111111110100	258
11111111110101	634
11111111110110	267
11111111110111	819
11111111111000	438
11111111111001	931
11111111111010	441
11111111111011	855
11111111111100	346
11111111111101	734
11111111111110	302
11111111111111	812
5	9
