 	count
00000000000000	105
00000000000001	103
00000000000010	157
00000000000011	172
00000000000100	134
00000000000101	135
00000000000110	99
00000000000111	169
00000000001000	130
00000000001001	216
00000000001010	127
00000000001011	183
00000000001100	128
00000000001101	139
00000000001110	139
00000000001111	157
00000000010000	48
00000000010001	148
00000000010010	72
00000000010011	142
00000000010100	60
00000000010101	149
00000000010110	77
00000000010111	170
00000000011000	87
00000000011001	122
00000000011010	121
00000000011011	131
00000000011100	92
00000000011101	102
00000000011110	92
00000000011111	112
00000000100000	107
00000000100001	179
00000000100010	160
00000000100011	214
00000000100100	160
00000000100101	194
00000000100110	120
00000000100111	171
00000000101000	206
00000000101001	214
00000000101010	206
00000000101011	199
00000000101100	150
00000000101101	124
00000000101110	180
00000000101111	133
00000000110000	88
00000000110001	113
00000000110010	87
00000000110011	102
00000000110100	119
00000000110101	118
00000000110110	78
00000000110111	157
00000000111000	138
00000000111001	145
00000000111010	126
00000000111011	164
00000000111100	115
00000000111101	164
00000000111110	159
00000000111111	136
00000001000000	149
00000001000001	229
00000001000010	118
00000001000011	257
00000001000100	121
00000001000101	228
00000001000110	103
00000001000111	215
00000001001000	151
00000001001001	240
00000001001010	142
00000001001011	214
00000001001100	148
00000001001101	234
00000001001110	131
00000001001111	209
00000001010000	70
00000001010001	188
00000001010010	80
00000001010011	127
00000001010100	61
00000001010101	130
00000001010110	66
00000001010111	157
00000001011000	95
00000001011001	223
00000001011010	116
00000001011011	161
00000001011100	93
00000001011101	184
00000001011110	101
00000001011111	202
00000001100000	145
00000001100001	221
00000001100010	149
00000001100011	205
00000001100100	217
00000001100101	284
00000001100110	157
00000001100111	205
00000001101000	169
00000001101001	277
00000001101010	191
00000001101011	183
00000001101100	169
00000001101101	228
00000001101110	118
00000001101111	191
00000001110000	85
00000001110001	235
00000001110010	55
00000001110011	143
00000001110100	95
00000001110101	235
00000001110110	106
00000001110111	205
00000001111000	140
00000001111001	244
00000001111010	131
00000001111011	217
00000001111100	102
00000001111101	193
00000001111110	104
00000001111111	177
00000010000000	119
00000010000001	147
00000010000010	105
00000010000011	188
00000010000100	134
00000010000101	176
00000010000110	184
00000010000111	207
00000010001000	138
00000010001001	194
00000010001010	180
00000010001011	153
00000010001100	147
00000010001101	165
00000010001110	160
00000010001111	156
00000010010000	79
00000010010001	148
00000010010010	67
00000010010011	166
00000010010100	65
00000010010101	191
00000010010110	81
00000010010111	226
00000010011000	76
00000010011001	200
00000010011010	95
00000010011011	125
00000010011100	102
00000010011101	137
00000010011110	86
00000010011111	245
00000010100000	211
00000010100001	289
00000010100010	153
00000010100011	176
00000010100100	168
00000010100101	262
00000010100110	133
00000010100111	198
00000010101000	183
00000010101001	216
00000010101010	162
00000010101011	249
00000010101100	160
00000010101101	216
00000010101110	151
00000010101111	198
00000010110000	95
00000010110001	175
00000010110010	65
00000010110011	184
00000010110100	95
00000010110101	158
00000010110110	91
00000010110111	147
00000010111000	136
00000010111001	233
00000010111010	102
00000010111011	194
00000010111100	116
00000010111101	253
00000010111110	91
00000010111111	203
00000011000000	179
00000011000001	327
00000011000010	180
00000011000011	287
00000011000100	163
00000011000101	333
00000011000110	174
00000011000111	291
00000011001000	248
00000011001001	317
00000011001010	125
00000011001011	250
00000011001100	231
00000011001101	291
00000011001110	216
00000011001111	196
00000011010000	87
00000011010001	206
00000011010010	77
00000011010011	191
00000011010100	99
00000011010101	259
00000011010110	117
00000011010111	279
00000011011000	168
00000011011001	176
00000011011010	123
00000011011011	170
00000011011100	182
00000011011101	339
00000011011110	113
00000011011111	160
00000011100000	218
00000011100001	263
00000011100010	131
00000011100011	286
00000011100100	197
00000011100101	327
00000011100110	170
00000011100111	322
00000011101000	301
00000011101001	408
00000011101010	215
00000011101011	262
00000011101100	201
00000011101101	344
00000011101110	141
00000011101111	290
00000011110000	103
00000011110001	247
00000011110010	100
00000011110011	156
00000011110100	117
00000011110101	328
00000011110110	125
00000011110111	301
00000011111000	202
00000011111001	288
00000011111010	163
00000011111011	330
00000011111100	199
00000011111101	337
00000011111110	185
00000011111111	254
00000100000000	109
00000100000001	127
00000100000010	106
00000100000011	97
00000100000100	95
00000100000101	144
00000100000110	119
00000100000111	174
00000100001000	107
00000100001001	102
00000100001010	99
00000100001011	119
00000100001100	100
00000100001101	98
00000100001110	111
00000100001111	80
00000100010000	57
00000100010001	59
00000100010010	72
00000100010011	82
00000100010100	54
00000100010101	80
00000100010110	73
00000100010111	95
00000100011000	63
00000100011001	99
00000100011010	66
00000100011011	91
00000100011100	50
00000100011101	70
00000100011110	87
00000100011111	86
00000100100000	161
00000100100001	205
00000100100010	119
00000100100011	179
00000100100100	130
00000100100101	163
00000100100110	119
00000100100111	161
00000100101000	122
00000100101001	154
00000100101010	128
00000100101011	133
00000100101100	131
00000100101101	145
00000100101110	126
00000100101111	136
00000100110000	69
00000100110001	124
00000100110010	77
00000100110011	136
00000100110100	92
00000100110101	114
00000100110110	77
00000100110111	123
00000100111000	93
00000100111001	162
00000100111010	63
00000100111011	132
00000100111100	61
00000100111101	116
00000100111110	84
00000100111111	151
00000101000000	111
00000101000001	184
00000101000010	87
00000101000011	153
00000101000100	139
00000101000101	184
00000101000110	70
00000101000111	151
00000101001000	144
00000101001001	177
00000101001010	108
00000101001011	146
00000101001100	104
00000101001101	124
00000101001110	129
00000101001111	164
00000101010000	45
00000101010001	114
00000101010010	66
00000101010011	115
00000101010100	63
00000101010101	166
00000101010110	61
00000101010111	136
00000101011000	56
00000101011001	209
00000101011010	71
00000101011011	165
00000101011100	103
00000101011101	111
00000101011110	78
00000101011111	183
00000101100000	92
00000101100001	235
00000101100010	83
00000101100011	227
00000101100100	189
00000101100101	275
00000101100110	134
00000101100111	194
00000101101000	136
00000101101001	209
00000101101010	141
00000101101011	176
00000101101100	182
00000101101101	265
00000101101110	125
00000101101111	191
00000101110000	71
00000101110001	203
00000101110010	74
00000101110011	186
00000101110100	100
00000101110101	133
00000101110110	78
00000101110111	118
00000101111000	88
00000101111001	170
00000101111010	79
00000101111011	162
00000101111100	110
00000101111101	185
00000101111110	93
00000101111111	167
00000110000000	156
00000110000001	207
00000110000010	125
00000110000011	203
00000110000100	134
00000110000101	182
00000110000110	153
00000110000111	194
00000110001000	137
00000110001001	182
00000110001010	147
00000110001011	166
00000110001100	166
00000110001101	181
00000110001110	152
00000110001111	220
00000110010000	96
00000110010001	128
00000110010010	64
00000110010011	139
00000110010100	109
00000110010101	132
00000110010110	81
00000110010111	141
00000110011000	109
00000110011001	154
00000110011010	115
00000110011011	119
00000110011100	105
00000110011101	124
00000110011110	95
00000110011111	167
00000110100000	128
00000110100001	221
00000110100010	161
00000110100011	186
00000110100100	157
00000110100101	232
00000110100110	157
00000110100111	248
00000110101000	183
00000110101001	204
00000110101010	214
00000110101011	221
00000110101100	178
00000110101101	188
00000110101110	128
00000110101111	199
00000110110000	94
00000110110001	195
00000110110010	84
00000110110011	207
00000110110100	94
00000110110101	229
00000110110110	98
00000110110111	197
00000110111000	164
00000110111001	224
00000110111010	109
00000110111011	186
00000110111100	146
00000110111101	134
00000110111110	186
00000110111111	160
00000111000000	204
00000111000001	261
00000111000010	158
00000111000011	227
00000111000100	254
00000111000101	357
00000111000110	195
00000111000111	433
00000111001000	184
00000111001001	316
00000111001010	289
00000111001011	275
00000111001100	236
00000111001101	288
00000111001110	246
00000111001111	333
00000111010000	99
00000111010001	289
00000111010010	130
00000111010011	177
00000111010100	127
00000111010101	324
00000111010110	146
00000111010111	261
00000111011000	191
00000111011001	257
00000111011010	154
00000111011011	240
00000111011100	157
00000111011101	252
00000111011110	200
00000111011111	271
00000111100000	271
00000111100001	366
00000111100010	206
00000111100011	279
00000111100100	277
00000111100101	400
00000111100110	206
00000111100111	277
00000111101000	297
00000111101001	355
00000111101010	281
00000111101011	285
00000111101100	248
00000111101101	392
00000111101110	199
00000111101111	232
00000111110000	151
00000111110001	354
00000111110010	129
00000111110011	225
00000111110100	158
00000111110101	249
00000111110110	154
00000111110111	269
00000111111000	230
00000111111001	283
00000111111010	142
00000111111011	256
00000111111100	193
00000111111101	367
00000111111110	161
00000111111111	244
00001000000000	168
00001000000001	219
00001000000010	222
00001000000011	267
00001000000100	161
00001000000101	167
00001000000110	178
00001000000111	225
00001000001000	214
00001000001001	263
00001000001010	215
00001000001011	176
00001000001100	211
00001000001101	203
00001000001110	211
00001000001111	214
00001000010000	60
00001000010001	185
00001000010010	78
00001000010011	179
00001000010100	82
00001000010101	169
00001000010110	101
00001000010111	173
00001000011000	123
00001000011001	214
00001000011010	130
00001000011011	203
00001000011100	125
00001000011101	158
00001000011110	108
00001000011111	135
00001000100000	177
00001000100001	292
00001000100010	202
00001000100011	274
00001000100100	230
00001000100101	254
00001000100110	195
00001000100111	250
00001000101000	213
00001000101001	284
00001000101010	296
00001000101011	310
00001000101100	215
00001000101101	269
00001000101110	222
00001000101111	230
00001000110000	128
00001000110001	247
00001000110010	138
00001000110011	255
00001000110100	119
00001000110101	204
00001000110110	89
00001000110111	201
00001000111000	142
00001000111001	220
00001000111010	140
00001000111011	234
00001000111100	133
00001000111101	193
00001000111110	145
00001000111111	201
00001001000000	161
00001001000001	315
00001001000010	143
00001001000011	255
00001001000100	196
00001001000101	310
00001001000110	116
00001001000111	271
00001001001000	182
00001001001001	300
00001001001010	186
00001001001011	237
00001001001100	185
00001001001101	353
00001001001110	172
00001001001111	280
00001001010000	87
00001001010001	250
00001001010010	76
00001001010011	191
00001001010100	117
00001001010101	321
00001001010110	100
00001001010111	228
00001001011000	118
00001001011001	226
00001001011010	95
00001001011011	210
00001001011100	154
00001001011101	303
00001001011110	137
00001001011111	200
00001001100000	241
00001001100001	330
00001001100010	158
00001001100011	341
00001001100100	241
00001001100101	429
00001001100110	131
00001001100111	349
00001001101000	313
00001001101001	311
00001001101010	233
00001001101011	293
00001001101100	236
00001001101101	338
00001001101110	175
00001001101111	263
00001001110000	125
00001001110001	267
00001001110010	86
00001001110011	253
00001001110100	113
00001001110101	272
00001001110110	130
00001001110111	288
00001001111000	158
00001001111001	337
00001001111010	121
00001001111011	261
00001001111100	189
00001001111101	402
00001001111110	162
00001001111111	231
00001010000000	192
00001010000001	225
00001010000010	179
00001010000011	249
00001010000100	204
00001010000101	304
00001010000110	254
00001010000111	314
00001010001000	200
00001010001001	275
00001010001010	245
00001010001011	331
00001010001100	223
00001010001101	250
00001010001110	240
00001010001111	236
00001010010000	111
00001010010001	201
00001010010010	125
00001010010011	275
00001010010100	102
00001010010101	241
00001010010110	109
00001010010111	236
00001010011000	151
00001010011001	211
00001010011010	159
00001010011011	274
00001010011100	136
00001010011101	198
00001010011110	161
00001010011111	210
00001010100000	248
00001010100001	376
00001010100010	228
00001010100011	367
00001010100100	219
00001010100101	331
00001010100110	245
00001010100111	344
00001010101000	261
00001010101001	313
00001010101010	242
00001010101011	277
00001010101100	314
00001010101101	307
00001010101110	245
00001010101111	356
00001010110000	149
00001010110001	287
00001010110010	110
00001010110011	259
00001010110100	153
00001010110101	281
00001010110110	124
00001010110111	218
00001010111000	220
00001010111001	308
00001010111010	197
00001010111011	343
00001010111100	175
00001010111101	201
00001010111110	139
00001010111111	270
00001011000000	215
00001011000001	423
00001011000010	285
00001011000011	307
00001011000100	237
00001011000101	403
00001011000110	265
00001011000111	445
00001011001000	231
00001011001001	374
00001011001010	341
00001011001011	342
00001011001100	284
00001011001101	421
00001011001110	300
00001011001111	324
00001011010000	113
00001011010001	356
00001011010010	116
00001011010011	396
00001011010100	168
00001011010101	315
00001011010110	155
00001011010111	364
00001011011000	248
00001011011001	357
00001011011010	211
00001011011011	293
00001011011100	213
00001011011101	426
00001011011110	217
00001011011111	433
00001011100000	312
00001011100001	559
00001011100010	259
00001011100011	411
00001011100100	345
00001011100101	591
00001011100110	266
00001011100111	500
00001011101000	475
00001011101001	540
00001011101010	334
00001011101011	349
00001011101100	352
00001011101101	461
00001011101110	390
00001011101111	417
00001011110000	177
00001011110001	439
00001011110010	160
00001011110011	318
00001011110100	217
00001011110101	234
00001011110110	144
00001011110111	326
00001011111000	252
00001011111001	392
00001011111010	239
00001011111011	396
00001011111100	247
00001011111101	389
00001011111110	240
00001011111111	351
00001100000000	178
00001100000001	208
00001100000010	145
00001100000011	176
00001100000100	135
00001100000101	204
00001100000110	149
00001100000111	218
00001100001000	188
00001100001001	185
00001100001010	168
00001100001011	204
00001100001100	166
00001100001101	187
00001100001110	163
00001100001111	166
00001100010000	57
00001100010001	201
00001100010010	99
00001100010011	140
00001100010100	115
00001100010101	149
00001100010110	90
00001100010111	164
00001100011000	120
00001100011001	144
00001100011010	99
00001100011011	180
00001100011100	116
00001100011101	155
00001100011110	93
00001100011111	177
00001100100000	124
00001100100001	188
00001100100010	141
00001100100011	198
00001100100100	182
00001100100101	233
00001100100110	157
00001100100111	189
00001100101000	204
00001100101001	213
00001100101010	176
00001100101011	210
00001100101100	182
00001100101101	180
00001100101110	205
00001100101111	177
00001100110000	108
00001100110001	133
00001100110010	95
00001100110011	146
00001100110100	78
00001100110101	157
00001100110110	89
00001100110111	200
00001100111000	137
00001100111001	166
00001100111010	124
00001100111011	173
00001100111100	143
00001100111101	240
00001100111110	114
00001100111111	189
00001101000000	114
00001101000001	198
00001101000010	136
00001101000011	199
00001101000100	164
00001101000101	321
00001101000110	110
00001101000111	252
00001101001000	179
00001101001001	236
00001101001010	176
00001101001011	237
00001101001100	168
00001101001101	208
00001101001110	143
00001101001111	238
00001101010000	79
00001101010001	196
00001101010010	83
00001101010011	192
00001101010100	101
00001101010101	240
00001101010110	106
00001101010111	201
00001101011000	74
00001101011001	205
00001101011010	84
00001101011011	174
00001101011100	102
00001101011101	206
00001101011110	78
00001101011111	198
00001101100000	157
00001101100001	297
00001101100010	114
00001101100011	213
00001101100100	188
00001101100101	403
00001101100110	136
00001101100111	363
00001101101000	234
00001101101001	338
00001101101010	160
00001101101011	184
00001101101100	208
00001101101101	243
00001101101110	187
00001101101111	274
00001101110000	124
00001101110001	225
00001101110010	95
00001101110011	165
00001101110100	111
00001101110101	229
00001101110110	103
00001101110111	283
00001101111000	122
00001101111001	249
00001101111010	108
00001101111011	171
00001101111100	117
00001101111101	268
00001101111110	106
00001101111111	175
00001110000000	163
00001110000001	225
00001110000010	176
00001110000011	300
00001110000100	242
00001110000101	323
00001110000110	272
00001110000111	332
00001110001000	235
00001110001001	274
00001110001010	289
00001110001011	267
00001110001100	224
00001110001101	279
00001110001110	269
00001110001111	321
00001110010000	85
00001110010001	233
00001110010010	131
00001110010011	212
00001110010100	128
00001110010101	299
00001110010110	116
00001110010111	291
00001110011000	122
00001110011001	283
00001110011010	182
00001110011011	291
00001110011100	132
00001110011101	206
00001110011110	190
00001110011111	219
00001110100000	281
00001110100001	363
00001110100010	234
00001110100011	306
00001110100100	237
00001110100101	336
00001110100110	223
00001110100111	325
00001110101000	266
00001110101001	407
00001110101010	297
00001110101011	362
00001110101100	297
00001110101101	378
00001110101110	289
00001110101111	335
00001110110000	137
00001110110001	300
00001110110010	134
00001110110011	244
00001110110100	145
00001110110101	301
00001110110110	149
00001110110111	283
00001110111000	214
00001110111001	320
00001110111010	217
00001110111011	322
00001110111100	184
00001110111101	292
00001110111110	188
00001110111111	357
00001111000000	288
00001111000001	395
00001111000010	233
00001111000011	425
00001111000100	266
00001111000101	474
00001111000110	256
00001111000111	533
00001111001000	309
00001111001001	401
00001111001010	374
00001111001011	518
00001111001100	333
00001111001101	577
00001111001110	277
00001111001111	423
00001111010000	154
00001111010001	368
00001111010010	138
00001111010011	328
00001111010100	185
00001111010101	457
00001111010110	169
00001111010111	380
00001111011000	189
00001111011001	331
00001111011010	197
00001111011011	310
00001111011100	236
00001111011101	489
00001111011110	226
00001111011111	408
00001111100000	312
00001111100001	574
00001111100010	302
00001111100011	484
00001111100100	404
00001111100101	655
00001111100110	317
00001111100111	460
00001111101000	427
00001111101001	476
00001111101010	315
00001111101011	412
00001111101100	411
00001111101101	603
00001111101110	328
00001111101111	415
00001111110000	163
00001111110001	444
00001111110010	162
00001111110011	353
00001111110100	219
00001111110101	543
00001111110110	196
00001111110111	361
00001111111000	267
00001111111001	534
00001111111010	182
00001111111011	439
00001111111100	191
00001111111101	487
00001111111110	228
00001111111111	353
00010000000000	162
00010000000001	215
00010000000010	277
00010000000011	256
00010000000100	181
00010000000101	261
00010000000110	166
00010000000111	211
00010000001000	245
00010000001001	207
00010000001010	266
00010000001011	329
00010000001100	193
00010000001101	211
00010000001110	281
00010000001111	216
00010000010000	108
00010000010001	160
00010000010010	125
00010000010011	212
00010000010100	117
00010000010101	220
00010000010110	145
00010000010111	214
00010000011000	92
00010000011001	171
00010000011010	182
00010000011011	248
00010000011100	155
00010000011101	228
00010000011110	156
00010000011111	254
00010000100000	207
00010000100001	305
00010000100010	174
00010000100011	239
00010000100100	229
00010000100101	294
00010000100110	196
00010000100111	313
00010000101000	296
00010000101001	323
00010000101010	346
00010000101011	259
00010000101100	316
00010000101101	295
00010000101110	256
00010000101111	238
00010000110000	138
00010000110001	242
00010000110010	119
00010000110011	280
00010000110100	155
00010000110101	276
00010000110110	106
00010000110111	223
00010000111000	221
00010000111001	262
00010000111010	179
00010000111011	336
00010000111100	178
00010000111101	268
00010000111110	132
00010000111111	227
00010001000000	187
00010001000001	371
00010001000010	185
00010001000011	254
00010001000100	225
00010001000101	343
00010001000110	175
00010001000111	378
00010001001000	210
00010001001001	365
00010001001010	189
00010001001011	332
00010001001100	219
00010001001101	323
00010001001110	212
00010001001111	336
00010001010000	112
00010001010001	301
00010001010010	85
00010001010011	282
00010001010100	140
00010001010101	333
00010001010110	117
00010001010111	331
00010001011000	162
00010001011001	321
00010001011010	159
00010001011011	269
00010001011100	125
00010001011101	312
00010001011110	181
00010001011111	308
00010001100000	288
00010001100001	446
00010001100010	185
00010001100011	353
00010001100100	284
00010001100101	416
00010001100110	241
00010001100111	313
00010001101000	220
00010001101001	456
00010001101010	285
00010001101011	354
00010001101100	264
00010001101101	352
00010001101110	165
00010001101111	283
00010001110000	142
00010001110001	266
00010001110010	128
00010001110011	326
00010001110100	184
00010001110101	359
00010001110110	124
00010001110111	249
00010001111000	191
00010001111001	457
00010001111010	182
00010001111011	286
00010001111100	215
00010001111101	412
00010001111110	190
00010001111111	306
00010010000000	179
00010010000001	270
00010010000010	226
00010010000011	343
00010010000100	239
00010010000101	354
00010010000110	241
00010010000111	353
00010010001000	297
00010010001001	351
00010010001010	257
00010010001011	442
00010010001100	270
00010010001101	300
00010010001110	220
00010010001111	266
00010010010000	112
00010010010001	226
00010010010010	150
00010010010011	337
00010010010100	121
00010010010101	309
00010010010110	188
00010010010111	222
00010010011000	196
00010010011001	267
00010010011010	224
00010010011011	264
00010010011100	158
00010010011101	261
00010010011110	197
00010010011111	255
00010010100000	266
00010010100001	333
00010010100010	310
00010010100011	381
00010010100100	276
00010010100101	347
00010010100110	307
00010010100111	404
00010010101000	318
00010010101001	393
00010010101010	320
00010010101011	391
00010010101100	348
00010010101101	397
00010010101110	344
00010010101111	244
00010010110000	121
00010010110001	225
00010010110010	152
00010010110011	290
00010010110100	141
00010010110101	289
00010010110110	149
00010010110111	296
00010010111000	251
00010010111001	381
00010010111010	204
00010010111011	398
00010010111100	206
00010010111101	324
00010010111110	213
00010010111111	400
00010011000000	217
00010011000001	451
00010011000010	242
00010011000011	332
00010011000100	300
00010011000101	415
00010011000110	270
00010011000111	443
00010011001000	327
00010011001001	448
00010011001010	326
00010011001011	473
00010011001100	303
00010011001101	444
00010011001110	296
00010011001111	433
00010011010000	174
00010011010001	359
00010011010010	135
00010011010011	402
00010011010100	177
00010011010101	415
00010011010110	177
00010011010111	376
00010011011000	186
00010011011001	437
00010011011010	224
00010011011011	334
00010011011100	178
00010011011101	466
00010011011110	193
00010011011111	389
00010011100000	302
00010011100001	647
00010011100010	338
00010011100011	548
00010011100100	391
00010011100101	417
00010011100110	333
00010011100111	387
00010011101000	371
00010011101001	621
00010011101010	341
00010011101011	465
00010011101100	319
00010011101101	410
00010011101110	240
00010011101111	371
00010011110000	262
00010011110001	571
00010011110010	162
00010011110011	318
00010011110100	200
00010011110101	569
00010011110110	194
00010011110111	411
00010011111000	298
00010011111001	536
00010011111010	287
00010011111011	456
00010011111100	308
00010011111101	498
00010011111110	247
00010011111111	438
00010100000000	130
00010100000001	196
00010100000010	181
00010100000011	252
00010100000100	133
00010100000101	289
00010100000110	186
00010100000111	223
00010100001000	230
00010100001001	209
00010100001010	191
00010100001011	188
00010100001100	181
00010100001101	156
00010100001110	164
00010100001111	227
00010100010000	92
00010100010001	280
00010100010010	92
00010100010011	144
00010100010100	73
00010100010101	181
00010100010110	79
00010100010111	158
00010100011000	128
00010100011001	175
00010100011010	121
00010100011011	242
00010100011100	127
00010100011101	163
00010100011110	147
00010100011111	213
00010100100000	223
00010100100001	277
00010100100010	174
00010100100011	218
00010100100100	205
00010100100101	246
00010100100110	187
00010100100111	261
00010100101000	252
00010100101001	218
00010100101010	240
00010100101011	269
00010100101100	199
00010100101101	170
00010100101110	183
00010100101111	184
00010100110000	113
00010100110001	162
00010100110010	106
00010100110011	230
00010100110100	109
00010100110101	207
00010100110110	130
00010100110111	184
00010100111000	151
00010100111001	224
00010100111010	157
00010100111011	147
00010100111100	192
00010100111101	253
00010100111110	107
00010100111111	171
00010101000000	137
00010101000001	256
00010101000010	164
00010101000011	298
00010101000100	225
00010101000101	351
00010101000110	124
00010101000111	248
00010101001000	185
00010101001001	215
00010101001010	137
00010101001011	223
00010101001100	162
00010101001101	368
00010101001110	110
00010101001111	178
00010101010000	102
00010101010001	247
00010101010010	123
00010101010011	259
00010101010100	127
00010101010101	252
00010101010110	92
00010101010111	221
00010101011000	127
00010101011001	233
00010101011010	130
00010101011011	272
00010101011100	176
00010101011101	227
00010101011110	187
00010101011111	288
00010101100000	176
00010101100001	427
00010101100010	178
00010101100011	272
00010101100100	241
00010101100101	386
00010101100110	182
00010101100111	357
00010101101000	252
00010101101001	396
00010101101010	197
00010101101011	252
00010101101100	280
00010101101101	345
00010101101110	192
00010101101111	230
00010101110000	119
00010101110001	307
00010101110010	110
00010101110011	264
00010101110100	141
00010101110101	364
00010101110110	131
00010101110111	327
00010101111000	157
00010101111001	347
00010101111010	134
00010101111011	274
00010101111100	165
00010101111101	393
00010101111110	137
00010101111111	249
00010110000000	221
00010110000001	362
00010110000010	280
00010110000011	312
00010110000100	271
00010110000101	291
00010110000110	268
00010110000111	380
00010110001000	311
00010110001001	322
00010110001010	376
00010110001011	353
00010110001100	296
00010110001101	318
00010110001110	272
00010110001111	390
00010110010000	170
00010110010001	288
00010110010010	145
00010110010011	366
00010110010100	161
00010110010101	291
00010110010110	149
00010110010111	291
00010110011000	191
00010110011001	322
00010110011010	186
00010110011011	435
00010110011100	221
00010110011101	263
00010110011110	180
00010110011111	307
00010110100000	344
00010110100001	468
00010110100010	243
00010110100011	462
00010110100100	398
00010110100101	476
00010110100110	261
00010110100111	320
00010110101000	387
00010110101001	415
00010110101010	355
00010110101011	365
00010110101100	303
00010110101101	346
00010110101110	324
00010110101111	370
00010110110000	142
00010110110001	356
00010110110010	223
00010110110011	334
00010110110100	185
00010110110101	326
00010110110110	144
00010110110111	284
00010110111000	285
00010110111001	445
00010110111010	237
00010110111011	397
00010110111100	257
00010110111101	276
00010110111110	233
00010110111111	302
00010111000000	368
00010111000001	517
00010111000010	331
00010111000011	511
00010111000100	378
00010111000101	547
00010111000110	333
00010111000111	574
00010111001000	336
00010111001001	606
00010111001010	364
00010111001011	538
00010111001100	360
00010111001101	676
00010111001110	267
00010111001111	401
00010111010000	189
00010111010001	354
00010111010010	164
00010111010011	435
00010111010100	181
00010111010101	389
00010111010110	228
00010111010111	402
00010111011000	259
00010111011001	461
00010111011010	262
00010111011011	517
00010111011100	326
00010111011101	429
00010111011110	168
00010111011111	442
00010111100000	377
00010111100001	717
00010111100010	364
00010111100011	518
00010111100100	412
00010111100101	706
00010111100110	322
00010111100111	565
00010111101000	532
00010111101001	659
00010111101010	382
00010111101011	497
00010111101100	514
00010111101101	605
00010111101110	382
00010111101111	457
00010111110000	229
00010111110001	539
00010111110010	180
00010111110011	512
00010111110100	315
00010111110101	571
00010111110110	247
00010111110111	526
00010111111000	268
00010111111001	716
00010111111010	263
00010111111011	545
00010111111100	376
00010111111101	565
00010111111110	303
00010111111111	348
00011000000000	151
00011000000001	256
00011000000010	157
00011000000011	149
00011000000100	153
00011000000101	195
00011000000110	160
00011000000111	172
00011000001000	169
00011000001001	187
00011000001010	180
00011000001011	189
00011000001100	172
00011000001101	201
00011000001110	140
00011000001111	139
00011000010000	87
00011000010001	129
00011000010010	59
00011000010011	193
00011000010100	63
00011000010101	148
00011000010110	80
00011000010111	130
00011000011000	95
00011000011001	191
00011000011010	179
00011000011011	211
00011000011100	83
00011000011101	117
00011000011110	117
00011000011111	111
00011000100000	164
00011000100001	193
00011000100010	166
00011000100011	178
00011000100100	169
00011000100101	233
00011000100110	130
00011000100111	183
00011000101000	242
00011000101001	232
00011000101010	196
00011000101011	161
00011000101100	247
00011000101101	245
00011000101110	164
00011000101111	158
00011000110000	92
00011000110001	209
00011000110010	90
00011000110011	164
00011000110100	79
00011000110101	191
00011000110110	97
00011000110111	200
00011000111000	110
00011000111001	215
00011000111010	119
00011000111011	232
00011000111100	119
00011000111101	193
00011000111110	121
00011000111111	157
00011001000000	158
00011001000001	316
00011001000010	134
00011001000011	188
00011001000100	138
00011001000101	310
00011001000110	169
00011001000111	267
00011001001000	173
00011001001001	262
00011001001010	215
00011001001011	210
00011001001100	151
00011001001101	246
00011001001110	183
00011001001111	213
00011001010000	71
00011001010001	235
00011001010010	93
00011001010011	177
00011001010100	119
00011001010101	245
00011001010110	87
00011001010111	184
00011001011000	131
00011001011001	281
00011001011010	112
00011001011011	216
00011001011100	109
00011001011101	245
00011001011110	102
00011001011111	157
00011001100000	184
00011001100001	328
00011001100010	155
00011001100011	255
00011001100100	217
00011001100101	446
00011001100110	182
00011001100111	259
00011001101000	266
00011001101001	251
00011001101010	146
00011001101011	322
00011001101100	214
00011001101101	280
00011001101110	122
00011001101111	150
00011001110000	114
00011001110001	236
00011001110010	127
00011001110011	208
00011001110100	139
00011001110101	344
00011001110110	106
00011001110111	279
00011001111000	135
00011001111001	271
00011001111010	128
00011001111011	241
00011001111100	121
00011001111101	208
00011001111110	116
00011001111111	187
00011010000000	177
00011010000001	290
00011010000010	157
00011010000011	260
00011010000100	177
00011010000101	156
00011010000110	216
00011010000111	274
00011010001000	224
00011010001001	265
00011010001010	251
00011010001011	241
00011010001100	149
00011010001101	230
00011010001110	215
00011010001111	208
00011010010000	92
00011010010001	198
00011010010010	82
00011010010011	217
00011010010100	105
00011010010101	189
00011010010110	94
00011010010111	232
00011010011000	140
00011010011001	292
00011010011010	140
00011010011011	255
00011010011100	106
00011010011101	282
00011010011110	167
00011010011111	205
00011010100000	189
00011010100001	315
00011010100010	186
00011010100011	324
00011010100100	188
00011010100101	346
00011010100110	225
00011010100111	240
00011010101000	264
00011010101001	371
00011010101010	204
00011010101011	282
00011010101100	269
00011010101101	237
00011010101110	197
00011010101111	200
00011010110000	107
00011010110001	227
00011010110010	106
00011010110011	208
00011010110100	109
00011010110101	276
00011010110110	119
00011010110111	182
00011010111000	189
00011010111001	208
00011010111010	135
00011010111011	260
00011010111100	143
00011010111101	222
00011010111110	136
00011010111111	260
00011011000000	215
00011011000001	343
00011011000010	172
00011011000011	368
00011011000100	218
00011011000101	322
00011011000110	221
00011011000111	367
00011011001000	361
00011011001001	420
00011011001010	288
00011011001011	331
00011011001100	290
00011011001101	270
00011011001110	209
00011011001111	334
00011011010000	122
00011011010001	304
00011011010010	120
00011011010011	314
00011011010100	160
00011011010101	299
00011011010110	111
00011011010111	280
00011011011000	165
00011011011001	274
00011011011010	155
00011011011011	327
00011011011100	194
00011011011101	306
00011011011110	214
00011011011111	274
00011011100000	223
00011011100001	473
00011011100010	236
00011011100011	279
00011011100100	251
00011011100101	407
00011011100110	255
00011011100111	306
00011011101000	272
00011011101001	543
00011011101010	298
00011011101011	346
00011011101100	323
00011011101101	378
00011011101110	319
00011011101111	324
00011011110000	164
00011011110001	387
00011011110010	124
00011011110011	234
00011011110100	125
00011011110101	288
00011011110110	134
00011011110111	280
00011011111000	234
00011011111001	433
00011011111010	177
00011011111011	339
00011011111100	176
00011011111101	335
00011011111110	204
00011011111111	371
00011100000000	140
00011100000001	182
00011100000010	111
00011100000011	139
00011100000100	153
00011100000101	184
00011100000110	123
00011100000111	203
00011100001000	111
00011100001001	171
00011100001010	174
00011100001011	184
00011100001100	138
00011100001101	138
00011100001110	126
00011100001111	99
00011100010000	86
00011100010001	168
00011100010010	62
00011100010011	128
00011100010100	64
00011100010101	131
00011100010110	80
00011100010111	152
00011100011000	59
00011100011001	115
00011100011010	86
00011100011011	199
00011100011100	102
00011100011101	134
00011100011110	77
00011100011111	155
00011100100000	125
00011100100001	187
00011100100010	112
00011100100011	197
00011100100100	127
00011100100101	208
00011100100110	129
00011100100111	218
00011100101000	109
00011100101001	165
00011100101010	125
00011100101011	236
00011100101100	155
00011100101101	169
00011100101110	141
00011100101111	155
00011100110000	85
00011100110001	162
00011100110010	68
00011100110011	152
00011100110100	92
00011100110101	207
00011100110110	95
00011100110111	162
00011100111000	123
00011100111001	153
00011100111010	145
00011100111011	190
00011100111100	93
00011100111101	169
00011100111110	103
00011100111111	185
00011101000000	117
00011101000001	336
00011101000010	108
00011101000011	239
00011101000100	173
00011101000101	245
00011101000110	148
00011101000111	218
00011101001000	139
00011101001001	217
00011101001010	131
00011101001011	198
00011101001100	160
00011101001101	190
00011101001110	149
00011101001111	145
00011101010000	74
00011101010001	176
00011101010010	53
00011101010011	162
00011101010100	106
00011101010101	193
00011101010110	77
00011101010111	221
00011101011000	100
00011101011001	198
00011101011010	92
00011101011011	157
00011101011100	110
00011101011101	225
00011101011110	96
00011101011111	217
00011101100000	169
00011101100001	298
00011101100010	127
00011101100011	187
00011101100100	179
00011101100101	231
00011101100110	110
00011101100111	216
00011101101000	161
00011101101001	310
00011101101010	124
00011101101011	288
00011101101100	244
00011101101101	225
00011101101110	126
00011101101111	183
00011101110000	94
00011101110001	240
00011101110010	85
00011101110011	166
00011101110100	111
00011101110101	228
00011101110110	108
00011101110111	173
00011101111000	136
00011101111001	230
00011101111010	87
00011101111011	205
00011101111100	133
00011101111101	223
00011101111110	109
00011101111111	191
00011110000000	147
00011110000001	269
00011110000010	196
00011110000011	249
00011110000100	212
00011110000101	235
00011110000110	218
00011110000111	321
00011110001000	199
00011110001001	209
00011110001010	186
00011110001011	262
00011110001100	226
00011110001101	221
00011110001110	238
00011110001111	254
00011110010000	66
00011110010001	212
00011110010010	90
00011110010011	220
00011110010100	101
00011110010101	162
00011110010110	108
00011110010111	252
00011110011000	133
00011110011001	242
00011110011010	177
00011110011011	215
00011110011100	149
00011110011101	159
00011110011110	125
00011110011111	247
00011110100000	181
00011110100001	253
00011110100010	258
00011110100011	308
00011110100100	213
00011110100101	284
00011110100110	172
00011110100111	336
00011110101000	248
00011110101001	292
00011110101010	269
00011110101011	371
00011110101100	255
00011110101101	295
00011110101110	215
00011110101111	276
00011110110000	132
00011110110001	256
00011110110010	141
00011110110011	238
00011110110100	133
00011110110101	240
00011110110110	121
00011110110111	266
00011110111000	222
00011110111001	335
00011110111010	206
00011110111011	328
00011110111100	191
00011110111101	233
00011110111110	165
00011110111111	254
00011111000000	271
00011111000001	356
00011111000010	238
00011111000011	398
00011111000100	194
00011111000101	374
00011111000110	251
00011111000111	311
00011111001000	289
00011111001001	359
00011111001010	310
00011111001011	328
00011111001100	257
00011111001101	391
00011111001110	241
00011111001111	315
00011111010000	132
00011111010001	252
00011111010010	131
00011111010011	280
00011111010100	103
00011111010101	383
00011111010110	147
00011111010111	342
00011111011000	200
00011111011001	418
00011111011010	187
00011111011011	340
00011111011100	203
00011111011101	326
00011111011110	157
00011111011111	380
00011111100000	273
00011111100001	463
00011111100010	286
00011111100011	394
00011111100100	370
00011111100101	569
00011111100110	281
00011111100111	377
00011111101000	364
00011111101001	452
00011111101010	255
00011111101011	468
00011111101100	320
00011111101101	434
00011111101110	225
00011111101111	373
00011111110000	190
00011111110001	360
00011111110010	121
00011111110011	251
00011111110100	202
00011111110101	376
00011111110110	176
00011111110111	413
00011111111000	252
00011111111001	428
00011111111010	209
00011111111011	333
00011111111100	262
00011111111101	439
00011111111110	222
00011111111111	409
00100000000000	136
00100000000001	144
00100000000010	122
00100000000011	209
00100000000100	170
00100000000101	150
00100000000110	176
00100000000111	222
00100000001000	184
00100000001001	210
00100000001010	159
00100000001011	179
00100000001100	117
00100000001101	171
00100000001110	171
00100000001111	171
00100000010000	75
00100000010001	178
00100000010010	76
00100000010011	153
00100000010100	55
00100000010101	162
00100000010110	110
00100000010111	194
00100000011000	128
00100000011001	160
00100000011010	119
00100000011011	183
00100000011100	111
00100000011101	155
00100000011110	115
00100000011111	144
00100000100000	131
00100000100001	213
00100000100010	209
00100000100011	291
00100000100100	171
00100000100101	252
00100000100110	172
00100000100111	191
00100000101000	248
00100000101001	208
00100000101010	193
00100000101011	251
00100000101100	194
00100000101101	251
00100000101110	153
00100000101111	212
00100000110000	82
00100000110001	153
00100000110010	102
00100000110011	183
00100000110100	126
00100000110101	183
00100000110110	134
00100000110111	185
00100000111000	170
00100000111001	235
00100000111010	162
00100000111011	224
00100000111100	161
00100000111101	149
00100000111110	164
00100000111111	179
00100001000000	143
00100001000001	279
00100001000010	184
00100001000011	262
00100001000100	120
00100001000101	289
00100001000110	138
00100001000111	296
00100001001000	157
00100001001001	287
00100001001010	113
00100001001011	256
00100001001100	191
00100001001101	185
00100001001110	108
00100001001111	210
00100001010000	84
00100001010001	155
00100001010010	95
00100001010011	247
00100001010100	111
00100001010101	220
00100001010110	96
00100001010111	213
00100001011000	148
00100001011001	339
00100001011010	67
00100001011011	259
00100001011100	121
00100001011101	198
00100001011110	116
00100001011111	195
00100001100000	196
00100001100001	303
00100001100010	150
00100001100011	286
00100001100100	240
00100001100101	357
00100001100110	134
00100001100111	303
00100001101000	171
00100001101001	312
00100001101010	212
00100001101011	376
00100001101100	235
00100001101101	325
00100001101110	148
00100001101111	224
00100001110000	128
00100001110001	315
00100001110010	97
00100001110011	206
00100001110100	149
00100001110101	297
00100001110110	124
00100001110111	206
00100001111000	143
00100001111001	332
00100001111010	137
00100001111011	214
00100001111100	160
00100001111101	359
00100001111110	147
00100001111111	235
00100010000000	129
00100010000001	289
00100010000010	133
00100010000011	202
00100010000100	247
00100010000101	234
00100010000110	209
00100010000111	227
00100010001000	173
00100010001001	304
00100010001010	192
00100010001011	178
00100010001100	201
00100010001101	213
00100010001110	199
00100010001111	189
00100010010000	93
00100010010001	239
00100010010010	86
00100010010011	194
00100010010100	56
00100010010101	155
00100010010110	72
00100010010111	161
00100010011000	133
00100010011001	214
00100010011010	113
00100010011011	243
00100010011100	112
00100010011101	156
00100010011110	157
00100010011111	151
00100010100000	183
00100010100001	301
00100010100010	190
00100010100011	258
00100010100100	225
00100010100101	378
00100010100110	214
00100010100111	323
00100010101000	201
00100010101001	226
00100010101010	218
00100010101011	192
00100010101100	210
00100010101101	206
00100010101110	193
00100010101111	267
00100010110000	112
00100010110001	226
00100010110010	104
00100010110011	274
00100010110100	119
00100010110101	283
00100010110110	92
00100010110111	288
00100010111000	162
00100010111001	329
00100010111010	185
00100010111011	331
00100010111100	146
00100010111101	326
00100010111110	139
00100010111111	249
00100011000000	226
00100011000001	350
00100011000010	210
00100011000011	350
00100011000100	151
00100011000101	316
00100011000110	224
00100011000111	306
00100011001000	192
00100011001001	287
00100011001010	237
00100011001011	337
00100011001100	224
00100011001101	294
00100011001110	195
00100011001111	272
00100011010000	151
00100011010001	241
00100011010010	75
00100011010011	284
00100011010100	138
00100011010101	269
00100011010110	120
00100011010111	278
00100011011000	198
00100011011001	296
00100011011010	194
00100011011011	233
00100011011100	180
00100011011101	365
00100011011110	161
00100011011111	269
00100011100000	291
00100011100001	415
00100011100010	329
00100011100011	377
00100011100100	245
00100011100101	538
00100011100110	241
00100011100111	385
00100011101000	339
00100011101001	370
00100011101010	271
00100011101011	391
00100011101100	255
00100011101101	369
00100011101110	199
00100011101111	392
00100011110000	166
00100011110001	349
00100011110010	130
00100011110011	320
00100011110100	147
00100011110101	414
00100011110110	166
00100011110111	341
00100011111000	226
00100011111001	335
00100011111010	181
00100011111011	429
00100011111100	183
00100011111101	342
00100011111110	143
00100011111111	221
00100100000000	139
00100100000001	143
00100100000010	142
00100100000011	188
00100100000100	129
00100100000101	150
00100100000110	134
00100100000111	216
00100100001000	122
00100100001001	174
00100100001010	122
00100100001011	117
00100100001100	123
00100100001101	121
00100100001110	131
00100100001111	94
00100100010000	66
00100100010001	102
00100100010010	57
00100100010011	147
00100100010100	64
00100100010101	130
00100100010110	62
00100100010111	110
00100100011000	87
00100100011001	132
00100100011010	113
00100100011011	213
00100100011100	83
00100100011101	151
00100100011110	81
00100100011111	112
00100100100000	141
00100100100001	197
00100100100010	141
00100100100011	190
00100100100100	173
00100100100101	208
00100100100110	189
00100100100111	216
00100100101000	140
00100100101001	188
00100100101010	169
00100100101011	232
00100100101100	183
00100100101101	169
00100100101110	197
00100100101111	141
00100100110000	88
00100100110001	152
00100100110010	79
00100100110011	186
00100100110100	96
00100100110101	201
00100100110110	56
00100100110111	152
00100100111000	119
00100100111001	171
00100100111010	107
00100100111011	149
00100100111100	94
00100100111101	156
00100100111110	136
00100100111111	239
00100101000000	96
00100101000001	203
00100101000010	101
00100101000011	286
00100101000100	128
00100101000101	199
00100101000110	106
00100101000111	253
00100101001000	160
00100101001001	233
00100101001010	130
00100101001011	200
00100101001100	119
00100101001101	185
00100101001110	105
00100101001111	131
00100101010000	82
00100101010001	212
00100101010010	54
00100101010011	148
00100101010100	90
00100101010101	177
00100101010110	93
00100101010111	163
00100101011000	82
00100101011001	247
00100101011010	88
00100101011011	173
00100101011100	109
00100101011101	182
00100101011110	64
00100101011111	182
00100101100000	144
00100101100001	211
00100101100010	112
00100101100011	252
00100101100100	149
00100101100101	368
00100101100110	133
00100101100111	213
00100101101000	141
00100101101001	344
00100101101010	111
00100101101011	181
00100101101100	154
00100101101101	273
00100101101110	115
00100101101111	209
00100101110000	64
00100101110001	222
00100101110010	60
00100101110011	144
00100101110100	108
00100101110101	271
00100101110110	90
00100101110111	243
00100101111000	129
00100101111001	256
00100101111010	75
00100101111011	148
00100101111100	145
00100101111101	252
00100101111110	87
00100101111111	194
00100110000000	158
00100110000001	231
00100110000010	139
00100110000011	236
00100110000100	203
00100110000101	214
00100110000110	200
00100110000111	234
00100110001000	206
00100110001001	257
00100110001010	183
00100110001011	210
00100110001100	165
00100110001101	224
00100110001110	210
00100110001111	244
00100110010000	107
00100110010001	173
00100110010010	123
00100110010011	227
00100110010100	126
00100110010101	212
00100110010110	127
00100110010111	259
00100110011000	145
00100110011001	209
00100110011010	146
00100110011011	247
00100110011100	190
00100110011101	243
00100110011110	162
00100110011111	142
00100110100000	191
00100110100001	360
00100110100010	194
00100110100011	331
00100110100100	184
00100110100101	312
00100110100110	201
00100110100111	288
00100110101000	257
00100110101001	261
00100110101010	293
00100110101011	263
00100110101100	246
00100110101101	219
00100110101110	204
00100110101111	308
00100110110000	78
00100110110001	265
00100110110010	93
00100110110011	191
00100110110100	130
00100110110101	240
00100110110110	130
00100110110111	324
00100110111000	179
00100110111001	208
00100110111010	146
00100110111011	207
00100110111100	212
00100110111101	245
00100110111110	177
00100110111111	276
00100111000000	237
00100111000001	336
00100111000010	222
00100111000011	382
00100111000100	258
00100111000101	414
00100111000110	233
00100111000111	335
00100111001000	291
00100111001001	322
00100111001010	211
00100111001011	265
00100111001100	256
00100111001101	329
00100111001110	192
00100111001111	214
00100111010000	146
00100111010001	307
00100111010010	155
00100111010011	323
00100111010100	134
00100111010101	349
00100111010110	218
00100111010111	369
00100111011000	191
00100111011001	376
00100111011010	149
00100111011011	334
00100111011100	226
00100111011101	318
00100111011110	212
00100111011111	288
00100111100000	251
00100111100001	553
00100111100010	293
00100111100011	341
00100111100100	309
00100111100101	507
00100111100110	255
00100111100111	444
00100111101000	266
00100111101001	487
00100111101010	336
00100111101011	359
00100111101100	332
00100111101101	428
00100111101110	257
00100111101111	309
00100111110000	141
00100111110001	473
00100111110010	140
00100111110011	394
00100111110100	160
00100111110101	460
00100111110110	241
00100111110111	291
00100111111000	205
00100111111001	413
00100111111010	178
00100111111011	334
00100111111100	229
00100111111101	473
00100111111110	194
00100111111111	274
00101000000000	226
00101000000001	283
00101000000010	198
00101000000011	223
00101000000100	219
00101000000101	264
00101000000110	135
00101000000111	292
00101000001000	272
00101000001001	260
00101000001010	266
00101000001011	227
00101000001100	159
00101000001101	250
00101000001110	160
00101000001111	305
00101000010000	142
00101000010001	177
00101000010010	99
00101000010011	198
00101000010100	98
00101000010101	213
00101000010110	129
00101000010111	241
00101000011000	191
00101000011001	219
00101000011010	146
00101000011011	286
00101000011100	124
00101000011101	176
00101000011110	143
00101000011111	237
00101000100000	250
00101000100001	263
00101000100010	224
00101000100011	328
00101000100100	241
00101000100101	358
00101000100110	196
00101000100111	374
00101000101000	267
00101000101001	347
00101000101010	299
00101000101011	310
00101000101100	243
00101000101101	281
00101000101110	215
00101000101111	308
00101000110000	140
00101000110001	255
00101000110010	120
00101000110011	283
00101000110100	162
00101000110101	302
00101000110110	120
00101000110111	253
00101000111000	237
00101000111001	289
00101000111010	154
00101000111011	296
00101000111100	214
00101000111101	241
00101000111110	192
00101000111111	232
00101001000000	216
00101001000001	426
00101001000010	196
00101001000011	346
00101001000100	187
00101001000101	359
00101001000110	179
00101001000111	279
00101001001000	281
00101001001001	375
00101001001010	207
00101001001011	281
00101001001100	205
00101001001101	235
00101001001110	142
00101001001111	268
00101001010000	69
00101001010001	221
00101001010010	127
00101001010011	308
00101001010100	141
00101001010101	332
00101001010110	121
00101001010111	335
00101001011000	155
00101001011001	275
00101001011010	169
00101001011011	315
00101001011100	169
00101001011101	337
00101001011110	166
00101001011111	329
00101001100000	203
00101001100001	458
00101001100010	209
00101001100011	419
00101001100100	269
00101001100101	492
00101001100110	246
00101001100111	472
00101001101000	332
00101001101001	442
00101001101010	254
00101001101011	450
00101001101100	258
00101001101101	501
00101001101110	254
00101001101111	294
00101001110000	148
00101001110001	357
00101001110010	98
00101001110011	277
00101001110100	156
00101001110101	421
00101001110110	140
00101001110111	366
00101001111000	165
00101001111001	346
00101001111010	170
00101001111011	330
00101001111100	196
00101001111101	405
00101001111110	150
00101001111111	419
00101010000000	270
00101010000001	310
00101010000010	249
00101010000011	306
00101010000100	301
00101010000101	351
00101010000110	252
00101010000111	395
00101010001000	256
00101010001001	284
00101010001010	277
00101010001011	504
00101010001100	289
00101010001101	269
00101010001110	329
00101010001111	397
00101010010000	140
00101010010001	232
00101010010010	138
00101010010011	326
00101010010100	159
00101010010101	309
00101010010110	173
00101010010111	446
00101010011000	177
00101010011001	476
00101010011010	230
00101010011011	407
00101010011100	240
00101010011101	271
00101010011110	205
00101010011111	416
00101010100000	331
00101010100001	424
00101010100010	310
00101010100011	390
00101010100100	292
00101010100101	561
00101010100110	254
00101010100111	386
00101010101000	408
00101010101001	501
00101010101010	374
00101010101011	493
00101010101100	327
00101010101101	464
00101010101110	390
00101010101111	434
00101010110000	138
00101010110001	381
00101010110010	123
00101010110011	313
00101010110100	174
00101010110101	432
00101010110110	166
00101010110111	403
00101010111000	280
00101010111001	358
00101010111010	193
00101010111011	431
00101010111100	227
00101010111101	397
00101010111110	219
00101010111111	320
00101011000000	341
00101011000001	555
00101011000010	265
00101011000011	472
00101011000100	327
00101011000101	542
00101011000110	318
00101011000111	523
00101011001000	275
00101011001001	652
00101011001010	311
00101011001011	512
00101011001100	260
00101011001101	442
00101011001110	325
00101011001111	424
00101011010000	141
00101011010001	341
00101011010010	187
00101011010011	339
00101011010100	213
00101011010101	453
00101011010110	257
00101011010111	345
00101011011000	325
00101011011001	543
00101011011010	199
00101011011011	455
00101011011100	247
00101011011101	475
00101011011110	297
00101011011111	396
00101011100000	441
00101011100001	621
00101011100010	305
00101011100011	559
00101011100100	419
00101011100101	749
00101011100110	373
00101011100111	560
00101011101000	498
00101011101001	638
00101011101010	464
00101011101011	535
00101011101100	437
00101011101101	659
00101011101110	412
00101011101111	408
00101011110000	219
00101011110001	520
00101011110010	233
00101011110011	452
00101011110100	328
00101011110101	636
00101011110110	240
00101011110111	470
00101011111000	328
00101011111001	564
00101011111010	269
00101011111011	415
00101011111100	387
00101011111101	594
00101011111110	248
00101011111111	434
00101100000000	171
00101100000001	160
00101100000010	147
00101100000011	227
00101100000100	142
00101100000101	175
00101100000110	172
00101100000111	209
00101100001000	213
00101100001001	222
00101100001010	214
00101100001011	204
00101100001100	203
00101100001101	187
00101100001110	161
00101100001111	138
00101100010000	57
00101100010001	138
00101100010010	99
00101100010011	243
00101100010100	84
00101100010101	214
00101100010110	102
00101100010111	175
00101100011000	116
00101100011001	255
00101100011010	131
00101100011011	185
00101100011100	118
00101100011101	233
00101100011110	129
00101100011111	173
00101100100000	166
00101100100001	229
00101100100010	203
00101100100011	203
00101100100100	184
00101100100101	288
00101100100110	178
00101100100111	299
00101100101000	207
00101100101001	248
00101100101010	233
00101100101011	328
00101100101100	235
00101100101101	266
00101100101110	241
00101100101111	230
00101100110000	136
00101100110001	180
00101100110010	113
00101100110011	186
00101100110100	121
00101100110101	219
00101100110110	120
00101100110111	221
00101100111000	160
00101100111001	248
00101100111010	139
00101100111011	251
00101100111100	163
00101100111101	223
00101100111110	181
00101100111111	233
00101101000000	145
00101101000001	328
00101101000010	169
00101101000011	251
00101101000100	155
00101101000101	225
00101101000110	173
00101101000111	255
00101101001000	147
00101101001001	223
00101101001010	135
00101101001011	259
00101101001100	201
00101101001101	274
00101101001110	137
00101101001111	238
00101101010000	93
00101101010001	269
00101101010010	76
00101101010011	180
00101101010100	113
00101101010101	218
00101101010110	78
00101101010111	188
00101101011000	145
00101101011001	236
00101101011010	124
00101101011011	267
00101101011100	150
00101101011101	214
00101101011110	161
00101101011111	261
00101101100000	153
00101101100001	386
00101101100010	122
00101101100011	295
00101101100100	200
00101101100101	383
00101101100110	188
00101101100111	386
00101101101000	208
00101101101001	324
00101101101010	183
00101101101011	317
00101101101100	171
00101101101101	399
00101101101110	205
00101101101111	311
00101101110000	78
00101101110001	277
00101101110010	93
00101101110011	243
00101101110100	117
00101101110101	339
00101101110110	79
00101101110111	303
00101101111000	173
00101101111001	388
00101101111010	114
00101101111011	295
00101101111100	134
00101101111101	288
00101101111110	133
00101101111111	276
00101110000000	216
00101110000001	319
00101110000010	216
00101110000011	385
00101110000100	277
00101110000101	492
00101110000110	310
00101110000111	439
00101110001000	282
00101110001001	304
00101110001010	278
00101110001011	334
00101110001100	278
00101110001101	399
00101110001110	232
00101110001111	352
00101110010000	155
00101110010001	345
00101110010010	150
00101110010011	316
00101110010100	158
00101110010101	449
00101110010110	182
00101110010111	393
00101110011000	256
00101110011001	307
00101110011010	213
00101110011011	337
00101110011100	221
00101110011101	322
00101110011110	259
00101110011111	290
00101110100000	255
00101110100001	510
00101110100010	293
00101110100011	408
00101110100100	402
00101110100101	513
00101110100110	346
00101110100111	427
00101110101000	411
00101110101001	511
00101110101010	376
00101110101011	433
00101110101100	353
00101110101101	492
00101110101110	374
00101110101111	387
00101110110000	201
00101110110001	384
00101110110010	170
00101110110011	309
00101110110100	199
00101110110101	426
00101110110110	240
00101110110111	385
00101110111000	227
00101110111001	433
00101110111010	216
00101110111011	487
00101110111100	226
00101110111101	395
00101110111110	183
00101110111111	365
00101111000000	307
00101111000001	451
00101111000010	417
00101111000011	519
00101111000100	346
00101111000101	607
00101111000110	260
00101111000111	507
00101111001000	426
00101111001001	597
00101111001010	310
00101111001011	614
00101111001100	323
00101111001101	456
00101111001110	339
00101111001111	557
00101111010000	183
00101111010001	434
00101111010010	169
00101111010011	413
00101111010100	192
00101111010101	542
00101111010110	186
00101111010111	600
00101111011000	295
00101111011001	572
00101111011010	305
00101111011011	396
00101111011100	362
00101111011101	530
00101111011110	255
00101111011111	473
00101111100000	439
00101111100001	501
00101111100010	343
00101111100011	675
00101111100100	444
00101111100101	718
00101111100110	379
00101111100111	667
00101111101000	476
00101111101001	633
00101111101010	484
00101111101011	629
00101111101100	595
00101111101101	626
00101111101110	465
00101111101111	604
00101111110000	222
00101111110001	542
00101111110010	179
00101111110011	413
00101111110100	279
00101111110101	647
00101111110110	256
00101111110111	468
00101111111000	296
00101111111001	595
00101111111010	282
00101111111011	531
00101111111100	401
00101111111101	734
00101111111110	324
00101111111111	494
00110000000000	212
00110000000001	327
00110000000010	216
00110000000011	298
00110000000100	194
00110000000101	230
00110000000110	213
00110000000111	252
00110000001000	239
00110000001001	308
00110000001010	264
00110000001011	241
00110000001100	269
00110000001101	275
00110000001110	218
00110000001111	257
00110000010000	133
00110000010001	177
00110000010010	180
00110000010011	247
00110000010100	123
00110000010101	252
00110000010110	111
00110000010111	265
00110000011000	182
00110000011001	245
00110000011010	260
00110000011011	263
00110000011100	152
00110000011101	164
00110000011110	129
00110000011111	198
00110000100000	292
00110000100001	459
00110000100010	292
00110000100011	381
00110000100100	300
00110000100101	300
00110000100110	211
00110000100111	369
00110000101000	358
00110000101001	300
00110000101010	330
00110000101011	272
00110000101100	273
00110000101101	247
00110000101110	306
00110000101111	257
00110000110000	189
00110000110001	290
00110000110010	134
00110000110011	277
00110000110100	157
00110000110101	292
00110000110110	173
00110000110111	337
00110000111000	192
00110000111001	317
00110000111010	181
00110000111011	277
00110000111100	195
00110000111101	301
00110000111110	142
00110000111111	322
00110001000000	236
00110001000001	352
00110001000010	193
00110001000011	402
00110001000100	182
00110001000101	322
00110001000110	160
00110001000111	354
00110001001000	226
00110001001001	521
00110001001010	230
00110001001011	297
00110001001100	209
00110001001101	307
00110001001110	182
00110001001111	174
00110001010000	155
00110001010001	349
00110001010010	124
00110001010011	341
00110001010100	131
00110001010101	366
00110001010110	108
00110001010111	339
00110001011000	234
00110001011001	333
00110001011010	189
00110001011011	348
00110001011100	192
00110001011101	354
00110001011110	182
00110001011111	319
00110001100000	312
00110001100001	411
00110001100010	231
00110001100011	420
00110001100100	308
00110001100101	540
00110001100110	219
00110001100111	310
00110001101000	315
00110001101001	491
00110001101010	269
00110001101011	478
00110001101100	290
00110001101101	481
00110001101110	272
00110001101111	232
00110001110000	125
00110001110001	429
00110001110010	162
00110001110011	292
00110001110100	179
00110001110101	532
00110001110110	114
00110001110111	394
00110001111000	245
00110001111001	501
00110001111010	211
00110001111011	469
00110001111100	267
00110001111101	402
00110001111110	187
00110001111111	426
00110010000000	337
00110010000001	467
00110010000010	266
00110010000011	440
00110010000100	224
00110010000101	313
00110010000110	301
00110010000111	396
00110010001000	290
00110010001001	436
00110010001010	308
00110010001011	398
00110010001100	307
00110010001101	297
00110010001110	280
00110010001111	318
00110010010000	136
00110010010001	318
00110010010010	114
00110010010011	309
00110010010100	169
00110010010101	224
00110010010110	162
00110010010111	335
00110010011000	265
00110010011001	302
00110010011010	249
00110010011011	469
00110010011100	192
00110010011101	369
00110010011110	256
00110010011111	348
00110010100000	380
00110010100001	539
00110010100010	268
00110010100011	476
00110010100100	367
00110010100101	418
00110010100110	350
00110010100111	321
00110010101000	407
00110010101001	477
00110010101010	377
00110010101011	412
00110010101100	352
00110010101101	431
00110010101110	307
00110010101111	450
00110010110000	195
00110010110001	381
00110010110010	158
00110010110011	270
00110010110100	213
00110010110101	356
00110010110110	182
00110010110111	353
00110010111000	260
00110010111001	478
00110010111010	289
00110010111011	450
00110010111100	247
00110010111101	295
00110010111110	236
00110010111111	465
00110011000000	417
00110011000001	546
00110011000010	324
00110011000011	577
00110011000100	289
00110011000101	489
00110011000110	250
00110011000111	447
00110011001000	502
00110011001001	737
00110011001010	328
00110011001011	499
00110011001100	360
00110011001101	366
00110011001110	290
00110011001111	298
00110011010000	192
00110011010001	407
00110011010010	167
00110011010011	570
00110011010100	203
00110011010101	389
00110011010110	187
00110011010111	581
00110011011000	285
00110011011001	554
00110011011010	254
00110011011011	420
00110011011100	248
00110011011101	394
00110011011110	266
00110011011111	518
00110011100000	414
00110011100001	728
00110011100010	363
00110011100011	562
00110011100100	477
00110011100101	630
00110011100110	432
00110011100111	503
00110011101000	404
00110011101001	858
00110011101010	395
00110011101011	559
00110011101100	456
00110011101101	684
00110011101110	423
00110011101111	557
00110011110000	283
00110011110001	597
00110011110010	198
00110011110011	513
00110011110100	256
00110011110101	727
00110011110110	278
00110011110111	494
00110011111000	332
00110011111001	554
00110011111010	230
00110011111011	639
00110011111100	332
00110011111101	571
00110011111110	286
00110011111111	560
00110100000000	154
00110100000001	313
00110100000010	155
00110100000011	214
00110100000100	187
00110100000101	262
00110100000110	171
00110100000111	171
00110100001000	157
00110100001001	234
00110100001010	169
00110100001011	220
00110100001100	237
00110100001101	232
00110100001110	194
00110100001111	188
00110100010000	72
00110100010001	195
00110100010010	86
00110100010011	249
00110100010100	89
00110100010101	176
00110100010110	97
00110100010111	229
00110100011000	176
00110100011001	186
00110100011010	222
00110100011011	215
00110100011100	150
00110100011101	240
00110100011110	139
00110100011111	230
00110100100000	297
00110100100001	314
00110100100010	229
00110100100011	288
00110100100100	246
00110100100101	280
00110100100110	166
00110100100111	230
00110100101000	225
00110100101001	319
00110100101010	283
00110100101011	265
00110100101100	296
00110100101101	320
00110100101110	187
00110100101111	276
00110100110000	132
00110100110001	186
00110100110010	152
00110100110011	228
00110100110100	121
00110100110101	232
00110100110110	187
00110100110111	227
00110100111000	202
00110100111001	196
00110100111010	207
00110100111011	251
00110100111100	188
00110100111101	271
00110100111110	192
00110100111111	263
00110101000000	189
00110101000001	378
00110101000010	155
00110101000011	342
00110101000100	171
00110101000101	335
00110101000110	126
00110101000111	308
00110101001000	188
00110101001001	295
00110101001010	113
00110101001011	243
00110101001100	217
00110101001101	303
00110101001110	113
00110101001111	212
00110101010000	119
00110101010001	324
00110101010010	120
00110101010011	242
00110101010100	106
00110101010101	307
00110101010110	112
00110101010111	274
00110101011000	161
00110101011001	248
00110101011010	147
00110101011011	354
00110101011100	170
00110101011101	331
00110101011110	118
00110101011111	216
00110101100000	259
00110101100001	577
00110101100010	192
00110101100011	419
00110101100100	207
00110101100101	547
00110101100110	207
00110101100111	334
00110101101000	266
00110101101001	346
00110101101010	186
00110101101011	337
00110101101100	244
00110101101101	427
00110101101110	239
00110101101111	313
00110101110000	149
00110101110001	427
00110101110010	90
00110101110011	292
00110101110100	167
00110101110101	439
00110101110110	132
00110101110111	341
00110101111000	180
00110101111001	346
00110101111010	222
00110101111011	256
00110101111100	226
00110101111101	422
00110101111110	133
00110101111111	334
00110110000000	309
00110110000001	421
00110110000010	250
00110110000011	414
00110110000100	331
00110110000101	398
00110110000110	323
00110110000111	433
00110110001000	327
00110110001001	300
00110110001010	320
00110110001011	331
00110110001100	321
00110110001101	303
00110110001110	310
00110110001111	314
00110110010000	184
00110110010001	302
00110110010010	186
00110110010011	357
00110110010100	149
00110110010101	353
00110110010110	178
00110110010111	359
00110110011000	196
00110110011001	349
00110110011010	302
00110110011011	433
00110110011100	223
00110110011101	376
00110110011110	279
00110110011111	359
00110110100000	396
00110110100001	502
00110110100010	344
00110110100011	545
00110110100100	384
00110110100101	506
00110110100110	390
00110110100111	493
00110110101000	454
00110110101001	524
00110110101010	426
00110110101011	447
00110110101100	358
00110110101101	484
00110110101110	418
00110110101111	444
00110110110000	213
00110110110001	485
00110110110010	172
00110110110011	372
00110110110100	182
00110110110101	422
00110110110110	293
00110110110111	489
00110110111000	362
00110110111001	513
00110110111010	310
00110110111011	606
00110110111100	264
00110110111101	552
00110110111110	324
00110110111111	524
00110111000000	345
00110111000001	651
00110111000010	323
00110111000011	646
00110111000100	373
00110111000101	689
00110111000110	356
00110111000111	567
00110111001000	444
00110111001001	614
00110111001010	406
00110111001011	418
00110111001100	405
00110111001101	469
00110111001110	352
00110111001111	454
00110111010000	254
00110111010001	572
00110111010010	173
00110111010011	496
00110111010100	279
00110111010101	490
00110111010110	246
00110111010111	501
00110111011000	407
00110111011001	617
00110111011010	319
00110111011011	517
00110111011100	258
00110111011101	445
00110111011110	263
00110111011111	643
00110111100000	604
00110111100001	860
00110111100010	332
00110111100011	725
00110111100100	541
00110111100101	848
00110111100110	523
00110111100111	639
00110111101000	560
00110111101001	814
00110111101010	458
00110111101011	560
00110111101100	570
00110111101101	882
00110111101110	397
00110111101111	586
00110111110000	297
00110111110001	662
00110111110010	231
00110111110011	538
00110111110100	342
00110111110101	666
00110111110110	298
00110111110111	519
00110111111000	454
00110111111001	557
00110111111010	348
00110111111011	599
00110111111100	445
00110111111101	711
00110111111110	338
00110111111111	462
00111000000000	125
00111000000001	213
00111000000010	175
00111000000011	183
00111000000100	189
00111000000101	207
00111000000110	113
00111000000111	240
00111000001000	188
00111000001001	224
00111000001010	220
00111000001011	195
00111000001100	140
00111000001101	207
00111000001110	188
00111000001111	172
00111000010000	90
00111000010001	137
00111000010010	62
00111000010011	156
00111000010100	107
00111000010101	163
00111000010110	134
00111000010111	228
00111000011000	188
00111000011001	156
00111000011010	199
00111000011011	215
00111000011100	131
00111000011101	154
00111000011110	143
00111000011111	215
00111000100000	206
00111000100001	327
00111000100010	161
00111000100011	205
00111000100100	153
00111000100101	280
00111000100110	190
00111000100111	218
00111000101000	284
00111000101001	308
00111000101010	220
00111000101011	301
00111000101100	188
00111000101101	270
00111000101110	168
00111000101111	226
00111000110000	92
00111000110001	205
00111000110010	149
00111000110011	203
00111000110100	118
00111000110101	225
00111000110110	86
00111000110111	228
00111000111000	134
00111000111001	226
00111000111010	196
00111000111011	282
00111000111100	181
00111000111101	284
00111000111110	114
00111000111111	198
00111001000000	182
00111001000001	293
00111001000010	143
00111001000011	317
00111001000100	172
00111001000101	271
00111001000110	168
00111001000111	231
00111001001000	235
00111001001001	310
00111001001010	198
00111001001011	245
00111001001100	159
00111001001101	311
00111001001110	151
00111001001111	210
00111001010000	116
00111001010001	244
00111001010010	84
00111001010011	275
00111001010100	105
00111001010101	299
00111001010110	78
00111001010111	254
00111001011000	171
00111001011001	321
00111001011010	152
00111001011011	290
00111001011100	153
00111001011101	255
00111001011110	145
00111001011111	242
00111001100000	246
00111001100001	432
00111001100010	191
00111001100011	281
00111001100100	300
00111001100101	425
00111001100110	211
00111001100111	348
00111001101000	257
00111001101001	446
00111001101010	206
00111001101011	276
00111001101100	258
00111001101101	428
00111001101110	275
00111001101111	172
00111001110000	141
00111001110001	208
00111001110010	70
00111001110011	227
00111001110100	112
00111001110101	445
00111001110110	121
00111001110111	315
00111001111000	167
00111001111001	303
00111001111010	160
00111001111011	267
00111001111100	179
00111001111101	323
00111001111110	195
00111001111111	264
00111010000000	190
00111010000001	337
00111010000010	181
00111010000011	296
00111010000100	197
00111010000101	285
00111010000110	268
00111010000111	250
00111010001000	189
00111010001001	314
00111010001010	238
00111010001011	313
00111010001100	213
00111010001101	336
00111010001110	189
00111010001111	321
00111010010000	138
00111010010001	236
00111010010010	163
00111010010011	217
00111010010100	108
00111010010101	275
00111010010110	201
00111010010111	285
00111010011000	162
00111010011001	266
00111010011010	187
00111010011011	239
00111010011100	149
00111010011101	249
00111010011110	182
00111010011111	200
00111010100000	276
00111010100001	283
00111010100010	269
00111010100011	394
00111010100100	240
00111010100101	349
00111010100110	279
00111010100111	441
00111010101000	394
00111010101001	323
00111010101010	258
00111010101011	385
00111010101100	307
00111010101101	271
00111010101110	245
00111010101111	330
00111010110000	151
00111010110001	308
00111010110010	136
00111010110011	285
00111010110100	188
00111010110101	277
00111010110110	109
00111010110111	264
00111010111000	158
00111010111001	334
00111010111010	177
00111010111011	389
00111010111100	138
00111010111101	229
00111010111110	202
00111010111111	281
00111011000000	247
00111011000001	464
00111011000010	264
00111011000011	456
00111011000100	306
00111011000101	517
00111011000110	245
00111011000111	414
00111011001000	307
00111011001001	333
00111011001010	384
00111011001011	293
00111011001100	267
00111011001101	402
00111011001110	202
00111011001111	314
00111011010000	163
00111011010001	323
00111011010010	141
00111011010011	364
00111011010100	155
00111011010101	335
00111011010110	112
00111011010111	333
00111011011000	194
00111011011001	435
00111011011010	215
00111011011011	358
00111011011100	249
00111011011101	338
00111011011110	179
00111011011111	354
00111011100000	297
00111011100001	513
00111011100010	322
00111011100011	602
00111011100100	371
00111011100101	534
00111011100110	287
00111011100111	494
00111011101000	402
00111011101001	450
00111011101010	334
00111011101011	382
00111011101100	425
00111011101101	430
00111011101110	311
00111011101111	283
00111011110000	188
00111011110001	411
00111011110010	162
00111011110011	377
00111011110100	248
00111011110101	395
00111011110110	178
00111011110111	378
00111011111000	282
00111011111001	426
00111011111010	235
00111011111011	455
00111011111100	353
00111011111101	414
00111011111110	259
00111011111111	322
00111100000000	115
00111100000001	199
00111100000010	142
00111100000011	192
00111100000100	103
00111100000101	214
00111100000110	150
00111100000111	191
00111100001000	170
00111100001001	191
00111100001010	152
00111100001011	181
00111100001100	165
00111100001101	173
00111100001110	114
00111100001111	152
00111100010000	94
00111100010001	159
00111100010010	111
00111100010011	126
00111100010100	98
00111100010101	110
00111100010110	94
00111100010111	198
00111100011000	120
00111100011001	155
00111100011010	135
00111100011011	222
00111100011100	113
00111100011101	146
00111100011110	128
00111100011111	202
00111100100000	138
00111100100001	240
00111100100010	159
00111100100011	197
00111100100100	173
00111100100101	223
00111100100110	187
00111100100111	242
00111100101000	160
00111100101001	242
00111100101010	186
00111100101011	268
00111100101100	186
00111100101101	222
00111100101110	154
00111100101111	188
00111100110000	93
00111100110001	146
00111100110010	91
00111100110011	163
00111100110100	134
00111100110101	171
00111100110110	92
00111100110111	171
00111100111000	151
00111100111001	200
00111100111010	106
00111100111011	198
00111100111100	105
00111100111101	256
00111100111110	168
00111100111111	126
00111101000000	145
00111101000001	306
00111101000010	100
00111101000011	216
00111101000100	200
00111101000101	222
00111101000110	118
00111101000111	215
00111101001000	120
00111101001001	299
00111101001010	132
00111101001011	226
00111101001100	139
00111101001101	344
00111101001110	143
00111101001111	169
00111101010000	77
00111101010001	237
00111101010010	92
00111101010011	223
00111101010100	100
00111101010101	184
00111101010110	94
00111101010111	231
00111101011000	112
00111101011001	234
00111101011010	116
00111101011011	282
00111101011100	124
00111101011101	212
00111101011110	103
00111101011111	204
00111101100000	199
00111101100001	454
00111101100010	173
00111101100011	250
00111101100100	245
00111101100101	311
00111101100110	147
00111101100111	299
00111101101000	190
00111101101001	330
00111101101010	151
00111101101011	274
00111101101100	232
00111101101101	220
00111101101110	208
00111101101111	241
00111101110000	82
00111101110001	309
00111101110010	84
00111101110011	224
00111101110100	109
00111101110101	258
00111101110110	106
00111101110111	265
00111101111000	180
00111101111001	275
00111101111010	131
00111101111011	269
00111101111100	130
00111101111101	232
00111101111110	156
00111101111111	206
00111110000000	282
00111110000001	367
00111110000010	271
00111110000011	359
00111110000100	269
00111110000101	322
00111110000110	206
00111110000111	262
00111110001000	308
00111110001001	377
00111110001010	280
00111110001011	349
00111110001100	269
00111110001101	205
00111110001110	230
00111110001111	252
00111110010000	74
00111110010001	317
00111110010010	134
00111110010011	280
00111110010100	130
00111110010101	274
00111110010110	199
00111110010111	328
00111110011000	214
00111110011001	336
00111110011010	206
00111110011011	270
00111110011100	187
00111110011101	309
00111110011110	195
00111110011111	299
00111110100000	259
00111110100001	458
00111110100010	286
00111110100011	386
00111110100100	312
00111110100101	420
00111110100110	264
00111110100111	378
00111110101000	377
00111110101001	506
00111110101010	304
00111110101011	410
00111110101100	337
00111110101101	319
00111110101110	323
00111110101111	339
00111110110000	156
00111110110001	324
00111110110010	150
00111110110011	365
00111110110100	135
00111110110101	294
00111110110110	168
00111110110111	457
00111110111000	228
00111110111001	379
00111110111010	213
00111110111011	395
00111110111100	191
00111110111101	310
00111110111110	192
00111110111111	286
00111111000000	317
00111111000001	401
00111111000010	243
00111111000011	431
00111111000100	300
00111111000101	545
00111111000110	236
00111111000111	442
00111111001000	314
00111111001001	491
00111111001010	261
00111111001011	468
00111111001100	304
00111111001101	426
00111111001110	295
00111111001111	396
00111111010000	143
00111111010001	325
00111111010010	131
00111111010011	333
00111111010100	135
00111111010101	482
00111111010110	185
00111111010111	422
00111111011000	267
00111111011001	515
00111111011010	253
00111111011011	381
00111111011100	194
00111111011101	350
00111111011110	254
00111111011111	477
00111111100000	471
00111111100001	610
00111111100010	368
00111111100011	436
00111111100100	347
00111111100101	530
00111111100110	291
00111111100111	525
00111111101000	421
00111111101001	590
00111111101010	406
00111111101011	488
00111111101100	411
00111111101101	439
00111111101110	367
00111111101111	547
00111111110000	150
00111111110001	404
00111111110010	188
00111111110011	476
00111111110100	217
00111111110101	542
00111111110110	178
00111111110111	462
00111111111000	294
00111111111001	489
00111111111010	199
00111111111011	415
00111111111100	319
00111111111101	580
00111111111110	264
00111111111111	435
01000000000000	147
01000000000001	149
01000000000010	126
01000000000011	201
01000000000100	128
01000000000101	122
01000000000110	144
01000000000111	174
01000000001000	175
01000000001001	113
01000000001010	159
01000000001011	99
01000000001100	121
01000000001101	153
01000000001110	107
01000000001111	130
01000000010000	68
01000000010001	128
01000000010010	71
01000000010011	124
01000000010100	82
01000000010101	110
01000000010110	77
01000000010111	115
01000000011000	88
01000000011001	150
01000000011010	83
01000000011011	96
01000000011100	103
01000000011101	124
01000000011110	85
01000000011111	139
01000000100000	151
01000000100001	165
01000000100010	152
01000000100011	178
01000000100100	159
01000000100101	176
01000000100110	161
01000000100111	158
01000000101000	150
01000000101001	223
01000000101010	152
01000000101011	164
01000000101100	147
01000000101101	192
01000000101110	100
01000000101111	147
01000000110000	98
01000000110001	162
01000000110010	70
01000000110011	143
01000000110100	103
01000000110101	170
01000000110110	72
01000000110111	156
01000000111000	135
01000000111001	144
01000000111010	97
01000000111011	192
01000000111100	114
01000000111101	131
01000000111110	129
01000000111111	133
01000001000000	118
01000001000001	191
01000001000010	127
01000001000011	190
01000001000100	131
01000001000101	183
01000001000110	91
01000001000111	178
01000001001000	131
01000001001001	196
01000001001010	85
01000001001011	166
01000001001100	103
01000001001101	158
01000001001110	88
01000001001111	159
01000001010000	59
01000001010001	154
01000001010010	62
01000001010011	167
01000001010100	43
01000001010101	234
01000001010110	70
01000001010111	195
01000001011000	108
01000001011001	105
01000001011010	98
01000001011011	147
01000001011100	92
01000001011101	198
01000001011110	88
01000001011111	150
01000001100000	132
01000001100001	227
01000001100010	80
01000001100011	191
01000001100100	130
01000001100101	272
01000001100110	105
01000001100111	224
01000001101000	170
01000001101001	239
01000001101010	133
01000001101011	143
01000001101100	131
01000001101101	232
01000001101110	97
01000001101111	152
01000001110000	70
01000001110001	143
01000001110010	62
01000001110011	199
01000001110100	107
01000001110101	234
01000001110110	71
01000001110111	131
01000001111000	133
01000001111001	201
01000001111010	103
01000001111011	197
01000001111100	129
01000001111101	201
01000001111110	112
01000001111111	137
01000010000000	124
01000010000001	203
01000010000010	122
01000010000011	192
01000010000100	147
01000010000101	194
01000010000110	87
01000010000111	201
01000010001000	127
01000010001001	142
01000010001010	143
01000010001011	213
01000010001100	123
01000010001101	139
01000010001110	126
01000010001111	159
01000010010000	70
01000010010001	119
01000010010010	55
01000010010011	123
01000010010100	79
01000010010101	92
01000010010110	95
01000010010111	155
01000010011000	85
01000010011001	160
01000010011010	61
01000010011011	185
01000010011100	75
01000010011101	175
01000010011110	94
01000010011111	102
01000010100000	125
01000010100001	213
01000010100010	128
01000010100011	115
01000010100100	107
01000010100101	195
01000010100110	92
01000010100111	226
01000010101000	163
01000010101001	152
01000010101010	146
01000010101011	123
01000010101100	123
01000010101101	145
01000010101110	155
01000010101111	203
01000010110000	74
01000010110001	152
01000010110010	97
01000010110011	151
01000010110100	56
01000010110101	156
01000010110110	90
01000010110111	204
01000010111000	139
01000010111001	177
01000010111010	103
01000010111011	192
01000010111100	107
01000010111101	207
01000010111110	67
01000010111111	110
01000011000000	156
01000011000001	212
01000011000010	146
01000011000011	209
01000011000100	150
01000011000101	214
01000011000110	128
01000011000111	192
01000011001000	198
01000011001001	210
01000011001010	135
01000011001011	215
01000011001100	228
01000011001101	204
01000011001110	116
01000011001111	185
01000011010000	88
01000011010001	173
01000011010010	93
01000011010011	193
01000011010100	99
01000011010101	237
01000011010110	81
01000011010111	255
01000011011000	123
01000011011001	176
01000011011010	114
01000011011011	204
01000011011100	138
01000011011101	194
01000011011110	117
01000011011111	198
01000011100000	185
01000011100001	314
01000011100010	144
01000011100011	218
01000011100100	213
01000011100101	251
01000011100110	173
01000011100111	201
01000011101000	202
01000011101001	303
01000011101010	171
01000011101011	220
01000011101100	228
01000011101101	249
01000011101110	158
01000011101111	223
01000011110000	117
01000011110001	251
01000011110010	87
01000011110011	129
01000011110100	119
01000011110101	323
01000011110110	96
01000011110111	264
01000011111000	114
01000011111001	302
01000011111010	142
01000011111011	231
01000011111100	148
01000011111101	274
01000011111110	131
01000011111111	213
01000100000000	101
01000100000001	122
01000100000010	96
01000100000011	121
01000100000100	76
01000100000101	143
01000100000110	107
01000100000111	118
01000100001000	114
01000100001001	157
01000100001010	96
01000100001011	162
01000100001100	92
01000100001101	131
01000100001110	105
01000100001111	120
01000100010000	48
01000100010001	115
01000100010010	69
01000100010011	71
01000100010100	50
01000100010101	86
01000100010110	60
01000100010111	98
01000100011000	77
01000100011001	128
01000100011010	82
01000100011011	124
01000100011100	77
01000100011101	127
01000100011110	103
01000100011111	105
01000100100000	100
01000100100001	152
01000100100010	94
01000100100011	134
01000100100100	141
01000100100101	130
01000100100110	107
01000100100111	134
01000100101000	152
01000100101001	109
01000100101010	140
01000100101011	121
01000100101100	140
01000100101101	149
01000100101110	119
01000100101111	138
01000100110000	69
01000100110001	137
01000100110010	78
01000100110011	113
01000100110100	62
01000100110101	139
01000100110110	81
01000100110111	90
01000100111000	79
01000100111001	133
01000100111010	84
01000100111011	114
01000100111100	76
01000100111101	114
01000100111110	94
01000100111111	131
01000101000000	79
01000101000001	152
01000101000010	96
01000101000011	145
01000101000100	104
01000101000101	176
01000101000110	77
01000101000111	157
01000101001000	139
01000101001001	165
01000101001010	111
01000101001011	144
01000101001100	136
01000101001101	190
01000101001110	112
01000101001111	97
01000101010000	36
01000101010001	152
01000101010010	36
01000101010011	117
01000101010100	85
01000101010101	156
01000101010110	62
01000101010111	127
01000101011000	98
01000101011001	178
01000101011010	39
01000101011011	124
01000101011100	72
01000101011101	225
01000101011110	82
01000101011111	196
01000101100000	118
01000101100001	268
01000101100010	92
01000101100011	165
01000101100100	119
01000101100101	215
01000101100110	79
01000101100111	224
01000101101000	184
01000101101001	170
01000101101010	73
01000101101011	180
01000101101100	118
01000101101101	204
01000101101110	124
01000101101111	89
01000101110000	52
01000101110001	184
01000101110010	42
01000101110011	170
01000101110100	89
01000101110101	162
01000101110110	62
01000101110111	145
01000101111000	76
01000101111001	187
01000101111010	62
01000101111011	113
01000101111100	107
01000101111101	132
01000101111110	103
01000101111111	121
01000110000000	136
01000110000001	201
01000110000010	118
01000110000011	188
01000110000100	156
01000110000101	225
01000110000110	124
01000110000111	195
01000110001000	119
01000110001001	157
01000110001010	139
01000110001011	165
01000110001100	174
01000110001101	158
01000110001110	171
01000110001111	174
01000110010000	67
01000110010001	115
01000110010010	77
01000110010011	153
01000110010100	81
01000110010101	196
01000110010110	78
01000110010111	204
01000110011000	95
01000110011001	134
01000110011010	88
01000110011011	176
01000110011100	162
01000110011101	154
01000110011110	83
01000110011111	162
01000110100000	167
01000110100001	215
01000110100010	138
01000110100011	216
01000110100100	168
01000110100101	224
01000110100110	161
01000110100111	219
01000110101000	194
01000110101001	198
01000110101010	150
01000110101011	202
01000110101100	163
01000110101101	186
01000110101110	202
01000110101111	220
01000110110000	71
01000110110001	161
01000110110010	74
01000110110011	147
01000110110100	87
01000110110101	123
01000110110110	100
01000110110111	171
01000110111000	142
01000110111001	239
01000110111010	106
01000110111011	174
01000110111100	141
01000110111101	197
01000110111110	150
01000110111111	113
01000111000000	159
01000111000001	354
01000111000010	162
01000111000011	230
01000111000100	176
01000111000101	269
01000111000110	193
01000111000111	288
01000111001000	225
01000111001001	204
01000111001010	199
01000111001011	187
01000111001100	195
01000111001101	320
01000111001110	195
01000111001111	246
01000111010000	86
01000111010001	205
01000111010010	109
01000111010011	189
01000111010100	108
01000111010101	206
01000111010110	109
01000111010111	277
01000111011000	139
01000111011001	302
01000111011010	173
01000111011011	208
01000111011100	140
01000111011101	251
01000111011110	175
01000111011111	247
01000111100000	236
01000111100001	286
01000111100010	151
01000111100011	286
01000111100100	222
01000111100101	366
01000111100110	195
01000111100111	287
01000111101000	263
01000111101001	378
01000111101010	176
01000111101011	263
01000111101100	231
01000111101101	379
01000111101110	208
01000111101111	227
01000111110000	128
01000111110001	306
01000111110010	122
01000111110011	221
01000111110100	160
01000111110101	325
01000111110110	119
01000111110111	245
01000111111000	187
01000111111001	273
01000111111010	133
01000111111011	209
01000111111100	226
01000111111101	289
01000111111110	153
01000111111111	277
01001000000000	156
01001000000001	172
01001000000010	136
01001000000011	249
01001000000100	106
01001000000101	222
01001000000110	165
01001000000111	221
01001000001000	190
01001000001001	203
01001000001010	200
01001000001011	217
01001000001100	152
01001000001101	156
01001000001110	186
01001000001111	158
01001000010000	71
01001000010001	161
01001000010010	71
01001000010011	156
01001000010100	93
01001000010101	171
01001000010110	72
01001000010111	204
01001000011000	107
01001000011001	161
01001000011010	78
01001000011011	183
01001000011100	109
01001000011101	170
01001000011110	108
01001000011111	150
01001000100000	202
01001000100001	253
01001000100010	206
01001000100011	303
01001000100100	217
01001000100101	288
01001000100110	215
01001000100111	230
01001000101000	190
01001000101001	235
01001000101010	210
01001000101011	246
01001000101100	179
01001000101101	189
01001000101110	186
01001000101111	162
01001000110000	92
01001000110001	203
01001000110010	85
01001000110011	187
01001000110100	108
01001000110101	216
01001000110110	81
01001000110111	150
01001000111000	148
01001000111001	192
01001000111010	113
01001000111011	188
01001000111100	191
01001000111101	165
01001000111110	116
01001000111111	155
01001001000000	148
01001001000001	210
01001001000010	89
01001001000011	281
01001001000100	132
01001001000101	319
01001001000110	142
01001001000111	234
01001001001000	218
01001001001001	271
01001001001010	155
01001001001011	149
01001001001100	146
01001001001101	223
01001001001110	143
01001001001111	197
01001001010000	105
01001001010001	255
01001001010010	84
01001001010011	186
01001001010100	97
01001001010101	206
01001001010110	77
01001001010111	175
01001001011000	131
01001001011001	209
01001001011010	174
01001001011011	219
01001001011100	125
01001001011101	235
01001001011110	109
01001001011111	193
01001001100000	211
01001001100001	261
01001001100010	147
01001001100011	280
01001001100100	210
01001001100101	343
01001001100110	150
01001001100111	270
01001001101000	208
01001001101001	296
01001001101010	195
01001001101011	235
01001001101100	208
01001001101101	281
01001001101110	162
01001001101111	310
01001001110000	99
01001001110001	236
01001001110010	90
01001001110011	200
01001001110100	100
01001001110101	276
01001001110110	124
01001001110111	246
01001001111000	139
01001001111001	249
01001001111010	120
01001001111011	190
01001001111100	161
01001001111101	223
01001001111110	110
01001001111111	180
01001010000000	258
01001010000001	271
01001010000010	201
01001010000011	249
01001010000100	177
01001010000101	240
01001010000110	198
01001010000111	294
01001010001000	224
01001010001001	259
01001010001010	169
01001010001011	220
01001010001100	194
01001010001101	293
01001010001110	199
01001010001111	188
01001010010000	100
01001010010001	217
01001010010010	101
01001010010011	168
01001010010100	118
01001010010101	183
01001010010110	114
01001010010111	250
01001010011000	163
01001010011001	184
01001010011010	208
01001010011011	289
01001010011100	133
01001010011101	177
01001010011110	121
01001010011111	239
01001010100000	214
01001010100001	278
01001010100010	157
01001010100011	253
01001010100100	209
01001010100101	408
01001010100110	236
01001010100111	345
01001010101000	251
01001010101001	367
01001010101010	244
01001010101011	335
01001010101100	244
01001010101101	359
01001010101110	202
01001010101111	276
01001010110000	131
01001010110001	258
01001010110010	107
01001010110011	216
01001010110100	134
01001010110101	212
01001010110110	113
01001010110111	215
01001010111000	154
01001010111001	301
01001010111010	157
01001010111011	286
01001010111100	160
01001010111101	247
01001010111110	136
01001010111111	261
01001011000000	263
01001011000001	375
01001011000010	268
01001011000011	389
01001011000100	224
01001011000101	389
01001011000110	284
01001011000111	298
01001011001000	272
01001011001001	388
01001011001010	246
01001011001011	277
01001011001100	272
01001011001101	488
01001011001110	255
01001011001111	368
01001011010000	113
01001011010001	315
01001011010010	164
01001011010011	295
01001011010100	130
01001011010101	348
01001011010110	138
01001011010111	350
01001011011000	253
01001011011001	437
01001011011010	193
01001011011011	320
01001011011100	197
01001011011101	347
01001011011110	220
01001011011111	350
01001011100000	327
01001011100001	486
01001011100010	266
01001011100011	379
01001011100100	289
01001011100101	485
01001011100110	220
01001011100111	290
01001011101000	358
01001011101001	472
01001011101010	269
01001011101011	373
01001011101100	315
01001011101101	457
01001011101110	297
01001011101111	307
01001011110000	183
01001011110001	425
01001011110010	145
01001011110011	279
01001011110100	212
01001011110101	351
01001011110110	152
01001011110111	435
01001011111000	296
01001011111001	436
01001011111010	214
01001011111011	380
01001011111100	219
01001011111101	393
01001011111110	160
01001011111111	372
01001100000000	121
01001100000001	205
01001100000010	137
01001100000011	191
01001100000100	159
01001100000101	144
01001100000110	115
01001100000111	173
01001100001000	144
01001100001001	162
01001100001010	168
01001100001011	153
01001100001100	149
01001100001101	173
01001100001110	143
01001100001111	154
01001100010000	72
01001100010001	122
01001100010010	75
01001100010011	121
01001100010100	85
01001100010101	135
01001100010110	85
01001100010111	152
01001100011000	86
01001100011001	131
01001100011010	100
01001100011011	126
01001100011100	69
01001100011101	137
01001100011110	112
01001100011111	137
01001100100000	161
01001100100001	190
01001100100010	168
01001100100011	188
01001100100100	147
01001100100101	205
01001100100110	153
01001100100111	173
01001100101000	138
01001100101001	187
01001100101010	190
01001100101011	227
01001100101100	171
01001100101101	204
01001100101110	193
01001100101111	147
01001100110000	79
01001100110001	209
01001100110010	90
01001100110011	147
01001100110100	91
01001100110101	147
01001100110110	66
01001100110111	169
01001100111000	135
01001100111001	162
01001100111010	122
01001100111011	151
01001100111100	119
01001100111101	165
01001100111110	105
01001100111111	168
01001101000000	126
01001101000001	235
01001101000010	93
01001101000011	222
01001101000100	154
01001101000101	229
01001101000110	126
01001101000111	242
01001101001000	126
01001101001001	162
01001101001010	138
01001101001011	227
01001101001100	168
01001101001101	167
01001101001110	116
01001101001111	172
01001101010000	94
01001101010001	170
01001101010010	46
01001101010011	216
01001101010100	97
01001101010101	181
01001101010110	65
01001101010111	149
01001101011000	81
01001101011001	154
01001101011010	84
01001101011011	206
01001101011100	117
01001101011101	231
01001101011110	100
01001101011111	131
01001101100000	138
01001101100001	291
01001101100010	121
01001101100011	254
01001101100100	153
01001101100101	232
01001101100110	124
01001101100111	238
01001101101000	180
01001101101001	270
01001101101010	138
01001101101011	241
01001101101100	190
01001101101101	255
01001101101110	188
01001101101111	222
01001101110000	86
01001101110001	151
01001101110010	62
01001101110011	189
01001101110100	103
01001101110101	204
01001101110110	95
01001101110111	193
01001101111000	87
01001101111001	260
01001101111010	94
01001101111011	262
01001101111100	153
01001101111101	188
01001101111110	102
01001101111111	223
01001110000000	159
01001110000001	290
01001110000010	199
01001110000011	260
01001110000100	222
01001110000101	274
01001110000110	213
01001110000111	259
01001110001000	208
01001110001001	248
01001110001010	269
01001110001011	312
01001110001100	198
01001110001101	304
01001110001110	201
01001110001111	260
01001110010000	129
01001110010001	229
01001110010010	101
01001110010011	218
01001110010100	106
01001110010101	247
01001110010110	104
01001110010111	216
01001110011000	140
01001110011001	278
01001110011010	149
01001110011011	222
01001110011100	134
01001110011101	248
01001110011110	161
01001110011111	203
01001110100000	215
01001110100001	334
01001110100010	239
01001110100011	276
01001110100100	273
01001110100101	357
01001110100110	156
01001110100111	389
01001110101000	300
01001110101001	333
01001110101010	259
01001110101011	289
01001110101100	241
01001110101101	298
01001110101110	254
01001110101111	261
01001110110000	126
01001110110001	258
01001110110010	117
01001110110011	237
01001110110100	106
01001110110101	325
01001110110110	97
01001110110111	272
01001110111000	200
01001110111001	317
01001110111010	179
01001110111011	275
01001110111100	188
01001110111101	302
01001110111110	170
01001110111111	293
01001111000000	260
01001111000001	474
01001111000010	253
01001111000011	370
01001111000100	250
01001111000101	453
01001111000110	251
01001111000111	507
01001111001000	284
01001111001001	435
01001111001010	282
01001111001011	406
01001111001100	291
01001111001101	350
01001111001110	240
01001111001111	343
01001111010000	165
01001111010001	410
01001111010010	146
01001111010011	250
01001111010100	119
01001111010101	376
01001111010110	167
01001111010111	414
01001111011000	208
01001111011001	315
01001111011010	175
01001111011011	269
01001111011100	203
01001111011101	345
01001111011110	178
01001111011111	401
01001111100000	348
01001111100001	598
01001111100010	263
01001111100011	495
01001111100100	373
01001111100101	610
01001111100110	363
01001111100111	423
01001111101000	367
01001111101001	461
01001111101010	300
01001111101011	329
01001111101100	275
01001111101101	461
01001111101110	370
01001111101111	285
01001111110000	166
01001111110001	388
01001111110010	146
01001111110011	306
01001111110100	211
01001111110101	457
01001111110110	163
01001111110111	315
01001111111000	204
01001111111001	501
01001111111010	233
01001111111011	376
01001111111100	258
01001111111101	451
01001111111110	231
01001111111111	527
01010000000000	170
01010000000001	199
01010000000010	193
01010000000011	261
01010000000100	199
01010000000101	238
01010000000110	194
01010000000111	256
01010000001000	137
01010000001001	265
01010000001010	226
01010000001011	233
01010000001100	223
01010000001101	197
01010000001110	168
01010000001111	242
01010000010000	98
01010000010001	184
01010000010010	103
01010000010011	172
01010000010100	111
01010000010101	184
01010000010110	93
01010000010111	190
01010000011000	135
01010000011001	189
01010000011010	148
01010000011011	252
01010000011100	125
01010000011101	226
01010000011110	114
01010000011111	230
01010000100000	201
01010000100001	203
01010000100010	174
01010000100011	195
01010000100100	236
01010000100101	312
01010000100110	207
01010000100111	226
01010000101000	266
01010000101001	297
01010000101010	197
01010000101011	273
01010000101100	211
01010000101101	257
01010000101110	194
01010000101111	217
01010000110000	160
01010000110001	234
01010000110010	108
01010000110011	302
01010000110100	132
01010000110101	208
01010000110110	138
01010000110111	217
01010000111000	191
01010000111001	228
01010000111010	174
01010000111011	266
01010000111100	201
01010000111101	253
01010000111110	142
01010000111111	229
01010001000000	187
01010001000001	299
01010001000010	154
01010001000011	272
01010001000100	136
01010001000101	344
01010001000110	171
01010001000111	241
01010001001000	183
01010001001001	267
01010001001010	244
01010001001011	269
01010001001100	174
01010001001101	306
01010001001110	134
01010001001111	241
01010001010000	101
01010001010001	266
01010001010010	94
01010001010011	240
01010001010100	101
01010001010101	189
01010001010110	118
01010001010111	219
01010001011000	135
01010001011001	254
01010001011010	107
01010001011011	232
01010001011100	164
01010001011101	306
01010001011110	110
01010001011111	232
01010001100000	215
01010001100001	374
01010001100010	168
01010001100011	269
01010001100100	235
01010001100101	320
01010001100110	119
01010001100111	291
01010001101000	247
01010001101001	380
01010001101010	178
01010001101011	316
01010001101100	199
01010001101101	324
01010001101110	101
01010001101111	213
01010001110000	101
01010001110001	351
01010001110010	102
01010001110011	192
01010001110100	159
01010001110101	332
01010001110110	134
01010001110111	301
01010001111000	165
01010001111001	335
01010001111010	148
01010001111011	326
01010001111100	153
01010001111101	316
01010001111110	138
01010001111111	222
01010010000000	188
01010010000001	292
01010010000010	186
01010010000011	372
01010010000100	194
01010010000101	267
01010010000110	219
01010010000111	338
01010010001000	237
01010010001001	239
01010010001010	245
01010010001011	336
01010010001100	215
01010010001101	253
01010010001110	186
01010010001111	365
01010010010000	98
01010010010001	236
01010010010010	122
01010010010011	260
01010010010100	123
01010010010101	276
01010010010110	145
01010010010111	292
01010010011000	151
01010010011001	339
01010010011010	142
01010010011011	324
01010010011100	161
01010010011101	238
01010010011110	141
01010010011111	302
01010010100000	236
01010010100001	394
01010010100010	264
01010010100011	272
01010010100100	229
01010010100101	392
01010010100110	178
01010010100111	310
01010010101000	272
01010010101001	337
01010010101010	317
01010010101011	240
01010010101100	254
01010010101101	295
01010010101110	249
01010010101111	281
01010010110000	177
01010010110001	265
01010010110010	123
01010010110011	263
01010010110100	150
01010010110101	305
01010010110110	142
01010010110111	284
01010010111000	229
01010010111001	227
01010010111010	181
01010010111011	274
01010010111100	178
01010010111101	278
01010010111110	168
01010010111111	280
01010011000000	234
01010011000001	500
01010011000010	188
01010011000011	430
01010011000100	179
01010011000101	389
01010011000110	199
01010011000111	387
01010011001000	295
01010011001001	415
01010011001010	293
01010011001011	410
01010011001100	271
01010011001101	368
01010011001110	214
01010011001111	303
01010011010000	158
01010011010001	333
01010011010010	155
01010011010011	348
01010011010100	167
01010011010101	345
01010011010110	145
01010011010111	398
01010011011000	159
01010011011001	329
01010011011010	252
01010011011011	396
01010011011100	188
01010011011101	354
01010011011110	173
01010011011111	268
01010011100000	379
01010011100001	475
01010011100010	241
01010011100011	422
01010011100100	317
01010011100101	463
01010011100110	253
01010011100111	350
01010011101000	378
01010011101001	521
01010011101010	319
01010011101011	393
01010011101100	269
01010011101101	408
01010011101110	236
01010011101111	322
01010011110000	181
01010011110001	396
01010011110010	151
01010011110011	294
01010011110100	167
01010011110101	367
01010011110110	144
01010011110111	411
01010011111000	224
01010011111001	446
01010011111010	198
01010011111011	425
01010011111100	228
01010011111101	387
01010011111110	205
01010011111111	334
01010100000000	148
01010100000001	207
01010100000010	167
01010100000011	208
01010100000100	129
01010100000101	230
01010100000110	170
01010100000111	228
01010100001000	195
01010100001001	199
01010100001010	188
01010100001011	247
01010100001100	149
01010100001101	162
01010100001110	219
01010100001111	199
01010100010000	83
01010100010001	100
01010100010010	86
01010100010011	209
01010100010100	79
01010100010101	173
01010100010110	92
01010100010111	153
01010100011000	137
01010100011001	203
01010100011010	138
01010100011011	231
01010100011100	113
01010100011101	167
01010100011110	87
01010100011111	148
01010100100000	189
01010100100001	242
01010100100010	172
01010100100011	179
01010100100100	176
01010100100101	238
01010100100110	196
01010100100111	212
01010100101000	215
01010100101001	232
01010100101010	166
01010100101011	194
01010100101100	217
01010100101101	226
01010100101110	198
01010100101111	196
01010100110000	90
01010100110001	197
01010100110010	116
01010100110011	200
01010100110100	126
01010100110101	208
01010100110110	102
01010100110111	179
01010100111000	153
01010100111001	219
01010100111010	140
01010100111011	179
01010100111100	140
01010100111101	235
01010100111110	145
01010100111111	194
01010101000000	129
01010101000001	344
01010101000010	167
01010101000011	274
01010101000100	212
01010101000101	283
01010101000110	134
01010101000111	272
01010101001000	190
01010101001001	230
01010101001010	141
01010101001011	208
01010101001100	149
01010101001101	301
01010101001110	113
01010101001111	253
01010101010000	75
01010101010001	207
01010101010010	111
01010101010011	208
01010101010100	101
01010101010101	272
01010101010110	101
01010101010111	200
01010101011000	103
01010101011001	197
01010101011010	111
01010101011011	165
01010101011100	114
01010101011101	268
01010101011110	102
01010101011111	239
01010101100000	206
01010101100001	351
01010101100010	119
01010101100011	235
01010101100100	218
01010101100101	347
01010101100110	142
01010101100111	281
01010101101000	197
01010101101001	368
01010101101010	154
01010101101011	300
01010101101100	202
01010101101101	304
01010101101110	131
01010101101111	278
01010101110000	111
01010101110001	232
01010101110010	100
01010101110011	203
01010101110100	112
01010101110101	298
01010101110110	117
01010101110111	234
01010101111000	143
01010101111001	328
01010101111010	123
01010101111011	305
01010101111100	235
01010101111101	280
01010101111110	106
01010101111111	209
01010110000000	240
01010110000001	373
01010110000010	265
01010110000011	339
01010110000100	147
01010110000101	414
01010110000110	232
01010110000111	401
01010110001000	306
01010110001001	277
01010110001010	226
01010110001011	330
01010110001100	292
01010110001101	224
01010110001110	258
01010110001111	330
01010110010000	142
01010110010001	252
01010110010010	123
01010110010011	261
01010110010100	131
01010110010101	273
01010110010110	140
01010110010111	227
01010110011000	189
01010110011001	294
01010110011010	177
01010110011011	318
01010110011100	225
01010110011101	288
01010110011110	211
01010110011111	316
01010110100000	224
01010110100001	283
01010110100010	302
01010110100011	404
01010110100100	317
01010110100101	442
01010110100110	237
01010110100111	334
01010110101000	371
01010110101001	377
01010110101010	283
01010110101011	310
01010110101100	342
01010110101101	357
01010110101110	241
01010110101111	261
01010110110000	153
01010110110001	289
01010110110010	150
01010110110011	328
01010110110100	150
01010110110101	236
01010110110110	158
01010110110111	318
01010110111000	233
01010110111001	346
01010110111010	214
01010110111011	271
01010110111100	239
01010110111101	371
01010110111110	191
01010110111111	300
01010111000000	273
01010111000001	468
01010111000010	301
01010111000011	470
01010111000100	383
01010111000101	527
01010111000110	269
01010111000111	349
01010111001000	390
01010111001001	435
01010111001010	291
01010111001011	474
01010111001100	346
01010111001101	343
01010111001110	226
01010111001111	368
01010111010000	155
01010111010001	410
01010111010010	158
01010111010011	388
01010111010100	190
01010111010101	445
01010111010110	160
01010111010111	345
01010111011000	246
01010111011001	386
01010111011010	241
01010111011011	401
01010111011100	237
01010111011101	325
01010111011110	233
01010111011111	370
01010111100000	422
01010111100001	666
01010111100010	334
01010111100011	433
01010111100100	327
01010111100101	623
01010111100110	283
01010111100111	462
01010111101000	396
01010111101001	578
01010111101010	339
01010111101011	478
01010111101100	355
01010111101101	508
01010111101110	262
01010111101111	352
01010111110000	237
01010111110001	479
01010111110010	183
01010111110011	428
01010111110100	255
01010111110101	603
01010111110110	218
01010111110111	442
01010111111000	315
01010111111001	509
01010111111010	255
01010111111011	432
01010111111100	323
01010111111101	431
01010111111110	221
01010111111111	446
01011000000000	120
01011000000001	172
01011000000010	126
01011000000011	164
01011000000100	119
01011000000101	194
01011000000110	144
01011000000111	230
01011000001000	179
01011000001001	230
01011000001010	141
01011000001011	190
01011000001100	177
01011000001101	168
01011000001110	86
01011000001111	192
01011000010000	90
01011000010001	95
01011000010010	91
01011000010011	118
01011000010100	62
01011000010101	148
01011000010110	72
01011000010111	153
01011000011000	77
01011000011001	159
01011000011010	115
01011000011011	161
01011000011100	64
01011000011101	135
01011000011110	99
01011000011111	130
01011000100000	125
01011000100001	158
01011000100010	161
01011000100011	139
01011000100100	162
01011000100101	228
01011000100110	122
01011000100111	172
01011000101000	168
01011000101001	215
01011000101010	169
01011000101011	216
01011000101100	183
01011000101101	221
01011000101110	164
01011000101111	140
01011000110000	77
01011000110001	153
01011000110010	79
01011000110011	164
01011000110100	90
01011000110101	138
01011000110110	59
01011000110111	177
01011000111000	124
01011000111001	212
01011000111010	139
01011000111011	131
01011000111100	125
01011000111101	174
01011000111110	101
01011000111111	140
01011001000000	121
01011001000001	259
01011001000010	109
01011001000011	200
01011001000100	163
01011001000101	227
01011001000110	138
01011001000111	207
01011001001000	178
01011001001001	235
01011001001010	107
01011001001011	247
01011001001100	185
01011001001101	245
01011001001110	132
01011001001111	185
01011001010000	52
01011001010001	207
01011001010010	74
01011001010011	180
01011001010100	93
01011001010101	186
01011001010110	58
01011001010111	209
01011001011000	103
01011001011001	195
01011001011010	125
01011001011011	159
01011001011100	119
01011001011101	197
01011001011110	107
01011001011111	143
01011001100000	135
01011001100001	224
01011001100010	118
01011001100011	221
01011001100100	192
01011001100101	290
01011001100110	121
01011001100111	193
01011001101000	172
01011001101001	253
01011001101010	148
01011001101011	228
01011001101100	159
01011001101101	231
01011001101110	103
01011001101111	185
01011001110000	95
01011001110001	214
01011001110010	52
01011001110011	161
01011001110100	104
01011001110101	289
01011001110110	85
01011001110111	224
01011001111000	131
01011001111001	243
01011001111010	114
01011001111011	190
01011001111100	108
01011001111101	268
01011001111110	103
01011001111111	202
01011010000000	129
01011010000001	187
01011010000010	183
01011010000011	231
01011010000100	162
01011010000101	179
01011010000110	153
01011010000111	209
01011010001000	169
01011010001001	147
01011010001010	199
01011010001011	225
01011010001100	152
01011010001101	211
01011010001110	138
01011010001111	226
01011010010000	72
01011010010001	133
01011010010010	64
01011010010011	179
01011010010100	69
01011010010101	159
01011010010110	97
01011010010111	165
01011010011000	159
01011010011001	194
01011010011010	144
01011010011011	204
01011010011100	107
01011010011101	99
01011010011110	134
01011010011111	171
01011010100000	179
01011010100001	279
01011010100010	146
01011010100011	247
01011010100100	206
01011010100101	260
01011010100110	143
01011010100111	234
01011010101000	223
01011010101001	272
01011010101010	176
01011010101011	154
01011010101100	241
01011010101101	218
01011010101110	172
01011010101111	215
01011010110000	113
01011010110001	158
01011010110010	93
01011010110011	203
01011010110100	113
01011010110101	179
01011010110110	110
01011010110111	193
01011010111000	175
01011010111001	219
01011010111010	143
01011010111011	196
01011010111100	146
01011010111101	253
01011010111110	131
01011010111111	182
01011011000000	188
01011011000001	268
01011011000010	166
01011011000011	267
01011011000100	176
01011011000101	338
01011011000110	174
01011011000111	245
01011011001000	248
01011011001001	423
01011011001010	228
01011011001011	246
01011011001100	200
01011011001101	287
01011011001110	247
01011011001111	302
01011011010000	99
01011011010001	222
01011011010010	86
01011011010011	190
01011011010100	118
01011011010101	251
01011011010110	86
01011011010111	226
01011011011000	196
01011011011001	319
01011011011010	176
01011011011011	295
01011011011100	147
01011011011101	175
01011011011110	136
01011011011111	247
01011011100000	226
01011011100001	298
01011011100010	220
01011011100011	257
01011011100100	223
01011011100101	415
01011011100110	177
01011011100111	265
01011011101000	240
01011011101001	371
01011011101010	232
01011011101011	272
01011011101100	213
01011011101101	352
01011011101110	199
01011011101111	275
01011011110000	130
01011011110001	305
01011011110010	108
01011011110011	283
01011011110100	119
01011011110101	276
01011011110110	114
01011011110111	300
01011011111000	201
01011011111001	282
01011011111010	190
01011011111011	285
01011011111100	211
01011011111101	339
01011011111110	157
01011011111111	325
01011100000000	117
01011100000001	115
01011100000010	127
01011100000011	120
01011100000100	96
01011100000101	142
01011100000110	113
01011100000111	153
01011100001000	136
01011100001001	191
01011100001010	117
01011100001011	127
01011100001100	106
01011100001101	156
01011100001110	126
01011100001111	156
01011100010000	62
01011100010001	126
01011100010010	41
01011100010011	145
01011100010100	126
01011100010101	124
01011100010110	70
01011100010111	171
01011100011000	93
01011100011001	141
01011100011010	107
01011100011011	163
01011100011100	99
01011100011101	109
01011100011110	89
01011100011111	119
01011100100000	137
01011100100001	207
01011100100010	97
01011100100011	139
01011100100100	139
01011100100101	144
01011100100110	140
01011100100111	183
01011100101000	152
01011100101001	170
01011100101010	172
01011100101011	198
01011100101100	156
01011100101101	167
01011100101110	130
01011100101111	135
01011100110000	80
01011100110001	96
01011100110010	57
01011100110011	114
01011100110100	90
01011100110101	137
01011100110110	80
01011100110111	125
01011100111000	107
01011100111001	143
01011100111010	97
01011100111011	148
01011100111100	72
01011100111101	145
01011100111110	116
01011100111111	129
01011101000000	128
01011101000001	194
01011101000010	90
01011101000011	167
01011101000100	103
01011101000101	230
01011101000110	157
01011101000111	186
01011101001000	158
01011101001001	159
01011101001010	99
01011101001011	186
01011101001100	119
01011101001101	177
01011101001110	100
01011101001111	183
01011101010000	43
01011101010001	103
01011101010010	52
01011101010011	217
01011101010100	91
01011101010101	221
01011101010110	58
01011101010111	158
01011101011000	104
01011101011001	153
01011101011010	95
01011101011011	198
01011101011100	93
01011101011101	205
01011101011110	69
01011101011111	209
01011101100000	166
01011101100001	265
01011101100010	137
01011101100011	193
01011101100100	128
01011101100101	257
01011101100110	78
01011101100111	187
01011101101000	163
01011101101001	236
01011101101010	111
01011101101011	186
01011101101100	130
01011101101101	234
01011101101110	124
01011101101111	136
01011101110000	75
01011101110001	190
01011101110010	47
01011101110011	160
01011101110100	78
01011101110101	274
01011101110110	70
01011101110111	212
01011101111000	119
01011101111001	207
01011101111010	56
01011101111011	201
01011101111100	115
01011101111101	197
01011101111110	113
01011101111111	127
01011110000000	173
01011110000001	287
01011110000010	168
01011110000011	326
01011110000100	221
01011110000101	226
01011110000110	142
01011110000111	219
01011110001000	206
01011110001001	213
01011110001010	146
01011110001011	227
01011110001100	181
01011110001101	178
01011110001110	151
01011110001111	235
01011110010000	107
01011110010001	154
01011110010010	141
01011110010011	287
01011110010100	96
01011110010101	192
01011110010110	122
01011110010111	266
01011110011000	126
01011110011001	183
01011110011010	161
01011110011011	216
01011110011100	129
01011110011101	260
01011110011110	158
01011110011111	202
01011110100000	226
01011110100001	258
01011110100010	173
01011110100011	250
01011110100100	218
01011110100101	296
01011110100110	173
01011110100111	286
01011110101000	254
01011110101001	272
01011110101010	207
01011110101011	230
01011110101100	234
01011110101101	293
01011110101110	234
01011110101111	216
01011110110000	119
01011110110001	211
01011110110010	102
01011110110011	208
01011110110100	142
01011110110101	269
01011110110110	93
01011110110111	221
01011110111000	145
01011110111001	238
01011110111010	132
01011110111011	236
01011110111100	193
01011110111101	236
01011110111110	174
01011110111111	166
01011111000000	245
01011111000001	296
01011111000010	229
01011111000011	319
01011111000100	195
01011111000101	369
01011111000110	200
01011111000111	352
01011111001000	237
01011111001001	380
01011111001010	228
01011111001011	274
01011111001100	210
01011111001101	372
01011111001110	186
01011111001111	266
01011111010000	99
01011111010001	254
01011111010010	143
01011111010011	403
01011111010100	158
01011111010101	295
01011111010110	152
01011111010111	308
01011111011000	168
01011111011001	393
01011111011010	175
01011111011011	261
01011111011100	198
01011111011101	280
01011111011110	158
01011111011111	248
01011111100000	289
01011111100001	475
01011111100010	211
01011111100011	299
01011111100100	273
01011111100101	393
01011111100110	261
01011111100111	311
01011111101000	297
01011111101001	453
01011111101010	280
01011111101011	387
01011111101100	241
01011111101101	383
01011111101110	208
01011111101111	380
01011111110000	189
01011111110001	356
01011111110010	101
01011111110011	259
01011111110100	204
01011111110101	414
01011111110110	100
01011111110111	282
01011111111000	215
01011111111001	341
01011111111010	168
01011111111011	261
01011111111100	208
01011111111101	291
01011111111110	120
01011111111111	289
01100000000000	116
01100000000001	271
01100000000010	132
01100000000011	180
01100000000100	138
01100000000101	182
01100000000110	129
01100000000111	170
01100000001000	144
01100000001001	125
01100000001010	181
01100000001011	168
01100000001100	109
01100000001101	103
01100000001110	101
01100000001111	146
01100000010000	95
01100000010001	160
01100000010010	121
01100000010011	131
01100000010100	79
01100000010101	118
01100000010110	103
01100000010111	138
01100000011000	114
01100000011001	160
01100000011010	106
01100000011011	153
01100000011100	97
01100000011101	84
01100000011110	139
01100000011111	184
01100000100000	151
01100000100001	196
01100000100010	184
01100000100011	186
01100000100100	217
01100000100101	220
01100000100110	122
01100000100111	193
01100000101000	228
01100000101001	180
01100000101010	199
01100000101011	181
01100000101100	180
01100000101101	173
01100000101110	151
01100000101111	196
01100000110000	101
01100000110001	187
01100000110010	101
01100000110011	153
01100000110100	120
01100000110101	123
01100000110110	112
01100000110111	159
01100000111000	149
01100000111001	189
01100000111010	129
01100000111011	229
01100000111100	98
01100000111101	178
01100000111110	119
01100000111111	146
01100001000000	118
01100001000001	217
01100001000010	100
01100001000011	269
01100001000100	79
01100001000101	218
01100001000110	73
01100001000111	168
01100001001000	130
01100001001001	215
01100001001010	126
01100001001011	139
01100001001100	90
01100001001101	201
01100001001110	88
01100001001111	148
01100001010000	82
01100001010001	214
01100001010010	65
01100001010011	237
01100001010100	91
01100001010101	127
01100001010110	98
01100001010111	172
01100001011000	120
01100001011001	213
01100001011010	100
01100001011011	167
01100001011100	93
01100001011101	201
01100001011110	93
01100001011111	160
01100001100000	160
01100001100001	256
01100001100010	134
01100001100011	205
01100001100100	171
01100001100101	335
01100001100110	175
01100001100111	176
01100001101000	191
01100001101001	260
01100001101010	114
01100001101011	241
01100001101100	156
01100001101101	206
01100001101110	155
01100001101111	180
01100001110000	98
01100001110001	203
01100001110010	86
01100001110011	195
01100001110100	105
01100001110101	213
01100001110110	120
01100001110111	271
01100001111000	126
01100001111001	172
01100001111010	125
01100001111011	179
01100001111100	151
01100001111101	270
01100001111110	120
01100001111111	172
01100010000000	139
01100010000001	214
01100010000010	103
01100010000011	237
01100010000100	167
01100010000101	174
01100010000110	171
01100010000111	183
01100010001000	147
01100010001001	163
01100010001010	113
01100010001011	199
01100010001100	118
01100010001101	167
01100010001110	110
01100010001111	209
01100010010000	54
01100010010001	119
01100010010010	100
01100010010011	161
01100010010100	104
01100010010101	152
01100010010110	86
01100010010111	205
01100010011000	103
01100010011001	167
01100010011010	110
01100010011011	150
01100010011100	91
01100010011101	196
01100010011110	94
01100010011111	145
01100010100000	194
01100010100001	317
01100010100010	154
01100010100011	236
01100010100100	134
01100010100101	259
01100010100110	157
01100010100111	263
01100010101000	162
01100010101001	227
01100010101010	186
01100010101011	210
01100010101100	185
01100010101101	196
01100010101110	135
01100010101111	161
01100010110000	80
01100010110001	197
01100010110010	76
01100010110011	165
01100010110100	93
01100010110101	194
01100010110110	93
01100010110111	158
01100010111000	175
01100010111001	223
01100010111010	117
01100010111011	125
01100010111100	140
01100010111101	159
01100010111110	117
01100010111111	169
01100011000000	139
01100011000001	310
01100011000010	193
01100011000011	391
01100011000100	204
01100011000101	315
01100011000110	175
01100011000111	245
01100011001000	180
01100011001001	256
01100011001010	217
01100011001011	265
01100011001100	214
01100011001101	303
01100011001110	177
01100011001111	202
01100011010000	110
01100011010001	248
01100011010010	85
01100011010011	222
01100011010100	110
01100011010101	265
01100011010110	92
01100011010111	276
01100011011000	160
01100011011001	213
01100011011010	173
01100011011011	218
01100011011100	137
01100011011101	207
01100011011110	142
01100011011111	238
01100011100000	204
01100011100001	434
01100011100010	233
01100011100011	256
01100011100100	247
01100011100101	418
01100011100110	192
01100011100111	308
01100011101000	186
01100011101001	404
01100011101010	225
01100011101011	264
01100011101100	275
01100011101101	307
01100011101110	236
01100011101111	228
01100011110000	125
01100011110001	267
01100011110010	127
01100011110011	228
01100011110100	138
01100011110101	352
01100011110110	135
01100011110111	338
01100011111000	188
01100011111001	354
01100011111010	135
01100011111011	256
01100011111100	129
01100011111101	274
01100011111110	181
01100011111111	296
01100100000000	118
01100100000001	141
01100100000010	114
01100100000011	103
01100100000100	92
01100100000101	149
01100100000110	101
01100100000111	121
01100100001000	125
01100100001001	152
01100100001010	111
01100100001011	90
01100100001100	112
01100100001101	122
01100100001110	118
01100100001111	78
01100100010000	52
01100100010001	82
01100100010010	48
01100100010011	119
01100100010100	84
01100100010101	109
01100100010110	51
01100100010111	147
01100100011000	78
01100100011001	148
01100100011010	97
01100100011011	114
01100100011100	59
01100100011101	134
01100100011110	62
01100100011111	126
01100100100000	108
01100100100001	130
01100100100010	108
01100100100011	153
01100100100100	113
01100100100101	150
01100100100110	108
01100100100111	134
01100100101000	145
01100100101001	124
01100100101010	168
01100100101011	154
01100100101100	116
01100100101101	111
01100100101110	114
01100100101111	111
01100100110000	65
01100100110001	123
01100100110010	84
01100100110011	112
01100100110100	72
01100100110101	147
01100100110110	73
01100100110111	123
01100100111000	95
01100100111001	168
01100100111010	79
01100100111011	155
01100100111100	103
01100100111101	182
01100100111110	82
01100100111111	117
01100101000000	95
01100101000001	159
01100101000010	88
01100101000011	158
01100101000100	150
01100101000101	211
01100101000110	81
01100101000111	147
01100101001000	83
01100101001001	172
01100101001010	132
01100101001011	110
01100101001100	52
01100101001101	176
01100101001110	83
01100101001111	78
01100101010000	57
01100101010001	110
01100101010010	35
01100101010011	173
01100101010100	66
01100101010101	171
01100101010110	55
01100101010111	129
01100101011000	87
01100101011001	194
01100101011010	79
01100101011011	214
01100101011100	92
01100101011101	157
01100101011110	54
01100101011111	135
01100101100000	122
01100101100001	253
01100101100010	86
01100101100011	201
01100101100100	146
01100101100101	279
01100101100110	87
01100101100111	212
01100101101000	134
01100101101001	226
01100101101010	85
01100101101011	208
01100101101100	136
01100101101101	119
01100101101110	115
01100101101111	227
01100101110000	85
01100101110001	293
01100101110010	74
01100101110011	209
01100101110100	119
01100101110101	320
01100101110110	84
01100101110111	202
01100101111000	76
01100101111001	235
01100101111010	77
01100101111011	181
01100101111100	119
01100101111101	199
01100101111110	63
01100101111111	160
01100110000000	132
01100110000001	188
01100110000010	179
01100110000011	192
01100110000100	175
01100110000101	262
01100110000110	146
01100110000111	226
01100110001000	152
01100110001001	200
01100110001010	121
01100110001011	161
01100110001100	136
01100110001101	233
01100110001110	139
01100110001111	177
01100110010000	93
01100110010001	176
01100110010010	104
01100110010011	199
01100110010100	118
01100110010101	169
01100110010110	124
01100110010111	168
01100110011000	115
01100110011001	207
01100110011010	104
01100110011011	204
01100110011100	130
01100110011101	213
01100110011110	104
01100110011111	150
01100110100000	154
01100110100001	225
01100110100010	143
01100110100011	230
01100110100100	216
01100110100101	303
01100110100110	192
01100110100111	273
01100110101000	227
01100110101001	268
01100110101010	161
01100110101011	191
01100110101100	223
01100110101101	196
01100110101110	172
01100110101111	206
01100110110000	81
01100110110001	227
01100110110010	117
01100110110011	166
01100110110100	126
01100110110101	274
01100110110110	116
01100110110111	258
01100110111000	121
01100110111001	219
01100110111010	165
01100110111011	189
01100110111100	132
01100110111101	218
01100110111110	182
01100110111111	231
01100111000000	165
01100111000001	355
01100111000010	220
01100111000011	384
01100111000100	208
01100111000101	395
01100111000110	228
01100111000111	254
01100111001000	204
01100111001001	273
01100111001010	177
01100111001011	308
01100111001100	230
01100111001101	238
01100111001110	179
01100111001111	254
01100111010000	117
01100111010001	324
01100111010010	123
01100111010011	289
01100111010100	118
01100111010101	322
01100111010110	147
01100111010111	414
01100111011000	209
01100111011001	278
01100111011010	170
01100111011011	349
01100111011100	130
01100111011101	306
01100111011110	139
01100111011111	313
01100111100000	288
01100111100001	335
01100111100010	218
01100111100011	382
01100111100100	322
01100111100101	407
01100111100110	274
01100111100111	366
01100111101000	294
01100111101001	352
01100111101010	236
01100111101011	264
01100111101100	284
01100111101101	409
01100111101110	199
01100111101111	288
01100111110000	140
01100111110001	274
01100111110010	142
01100111110011	252
01100111110100	199
01100111110101	418
01100111110110	164
01100111110111	333
01100111111000	169
01100111111001	392
01100111111010	188
01100111111011	405
01100111111100	281
01100111111101	303
01100111111110	217
01100111111111	279
01101000000000	163
01101000000001	295
01101000000010	155
01101000000011	271
01101000000100	146
01101000000101	265
01101000000110	131
01101000000111	231
01101000001000	211
01101000001001	227
01101000001010	168
01101000001011	282
01101000001100	243
01101000001101	189
01101000001110	192
01101000001111	198
01101000010000	89
01101000010001	128
01101000010010	115
01101000010011	193
01101000010100	96
01101000010101	160
01101000010110	106
01101000010111	194
01101000011000	112
01101000011001	209
01101000011010	150
01101000011011	227
01101000011100	102
01101000011101	197
01101000011110	113
01101000011111	224
01101000100000	220
01101000100001	247
01101000100010	161
01101000100011	245
01101000100100	195
01101000100101	303
01101000100110	180
01101000100111	279
01101000101000	268
01101000101001	252
01101000101010	217
01101000101011	315
01101000101100	231
01101000101101	266
01101000101110	169
01101000101111	282
01101000110000	84
01101000110001	207
01101000110010	123
01101000110011	228
01101000110100	98
01101000110101	272
01101000110110	137
01101000110111	240
01101000111000	142
01101000111001	260
01101000111010	173
01101000111011	231
01101000111100	161
01101000111101	214
01101000111110	147
01101000111111	216
01101001000000	112
01101001000001	297
01101001000010	139
01101001000011	268
01101001000100	178
01101001000101	238
01101001000110	144
01101001000111	262
01101001001000	151
01101001001001	274
01101001001010	148
01101001001011	341
01101001001100	143
01101001001101	224
01101001001110	159
01101001001111	221
01101001010000	105
01101001010001	298
01101001010010	68
01101001010011	253
01101001010100	109
01101001010101	296
01101001010110	105
01101001010111	218
01101001011000	129
01101001011001	333
01101001011010	159
01101001011011	282
01101001011100	139
01101001011101	300
01101001011110	128
01101001011111	330
01101001100000	229
01101001100001	373
01101001100010	169
01101001100011	268
01101001100100	279
01101001100101	428
01101001100110	178
01101001100111	359
01101001101000	249
01101001101001	430
01101001101010	162
01101001101011	329
01101001101100	264
01101001101101	371
01101001101110	163
01101001101111	191
01101001110000	144
01101001110001	292
01101001110010	93
01101001110011	210
01101001110100	137
01101001110101	302
01101001110110	117
01101001110111	316
01101001111000	147
01101001111001	276
01101001111010	102
01101001111011	250
01101001111100	163
01101001111101	367
01101001111110	148
01101001111111	296
01101010000000	229
01101010000001	355
01101010000010	219
01101010000011	359
01101010000100	296
01101010000101	465
01101010000110	188
01101010000111	371
01101010001000	217
01101010001001	265
01101010001010	257
01101010001011	345
01101010001100	226
01101010001101	316
01101010001110	208
01101010001111	342
01101010010000	130
01101010010001	259
01101010010010	140
01101010010011	263
01101010010100	129
01101010010101	304
01101010010110	125
01101010010111	382
01101010011000	191
01101010011001	281
01101010011010	177
01101010011011	313
01101010011100	162
01101010011101	294
01101010011110	179
01101010011111	343
01101010100000	307
01101010100001	422
01101010100010	200
01101010100011	436
01101010100100	262
01101010100101	405
01101010100110	216
01101010100111	417
01101010101000	320
01101010101001	476
01101010101010	281
01101010101011	381
01101010101100	250
01101010101101	473
01101010101110	282
01101010101111	310
01101010110000	160
01101010110001	318
01101010110010	133
01101010110011	308
01101010110100	137
01101010110101	320
01101010110110	161
01101010110111	333
01101010111000	242
01101010111001	426
01101010111010	235
01101010111011	367
01101010111100	216
01101010111101	368
01101010111110	220
01101010111111	275
01101011000000	286
01101011000001	462
01101011000010	338
01101011000011	532
01101011000100	353
01101011000101	475
01101011000110	281
01101011000111	437
01101011001000	343
01101011001001	460
01101011001010	377
01101011001011	309
01101011001100	342
01101011001101	408
01101011001110	260
01101011001111	370
01101011010000	175
01101011010001	345
01101011010010	192
01101011010011	475
01101011010100	195
01101011010101	457
01101011010110	139
01101011010111	394
01101011011000	235
01101011011001	526
01101011011010	191
01101011011011	419
01101011011100	180
01101011011101	336
01101011011110	135
01101011011111	459
01101011100000	381
01101011100001	533
01101011100010	268
01101011100011	537
01101011100100	393
01101011100101	705
01101011100110	263
01101011100111	594
01101011101000	351
01101011101001	542
01101011101010	267
01101011101011	524
01101011101100	384
01101011101101	529
01101011101110	362
01101011101111	364
01101011110000	210
01101011110001	460
01101011110010	125
01101011110011	370
01101011110100	238
01101011110101	504
01101011110110	176
01101011110111	478
01101011111000	227
01101011111001	569
01101011111010	191
01101011111011	388
01101011111100	252
01101011111101	560
01101011111110	241
01101011111111	447
01101100000000	142
01101100000001	176
01101100000010	131
01101100000011	248
01101100000100	148
01101100000101	184
01101100000110	144
01101100000111	150
01101100001000	155
01101100001001	161
01101100001010	144
01101100001011	221
01101100001100	114
01101100001101	194
01101100001110	153
01101100001111	170
01101100010000	67
01101100010001	142
01101100010010	92
01101100010011	182
01101100010100	100
01101100010101	190
01101100010110	100
01101100010111	184
01101100011000	160
01101100011001	172
01101100011010	113
01101100011011	192
01101100011100	96
01101100011101	173
01101100011110	126
01101100011111	180
01101100100000	165
01101100100001	285
01101100100010	162
01101100100011	234
01101100100100	178
01101100100101	205
01101100100110	179
01101100100111	221
01101100101000	215
01101100101001	320
01101100101010	224
01101100101011	240
01101100101100	201
01101100101101	182
01101100101110	127
01101100101111	218
01101100110000	98
01101100110001	190
01101100110010	119
01101100110011	146
01101100110100	133
01101100110101	212
01101100110110	98
01101100110111	194
01101100111000	131
01101100111001	207
01101100111010	131
01101100111011	121
01101100111100	216
01101100111101	202
01101100111110	128
01101100111111	157
01101101000000	112
01101101000001	273
01101101000010	142
01101101000011	214
01101101000100	145
01101101000101	252
01101101000110	101
01101101000111	256
01101101001000	133
01101101001001	286
01101101001010	134
01101101001011	181
01101101001100	171
01101101001101	298
01101101001110	113
01101101001111	215
01101101010000	90
01101101010001	244
01101101010010	95
01101101010011	176
01101101010100	103
01101101010101	236
01101101010110	85
01101101010111	228
01101101011000	106
01101101011001	230
01101101011010	116
01101101011011	220
01101101011100	134
01101101011101	309
01101101011110	90
01101101011111	207
01101101100000	211
01101101100001	390
01101101100010	174
01101101100011	178
01101101100100	190
01101101100101	371
01101101100110	135
01101101100111	270
01101101101000	184
01101101101001	309
01101101101010	162
01101101101011	263
01101101101100	246
01101101101101	452
01101101101110	166
01101101101111	301
01101101110000	96
01101101110001	251
01101101110010	92
01101101110011	249
01101101110100	127
01101101110101	319
01101101110110	134
01101101110111	219
01101101111000	127
01101101111001	233
01101101111010	125
01101101111011	237
01101101111100	208
01101101111101	308
01101101111110	86
01101101111111	222
01101110000000	271
01101110000001	324
01101110000010	190
01101110000011	420
01101110000100	189
01101110000101	352
01101110000110	260
01101110000111	416
01101110001000	231
01101110001001	293
01101110001010	257
01101110001011	314
01101110001100	251
01101110001101	302
01101110001110	270
01101110001111	268
01101110010000	109
01101110010001	288
01101110010010	172
01101110010011	313
01101110010100	120
01101110010101	346
01101110010110	185
01101110010111	335
01101110011000	194
01101110011001	269
01101110011010	173
01101110011011	283
01101110011100	170
01101110011101	314
01101110011110	192
01101110011111	350
01101110100000	345
01101110100001	481
01101110100010	253
01101110100011	334
01101110100100	246
01101110100101	468
01101110100110	268
01101110100111	399
01101110101000	356
01101110101001	520
01101110101010	262
01101110101011	496
01101110101100	312
01101110101101	506
01101110101110	275
01101110101111	352
01101110110000	149
01101110110001	313
01101110110010	140
01101110110011	403
01101110110100	176
01101110110101	351
01101110110110	148
01101110110111	370
01101110111000	233
01101110111001	332
01101110111010	209
01101110111011	334
01101110111100	225
01101110111101	423
01101110111110	176
01101110111111	413
01101111000000	243
01101111000001	536
01101111000010	327
01101111000011	407
01101111000100	292
01101111000101	486
01101111000110	245
01101111000111	476
01101111001000	351
01101111001001	595
01101111001010	274
01101111001011	475
01101111001100	292
01101111001101	328
01101111001110	254
01101111001111	399
01101111010000	144
01101111010001	428
01101111010010	158
01101111010011	394
01101111010100	200
01101111010101	501
01101111010110	169
01101111010111	460
01101111011000	236
01101111011001	477
01101111011010	234
01101111011011	457
01101111011100	289
01101111011101	477
01101111011110	238
01101111011111	496
01101111100000	392
01101111100001	613
01101111100010	275
01101111100011	562
01101111100100	349
01101111100101	620
01101111100110	311
01101111100111	419
01101111101000	411
01101111101001	516
01101111101010	351
01101111101011	504
01101111101100	436
01101111101101	707
01101111101110	334
01101111101111	517
01101111110000	181
01101111110001	399
01101111110010	143
01101111110011	436
01101111110100	183
01101111110101	533
01101111110110	226
01101111110111	479
01101111111000	258
01101111111001	628
01101111111010	243
01101111111011	457
01101111111100	336
01101111111101	589
01101111111110	269
01101111111111	426
01110000000000	158
01110000000001	171
01110000000010	162
01110000000011	242
01110000000100	227
01110000000101	234
01110000000110	175
01110000000111	285
01110000001000	219
01110000001001	261
01110000001010	199
01110000001011	257
01110000001100	174
01110000001101	211
01110000001110	178
01110000001111	304
01110000010000	81
01110000010001	205
01110000010010	118
01110000010011	184
01110000010100	84
01110000010101	200
01110000010110	91
01110000010111	196
01110000011000	168
01110000011001	188
01110000011010	141
01110000011011	222
01110000011100	129
01110000011101	260
01110000011110	137
01110000011111	224
01110000100000	259
01110000100001	315
01110000100010	230
01110000100011	305
01110000100100	257
01110000100101	217
01110000100110	208
01110000100111	256
01110000101000	296
01110000101001	255
01110000101010	260
01110000101011	215
01110000101100	251
01110000101101	224
01110000101110	218
01110000101111	250
01110000110000	137
01110000110001	313
01110000110010	91
01110000110011	241
01110000110100	164
01110000110101	275
01110000110110	105
01110000110111	282
01110000111000	191
01110000111001	249
01110000111010	192
01110000111011	287
01110000111100	178
01110000111101	328
01110000111110	169
01110000111111	169
01110001000000	216
01110001000001	232
01110001000010	127
01110001000011	336
01110001000100	180
01110001000101	250
01110001000110	108
01110001000111	243
01110001001000	226
01110001001001	261
01110001001010	140
01110001001011	258
01110001001100	130
01110001001101	204
01110001001110	121
01110001001111	240
01110001010000	101
01110001010001	293
01110001010010	98
01110001010011	231
01110001010100	179
01110001010101	328
01110001010110	119
01110001010111	224
01110001011000	215
01110001011001	306
01110001011010	158
01110001011011	285
01110001011100	142
01110001011101	255
01110001011110	119
01110001011111	230
01110001100000	191
01110001100001	460
01110001100010	140
01110001100011	343
01110001100100	221
01110001100101	477
01110001100110	167
01110001100111	252
01110001101000	264
01110001101001	476
01110001101010	164
01110001101011	340
01110001101100	242
01110001101101	350
01110001101110	169
01110001101111	268
01110001110000	167
01110001110001	352
01110001110010	103
01110001110011	293
01110001110100	130
01110001110101	385
01110001110110	154
01110001110111	260
01110001111000	239
01110001111001	583
01110001111010	131
01110001111011	303
01110001111100	266
01110001111101	435
01110001111110	150
01110001111111	307
01110010000000	235
01110010000001	380
01110010000010	242
01110010000011	447
01110010000100	202
01110010000101	280
01110010000110	240
01110010000111	246
01110010001000	169
01110010001001	320
01110010001010	252
01110010001011	373
01110010001100	206
01110010001101	280
01110010001110	193
01110010001111	247
01110010010000	106
01110010010001	227
01110010010010	106
01110010010011	312
01110010010100	107
01110010010101	328
01110010010110	144
01110010010111	282
01110010011000	154
01110010011001	310
01110010011010	190
01110010011011	324
01110010011100	201
01110010011101	297
01110010011110	184
01110010011111	342
01110010100000	269
01110010100001	426
01110010100010	226
01110010100011	375
01110010100100	260
01110010100101	432
01110010100110	241
01110010100111	353
01110010101000	313
01110010101001	456
01110010101010	243
01110010101011	406
01110010101100	259
01110010101101	366
01110010101110	188
01110010101111	356
01110010110000	147
01110010110001	332
01110010110010	114
01110010110011	354
01110010110100	199
01110010110101	337
01110010110110	191
01110010110111	333
01110010111000	169
01110010111001	316
01110010111010	217
01110010111011	364
01110010111100	198
01110010111101	353
01110010111110	162
01110010111111	293
01110011000000	254
01110011000001	417
01110011000010	279
01110011000011	520
01110011000100	294
01110011000101	477
01110011000110	215
01110011000111	304
01110011001000	328
01110011001001	531
01110011001010	232
01110011001011	344
01110011001100	170
01110011001101	397
01110011001110	201
01110011001111	275
01110011010000	171
01110011010001	346
01110011010010	175
01110011010011	423
01110011010100	166
01110011010101	477
01110011010110	203
01110011010111	423
01110011011000	254
01110011011001	453
01110011011010	233
01110011011011	391
01110011011100	177
01110011011101	411
01110011011110	181
01110011011111	353
01110011100000	316
01110011100001	600
01110011100010	286
01110011100011	462
01110011100100	282
01110011100101	517
01110011100110	270
01110011100111	505
01110011101000	419
01110011101001	492
01110011101010	376
01110011101011	412
01110011101100	360
01110011101101	532
01110011101110	243
01110011101111	391
01110011110000	217
01110011110001	499
01110011110010	210
01110011110011	494
01110011110100	220
01110011110101	456
01110011110110	182
01110011110111	383
01110011111000	337
01110011111001	639
01110011111010	186
01110011111011	486
01110011111100	280
01110011111101	396
01110011111110	253
01110011111111	360
01110100000000	179
01110100000001	184
01110100000010	123
01110100000011	246
01110100000100	155
01110100000101	227
01110100000110	110
01110100000111	244
01110100001000	155
01110100001001	194
01110100001010	167
01110100001011	169
01110100001100	132
01110100001101	213
01110100001110	127
01110100001111	172
01110100010000	93
01110100010001	186
01110100010010	103
01110100010011	122
01110100010100	94
01110100010101	208
01110100010110	89
01110100010111	214
01110100011000	156
01110100011001	214
01110100011010	131
01110100011011	158
01110100011100	115
01110100011101	153
01110100011110	126
01110100011111	166
01110100100000	202
01110100100001	248
01110100100010	155
01110100100011	252
01110100100100	245
01110100100101	234
01110100100110	220
01110100100111	246
01110100101000	258
01110100101001	323
01110100101010	203
01110100101011	191
01110100101100	212
01110100101101	225
01110100101110	207
01110100101111	184
01110100110000	127
01110100110001	167
01110100110010	127
01110100110011	179
01110100110100	91
01110100110101	224
01110100110110	74
01110100110111	173
01110100111000	167
01110100111001	234
01110100111010	158
01110100111011	246
01110100111100	219
01110100111101	241
01110100111110	132
01110100111111	246
01110101000000	138
01110101000001	295
01110101000010	125
01110101000011	235
01110101000100	168
01110101000101	255
01110101000110	96
01110101000111	150
01110101001000	151
01110101001001	259
01110101001010	108
01110101001011	196
01110101001100	129
01110101001101	264
01110101001110	120
01110101001111	194
01110101010000	95
01110101010001	221
01110101010010	75
01110101010011	291
01110101010100	120
01110101010101	318
01110101010110	60
01110101010111	227
01110101011000	110
01110101011001	220
01110101011010	122
01110101011011	228
01110101011100	130
01110101011101	345
01110101011110	104
01110101011111	212
01110101100000	180
01110101100001	458
01110101100010	146
01110101100011	475
01110101100100	176
01110101100101	403
01110101100110	112
01110101100111	291
01110101101000	217
01110101101001	415
01110101101010	124
01110101101011	284
01110101101100	214
01110101101101	422
01110101101110	137
01110101101111	249
01110101110000	109
01110101110001	302
01110101110010	72
01110101110011	307
01110101110100	184
01110101110101	361
01110101110110	79
01110101110111	275
01110101111000	152
01110101111001	505
01110101111010	156
01110101111011	229
01110101111100	145
01110101111101	453
01110101111110	157
01110101111111	271
01110110000000	267
01110110000001	423
01110110000010	255
01110110000011	352
01110110000100	325
01110110000101	444
01110110000110	179
01110110000111	385
01110110001000	291
01110110001001	311
01110110001010	226
01110110001011	360
01110110001100	247
01110110001101	268
01110110001110	273
01110110001111	323
01110110010000	101
01110110010001	377
01110110010010	129
01110110010011	326
01110110010100	197
01110110010101	290
01110110010110	159
01110110010111	386
01110110011000	199
01110110011001	303
01110110011010	244
01110110011011	343
01110110011100	216
01110110011101	347
01110110011110	179
01110110011111	356
01110110100000	339
01110110100001	588
01110110100010	316
01110110100011	341
01110110100100	314
01110110100101	407
01110110100110	290
01110110100111	482
01110110101000	318
01110110101001	467
01110110101010	304
01110110101011	370
01110110101100	356
01110110101101	531
01110110101110	285
01110110101111	407
01110110110000	184
01110110110001	350
01110110110010	141
01110110110011	291
01110110110100	196
01110110110101	467
01110110110110	200
01110110110111	327
01110110111000	272
01110110111001	384
01110110111010	274
01110110111011	433
01110110111100	235
01110110111101	338
01110110111110	232
01110110111111	416
01110111000000	378
01110111000001	419
01110111000010	271
01110111000011	494
01110111000100	295
01110111000101	573
01110111000110	254
01110111000111	404
01110111001000	325
01110111001001	521
01110111001010	340
01110111001011	298
01110111001100	308
01110111001101	378
01110111001110	240
01110111001111	387
01110111010000	184
01110111010001	421
01110111010010	224
01110111010011	375
01110111010100	171
01110111010101	481
01110111010110	220
01110111010111	468
01110111011000	305
01110111011001	502
01110111011010	295
01110111011011	357
01110111011100	252
01110111011101	455
01110111011110	266
01110111011111	416
01110111100000	424
01110111100001	655
01110111100010	394
01110111100011	523
01110111100100	421
01110111100101	713
01110111100110	382
01110111100111	544
01110111101000	521
01110111101001	605
01110111101010	362
01110111101011	539
01110111101100	500
01110111101101	556
01110111101110	317
01110111101111	487
01110111110000	258
01110111110001	607
01110111110010	205
01110111110011	553
01110111110100	295
01110111110101	514
01110111110110	288
01110111110111	559
01110111111000	334
01110111111001	625
01110111111010	286
01110111111011	542
01110111111100	341
01110111111101	595
01110111111110	346
01110111111111	513
01111000000000	120
01111000000001	150
01111000000010	110
01111000000011	240
01111000000100	131
01111000000101	160
01111000000110	125
01111000000111	202
01111000001000	133
01111000001001	221
01111000001010	193
01111000001011	197
01111000001100	131
01111000001101	177
01111000001110	111
01111000001111	136
01111000010000	65
01111000010001	149
01111000010010	69
01111000010011	167
01111000010100	88
01111000010101	188
01111000010110	67
01111000010111	140
01111000011000	66
01111000011001	196
01111000011010	134
01111000011011	165
01111000011100	96
01111000011101	167
01111000011110	108
01111000011111	204
01111000100000	166
01111000100001	243
01111000100010	146
01111000100011	255
01111000100100	176
01111000100101	267
01111000100110	148
01111000100111	226
01111000101000	206
01111000101001	269
01111000101010	183
01111000101011	185
01111000101100	178
01111000101101	227
01111000101110	157
01111000101111	181
01111000110000	73
01111000110001	200
01111000110010	95
01111000110011	162
01111000110100	124
01111000110101	206
01111000110110	93
01111000110111	196
01111000111000	145
01111000111001	240
01111000111010	128
01111000111011	197
01111000111100	153
01111000111101	179
01111000111110	116
01111000111111	152
01111001000000	182
01111001000001	292
01111001000010	109
01111001000011	254
01111001000100	150
01111001000101	299
01111001000110	113
01111001000111	171
01111001001000	147
01111001001001	393
01111001001010	131
01111001001011	213
01111001001100	148
01111001001101	243
01111001001110	108
01111001001111	166
01111001010000	66
01111001010001	196
01111001010010	57
01111001010011	208
01111001010100	84
01111001010101	234
01111001010110	101
01111001010111	207
01111001011000	131
01111001011001	166
01111001011010	85
01111001011011	153
01111001011100	128
01111001011101	261
01111001011110	109
01111001011111	221
01111001100000	203
01111001100001	348
01111001100010	178
01111001100011	274
01111001100100	226
01111001100101	321
01111001100110	118
01111001100111	285
01111001101000	224
01111001101001	238
01111001101010	182
01111001101011	299
01111001101100	172
01111001101101	188
01111001101110	193
01111001101111	212
01111001110000	119
01111001110001	231
01111001110010	96
01111001110011	197
01111001110100	119
01111001110101	348
01111001110110	97
01111001110111	245
01111001111000	164
01111001111001	224
01111001111010	121
01111001111011	200
01111001111100	156
01111001111101	324
01111001111110	133
01111001111111	199
01111010000000	162
01111010000001	268
01111010000010	159
01111010000011	262
01111010000100	193
01111010000101	327
01111010000110	227
01111010000111	194
01111010001000	161
01111010001001	340
01111010001010	184
01111010001011	261
01111010001100	183
01111010001101	220
01111010001110	182
01111010001111	225
01111010010000	107
01111010010001	235
01111010010010	125
01111010010011	232
01111010010100	80
01111010010101	215
01111010010110	84
01111010010111	303
01111010011000	163
01111010011001	222
01111010011010	145
01111010011011	196
01111010011100	163
01111010011101	232
01111010011110	190
01111010011111	165
01111010100000	208
01111010100001	286
01111010100010	199
01111010100011	248
01111010100100	192
01111010100101	325
01111010100110	191
01111010100111	272
01111010101000	241
01111010101001	282
01111010101010	192
01111010101011	402
01111010101100	222
01111010101101	314
01111010101110	212
01111010101111	310
01111010110000	119
01111010110001	267
01111010110010	101
01111010110011	220
01111010110100	130
01111010110101	267
01111010110110	123
01111010110111	235
01111010111000	169
01111010111001	285
01111010111010	154
01111010111011	303
01111010111100	188
01111010111101	258
01111010111110	138
01111010111111	284
01111011000000	310
01111011000001	368
01111011000010	218
01111011000011	306
01111011000100	247
01111011000101	309
01111011000110	187
01111011000111	274
01111011001000	315
01111011001001	323
01111011001010	226
01111011001011	401
01111011001100	226
01111011001101	241
01111011001110	220
01111011001111	295
01111011010000	155
01111011010001	337
01111011010010	136
01111011010011	238
01111011010100	129
01111011010101	303
01111011010110	128
01111011010111	293
01111011011000	158
01111011011001	366
01111011011010	134
01111011011011	352
01111011011100	201
01111011011101	288
01111011011110	209
01111011011111	331
01111011100000	321
01111011100001	502
01111011100010	265
01111011100011	380
01111011100100	188
01111011100101	447
01111011100110	183
01111011100111	402
01111011101000	326
01111011101001	406
01111011101010	264
01111011101011	350
01111011101100	273
01111011101101	397
01111011101110	251
01111011101111	384
01111011110000	174
01111011110001	391
01111011110010	120
01111011110011	361
01111011110100	182
01111011110101	363
01111011110110	173
01111011110111	297
01111011111000	240
01111011111001	427
01111011111010	188
01111011111011	341
01111011111100	170
01111011111101	336
01111011111110	142
01111011111111	242
01111100000000	99
01111100000001	128
01111100000010	105
01111100000011	107
01111100000100	98
01111100000101	158
01111100000110	94
01111100000111	168
01111100001000	148
01111100001001	138
01111100001010	135
01111100001011	130
01111100001100	123
01111100001101	115
01111100001110	105
01111100001111	172
01111100010000	62
01111100010001	147
01111100010010	61
01111100010011	169
01111100010100	73
01111100010101	161
01111100010110	76
01111100010111	179
01111100011000	68
01111100011001	142
01111100011010	108
01111100011011	142
01111100011100	95
01111100011101	113
01111100011110	104
01111100011111	116
01111100100000	155
01111100100001	173
01111100100010	157
01111100100011	232
01111100100100	141
01111100100101	222
01111100100110	127
01111100100111	164
01111100101000	206
01111100101001	216
01111100101010	167
01111100101011	169
01111100101100	154
01111100101101	193
01111100101110	114
01111100101111	161
01111100110000	83
01111100110001	162
01111100110010	82
01111100110011	180
01111100110100	65
01111100110101	158
01111100110110	64
01111100110111	162
01111100111000	159
01111100111001	241
01111100111010	120
01111100111011	199
01111100111100	119
01111100111101	203
01111100111110	114
01111100111111	210
01111101000000	113
01111101000001	291
01111101000010	104
01111101000011	227
01111101000100	111
01111101000101	182
01111101000110	91
01111101000111	215
01111101001000	154
01111101001001	250
01111101001010	127
01111101001011	166
01111101001100	94
01111101001101	254
01111101001110	63
01111101001111	170
01111101010000	76
01111101010001	290
01111101010010	91
01111101010011	165
01111101010100	66
01111101010101	201
01111101010110	59
01111101010111	189
01111101011000	91
01111101011001	337
01111101011010	86
01111101011011	203
01111101011100	99
01111101011101	229
01111101011110	62
01111101011111	132
01111101100000	124
01111101100001	307
01111101100010	121
01111101100011	184
01111101100100	131
01111101100101	268
01111101100110	91
01111101100111	218
01111101101000	177
01111101101001	257
01111101101010	130
01111101101011	225
01111101101100	128
01111101101101	281
01111101101110	112
01111101101111	163
01111101110000	96
01111101110001	268
01111101110010	60
01111101110011	259
01111101110100	111
01111101110101	239
01111101110110	83
01111101110111	216
01111101111000	136
01111101111001	224
01111101111010	98
01111101111011	211
01111101111100	156
01111101111101	182
01111101111110	116
01111101111111	225
01111110000000	193
01111110000001	308
01111110000010	171
01111110000011	335
01111110000100	237
01111110000101	227
01111110000110	181
01111110000111	253
01111110001000	244
01111110001001	234
01111110001010	260
01111110001011	291
01111110001100	199
01111110001101	205
01111110001110	202
01111110001111	288
01111110010000	121
01111110010001	250
01111110010010	116
01111110010011	168
01111110010100	132
01111110010101	216
01111110010110	124
01111110010111	295
01111110011000	130
01111110011001	281
01111110011010	174
01111110011011	262
01111110011100	137
01111110011101	207
01111110011110	117
01111110011111	210
01111110100000	233
01111110100001	361
01111110100010	223
01111110100011	348
01111110100100	232
01111110100101	371
01111110100110	264
01111110100111	260
01111110101000	279
01111110101001	372
01111110101010	207
01111110101011	321
01111110101100	288
01111110101101	324
01111110101110	217
01111110101111	281
01111110110000	167
01111110110001	258
01111110110010	123
01111110110011	293
01111110110100	182
01111110110101	303
01111110110110	175
01111110110111	315
01111110111000	228
01111110111001	354
01111110111010	162
01111110111011	306
01111110111100	186
01111110111101	287
01111110111110	165
01111110111111	267
01111111000000	237
01111111000001	473
01111111000010	214
01111111000011	388
01111111000100	245
01111111000101	453
01111111000110	257
01111111000111	374
01111111001000	297
01111111001001	405
01111111001010	257
01111111001011	382
01111111001100	256
01111111001101	280
01111111001110	216
01111111001111	273
01111111010000	124
01111111010001	409
01111111010010	125
01111111010011	344
01111111010100	148
01111111010101	299
01111111010110	152
01111111010111	408
01111111011000	210
01111111011001	378
01111111011010	203
01111111011011	404
01111111011100	224
01111111011101	416
01111111011110	165
01111111011111	277
01111111100000	352
01111111100001	522
01111111100010	289
01111111100011	465
01111111100100	314
01111111100101	569
01111111100110	219
01111111100111	491
01111111101000	326
01111111101001	564
01111111101010	241
01111111101011	325
01111111101100	318
01111111101101	449
01111111101110	242
01111111101111	390
01111111110000	180
01111111110001	302
01111111110010	172
01111111110011	399
01111111110100	210
01111111110101	415
01111111110110	178
01111111110111	449
01111111111000	232
01111111111001	477
01111111111010	294
01111111111011	433
01111111111100	197
01111111111101	412
01111111111110	302
01111111111111	380
10000000000000	127
10000000000001	246
10000000000010	199
10000000000011	235
10000000000100	170
10000000000101	224
10000000000110	123
10000000000111	176
10000000001000	144
10000000001001	174
10000000001010	235
10000000001011	191
10000000001100	153
10000000001101	207
10000000001110	134
10000000001111	214
10000000010000	125
10000000010001	103
10000000010010	65
10000000010011	169
10000000010100	92
10000000010101	133
10000000010110	71
10000000010111	175
10000000011000	108
10000000011001	133
10000000011010	137
10000000011011	186
10000000011100	131
10000000011101	146
10000000011110	92
10000000011111	142
10000000100000	160
10000000100001	177
10000000100010	113
10000000100011	228
10000000100100	139
10000000100101	178
10000000100110	135
10000000100111	259
10000000101000	133
10000000101001	212
10000000101010	157
10000000101011	179
10000000101100	183
10000000101101	141
10000000101110	166
10000000101111	153
10000000110000	75
10000000110001	159
10000000110010	54
10000000110011	192
10000000110100	81
10000000110101	182
10000000110110	80
10000000110111	165
10000000111000	147
10000000111001	194
10000000111010	146
10000000111011	173
10000000111100	138
10000000111101	181
10000000111110	110
10000000111111	110
10000001000000	199
10000001000001	307
10000001000010	116
10000001000011	350
10000001000100	205
10000001000101	297
10000001000110	194
10000001000111	292
10000001001000	152
10000001001001	440
10000001001010	123
10000001001011	276
10000001001100	175
10000001001101	262
10000001001110	143
10000001001111	185
10000001010000	69
10000001010001	351
10000001010010	47
10000001010011	279
10000001010100	78
10000001010101	254
10000001010110	93
10000001010111	280
10000001011000	131
10000001011001	285
10000001011010	104
10000001011011	219
10000001011100	166
10000001011101	229
10000001011110	118
10000001011111	247
10000001100000	159
10000001100001	403
10000001100010	138
10000001100011	303
10000001100100	202
10000001100101	341
10000001100110	126
10000001100111	328
10000001101000	255
10000001101001	376
10000001101010	177
10000001101011	294
10000001101100	221
10000001101101	381
10000001101110	174
10000001101111	250
10000001110000	84
10000001110001	267
10000001110010	42
10000001110011	234
10000001110100	133
10000001110101	304
10000001110110	84
10000001110111	249
10000001111000	180
10000001111001	329
10000001111010	136
10000001111011	214
10000001111100	188
10000001111101	238
10000001111110	142
10000001111111	229
10000010000000	127
10000010000001	255
10000010000010	151
10000010000011	228
10000010000100	142
10000010000101	182
10000010000110	134
10000010000111	220
10000010001000	220
10000010001001	311
10000010001010	226
10000010001011	221
10000010001100	154
10000010001101	208
10000010001110	197
10000010001111	269
10000010010000	104
10000010010001	235
10000010010010	88
10000010010011	125
10000010010100	120
10000010010101	218
10000010010110	79
10000010010111	201
10000010011000	114
10000010011001	209
10000010011010	108
10000010011011	219
10000010011100	108
10000010011101	189
10000010011110	142
10000010011111	200
10000010100000	191
10000010100001	280
10000010100010	167
10000010100011	245
10000010100100	187
10000010100101	265
10000010100110	183
10000010100111	215
10000010101000	178
10000010101001	263
10000010101010	191
10000010101011	270
10000010101100	162
10000010101101	222
10000010101110	167
10000010101111	294
10000010110000	90
10000010110001	231
10000010110010	117
10000010110011	158
10000010110100	124
10000010110101	220
10000010110110	95
10000010110111	182
10000010111000	121
10000010111001	265
10000010111010	148
10000010111011	301
10000010111100	143
10000010111101	139
10000010111110	108
10000010111111	219
10000011000000	185
10000011000001	360
10000011000010	197
10000011000011	253
10000011000100	207
10000011000101	392
10000011000110	209
10000011000111	441
10000011001000	186
10000011001001	285
10000011001010	215
10000011001011	324
10000011001100	200
10000011001101	281
10000011001110	149
10000011001111	308
10000011010000	88
10000011010001	249
10000011010010	72
10000011010011	196
10000011010100	105
10000011010101	256
10000011010110	133
10000011010111	418
10000011011000	148
10000011011001	292
10000011011010	108
10000011011011	352
10000011011100	105
10000011011101	269
10000011011110	120
10000011011111	249
10000011100000	196
10000011100001	436
10000011100010	215
10000011100011	339
10000011100100	233
10000011100101	387
10000011100110	194
10000011100111	370
10000011101000	200
10000011101001	381
10000011101010	181
10000011101011	394
10000011101100	186
10000011101101	368
10000011101110	186
10000011101111	293
10000011110000	72
10000011110001	265
10000011110010	106
10000011110011	253
10000011110100	159
10000011110101	276
10000011110110	131
10000011110111	323
10000011111000	170
10000011111001	342
10000011111010	149
10000011111011	317
10000011111100	189
10000011111101	259
10000011111110	126
10000011111111	273
10000100000000	138
10000100000001	140
10000100000010	120
10000100000011	163
10000100000100	114
10000100000101	133
10000100000110	128
10000100000111	150
10000100001000	164
10000100001001	159
10000100001010	86
10000100001011	112
10000100001100	126
10000100001101	111
10000100001110	109
10000100001111	135
10000100010000	80
10000100010001	107
10000100010010	75
10000100010011	201
10000100010100	50
10000100010101	128
10000100010110	71
10000100010111	146
10000100011000	95
10000100011001	128
10000100011010	80
10000100011011	97
10000100011100	73
10000100011101	125
10000100011110	80
10000100011111	112
10000100100000	114
10000100100001	164
10000100100010	127
10000100100011	161
10000100100100	106
10000100100101	168
10000100100110	118
10000100100111	184
10000100101000	131
10000100101001	157
10000100101010	115
10000100101011	121
10000100101100	131
10000100101101	156
10000100101110	118
10000100101111	105
10000100110000	73
10000100110001	136
10000100110010	59
10000100110011	125
10000100110100	70
10000100110101	180
10000100110110	79
10000100110111	126
10000100111000	78
10000100111001	129
10000100111010	93
10000100111011	147
10000100111100	106
10000100111101	152
10000100111110	93
10000100111111	118
10000101000000	83
10000101000001	194
10000101000010	118
10000101000011	269
10000101000100	159
10000101000101	207
10000101000110	142
10000101000111	243
10000101001000	163
10000101001001	230
10000101001010	89
10000101001011	171
10000101001100	88
10000101001101	267
10000101001110	112
10000101001111	227
10000101010000	70
10000101010001	327
10000101010010	83
10000101010011	254
10000101010100	98
10000101010101	211
10000101010110	81
10000101010111	183
10000101011000	83
10000101011001	254
10000101011010	71
10000101011011	237
10000101011100	102
10000101011101	211
10000101011110	59
10000101011111	186
10000101100000	115
10000101100001	245
10000101100010	127
10000101100011	296
10000101100100	197
10000101100101	398
10000101100110	119
10000101100111	246
10000101101000	133
10000101101001	270
10000101101010	85
10000101101011	203
10000101101100	202
10000101101101	314
10000101101110	121
10000101101111	197
10000101110000	92
10000101110001	233
10000101110010	47
10000101110011	183
10000101110100	78
10000101110101	298
10000101110110	99
10000101110111	135
10000101111000	93
10000101111001	280
10000101111010	81
10000101111011	242
10000101111100	130
10000101111101	211
10000101111110	110
10000101111111	176
10000110000000	142
10000110000001	285
10000110000010	158
10000110000011	398
10000110000100	167
10000110000101	230
10000110000110	260
10000110000111	291
10000110001000	266
10000110001001	264
10000110001010	181
10000110001011	211
10000110001100	170
10000110001101	312
10000110001110	228
10000110001111	229
10000110010000	102
10000110010001	185
10000110010010	136
10000110010011	266
10000110010100	129
10000110010101	308
10000110010110	122
10000110010111	278
10000110011000	147
10000110011001	222
10000110011010	142
10000110011011	366
10000110011100	186
10000110011101	182
10000110011110	154
10000110011111	191
10000110100000	209
10000110100001	339
10000110100010	147
10000110100011	329
10000110100100	165
10000110100101	234
10000110100110	161
10000110100111	310
10000110101000	203
10000110101001	370
10000110101010	200
10000110101011	297
10000110101100	191
10000110101101	263
10000110101110	189
10000110101111	299
10000110110000	98
10000110110001	257
10000110110010	87
10000110110011	263
10000110110100	116
10000110110101	256
10000110110110	113
10000110110111	243
10000110111000	169
10000110111001	180
10000110111010	127
10000110111011	312
10000110111100	226
10000110111101	269
10000110111110	142
10000110111111	231
10000111000000	209
10000111000001	362
10000111000010	221
10000111000011	367
10000111000100	195
10000111000101	374
10000111000110	216
10000111000111	405
10000111001000	279
10000111001001	351
10000111001010	247
10000111001011	364
10000111001100	270
10000111001101	318
10000111001110	218
10000111001111	348
10000111010000	90
10000111010001	230
10000111010010	124
10000111010011	241
10000111010100	97
10000111010101	257
10000111010110	120
10000111010111	336
10000111011000	118
10000111011001	304
10000111011010	136
10000111011011	325
10000111011100	196
10000111011101	271
10000111011110	175
10000111011111	406
10000111100000	251
10000111100001	490
10000111100010	270
10000111100011	482
10000111100100	264
10000111100101	496
10000111100110	230
10000111100111	362
10000111101000	229
10000111101001	412
10000111101010	282
10000111101011	379
10000111101100	233
10000111101101	279
10000111101110	274
10000111101111	377
10000111110000	101
10000111110001	371
10000111110010	134
10000111110011	299
10000111110100	218
10000111110101	419
10000111110110	118
10000111110111	307
10000111111000	165
10000111111001	361
10000111111010	179
10000111111011	352
10000111111100	174
10000111111101	382
10000111111110	184
10000111111111	300
10001000000000	182
10001000000001	265
10001000000010	185
10001000000011	242
10001000000100	146
10001000000101	240
10001000000110	200
10001000000111	285
10001000001000	221
10001000001001	254
10001000001010	239
10001000001011	210
10001000001100	218
10001000001101	209
10001000001110	240
10001000001111	206
10001000010000	127
10001000010001	183
10001000010010	118
10001000010011	212
10001000010100	91
10001000010101	228
10001000010110	134
10001000010111	260
10001000011000	181
10001000011001	207
10001000011010	175
10001000011011	300
10001000011100	145
10001000011101	219
10001000011110	126
10001000011111	158
10001000100000	203
10001000100001	281
10001000100010	203
10001000100011	295
10001000100100	209
10001000100101	295
10001000100110	199
10001000100111	266
10001000101000	244
10001000101001	288
10001000101010	278
10001000101011	262
10001000101100	208
10001000101101	247
10001000101110	222
10001000101111	237
10001000110000	110
10001000110001	204
10001000110010	77
10001000110011	253
10001000110100	112
10001000110101	206
10001000110110	136
10001000110111	182
10001000111000	177
10001000111001	288
10001000111010	174
10001000111011	247
10001000111100	188
10001000111101	237
10001000111110	129
10001000111111	209
10001001000000	231
10001001000001	432
10001001000010	185
10001001000011	368
10001001000100	269
10001001000101	484
10001001000110	294
10001001000111	325
10001001001000	243
10001001001001	473
10001001001010	227
10001001001011	316
10001001001100	225
10001001001101	394
10001001001110	225
10001001001111	312
10001001010000	118
10001001010001	360
10001001010010	112
10001001010011	461
10001001010100	159
10001001010101	393
10001001010110	120
10001001010111	331
10001001011000	177
10001001011001	413
10001001011010	149
10001001011011	368
10001001011100	164
10001001011101	353
10001001011110	172
10001001011111	372
10001001100000	209
10001001100001	564
10001001100010	229
10001001100011	398
10001001100100	307
10001001100101	450
10001001100110	239
10001001100111	511
10001001101000	269
10001001101001	623
10001001101010	214
10001001101011	337
10001001101100	304
10001001101101	490
10001001101110	220
10001001101111	329
10001001110000	141
10001001110001	412
10001001110010	102
10001001110011	359
10001001110100	205
10001001110101	317
10001001110110	176
10001001110111	330
10001001111000	202
10001001111001	434
10001001111010	159
10001001111011	350
10001001111100	253
10001001111101	337
10001001111110	154
10001001111111	288
10001010000000	245
10001010000001	396
10001010000010	356
10001010000011	468
10001010000100	318
10001010000101	416
10001010000110	298
10001010000111	460
10001010001000	359
10001010001001	361
10001010001010	312
10001010001011	463
10001010001100	274
10001010001101	347
10001010001110	278
10001010001111	382
10001010010000	174
10001010010001	239
10001010010010	161
10001010010011	304
10001010010100	149
10001010010101	387
10001010010110	177
10001010010111	338
10001010011000	255
10001010011001	460
10001010011010	190
10001010011011	352
10001010011100	219
10001010011101	367
10001010011110	282
10001010011111	300
10001010100000	290
10001010100001	444
10001010100010	258
10001010100011	443
10001010100100	355
10001010100101	472
10001010100110	274
10001010100111	428
10001010101000	355
10001010101001	406
10001010101010	277
10001010101011	373
10001010101100	343
10001010101101	374
10001010101110	307
10001010101111	342
10001010110000	156
10001010110001	322
10001010110010	155
10001010110011	320
10001010110100	207
10001010110101	448
10001010110110	182
10001010110111	313
10001010111000	240
10001010111001	353
10001010111010	217
10001010111011	419
10001010111100	246
10001010111101	339
10001010111110	185
10001010111111	295
10001011000000	242
10001011000001	548
10001011000010	255
10001011000011	452
10001011000100	278
10001011000101	465
10001011000110	374
10001011000111	693
10001011001000	316
10001011001001	447
10001011001010	333
10001011001011	554
10001011001100	299
10001011001101	377
10001011001110	342
10001011001111	512
10001011010000	141
10001011010001	352
10001011010010	188
10001011010011	345
10001011010100	172
10001011010101	345
10001011010110	144
10001011010111	581
10001011011000	264
10001011011001	453
10001011011010	272
10001011011011	559
10001011011100	195
10001011011101	425
10001011011110	205
10001011011111	401
10001011100000	338
10001011100001	497
10001011100010	287
10001011100011	452
10001011100100	319
10001011100101	612
10001011100110	339
10001011100111	567
10001011101000	381
10001011101001	667
10001011101010	264
10001011101011	451
10001011101100	408
10001011101101	575
10001011101110	281
10001011101111	550
10001011110000	196
10001011110001	393
10001011110010	161
10001011110011	390
10001011110100	193
10001011110101	553
10001011110110	165
10001011110111	531
10001011111000	259
10001011111001	510
10001011111010	250
10001011111011	498
10001011111100	237
10001011111101	479
10001011111110	310
10001011111111	453
10001100000000	156
10001100000001	190
10001100000010	117
10001100000011	209
10001100000100	136
10001100000101	148
10001100000110	168
10001100000111	329
10001100001000	180
10001100001001	210
10001100001010	171
10001100001011	192
10001100001100	208
10001100001101	231
10001100001110	181
10001100001111	167
10001100010000	75
10001100010001	232
10001100010010	74
10001100010011	206
10001100010100	88
10001100010101	239
10001100010110	96
10001100010111	236
10001100011000	143
10001100011001	175
10001100011010	141
10001100011011	258
10001100011100	103
10001100011101	132
10001100011110	141
10001100011111	215
10001100100000	238
10001100100001	170
10001100100010	161
10001100100011	251
10001100100100	187
10001100100101	307
10001100100110	158
10001100100111	176
10001100101000	251
10001100101001	212
10001100101010	177
10001100101011	284
10001100101100	171
10001100101101	247
10001100101110	199
10001100101111	216
10001100110000	132
10001100110001	250
10001100110010	129
10001100110011	211
10001100110100	110
10001100110101	192
10001100110110	103
10001100110111	214
10001100111000	163
10001100111001	199
10001100111010	136
10001100111011	223
10001100111100	123
10001100111101	200
10001100111110	138
10001100111111	155
10001101000000	142
10001101000001	348
10001101000010	189
10001101000011	469
10001101000100	183
10001101000101	451
10001101000110	189
10001101000111	570
10001101001000	228
10001101001001	408
10001101001010	240
10001101001011	394
10001101001100	202
10001101001101	397
10001101001110	196
10001101001111	317
10001101010000	90
10001101010001	394
10001101010010	99
10001101010011	321
10001101010100	110
10001101010101	332
10001101010110	128
10001101010111	298
10001101011000	149
10001101011001	405
10001101011010	129
10001101011011	272
10001101011100	146
10001101011101	414
10001101011110	101
10001101011111	250
10001101100000	220
10001101100001	464
10001101100010	138
10001101100011	393
10001101100100	249
10001101100101	461
10001101100110	191
10001101100111	369
10001101101000	227
10001101101001	423
10001101101010	210
10001101101011	410
10001101101100	308
10001101101101	421
10001101101110	201
10001101101111	313
10001101110000	117
10001101110001	414
10001101110010	94
10001101110011	343
10001101110100	89
10001101110101	457
10001101110110	118
10001101110111	301
10001101111000	162
10001101111001	345
10001101111010	153
10001101111011	354
10001101111100	270
10001101111101	270
10001101111110	149
10001101111111	242
10001110000000	382
10001110000001	372
10001110000010	351
10001110000011	470
10001110000100	347
10001110000101	423
10001110000110	305
10001110000111	505
10001110001000	368
10001110001001	464
10001110001010	407
10001110001011	410
10001110001100	355
10001110001101	378
10001110001110	258
10001110001111	503
10001110010000	161
10001110010001	410
10001110010010	197
10001110010011	501
10001110010100	148
10001110010101	280
10001110010110	177
10001110010111	546
10001110011000	240
10001110011001	359
10001110011010	269
10001110011011	503
10001110011100	265
10001110011101	364
10001110011110	196
10001110011111	430
10001110100000	310
10001110100001	481
10001110100010	260
10001110100011	378
10001110100100	341
10001110100101	486
10001110100110	287
10001110100111	438
10001110101000	327
10001110101001	485
10001110101010	326
10001110101011	482
10001110101100	362
10001110101101	536
10001110101110	308
10001110101111	450
10001110110000	135
10001110110001	388
10001110110010	166
10001110110011	438
10001110110100	186
10001110110101	407
10001110110110	237
10001110110111	389
10001110111000	267
10001110111001	455
10001110111010	250
10001110111011	440
10001110111100	261
10001110111101	435
10001110111110	260
10001110111111	430
10001111000000	302
10001111000001	506
10001111000010	306
10001111000011	569
10001111000100	304
10001111000101	504
10001111000110	307
10001111000111	628
10001111001000	316
10001111001001	594
10001111001010	459
10001111001011	511
10001111001100	389
10001111001101	472
10001111001110	339
10001111001111	438
10001111010000	178
10001111010001	471
10001111010010	171
10001111010011	412
10001111010100	198
10001111010101	490
10001111010110	175
10001111010111	409
10001111011000	211
10001111011001	499
10001111011010	272
10001111011011	562
10001111011100	238
10001111011101	477
10001111011110	278
10001111011111	506
10001111100000	349
10001111100001	549
10001111100010	308
10001111100011	609
10001111100100	335
10001111100101	614
10001111100110	340
10001111100111	579
10001111101000	433
10001111101001	640
10001111101010	326
10001111101011	664
10001111101100	414
10001111101101	544
10001111101110	323
10001111101111	635
10001111110000	210
10001111110001	429
10001111110010	171
10001111110011	521
10001111110100	196
10001111110101	565
10001111110110	205
10001111110111	498
10001111111000	315
10001111111001	499
10001111111010	299
10001111111011	571
10001111111100	319
10001111111101	455
10001111111110	256
10001111111111	528
10010000000000	157
10010000000001	317
10010000000010	207
10010000000011	300
10010000000100	214
10010000000101	275
10010000000110	218
10010000000111	359
10010000001000	278
10010000001001	241
10010000001010	213
10010000001011	258
10010000001100	171
10010000001101	264
10010000001110	149
10010000001111	219
10010000010000	127
10010000010001	287
10010000010010	100
10010000010011	242
10010000010100	168
10010000010101	243
10010000010110	125
10010000010111	250
10010000011000	153
10010000011001	223
10010000011010	239
10010000011011	243
10010000011100	148
10010000011101	308
10010000011110	146
10010000011111	291
10010000100000	234
10010000100001	384
10010000100010	246
10010000100011	316
10010000100100	197
10010000100101	371
10010000100110	226
10010000100111	335
10010000101000	276
10010000101001	336
10010000101010	211
10010000101011	277
10010000101100	226
10010000101101	279
10010000101110	208
10010000101111	166
10010000110000	133
10010000110001	266
10010000110010	126
10010000110011	235
10010000110100	138
10010000110101	234
10010000110110	108
10010000110111	309
10010000111000	166
10010000111001	239
10010000111010	165
10010000111011	292
10010000111100	188
10010000111101	245
10010000111110	231
10010000111111	197
10010001000000	225
10010001000001	647
10010001000010	232
10010001000011	466
10010001000100	258
10010001000101	513
10010001000110	211
10010001000111	401
10010001001000	253
10010001001001	502
10010001001010	299
10010001001011	433
10010001001100	280
10010001001101	386
10010001001110	174
10010001001111	376
10010001010000	132
10010001010001	498
10010001010010	129
10010001010011	387
10010001010100	156
10010001010101	427
10010001010110	126
10010001010111	419
10010001011000	137
10010001011001	480
10010001011010	192
10010001011011	398
10010001011100	258
10010001011101	442
10010001011110	206
10010001011111	414
10010001100000	232
10010001100001	530
10010001100010	226
10010001100011	508
10010001100100	299
10010001100101	604
10010001100110	252
10010001100111	425
10010001101000	317
10010001101001	465
10010001101010	229
10010001101011	389
10010001101100	252
10010001101101	497
10010001101110	197
10010001101111	294
10010001110000	130
10010001110001	461
10010001110010	97
10010001110011	380
10010001110100	172
10010001110101	466
10010001110110	156
10010001110111	409
10010001111000	265
10010001111001	508
10010001111010	189
10010001111011	411
10010001111100	200
10010001111101	429
10010001111110	225
10010001111111	361
10010010000000	327
10010010000001	387
10010010000010	256
10010010000011	488
10010010000100	337
10010010000101	469
10010010000110	319
10010010000111	378
10010010001000	347
10010010001001	407
10010010001010	323
10010010001011	472
10010010001100	297
10010010001101	413
10010010001110	315
10010010001111	399
10010010010000	165
10010010010001	418
10010010010010	203
10010010010011	339
10010010010100	169
10010010010101	264
10010010010110	205
10010010010111	456
10010010011000	241
10010010011001	423
10010010011010	266
10010010011011	402
10010010011100	223
10010010011101	342
10010010011110	248
10010010011111	452
10010010100000	333
10010010100001	509
10010010100010	276
10010010100011	393
10010010100100	338
10010010100101	501
10010010100110	235
10010010100111	422
10010010101000	364
10010010101001	407
10010010101010	316
10010010101011	387
10010010101100	304
10010010101101	391
10010010101110	325
10010010101111	385
10010010110000	193
10010010110001	349
10010010110010	159
10010010110011	428
10010010110100	168
10010010110101	410
10010010110110	147
10010010110111	362
10010010111000	237
10010010111001	567
10010010111010	225
10010010111011	387
10010010111100	256
10010010111101	464
10010010111110	252
10010010111111	459
10010011000000	258
10010011000001	492
10010011000010	300
10010011000011	546
10010011000100	323
10010011000101	572
10010011000110	260
10010011000111	601
10010011001000	305
10010011001001	582
10010011001010	350
10010011001011	554
10010011001100	313
10010011001101	471
10010011001110	301
10010011001111	541
10010011010000	169
10010011010001	437
10010011010010	186
10010011010011	521
10010011010100	154
10010011010101	420
10010011010110	223
10010011010111	485
10010011011000	234
10010011011001	459
10010011011010	245
10010011011011	531
10010011011100	166
10010011011101	514
10010011011110	258
10010011011111	642
10010011100000	357
10010011100001	683
10010011100010	312
10010011100011	545
10010011100100	370
10010011100101	538
10010011100110	377
10010011100111	613
10010011101000	410
10010011101001	651
10010011101010	315
10010011101011	659
10010011101100	437
10010011101101	633
10010011101110	302
10010011101111	553
10010011110000	206
10010011110001	515
10010011110010	209
10010011110011	431
10010011110100	257
10010011110101	504
10010011110110	170
10010011110111	472
10010011111000	273
10010011111001	471
10010011111010	284
10010011111011	520
10010011111100	247
10010011111101	423
10010011111110	227
10010011111111	409
10010100000000	182
10010100000001	186
10010100000010	215
10010100000011	279
10010100000100	165
10010100000101	348
10010100000110	172
10010100000111	248
10010100001000	220
10010100001001	229
10010100001010	226
10010100001011	339
10010100001100	232
10010100001101	239
10010100001110	167
10010100001111	218
10010100010000	93
10010100010001	240
10010100010010	116
10010100010011	204
10010100010100	128
10010100010101	246
10010100010110	85
10010100010111	241
10010100011000	138
10010100011001	280
10010100011010	152
10010100011011	244
10010100011100	138
10010100011101	329
10010100011110	148
10010100011111	215
10010100100000	214
10010100100001	311
10010100100010	226
10010100100011	260
10010100100100	226
10010100100101	311
10010100100110	175
10010100100111	313
10010100101000	276
10010100101001	348
10010100101010	195
10010100101011	326
10010100101100	226
10010100101101	282
10010100101110	176
10010100101111	190
10010100110000	127
10010100110001	221
10010100110010	108
10010100110011	213
10010100110100	117
10010100110101	322
10010100110110	139
10010100110111	241
10010100111000	173
10010100111001	324
10010100111010	176
10010100111011	207
10010100111100	150
10010100111101	315
10010100111110	167
10010100111111	176
10010101000000	233
10010101000001	598
10010101000010	192
10010101000011	455
10010101000100	249
10010101000101	653
10010101000110	228
10010101000111	474
10010101001000	271
10010101001001	433
10010101001010	198
10010101001011	395
10010101001100	269
10010101001101	510
10010101001110	247
10010101001111	309
10010101010000	145
10010101010001	446
10010101010010	153
10010101010011	357
10010101010100	149
10010101010101	475
10010101010110	122
10010101010111	423
10010101011000	162
10010101011001	320
10010101011010	150
10010101011011	333
10010101011100	208
10010101011101	467
10010101011110	144
10010101011111	410
10010101100000	269
10010101100001	539
10010101100010	219
10010101100011	437
10010101100100	342
10010101100101	602
10010101100110	178
10010101100111	408
10010101101000	293
10010101101001	595
10010101101010	139
10010101101011	430
10010101101100	263
10010101101101	368
10010101101110	156
10010101101111	362
10010101110000	139
10010101110001	575
10010101110010	139
10010101110011	441
10010101110100	192
10010101110101	504
10010101110110	166
10010101110111	342
10010101111000	183
10010101111001	514
10010101111010	144
10010101111011	342
10010101111100	210
10010101111101	554
10010101111110	195
10010101111111	309
10010110000000	335
10010110000001	617
10010110000010	398
10010110000011	559
10010110000100	432
10010110000101	524
10010110000110	329
10010110000111	557
10010110001000	330
10010110001001	434
10010110001010	294
10010110001011	555
10010110001100	290
10010110001101	515
10010110001110	378
10010110001111	465
10010110010000	226
10010110010001	397
10010110010010	176
10010110010011	432
10010110010100	216
10010110010101	531
10010110010110	215
10010110010111	540
10010110011000	343
10010110011001	485
10010110011010	271
10010110011011	555
10010110011100	251
10010110011101	341
10010110011110	330
10010110011111	445
10010110100000	367
10010110100001	527
10010110100010	352
10010110100011	555
10010110100100	460
10010110100101	526
10010110100110	292
10010110100111	573
10010110101000	441
10010110101001	528
10010110101010	379
10010110101011	574
10010110101100	345
10010110101101	453
10010110101110	311
10010110101111	343
10010110110000	187
10010110110001	362
10010110110010	187
10010110110011	518
10010110110100	252
10010110110101	498
10010110110110	194
10010110110111	383
10010110111000	370
10010110111001	427
10010110111010	247
10010110111011	505
10010110111100	300
10010110111101	475
10010110111110	283
10010110111111	438
10010111000000	258
10010111000001	601
10010111000010	336
10010111000011	662
10010111000100	402
10010111000101	629
10010111000110	434
10010111000111	804
10010111001000	285
10010111001001	731
10010111001010	484
10010111001011	564
10010111001100	370
10010111001101	625
10010111001110	374
10010111001111	660
10010111010000	198
10010111010001	654
10010111010010	239
10010111010011	628
10010111010100	187
10010111010101	518
10010111010110	268
10010111010111	705
10010111011000	302
10010111011001	618
10010111011010	284
10010111011011	532
10010111011100	236
10010111011101	634
10010111011110	265
10010111011111	570
10010111100000	393
10010111100001	762
10010111100010	401
10010111100011	561
10010111100100	417
10010111100101	699
10010111100110	330
10010111100111	758
10010111101000	448
10010111101001	844
10010111101010	412
10010111101011	609
10010111101100	399
10010111101101	630
10010111101110	402
10010111101111	628
10010111110000	232
10010111110001	574
10010111110010	242
10010111110011	596
10010111110100	196
10010111110101	670
10010111110110	207
10010111110111	794
10010111111000	303
10010111111001	754
10010111111010	308
10010111111011	676
10010111111100	337
10010111111101	678
10010111111110	345
10010111111111	688
10011000000000	164
10011000000001	171
10011000000010	160
10011000000011	251
10011000000100	152
10011000000101	254
10011000000110	172
10011000000111	193
10011000001000	154
10011000001001	159
10011000001010	234
10011000001011	197
10011000001100	165
10011000001101	168
10011000001110	143
10011000001111	146
10011000010000	71
10011000010001	151
10011000010010	97
10011000010011	229
10011000010100	79
10011000010101	152
10011000010110	81
10011000010111	250
10011000011000	138
10011000011001	186
10011000011010	127
10011000011011	216
10011000011100	122
10011000011101	150
10011000011110	139
10011000011111	209
10011000100000	182
10011000100001	163
10011000100010	160
10011000100011	247
10011000100100	148
10011000100101	264
10011000100110	146
10011000100111	248
10011000101000	229
10011000101001	207
10011000101010	144
10011000101011	246
10011000101100	228
10011000101101	191
10011000101110	203
10011000101111	153
10011000110000	103
10011000110001	147
10011000110010	75
10011000110011	196
10011000110100	116
10011000110101	161
10011000110110	99
10011000110111	254
10011000111000	116
10011000111001	227
10011000111010	140
10011000111011	193
10011000111100	121
10011000111101	163
10011000111110	129
10011000111111	167
10011001000000	197
10011001000001	488
10011001000010	177
10011001000011	446
10011001000100	233
10011001000101	428
10011001000110	166
10011001000111	316
10011001001000	216
10011001001001	414
10011001001010	206
10011001001011	424
10011001001100	219
10011001001101	435
10011001001110	189
10011001001111	258
10011001010000	104
10011001010001	315
10011001010010	82
10011001010011	318
10011001010100	147
10011001010101	293
10011001010110	115
10011001010111	289
10011001011000	198
10011001011001	367
10011001011010	160
10011001011011	236
10011001011100	140
10011001011101	209
10011001011110	146
10011001011111	309
10011001100000	262
10011001100001	326
10011001100010	185
10011001100011	302
10011001100100	252
10011001100101	491
10011001100110	194
10011001100111	342
10011001101000	284
10011001101001	353
10011001101010	152
10011001101011	485
10011001101100	282
10011001101101	424
10011001101110	139
10011001101111	288
10011001110000	138
10011001110001	383
10011001110010	103
10011001110011	328
10011001110100	118
10011001110101	388
10011001110110	108
10011001110111	372
10011001111000	196
10011001111001	420
10011001111010	147
10011001111011	397
10011001111100	186
10011001111101	371
10011001111110	142
10011001111111	299
10011010000000	211
10011010000001	344
10011010000010	215
10011010000011	323
10011010000100	209
10011010000101	331
10011010000110	209
10011010000111	351
10011010001000	235
10011010001001	301
10011010001010	266
10011010001011	357
10011010001100	268
10011010001101	186
10011010001110	266
10011010001111	301
10011010010000	99
10011010010001	333
10011010010010	111
10011010010011	336
10011010010100	132
10011010010101	292
10011010010110	123
10011010010111	358
10011010011000	213
10011010011001	346
10011010011010	142
10011010011011	442
10011010011100	181
10011010011101	195
10011010011110	172
10011010011111	234
10011010100000	211
10011010100001	334
10011010100010	213
10011010100011	262
10011010100100	191
10011010100101	374
10011010100110	212
10011010100111	295
10011010101000	273
10011010101001	404
10011010101010	255
10011010101011	249
10011010101100	276
10011010101101	262
10011010101110	234
10011010101111	331
10011010110000	132
10011010110001	276
10011010110010	128
10011010110011	330
10011010110100	167
10011010110101	291
10011010110110	136
10011010110111	254
10011010111000	253
10011010111001	344
10011010111010	237
10011010111011	309
10011010111100	195
10011010111101	318
10011010111110	166
10011010111111	261
10011011000000	224
10011011000001	404
10011011000010	202
10011011000011	451
10011011000100	215
10011011000101	451
10011011000110	313
10011011000111	458
10011011001000	231
10011011001001	407
10011011001010	292
10011011001011	476
10011011001100	224
10011011001101	439
10011011001110	233
10011011001111	352
10011011010000	126
10011011010001	310
10011011010010	114
10011011010011	315
10011011010100	94
10011011010101	361
10011011010110	155
10011011010111	398
10011011011000	168
10011011011001	360
10011011011010	192
10011011011011	432
10011011011100	152
10011011011101	253
10011011011110	191
10011011011111	309
10011011100000	288
10011011100001	503
10011011100010	214
10011011100011	532
10011011100100	220
10011011100101	530
10011011100110	256
10011011100111	377
10011011101000	272
10011011101001	514
10011011101010	330
10011011101011	379
10011011101100	300
10011011101101	361
10011011101110	217
10011011101111	453
10011011110000	125
10011011110001	316
10011011110010	171
10011011110011	350
10011011110100	146
10011011110101	366
10011011110110	158
10011011110111	331
10011011111000	220
10011011111001	428
10011011111010	197
10011011111011	463
10011011111100	216
10011011111101	457
10011011111110	197
10011011111111	281
10011100000000	104
10011100000001	198
10011100000010	148
10011100000011	156
10011100000100	129
10011100000101	211
10011100000110	156
10011100000111	161
10011100001000	150
10011100001001	198
10011100001010	177
10011100001011	165
10011100001100	119
10011100001101	224
10011100001110	151
10011100001111	207
10011100010000	74
10011100010001	136
10011100010010	80
10011100010011	162
10011100010100	89
10011100010101	171
10011100010110	74
10011100010111	146
10011100011000	130
10011100011001	195
10011100011010	163
10011100011011	167
10011100011100	129
10011100011101	140
10011100011110	118
10011100011111	153
10011100100000	164
10011100100001	188
10011100100010	154
10011100100011	179
10011100100100	165
10011100100101	204
10011100100110	136
10011100100111	142
10011100101000	182
10011100101001	188
10011100101010	164
10011100101011	143
10011100101100	133
10011100101101	140
10011100101110	126
10011100101111	200
10011100110000	91
10011100110001	145
10011100110010	57
10011100110011	110
10011100110100	88
10011100110101	184
10011100110110	89
10011100110111	194
10011100111000	157
10011100111001	258
10011100111010	129
10011100111011	191
10011100111100	107
10011100111101	173
10011100111110	87
10011100111111	176
10011101000000	170
10011101000001	310
10011101000010	154
10011101000011	319
10011101000100	191
10011101000101	339
10011101000110	193
10011101000111	288
10011101001000	183
10011101001001	333
10011101001010	171
10011101001011	315
10011101001100	175
10011101001101	292
10011101001110	212
10011101001111	280
10011101010000	107
10011101010001	289
10011101010010	83
10011101010011	273
10011101010100	132
10011101010101	289
10011101010110	104
10011101010111	338
10011101011000	157
10011101011001	240
10011101011010	149
10011101011011	265
10011101011100	117
10011101011101	252
10011101011110	132
10011101011111	298
10011101100000	213
10011101100001	329
10011101100010	140
10011101100011	313
10011101100100	269
10011101100101	411
10011101100110	161
10011101100111	322
10011101101000	213
10011101101001	410
10011101101010	211
10011101101011	307
10011101101100	211
10011101101101	430
10011101101110	179
10011101101111	284
10011101110000	98
10011101110001	349
10011101110010	67
10011101110011	264
10011101110100	124
10011101110101	411
10011101110110	98
10011101110111	324
10011101111000	140
10011101111001	353
10011101111010	141
10011101111011	254
10011101111100	175
10011101111101	358
10011101111110	175
10011101111111	271
10011110000000	338
10011110000001	441
10011110000010	293
10011110000011	300
10011110000100	287
10011110000101	434
10011110000110	261
10011110000111	383
10011110001000	302
10011110001001	336
10011110001010	293
10011110001011	417
10011110001100	292
10011110001101	356
10011110001110	332
10011110001111	313
10011110010000	165
10011110010001	316
10011110010010	175
10011110010011	309
10011110010100	135
10011110010101	355
10011110010110	146
10011110010111	375
10011110011000	211
10011110011001	430
10011110011010	230
10011110011011	401
10011110011100	195
10011110011101	372
10011110011110	223
10011110011111	382
10011110100000	276
10011110100001	388
10011110100010	254
10011110100011	358
10011110100100	288
10011110100101	310
10011110100110	279
10011110100111	295
10011110101000	350
10011110101001	407
10011110101010	281
10011110101011	384
10011110101100	355
10011110101101	415
10011110101110	227
10011110101111	330
10011110110000	185
10011110110001	361
10011110110010	159
10011110110011	315
10011110110100	163
10011110110101	357
10011110110110	131
10011110110111	401
10011110111000	222
10011110111001	370
10011110111010	230
10011110111011	307
10011110111100	251
10011110111101	350
10011110111110	196
10011110111111	243
10011111000000	289
10011111000001	584
10011111000010	325
10011111000011	588
10011111000100	265
10011111000101	574
10011111000110	274
10011111000111	494
10011111001000	266
10011111001001	495
10011111001010	328
10011111001011	497
10011111001100	290
10011111001101	508
10011111001110	292
10011111001111	466
10011111010000	123
10011111010001	354
10011111010010	163
10011111010011	550
10011111010100	166
10011111010101	407
10011111010110	194
10011111010111	444
10011111011000	180
10011111011001	417
10011111011010	210
10011111011011	599
10011111011100	175
10011111011101	458
10011111011110	236
10011111011111	499
10011111100000	252
10011111100001	572
10011111100010	302
10011111100011	477
10011111100100	343
10011111100101	551
10011111100110	306
10011111100111	607
10011111101000	282
10011111101001	483
10011111101010	345
10011111101011	555
10011111101100	317
10011111101101	598
10011111101110	247
10011111101111	422
10011111110000	161
10011111110001	442
10011111110010	143
10011111110011	538
10011111110100	123
10011111110101	573
10011111110110	216
10011111110111	393
10011111111000	250
10011111111001	494
10011111111010	212
10011111111011	453
10011111111100	220
10011111111101	599
10011111111110	167
10011111111111	416
10100000000000	189
10100000000001	172
10100000000010	155
10100000000011	125
10100000000100	200
10100000000101	218
10100000000110	200
10100000000111	226
10100000001000	155
10100000001001	208
10100000001010	144
10100000001011	212
10100000001100	152
10100000001101	203
10100000001110	137
10100000001111	159
10100000010000	66
10100000010001	190
10100000010010	118
10100000010011	173
10100000010100	103
10100000010101	187
10100000010110	123
10100000010111	193
10100000011000	134
10100000011001	170
10100000011010	133
10100000011011	160
10100000011100	113
10100000011101	157
10100000011110	115
10100000011111	186
10100000100000	233
10100000100001	246
10100000100010	207
10100000100011	218
10100000100100	177
10100000100101	228
10100000100110	185
10100000100111	272
10100000101000	246
10100000101001	234
10100000101010	221
10100000101011	219
10100000101100	185
10100000101101	211
10100000101110	148
10100000101111	166
10100000110000	95
10100000110001	155
10100000110010	107
10100000110011	223
10100000110100	122
10100000110101	203
10100000110110	99
10100000110111	217
10100000111000	120
10100000111001	213
10100000111010	152
10100000111011	208
10100000111100	124
10100000111101	182
10100000111110	97
10100000111111	167
10100001000000	170
10100001000001	326
10100001000010	219
10100001000011	299
10100001000100	168
10100001000101	332
10100001000110	154
10100001000111	301
10100001001000	203
10100001001001	371
10100001001010	221
10100001001011	328
10100001001100	164
10100001001101	437
10100001001110	118
10100001001111	249
10100001010000	133
10100001010001	298
10100001010010	73
10100001010011	307
10100001010100	158
10100001010101	341
10100001010110	90
10100001010111	258
10100001011000	117
10100001011001	372
10100001011010	151
10100001011011	295
10100001011100	172
10100001011101	375
10100001011110	163
10100001011111	315
10100001100000	210
10100001100001	548
10100001100010	165
10100001100011	337
10100001100100	257
10100001100101	439
10100001100110	187
10100001100111	349
10100001101000	206
10100001101001	416
10100001101010	219
10100001101011	322
10100001101100	272
10100001101101	279
10100001101110	229
10100001101111	352
10100001110000	118
10100001110001	437
10100001110010	138
10100001110011	303
10100001110100	159
10100001110101	415
10100001110110	121
10100001110111	326
10100001111000	149
10100001111001	499
10100001111010	135
10100001111011	316
10100001111100	197
10100001111101	344
10100001111110	156
10100001111111	261
10100010000000	243
10100010000001	196
10100010000010	221
10100010000011	277
10100010000100	173
10100010000101	321
10100010000110	174
10100010000111	294
10100010001000	239
10100010001001	248
10100010001010	191
10100010001011	304
10100010001100	223
10100010001101	195
10100010001110	166
10100010001111	282
10100010010000	98
10100010010001	173
10100010010010	107
10100010010011	147
10100010010100	112
10100010010101	269
10100010010110	119
10100010010111	357
10100010011000	163
10100010011001	239
10100010011010	120
10100010011011	229
10100010011100	130
10100010011101	157
10100010011110	108
10100010011111	258
10100010100000	220
10100010100001	374
10100010100010	174
10100010100011	341
10100010100100	219
10100010100101	438
10100010100110	197
10100010100111	317
10100010101000	240
10100010101001	387
10100010101010	230
10100010101011	347
10100010101100	219
10100010101101	306
10100010101110	176
10100010101111	299
10100010110000	146
10100010110001	303
10100010110010	101
10100010110011	330
10100010110100	150
10100010110101	254
10100010110110	115
10100010110111	328
10100010111000	166
10100010111001	311
10100010111010	178
10100010111011	234
10100010111100	159
10100010111101	296
10100010111110	117
10100010111111	188
10100011000000	252
10100011000001	391
10100011000010	226
10100011000011	391
10100011000100	201
10100011000101	297
10100011000110	204
10100011000111	326
10100011001000	169
10100011001001	320
10100011001010	171
10100011001011	376
10100011001100	194
10100011001101	230
10100011001110	190
10100011001111	349
10100011010000	120
10100011010001	194
10100011010010	134
10100011010011	363
10100011010100	105
10100011010101	223
10100011010110	103
10100011010111	331
10100011011000	163
10100011011001	373
10100011011010	228
10100011011011	357
10100011011100	115
10100011011101	259
10100011011110	160
10100011011111	295
10100011100000	215
10100011100001	419
10100011100010	279
10100011100011	448
10100011100100	255
10100011100101	402
10100011100110	267
10100011100111	419
10100011101000	251
10100011101001	495
10100011101010	337
10100011101011	390
10100011101100	346
10100011101101	355
10100011101110	236
10100011101111	380
10100011110000	100
10100011110001	348
10100011110010	150
10100011110011	286
10100011110100	183
10100011110101	420
10100011110110	139
10100011110111	347
10100011111000	185
10100011111001	331
10100011111010	206
10100011111011	376
10100011111100	176
10100011111101	375
10100011111110	137
10100011111111	376
10100100000000	135
10100100000001	270
10100100000010	130
10100100000011	110
10100100000100	168
10100100000101	208
10100100000110	126
10100100000111	143
10100100001000	151
10100100001001	165
10100100001010	117
10100100001011	138
10100100001100	111
10100100001101	121
10100100001110	105
10100100001111	154
10100100010000	77
10100100010001	133
10100100010010	86
10100100010011	189
10100100010100	104
10100100010101	110
10100100010110	70
10100100010111	103
10100100011000	77
10100100011001	175
10100100011010	127
10100100011011	155
10100100011100	118
10100100011101	69
10100100011110	111
10100100011111	192
10100100100000	140
10100100100001	222
10100100100010	160
10100100100011	216
10100100100100	157
10100100100101	142
10100100100110	144
10100100100111	228
10100100101000	181
10100100101001	188
10100100101010	180
10100100101011	194
10100100101100	172
10100100101101	198
10100100101110	122
10100100101111	163
10100100110000	102
10100100110001	204
10100100110010	102
10100100110011	192
10100100110100	106
10100100110101	172
10100100110110	109
10100100110111	188
10100100111000	120
10100100111001	165
10100100111010	116
10100100111011	168
10100100111100	149
10100100111101	198
10100100111110	100
10100100111111	195
10100101000000	149
10100101000001	368
10100101000010	165
10100101000011	301
10100101000100	148
10100101000101	289
10100101000110	148
10100101000111	295
10100101001000	162
10100101001001	258
10100101001010	103
10100101001011	235
10100101001100	191
10100101001101	264
10100101001110	118
10100101001111	180
10100101010000	43
10100101010001	254
10100101010010	91
10100101010011	202
10100101010100	81
10100101010101	370
10100101010110	86
10100101010111	263
10100101011000	101
10100101011001	242
10100101011010	103
10100101011011	226
10100101011100	149
10100101011101	364
10100101011110	76
10100101011111	241
10100101100000	172
10100101100001	345
10100101100010	172
10100101100011	383
10100101100100	194
10100101100101	433
10100101100110	163
10100101100111	226
10100101101000	221
10100101101001	414
10100101101010	124
10100101101011	326
10100101101100	219
10100101101101	298
10100101101110	163
10100101101111	271
10100101110000	106
10100101110001	336
10100101110010	71
10100101110011	333
10100101110100	95
10100101110101	279
10100101110110	110
10100101110111	267
10100101111000	123
10100101111001	245
10100101111010	123
10100101111011	248
10100101111100	155
10100101111101	315
10100101111110	129
10100101111111	243
10100110000000	225
10100110000001	384
10100110000010	263
10100110000011	300
10100110000100	200
10100110000101	395
10100110000110	282
10100110000111	356
10100110001000	222
10100110001001	299
10100110001010	285
10100110001011	378
10100110001100	252
10100110001101	340
10100110001110	242
10100110001111	242
10100110010000	114
10100110010001	302
10100110010010	149
10100110010011	342
10100110010100	112
10100110010101	416
10100110010110	152
10100110010111	365
10100110011000	190
10100110011001	347
10100110011010	228
10100110011011	353
10100110011100	159
10100110011101	319
10100110011110	197
10100110011111	247
10100110100000	264
10100110100001	415
10100110100010	324
10100110100011	407
10100110100100	347
10100110100101	485
10100110100110	296
10100110100111	410
10100110101000	281
10100110101001	420
10100110101010	276
10100110101011	416
10100110101100	285
10100110101101	317
10100110101110	253
10100110101111	383
10100110110000	156
10100110110001	303
10100110110010	114
10100110110011	400
10100110110100	159
10100110110101	425
10100110110110	163
10100110110111	347
10100110111000	251
10100110111001	340
10100110111010	237
10100110111011	359
10100110111100	251
10100110111101	375
10100110111110	219
10100110111111	410
10100111000000	274
10100111000001	359
10100111000010	218
10100111000011	493
10100111000100	272
10100111000101	422
10100111000110	293
10100111000111	445
10100111001000	227
10100111001001	381
10100111001010	310
10100111001011	236
10100111001100	224
10100111001101	331
10100111001110	273
10100111001111	335
10100111010000	127
10100111010001	260
10100111010010	118
10100111010011	484
10100111010100	122
10100111010101	329
10100111010110	132
10100111010111	420
10100111011000	215
10100111011001	313
10100111011010	226
10100111011011	523
10100111011100	166
10100111011101	397
10100111011110	204
10100111011111	478
10100111100000	314
10100111100001	609
10100111100010	313
10100111100011	596
10100111100100	243
10100111100101	562
10100111100110	272
10100111100111	400
10100111101000	345
10100111101001	467
10100111101010	390
10100111101011	429
10100111101100	303
10100111101101	483
10100111101110	380
10100111101111	416
10100111110000	183
10100111110001	336
10100111110010	164
10100111110011	378
10100111110100	210
10100111110101	432
10100111110110	206
10100111110111	389
10100111111000	169
10100111111001	572
10100111111010	252
10100111111011	318
10100111111100	269
10100111111101	512
10100111111110	196
10100111111111	511
10101000000000	193
10101000000001	289
10101000000010	183
10101000000011	255
10101000000100	196
10101000000101	272
10101000000110	224
10101000000111	370
10101000001000	270
10101000001001	300
10101000001010	211
10101000001011	274
10101000001100	277
10101000001101	303
10101000001110	259
10101000001111	219
10101000010000	140
10101000010001	220
10101000010010	122
10101000010011	196
10101000010100	144
10101000010101	204
10101000010110	143
10101000010111	324
10101000011000	174
10101000011001	273
10101000011010	151
10101000011011	251
10101000011100	138
10101000011101	315
10101000011110	146
10101000011111	224
10101000100000	202
10101000100001	375
10101000100010	190
10101000100011	316
10101000100100	205
10101000100101	303
10101000100110	246
10101000100111	268
10101000101000	314
10101000101001	334
10101000101010	264
10101000101011	268
10101000101100	201
10101000101101	248
10101000101110	258
10101000101111	265
10101000110000	141
10101000110001	307
10101000110010	110
10101000110011	289
10101000110100	170
10101000110101	324
10101000110110	121
10101000110111	227
10101000111000	232
10101000111001	304
10101000111010	150
10101000111011	385
10101000111100	180
10101000111101	267
10101000111110	191
10101000111111	257
10101001000000	270
10101001000001	552
10101001000010	237
10101001000011	589
10101001000100	244
10101001000101	448
10101001000110	200
10101001000111	471
10101001001000	282
10101001001001	393
10101001001010	213
10101001001011	337
10101001001100	307
10101001001101	382
10101001001110	213
10101001001111	329
10101001010000	126
10101001010001	469
10101001010010	118
10101001010011	425
10101001010100	146
10101001010101	476
10101001010110	156
10101001010111	415
10101001011000	167
10101001011001	458
10101001011010	175
10101001011011	461
10101001011100	191
10101001011101	581
10101001011110	186
10101001011111	464
10101001100000	307
10101001100001	721
10101001100010	228
10101001100011	606
10101001100100	383
10101001100101	703
10101001100110	340
10101001100111	556
10101001101000	331
10101001101001	701
10101001101010	279
10101001101011	461
10101001101100	378
10101001101101	636
10101001101110	275
10101001101111	434
10101001110000	151
10101001110001	543
10101001110010	132
10101001110011	448
10101001110100	166
10101001110101	546
10101001110110	163
10101001110111	474
10101001111000	254
10101001111001	572
10101001111010	161
10101001111011	503
10101001111100	275
10101001111101	504
10101001111110	238
10101001111111	403
10101010000000	285
10101010000001	429
10101010000010	378
10101010000011	493
10101010000100	349
10101010000101	376
10101010000110	316
10101010000111	508
10101010001000	350
10101010001001	442
10101010001010	372
10101010001011	491
10101010001100	389
10101010001101	568
10101010001110	363
10101010001111	500
10101010010000	215
10101010010001	504
10101010010010	237
10101010010011	377
10101010010100	228
10101010010101	424
10101010010110	146
10101010010111	485
10101010011000	256
10101010011001	410
10101010011010	302
10101010011011	503
10101010011100	260
10101010011101	414
10101010011110	251
10101010011111	447
10101010100000	422
10101010100001	635
10101010100010	264
10101010100011	457
10101010100100	337
10101010100101	732
10101010100110	420
10101010100111	518
10101010101000	399
10101010101001	530
10101010101010	380
10101010101011	609
10101010101100	441
10101010101101	429
10101010101110	371
10101010101111	454
10101010110000	206
10101010110001	502
10101010110010	197
10101010110011	376
10101010110100	275
10101010110101	525
10101010110110	195
10101010110111	391
10101010111000	338
10101010111001	608
10101010111010	280
10101010111011	480
10101010111100	290
10101010111101	487
10101010111110	245
10101010111111	459
10101011000000	264
10101011000001	559
10101011000010	344
10101011000011	532
10101011000100	302
10101011000101	569
10101011000110	302
10101011000111	684
10101011001000	448
10101011001001	511
10101011001010	436
10101011001011	788
10101011001100	360
10101011001101	651
10101011001110	379
10101011001111	549
10101011010000	199
10101011010001	413
10101011010010	202
10101011010011	393
10101011010100	188
10101011010101	480
10101011010110	210
10101011010111	581
10101011011000	255
10101011011001	481
10101011011010	267
10101011011011	575
10101011011100	258
10101011011101	557
10101011011110	321
10101011011111	363
10101011100000	342
10101011100001	553
10101011100010	308
10101011100011	708
10101011100100	428
10101011100101	628
10101011100110	414
10101011100111	723
10101011101000	437
10101011101001	752
10101011101010	492
10101011101011	723
10101011101100	417
10101011101101	636
10101011101110	497
10101011101111	598
10101011110000	231
10101011110001	462
10101011110010	202
10101011110011	514
10101011110100	289
10101011110101	647
10101011110110	239
10101011110111	602
10101011111000	319
10101011111001	654
10101011111010	310
10101011111011	772
10101011111100	276
10101011111101	596
10101011111110	351
10101011111111	692
10101100000000	199
10101100000001	231
10101100000010	172
10101100000011	299
10101100000100	124
10101100000101	278
10101100000110	198
10101100000111	208
10101100001000	173
10101100001001	255
10101100001010	213
10101100001011	229
10101100001100	148
10101100001101	280
10101100001110	136
10101100001111	220
10101100010000	94
10101100010001	183
10101100010010	114
10101100010011	221
10101100010100	126
10101100010101	193
10101100010110	78
10101100010111	249
10101100011000	146
10101100011001	255
10101100011010	147
10101100011011	293
10101100011100	131
10101100011101	258
10101100011110	174
10101100011111	210
10101100100000	157
10101100100001	277
10101100100010	245
10101100100011	401
10101100100100	204
10101100100101	391
10101100100110	226
10101100100111	301
10101100101000	233
10101100101001	262
10101100101010	243
10101100101011	333
10101100101100	236
10101100101101	296
10101100101110	205
10101100101111	253
10101100110000	94
10101100110001	248
10101100110010	121
10101100110011	225
10101100110100	110
10101100110101	266
10101100110110	109
10101100110111	276
10101100111000	141
10101100111001	321
10101100111010	198
10101100111011	249
10101100111100	177
10101100111101	272
10101100111110	186
10101100111111	251
10101101000000	264
10101101000001	376
10101101000010	202
10101101000011	303
10101101000100	236
10101101000101	568
10101101000110	229
10101101000111	348
10101101001000	250
10101101001001	483
10101101001010	216
10101101001011	254
10101101001100	203
10101101001101	335
10101101001110	203
10101101001111	333
10101101010000	144
10101101010001	232
10101101010010	133
10101101010011	401
10101101010100	127
10101101010101	410
10101101010110	141
10101101010111	310
10101101011000	262
10101101011001	315
10101101011010	155
10101101011011	465
10101101011100	158
10101101011101	323
10101101011110	155
10101101011111	303
10101101100000	289
10101101100001	696
10101101100010	199
10101101100011	548
10101101100100	288
10101101100101	507
10101101100110	265
10101101100111	510
10101101101000	271
10101101101001	457
10101101101010	226
10101101101011	534
10101101101100	387
10101101101101	627
10101101101110	274
10101101101111	442
10101101110000	190
10101101110001	413
10101101110010	107
10101101110011	408
10101101110100	183
10101101110101	427
10101101110110	184
10101101110111	442
10101101111000	221
10101101111001	476
10101101111010	171
10101101111011	416
10101101111100	225
10101101111101	537
10101101111110	178
10101101111111	397
10101110000000	340
10101110000001	459
10101110000010	388
10101110000011	441
10101110000100	368
10101110000101	582
10101110000110	380
10101110000111	554
10101110001000	492
10101110001001	540
10101110001010	423
10101110001011	486
10101110001100	373
10101110001101	490
10101110001110	451
10101110001111	471
10101110010000	191
10101110010001	484
10101110010010	216
10101110010011	404
10101110010100	183
10101110010101	406
10101110010110	210
10101110010111	478
10101110011000	320
10101110011001	460
10101110011010	197
10101110011011	661
10101110011100	336
10101110011101	439
10101110011110	266
10101110011111	474
10101110100000	358
10101110100001	569
10101110100010	323
10101110100011	458
10101110100100	445
10101110100101	654
10101110100110	377
10101110100111	568
10101110101000	445
10101110101001	627
10101110101010	448
10101110101011	620
10101110101100	463
10101110101101	568
10101110101110	393
10101110101111	510
10101110110000	244
10101110110001	395
10101110110010	216
10101110110011	499
10101110110100	254
10101110110101	580
10101110110110	277
10101110110111	457
10101110111000	389
10101110111001	559
10101110111010	315
10101110111011	603
10101110111100	335
10101110111101	516
10101110111110	291
10101110111111	568
10101111000000	347
10101111000001	716
10101111000010	340
10101111000011	539
10101111000100	311
10101111000101	824
10101111000110	347
10101111000111	716
10101111001000	361
10101111001001	527
10101111001010	380
10101111001011	640
10101111001100	392
10101111001101	605
10101111001110	451
10101111001111	514
10101111010000	207
10101111010001	552
10101111010010	214
10101111010011	607
10101111010100	160
10101111010101	577
10101111010110	251
10101111010111	560
10101111011000	295
10101111011001	502
10101111011010	317
10101111011011	537
10101111011100	313
10101111011101	386
10101111011110	356
10101111011111	480
10101111100000	409
10101111100001	658
10101111100010	411
10101111100011	834
10101111100100	461
10101111100101	842
10101111100110	413
10101111100111	809
10101111101000	443
10101111101001	704
10101111101010	501
10101111101011	732
10101111101100	488
10101111101101	695
10101111101110	375
10101111101111	678
10101111110000	213
10101111110001	561
10101111110010	218
10101111110011	534
10101111110100	276
10101111110101	601
10101111110110	267
10101111110111	516
10101111111000	272
10101111111001	695
10101111111010	300
10101111111011	564
10101111111100	335
10101111111101	650
10101111111110	369
10101111111111	545
10110000000000	262
10110000000001	306
10110000000010	199
10110000000011	346
10110000000100	191
10110000000101	334
10110000000110	186
10110000000111	269
10110000001000	284
10110000001001	372
10110000001010	282
10110000001011	226
10110000001100	226
10110000001101	321
10110000001110	236
10110000001111	220
10110000010000	131
10110000010001	249
10110000010010	122
10110000010011	286
10110000010100	167
10110000010101	301
10110000010110	138
10110000010111	291
10110000011000	201
10110000011001	385
10110000011010	201
10110000011011	377
10110000011100	172
10110000011101	258
10110000011110	201
10110000011111	246
10110000100000	266
10110000100001	457
10110000100010	276
10110000100011	367
10110000100100	286
10110000100101	443
10110000100110	307
10110000100111	337
10110000101000	320
10110000101001	496
10110000101010	350
10110000101011	366
10110000101100	368
10110000101101	314
10110000101110	260
10110000101111	287
10110000110000	183
10110000110001	303
10110000110010	113
10110000110011	357
10110000110100	184
10110000110101	334
10110000110110	158
10110000110111	336
10110000111000	219
10110000111001	360
10110000111010	251
10110000111011	405
10110000111100	208
10110000111101	293
10110000111110	187
10110000111111	292
10110001000000	295
10110001000001	510
10110001000010	215
10110001000011	491
10110001000100	270
10110001000101	428
10110001000110	254
10110001000111	325
10110001001000	290
10110001001001	689
10110001001010	260
10110001001011	256
10110001001100	272
10110001001101	449
10110001001110	202
10110001001111	339
10110001010000	138
10110001010001	483
10110001010010	138
10110001010011	411
10110001010100	174
10110001010101	646
10110001010110	169
10110001010111	451
10110001011000	208
10110001011001	475
10110001011010	214
10110001011011	454
10110001011100	229
10110001011101	441
10110001011110	178
10110001011111	331
10110001100000	343
10110001100001	620
10110001100010	204
10110001100011	567
10110001100100	343
10110001100101	635
10110001100110	249
10110001100111	484
10110001101000	404
10110001101001	761
10110001101010	277
10110001101011	453
10110001101100	356
10110001101101	657
10110001101110	242
10110001101111	356
10110001110000	192
10110001110001	564
10110001110010	147
10110001110011	527
10110001110100	227
10110001110101	503
10110001110110	150
10110001110111	491
10110001111000	292
10110001111001	588
10110001111010	247
10110001111011	447
10110001111100	363
10110001111101	537
10110001111110	228
10110001111111	311
10110010000000	316
10110010000001	574
10110010000010	334
10110010000011	561
10110010000100	284
10110010000101	524
10110010000110	312
10110010000111	417
10110010001000	326
10110010001001	532
10110010001010	381
10110010001011	609
10110010001100	458
10110010001101	545
10110010001110	310
10110010001111	425
10110010010000	145
10110010010001	442
10110010010010	197
10110010010011	430
10110010010100	150
10110010010101	513
10110010010110	211
10110010010111	484
10110010011000	276
10110010011001	405
10110010011010	345
10110010011011	541
10110010011100	274
10110010011101	356
10110010011110	297
10110010011111	412
10110010100000	381
10110010100001	532
10110010100010	408
10110010100011	412
10110010100100	367
10110010100101	568
10110010100110	265
10110010100111	448
10110010101000	466
10110010101001	469
10110010101010	364
10110010101011	472
10110010101100	459
10110010101101	533
10110010101110	418
10110010101111	394
10110010110000	182
10110010110001	629
10110010110010	166
10110010110011	484
10110010110100	229
10110010110101	599
10110010110110	226
10110010110111	558
10110010111000	300
10110010111001	530
10110010111010	325
10110010111011	454
10110010111100	359
10110010111101	526
10110010111110	256
10110010111111	475
10110011000000	350
10110011000001	709
10110011000010	382
10110011000011	651
10110011000100	266
10110011000101	560
10110011000110	326
10110011000111	505
10110011001000	316
10110011001001	540
10110011001010	428
10110011001011	662
10110011001100	303
10110011001101	446
10110011001110	319
10110011001111	460
10110011010000	203
10110011010001	466
10110011010010	194
10110011010011	657
10110011010100	214
10110011010101	593
10110011010110	214
10110011010111	583
10110011011000	212
10110011011001	506
10110011011010	279
10110011011011	668
10110011011100	345
10110011011101	462
10110011011110	206
10110011011111	392
10110011100000	384
10110011100001	651
10110011100010	429
10110011100011	754
10110011100100	400
10110011100101	509
10110011100110	364
10110011100111	743
10110011101000	472
10110011101001	735
10110011101010	393
10110011101011	550
10110011101100	417
10110011101101	685
10110011101110	407
10110011101111	601
10110011110000	181
10110011110001	520
10110011110010	212
10110011110011	584
10110011110100	264
10110011110101	633
10110011110110	242
10110011110111	525
10110011111000	276
10110011111001	604
10110011111010	334
10110011111011	587
10110011111100	300
10110011111101	547
10110011111110	310
10110011111111	505
10110100000000	212
10110100000001	332
10110100000010	185
10110100000011	311
10110100000100	161
10110100000101	360
10110100000110	248
10110100000111	339
10110100001000	181
10110100001001	315
10110100001010	255
10110100001011	316
10110100001100	208
10110100001101	234
10110100001110	184
10110100001111	191
10110100010000	132
10110100010001	288
10110100010010	110
10110100010011	271
10110100010100	122
10110100010101	268
10110100010110	94
10110100010111	241
10110100011000	209
10110100011001	294
10110100011010	194
10110100011011	286
10110100011100	191
10110100011101	266
10110100011110	183
10110100011111	229
10110100100000	272
10110100100001	359
10110100100010	212
10110100100011	311
10110100100100	288
10110100100101	364
10110100100110	239
10110100100111	301
10110100101000	310
10110100101001	346
10110100101010	244
10110100101011	275
10110100101100	274
10110100101101	312
10110100101110	216
10110100101111	305
10110100110000	157
10110100110001	291
10110100110010	136
10110100110011	271
10110100110100	154
10110100110101	286
10110100110110	129
10110100110111	253
10110100111000	221
10110100111001	318
10110100111010	196
10110100111011	275
10110100111100	204
10110100111101	305
10110100111110	188
10110100111111	289
10110101000000	227
10110101000001	689
10110101000010	211
10110101000011	475
10110101000100	280
10110101000101	336
10110101000110	184
10110101000111	499
10110101001000	337
10110101001001	541
10110101001010	183
10110101001011	337
10110101001100	263
10110101001101	440
10110101001110	136
10110101001111	233
10110101010000	143
10110101010001	524
10110101010010	169
10110101010011	539
10110101010100	177
10110101010101	544
10110101010110	153
10110101010111	437
10110101011000	199
10110101011001	477
10110101011010	270
10110101011011	457
10110101011100	239
10110101011101	479
10110101011110	210
10110101011111	476
10110101100000	347
10110101100001	694
10110101100010	238
10110101100011	527
10110101100100	423
10110101100101	696
10110101100110	304
10110101100111	540
10110101101000	267
10110101101001	552
10110101101010	309
10110101101011	606
10110101101100	347
10110101101101	527
10110101101110	240
10110101101111	319
10110101110000	234
10110101110001	638
10110101110010	173
10110101110011	469
10110101110100	231
10110101110101	699
10110101110110	177
10110101110111	447
10110101111000	248
10110101111001	661
10110101111010	218
10110101111011	442
10110101111100	361
10110101111101	562
10110101111110	221
10110101111111	432
10110110000000	465
10110110000001	614
10110110000010	460
10110110000011	693
10110110000100	468
10110110000101	544
10110110000110	370
10110110000111	682
10110110001000	489
10110110001001	492
10110110001010	440
10110110001011	674
10110110001100	435
10110110001101	544
10110110001110	404
10110110001111	444
10110110010000	229
10110110010001	511
10110110010010	214
10110110010011	499
10110110010100	252
10110110010101	576
10110110010110	307
10110110010111	610
10110110011000	317
10110110011001	546
10110110011010	315
10110110011011	598
10110110011100	316
10110110011101	528
10110110011110	417
10110110011111	409
10110110100000	419
10110110100001	776
10110110100010	386
10110110100011	740
10110110100100	502
10110110100101	874
10110110100110	491
10110110100111	597
10110110101000	614
10110110101001	565
10110110101010	496
10110110101011	507
10110110101100	532
10110110101101	570
10110110101110	527
10110110101111	569
10110110110000	272
10110110110001	678
10110110110010	294
10110110110011	659
10110110110100	307
10110110110101	763
10110110110110	246
10110110110111	530
10110110111000	418
10110110111001	628
10110110111010	412
10110110111011	653
10110110111100	443
10110110111101	632
10110110111110	363
10110110111111	510
10110111000000	395
10110111000001	560
10110111000010	440
10110111000011	791
10110111000100	345
10110111000101	702
10110111000110	323
10110111000111	922
10110111001000	388
10110111001001	422
10110111001010	473
10110111001011	684
10110111001100	382
10110111001101	630
10110111001110	392
10110111001111	572
10110111010000	203
10110111010001	600
10110111010010	230
10110111010011	676
10110111010100	243
10110111010101	765
10110111010110	316
10110111010111	859
10110111011000	396
10110111011001	636
10110111011010	380
10110111011011	725
10110111011100	335
10110111011101	627
10110111011110	261
10110111011111	674
10110111100000	452
10110111100001	876
10110111100010	481
10110111100011	890
10110111100100	516
10110111100101	902
10110111100110	530
10110111100111	880
10110111101000	412
10110111101001	801
10110111101010	608
10110111101011	742
10110111101100	547
10110111101101	728
10110111101110	511
10110111101111	658
10110111110000	264
10110111110001	659
10110111110010	261
10110111110011	783
10110111110100	373
10110111110101	720
10110111110110	367
10110111110111	756
10110111111000	359
10110111111001	887
10110111111010	395
10110111111011	719
10110111111100	457
10110111111101	808
10110111111110	446
10110111111111	767
10111000000000	160
10111000000001	285
10111000000010	205
10111000000011	290
10111000000100	173
10111000000101	253
10111000000110	200
10111000000111	331
10111000001000	161
10111000001001	238
10111000001010	176
10111000001011	253
10111000001100	173
10111000001101	197
10111000001110	214
10111000001111	205
10111000010000	123
10111000010001	203
10111000010010	93
10111000010011	229
10111000010100	130
10111000010101	220
10111000010110	129
10111000010111	155
10111000011000	159
10111000011001	213
10111000011010	129
10111000011011	215
10111000011100	146
10111000011101	240
10111000011110	176
10111000011111	216
10111000100000	226
10111000100001	421
10111000100010	220
10111000100011	376
10111000100100	222
10111000100101	378
10111000100110	190
10111000100111	319
10111000101000	312
10111000101001	267
10111000101010	221
10111000101011	274
10111000101100	212
10111000101101	271
10111000101110	203
10111000101111	203
10111000110000	113
10111000110001	246
10111000110010	115
10111000110011	199
10111000110100	134
10111000110101	250
10111000110110	129
10111000110111	266
10111000111000	176
10111000111001	230
10111000111010	163
10111000111011	175
10111000111100	149
10111000111101	177
10111000111110	148
10111000111111	187
10111001000000	224
10111001000001	402
10111001000010	199
10111001000011	446
10111001000100	262
10111001000101	425
10111001000110	172
10111001000111	296
10111001001000	254
10111001001001	467
10111001001010	181
10111001001011	325
10111001001100	229
10111001001101	420
10111001001110	132
10111001001111	327
10111001010000	144
10111001010001	343
10111001010010	78
10111001010011	450
10111001010100	146
10111001010101	443
10111001010110	98
10111001010111	413
10111001011000	198
10111001011001	308
10111001011010	195
10111001011011	427
10111001011100	205
10111001011101	406
10111001011110	221
10111001011111	343
10111001100000	272
10111001100001	479
10111001100010	250
10111001100011	376
10111001100100	336
10111001100101	595
10111001100110	206
10111001100111	483
10111001101000	361
10111001101001	407
10111001101010	329
10111001101011	464
10111001101100	333
10111001101101	450
10111001101110	256
10111001101111	286
10111001110000	136
10111001110001	376
10111001110010	178
10111001110011	346
10111001110100	174
10111001110101	384
10111001110110	167
10111001110111	306
10111001111000	215
10111001111001	640
10111001111010	219
10111001111011	486
10111001111100	248
10111001111101	460
10111001111110	187
10111001111111	312
10111010000000	281
10111010000001	393
10111010000010	253
10111010000011	280
10111010000100	258
10111010000101	448
10111010000110	254
10111010000111	405
10111010001000	367
10111010001001	380
10111010001010	311
10111010001011	465
10111010001100	244
10111010001101	268
10111010001110	368
10111010001111	386
10111010010000	174
10111010010001	299
10111010010010	166
10111010010011	255
10111010010100	156
10111010010101	374
10111010010110	126
10111010010111	349
10111010011000	215
10111010011001	372
10111010011010	240
10111010011011	369
10111010011100	273
10111010011101	375
10111010011110	216
10111010011111	298
10111010100000	267
10111010100001	463
10111010100010	294
10111010100011	485
10111010100100	370
10111010100101	542
10111010100110	312
10111010100111	458
10111010101000	387
10111010101001	444
10111010101010	376
10111010101011	474
10111010101100	399
10111010101101	331
10111010101110	332
10111010101111	374
10111010110000	177
10111010110001	353
10111010110010	148
10111010110011	264
10111010110100	190
10111010110101	383
10111010110110	147
10111010110111	347
10111010111000	230
10111010111001	411
10111010111010	320
10111010111011	375
10111010111100	208
10111010111101	336
10111010111110	176
10111010111111	327
10111011000000	223
10111011000001	498
10111011000010	274
10111011000011	499
10111011000100	254
10111011000101	312
10111011000110	296
10111011000111	573
10111011001000	313
10111011001001	571
10111011001010	305
10111011001011	478
10111011001100	277
10111011001101	354
10111011001110	309
10111011001111	335
10111011010000	126
10111011010001	352
10111011010010	140
10111011010011	479
10111011010100	191
10111011010101	427
10111011010110	186
10111011010111	381
10111011011000	206
10111011011001	426
10111011011010	203
10111011011011	465
10111011011100	334
10111011011101	417
10111011011110	224
10111011011111	493
10111011100000	286
10111011100001	594
10111011100010	311
10111011100011	571
10111011100100	343
10111011100101	593
10111011100110	264
10111011100111	558
10111011101000	420
10111011101001	638
10111011101010	396
10111011101011	502
10111011101100	385
10111011101101	536
10111011101110	393
10111011101111	358
10111011110000	168
10111011110001	480
10111011110010	205
10111011110011	420
10111011110100	186
10111011110101	438
10111011110110	180
10111011110111	462
10111011111000	263
10111011111001	514
10111011111010	257
10111011111011	680
10111011111100	237
10111011111101	407
10111011111110	242
10111011111111	444
10111100000000	161
10111100000001	213
10111100000010	151
10111100000011	269
10111100000100	147
10111100000101	212
10111100000110	160
10111100000111	182
10111100001000	210
10111100001001	229
10111100001010	172
10111100001011	235
10111100001100	170
10111100001101	192
10111100001110	187
10111100001111	163
10111100010000	121
10111100010001	202
10111100010010	86
10111100010011	233
10111100010100	119
10111100010101	225
10111100010110	105
10111100010111	233
10111100011000	126
10111100011001	250
10111100011010	129
10111100011011	177
10111100011100	116
10111100011101	178
10111100011110	163
10111100011111	190
10111100100000	188
10111100100001	261
10111100100010	144
10111100100011	279
10111100100100	200
10111100100101	250
10111100100110	231
10111100100111	203
10111100101000	220
10111100101001	323
10111100101010	186
10111100101011	289
10111100101100	213
10111100101101	202
10111100101110	139
10111100101111	228
10111100110000	102
10111100110001	212
10111100110010	99
10111100110011	178
10111100110100	107
10111100110101	304
10111100110110	135
10111100110111	163
10111100111000	162
10111100111001	256
10111100111010	203
10111100111011	202
10111100111100	167
10111100111101	201
10111100111110	113
10111100111111	241
10111101000000	215
10111101000001	448
10111101000010	216
10111101000011	381
10111101000100	249
10111101000101	486
10111101000110	203
10111101000111	404
10111101001000	265
10111101001001	440
10111101001010	135
10111101001011	331
10111101001100	167
10111101001101	306
10111101001110	162
10111101001111	320
10111101010000	96
10111101010001	293
10111101010010	141
10111101010011	419
10111101010100	101
10111101010101	318
10111101010110	115
10111101010111	331
10111101011000	166
10111101011001	295
10111101011010	215
10111101011011	349
10111101011100	174
10111101011101	356
10111101011110	169
10111101011111	274
10111101100000	311
10111101100001	511
10111101100010	231
10111101100011	471
10111101100100	321
10111101100101	555
10111101100110	210
10111101100111	417
10111101101000	305
10111101101001	482
10111101101010	254
10111101101011	379
10111101101100	322
10111101101101	365
10111101101110	180
10111101101111	340
10111101110000	103
10111101110001	450
10111101110010	145
10111101110011	308
10111101110100	220
10111101110101	369
10111101110110	147
10111101110111	324
10111101111000	288
10111101111001	389
10111101111010	142
10111101111011	457
10111101111100	222
10111101111101	443
10111101111110	197
10111101111111	455
10111110000000	263
10111110000001	451
10111110000010	356
10111110000011	471
10111110000100	330
10111110000101	402
10111110000110	334
10111110000111	451
10111110001000	383
10111110001001	413
10111110001010	324
10111110001011	486
10111110001100	405
10111110001101	403
10111110001110	245
10111110001111	456
10111110010000	157
10111110010001	480
10111110010010	159
10111110010011	407
10111110010100	230
10111110010101	408
10111110010110	173
10111110010111	446
10111110011000	260
10111110011001	379
10111110011010	335
10111110011011	568
10111110011100	211
10111110011101	310
10111110011110	236
10111110011111	374
10111110100000	386
10111110100001	592
10111110100010	357
10111110100011	564
10111110100100	377
10111110100101	624
10111110100110	357
10111110100111	373
10111110101000	436
10111110101001	601
10111110101010	431
10111110101011	348
10111110101100	445
10111110101101	584
10111110101110	392
10111110101111	501
10111110110000	207
10111110110001	438
10111110110010	217
10111110110011	443
10111110110100	164
10111110110101	467
10111110110110	196
10111110110111	498
10111110111000	364
10111110111001	523
10111110111010	287
10111110111011	480
10111110111100	360
10111110111101	405
10111110111110	372
10111110111111	418
10111111000000	300
10111111000001	485
10111111000010	331
10111111000011	814
10111111000100	229
10111111000101	589
10111111000110	349
10111111000111	569
10111111001000	317
10111111001001	615
10111111001010	464
10111111001011	594
10111111001100	301
10111111001101	596
10111111001110	343
10111111001111	548
10111111010000	158
10111111010001	479
10111111010010	151
10111111010011	444
10111111010100	185
10111111010101	492
10111111010110	207
10111111010111	493
10111111011000	245
10111111011001	479
10111111011010	316
10111111011011	597
10111111011100	262
10111111011101	339
10111111011110	280
10111111011111	555
10111111100000	358
10111111100001	759
10111111100010	373
10111111100011	850
10111111100100	418
10111111100101	670
10111111100110	420
10111111100111	622
10111111101000	463
10111111101001	683
10111111101010	391
10111111101011	658
10111111101100	395
10111111101101	541
10111111101110	340
10111111101111	473
10111111110000	216
10111111110001	513
10111111110010	181
10111111110011	474
10111111110100	210
10111111110101	569
10111111110110	243
10111111110111	582
10111111111000	296
10111111111001	566
10111111111010	309
10111111111011	745
10111111111100	358
10111111111101	480
10111111111110	319
10111111111111	507
11000000000000	165
11000000000001	178
11000000000010	134
11000000000011	137
11000000000100	137
11000000000101	148
11000000000110	118
11000000000111	146
11000000001000	181
11000000001001	134
11000000001010	122
11000000001011	189
11000000001100	131
11000000001101	171
11000000001110	136
11000000001111	144
11000000010000	106
11000000010001	149
11000000010010	100
11000000010011	162
11000000010100	62
11000000010101	128
11000000010110	90
11000000010111	134
11000000011000	116
11000000011001	128
11000000011010	106
11000000011011	132
11000000011100	129
11000000011101	150
11000000011110	103
11000000011111	175
11000000100000	130
11000000100001	217
11000000100010	136
11000000100011	172
11000000100100	195
11000000100101	235
11000000100110	123
11000000100111	209
11000000101000	171
11000000101001	221
11000000101010	169
11000000101011	141
11000000101100	132
11000000101101	157
11000000101110	140
11000000101111	105
11000000110000	88
11000000110001	177
11000000110010	88
11000000110011	155
11000000110100	91
11000000110101	143
11000000110110	74
11000000110111	138
11000000111000	85
11000000111001	137
11000000111010	102
11000000111011	225
11000000111100	116
11000000111101	124
11000000111110	89
11000000111111	134
11000001000000	184
11000001000001	356
11000001000010	176
11000001000011	347
11000001000100	171
11000001000101	312
11000001000110	164
11000001000111	312
11000001001000	151
11000001001001	384
11000001001010	152
11000001001011	286
11000001001100	159
11000001001101	218
11000001001110	135
11000001001111	192
11000001010000	107
11000001010001	234
11000001010010	92
11000001010011	215
11000001010100	97
11000001010101	337
11000001010110	106
11000001010111	255
11000001011000	119
11000001011001	257
11000001011010	102
11000001011011	272
11000001011100	145
11000001011101	225
11000001011110	95
11000001011111	194
11000001100000	211
11000001100001	309
11000001100010	137
11000001100011	314
11000001100100	201
11000001100101	292
11000001100110	126
11000001100111	297
11000001101000	200
11000001101001	304
11000001101010	183
11000001101011	295
11000001101100	175
11000001101101	337
11000001101110	126
11000001101111	193
11000001110000	72
11000001110001	156
11000001110010	95
11000001110011	202
11000001110100	115
11000001110101	250
11000001110110	110
11000001110111	251
11000001111000	105
11000001111001	263
11000001111010	109
11000001111011	200
11000001111100	148
11000001111101	304
11000001111110	113
11000001111111	211
11000010000000	152
11000010000001	214
11000010000010	137
11000010000011	277
11000010000100	164
11000010000101	269
11000010000110	163
11000010000111	165
11000010001000	173
11000010001001	212
11000010001010	202
11000010001011	221
11000010001100	162
11000010001101	252
11000010001110	145
11000010001111	185
11000010010000	79
11000010010001	185
11000010010010	78
11000010010011	191
11000010010100	103
11000010010101	216
11000010010110	96
11000010010111	225
11000010011000	122
11000010011001	170
11000010011010	142
11000010011011	163
11000010011100	114
11000010011101	223
11000010011110	120
11000010011111	220
11000010100000	222
11000010100001	233
11000010100010	139
11000010100011	266
11000010100100	195
11000010100101	304
11000010100110	147
11000010100111	221
11000010101000	235
11000010101001	273
11000010101010	180
11000010101011	257
11000010101100	168
11000010101101	247
11000010101110	142
11000010101111	198
11000010110000	99
11000010110001	205
11000010110010	111
11000010110011	222
11000010110100	121
11000010110101	215
11000010110110	93
11000010110111	221
11000010111000	144
11000010111001	240
11000010111010	139
11000010111011	246
11000010111100	106
11000010111101	151
11000010111110	113
11000010111111	231
11000011000000	147
11000011000001	244
11000011000010	219
11000011000011	415
11000011000100	226
11000011000101	350
11000011000110	229
11000011000111	300
11000011001000	181
11000011001001	364
11000011001010	261
11000011001011	244
11000011001100	232
11000011001101	276
11000011001110	197
11000011001111	291
11000011010000	107
11000011010001	245
11000011010010	99
11000011010011	288
11000011010100	88
11000011010101	268
11000011010110	120
11000011010111	324
11000011011000	172
11000011011001	235
11000011011010	116
11000011011011	261
11000011011100	121
11000011011101	281
11000011011110	153
11000011011111	334
11000011100000	160
11000011100001	312
11000011100010	186
11000011100011	319
11000011100100	196
11000011100101	380
11000011100110	247
11000011100111	377
11000011101000	222
11000011101001	320
11000011101010	209
11000011101011	285
11000011101100	210
11000011101101	332
11000011101110	198
11000011101111	341
11000011110000	121
11000011110001	246
11000011110010	130
11000011110011	301
11000011110100	131
11000011110101	391
11000011110110	145
11000011110111	313
11000011111000	130
11000011111001	293
11000011111010	111
11000011111011	413
11000011111100	176
11000011111101	335
11000011111110	144
11000011111111	286
11000100000000	109
11000100000001	139
11000100000010	103
11000100000011	143
11000100000100	139
11000100000101	164
11000100000110	105
11000100000111	174
11000100001000	107
11000100001001	121
11000100001010	130
11000100001011	147
11000100001100	133
11000100001101	107
11000100001110	86
11000100001111	97
11000100010000	58
11000100010001	93
11000100010010	96
11000100010011	111
11000100010100	43
11000100010101	161
11000100010110	64
11000100010111	149
11000100011000	71
11000100011001	106
11000100011010	81
11000100011011	158
11000100011100	100
11000100011101	113
11000100011110	72
11000100011111	83
11000100100000	166
11000100100001	184
11000100100010	133
11000100100011	139
11000100100100	125
11000100100101	136
11000100100110	113
11000100100111	183
11000100101000	192
11000100101001	202
11000100101010	120
11000100101011	128
11000100101100	109
11000100101101	143
11000100101110	125
11000100101111	157
11000100110000	79
11000100110001	137
11000100110010	52
11000100110011	119
11000100110100	74
11000100110101	90
11000100110110	61
11000100110111	92
11000100111000	82
11000100111001	172
11000100111010	97
11000100111011	160
11000100111100	112
11000100111101	151
11000100111110	112
11000100111111	128
11000101000000	136
11000101000001	244
11000101000010	107
11000101000011	271
11000101000100	144
11000101000101	347
11000101000110	112
11000101000111	247
11000101001000	175
11000101001001	288
11000101001010	129
11000101001011	200
11000101001100	120
11000101001101	226
11000101001110	153
11000101001111	224
11000101010000	91
11000101010001	213
11000101010010	108
11000101010011	257
11000101010100	76
11000101010101	230
11000101010110	98
11000101010111	181
11000101011000	128
11000101011001	254
11000101011010	110
11000101011011	179
11000101011100	90
11000101011101	171
11000101011110	100
11000101011111	257
11000101100000	144
11000101100001	236
11000101100010	157
11000101100011	219
11000101100100	165
11000101100101	268
11000101100110	115
11000101100111	214
11000101101000	170
11000101101001	258
11000101101010	120
11000101101011	242
11000101101100	179
11000101101101	322
11000101101110	109
11000101101111	179
11000101110000	95
11000101110001	218
11000101110010	64
11000101110011	197
11000101110100	62
11000101110101	350
11000101110110	75
11000101110111	132
11000101111000	122
11000101111001	204
11000101111010	97
11000101111011	237
11000101111100	125
11000101111101	274
11000101111110	105
11000101111111	208
11000110000000	160
11000110000001	276
11000110000010	151
11000110000011	230
11000110000100	185
11000110000101	284
11000110000110	236
11000110000111	252
11000110001000	221
11000110001001	269
11000110001010	226
11000110001011	311
11000110001100	157
11000110001101	243
11000110001110	220
11000110001111	195
11000110010000	119
11000110010001	209
11000110010010	98
11000110010011	239
11000110010100	95
11000110010101	271
11000110010110	101
11000110010111	266
11000110011000	153
11000110011001	237
11000110011010	180
11000110011011	277
11000110011100	152
11000110011101	243
11000110011110	158
11000110011111	259
11000110100000	237
11000110100001	332
11000110100010	160
11000110100011	213
11000110100100	257
11000110100101	273
11000110100110	195
11000110100111	335
11000110101000	282
11000110101001	321
11000110101010	203
11000110101011	222
11000110101100	222
11000110101101	202
11000110101110	189
11000110101111	168
11000110110000	70
11000110110001	290
11000110110010	79
11000110110011	196
11000110110100	132
11000110110101	306
11000110110110	97
11000110110111	239
11000110111000	196
11000110111001	266
11000110111010	190
11000110111011	199
11000110111100	195
11000110111101	225
11000110111110	111
11000110111111	253
11000111000000	219
11000111000001	337
11000111000010	238
11000111000011	478
11000111000100	213
11000111000101	403
11000111000110	235
11000111000111	397
11000111001000	227
11000111001001	327
11000111001010	245
11000111001011	420
11000111001100	201
11000111001101	279
11000111001110	315
11000111001111	306
11000111010000	118
11000111010001	270
11000111010010	116
11000111010011	387
11000111010100	145
11000111010101	261
11000111010110	149
11000111010111	291
11000111011000	147
11000111011001	394
11000111011010	211
11000111011011	300
11000111011100	172
11000111011101	352
11000111011110	225
11000111011111	320
11000111100000	285
11000111100001	440
11000111100010	250
11000111100011	446
11000111100100	249
11000111100101	473
11000111100110	311
11000111100111	471
11000111101000	233
11000111101001	325
11000111101010	260
11000111101011	367
11000111101100	314
11000111101101	335
11000111101110	279
11000111101111	309
11000111110000	143
11000111110001	348
11000111110010	168
11000111110011	305
11000111110100	157
11000111110101	338
11000111110110	232
11000111110111	369
11000111111000	179
11000111111001	360
11000111111010	209
11000111111011	281
11000111111100	252
11000111111101	467
11000111111110	180
11000111111111	274
11001000000000	213
11001000000001	240
11001000000010	175
11001000000011	218
11001000000100	141
11001000000101	230
11001000000110	163
11001000000111	258
11001000001000	194
11001000001001	242
11001000001010	227
11001000001011	266
11001000001100	160
11001000001101	170
11001000001110	219
11001000001111	228
11001000010000	101
11001000010001	188
11001000010010	85
11001000010011	218
11001000010100	98
11001000010101	199
11001000010110	81
11001000010111	199
11001000011000	159
11001000011001	208
11001000011010	116
11001000011011	216
11001000011100	145
11001000011101	196
11001000011110	106
11001000011111	198
11001000100000	167
11001000100001	281
11001000100010	160
11001000100011	245
11001000100100	157
11001000100101	249
11001000100110	191
11001000100111	250
11001000101000	272
11001000101001	228
11001000101010	166
11001000101011	239
11001000101100	235
11001000101101	162
11001000101110	164
11001000101111	198
11001000110000	109
11001000110001	179
11001000110010	81
11001000110011	219
11001000110100	108
11001000110101	211
11001000110110	76
11001000110111	219
11001000111000	139
11001000111001	233
11001000111010	120
11001000111011	194
11001000111100	149
11001000111101	240
11001000111110	133
11001000111111	179
11001001000000	232
11001001000001	506
11001001000010	222
11001001000011	424
11001001000100	237
11001001000101	405
11001001000110	233
11001001000111	483
11001001001000	222
11001001001001	431
11001001001010	232
11001001001011	413
11001001001100	235
11001001001101	485
11001001001110	180
11001001001111	368
11001001010000	137
11001001010001	314
11001001010010	107
11001001010011	254
11001001010100	108
11001001010101	460
11001001010110	116
11001001010111	367
11001001011000	149
11001001011001	344
11001001011010	162
11001001011011	340
11001001011100	206
11001001011101	390
11001001011110	159
11001001011111	309
11001001100000	262
11001001100001	456
11001001100010	156
11001001100011	351
11001001100100	248
11001001100101	459
11001001100110	237
11001001100111	355
11001001101000	279
11001001101001	482
11001001101010	229
11001001101011	403
11001001101100	299
11001001101101	433
11001001101110	134
11001001101111	284
11001001110000	136
11001001110001	430
11001001110010	118
11001001110011	358
11001001110100	170
11001001110101	469
11001001110110	101
11001001110111	404
11001001111000	181
11001001111001	441
11001001111010	115
11001001111011	352
11001001111100	181
11001001111101	377
11001001111110	170
11001001111111	401
11001010000000	301
11001010000001	367
11001010000010	281
11001010000011	354
11001010000100	284
11001010000101	404
11001010000110	353
11001010000111	419
11001010001000	344
11001010001001	386
11001010001010	322
11001010001011	445
11001010001100	362
11001010001101	336
11001010001110	287
11001010001111	316
11001010010000	117
11001010010001	365
11001010010010	145
11001010010011	265
11001010010100	133
11001010010101	401
11001010010110	164
11001010010111	429
11001010011000	221
11001010011001	345
11001010011010	211
11001010011011	317
11001010011100	199
11001010011101	334
11001010011110	239
11001010011111	323
11001010100000	287
11001010100001	422
11001010100010	313
11001010100011	305
11001010100100	333
11001010100101	434
11001010100110	207
11001010100111	351
11001010101000	310
11001010101001	365
11001010101010	326
11001010101011	364
11001010101100	268
11001010101101	421
11001010101110	253
11001010101111	252
11001010110000	145
11001010110001	377
11001010110010	152
11001010110011	237
11001010110100	194
11001010110101	310
11001010110110	173
11001010110111	320
11001010111000	226
11001010111001	398
11001010111010	196
11001010111011	380
11001010111100	252
11001010111101	313
11001010111110	224
11001010111111	296
11001011000000	315
11001011000001	573
11001011000010	401
11001011000011	626
11001011000100	256
11001011000101	374
11001011000110	313
11001011000111	693
11001011001000	361
11001011001001	475
11001011001010	444
11001011001011	528
11001011001100	316
11001011001101	338
11001011001110	362
11001011001111	495
11001011010000	148
11001011010001	359
11001011010010	213
11001011010011	338
11001011010100	147
11001011010101	292
11001011010110	191
11001011010111	407
11001011011000	234
11001011011001	400
11001011011010	243
11001011011011	546
11001011011100	175
11001011011101	303
11001011011110	215
11001011011111	389
11001011100000	269
11001011100001	494
11001011100010	264
11001011100011	567
11001011100100	330
11001011100101	590
11001011100110	337
11001011100111	570
11001011101000	362
11001011101001	584
11001011101010	372
11001011101011	419
11001011101100	281
11001011101101	480
11001011101110	309
11001011101111	407
11001011110000	222
11001011110001	391
11001011110010	156
11001011110011	414
11001011110100	221
11001011110101	464
11001011110110	183
11001011110111	434
11001011111000	336
11001011111001	411
11001011111010	284
11001011111011	544
11001011111100	306
11001011111101	352
11001011111110	262
11001011111111	459
11001100000000	167
11001100000001	317
11001100000010	129
11001100000011	255
11001100000100	161
11001100000101	229
11001100000110	200
11001100000111	286
11001100001000	225
11001100001001	202
11001100001010	182
11001100001011	191
11001100001100	169
11001100001101	256
11001100001110	167
11001100001111	190
11001100010000	112
11001100010001	185
11001100010010	64
11001100010011	152
11001100010100	96
11001100010101	144
11001100010110	78
11001100010111	174
11001100011000	116
11001100011001	206
11001100011010	125
11001100011011	174
11001100011100	148
11001100011101	222
11001100011110	116
11001100011111	209
11001100100000	168
11001100100001	289
11001100100010	167
11001100100011	221
11001100100100	170
11001100100101	239
11001100100110	192
11001100100111	290
11001100101000	194
11001100101001	205
11001100101010	188
11001100101011	252
11001100101100	159
11001100101101	174
11001100101110	199
11001100101111	180
11001100110000	128
11001100110001	266
11001100110010	81
11001100110011	191
11001100110100	115
11001100110101	171
11001100110110	92
11001100110111	259
11001100111000	158
11001100111001	182
11001100111010	173
11001100111011	181
11001100111100	137
11001100111101	160
11001100111110	152
11001100111111	189
11001101000000	169
11001101000001	422
11001101000010	166
11001101000011	398
11001101000100	201
11001101000101	476
11001101000110	183
11001101000111	403
11001101001000	196
11001101001001	339
11001101001010	236
11001101001011	343
11001101001100	180
11001101001101	268
11001101001110	188
11001101001111	314
11001101010000	91
11001101010001	301
11001101010010	135
11001101010011	295
11001101010100	139
11001101010101	355
11001101010110	117
11001101010111	286
11001101011000	192
11001101011001	214
11001101011010	174
11001101011011	339
11001101011100	134
11001101011101	362
11001101011110	117
11001101011111	279
11001101100000	226
11001101100001	488
11001101100010	183
11001101100011	230
11001101100100	262
11001101100101	436
11001101100110	206
11001101100111	333
11001101101000	299
11001101101001	467
11001101101010	193
11001101101011	308
11001101101100	255
11001101101101	383
11001101101110	191
11001101101111	232
11001101110000	110
11001101110001	268
11001101110010	123
11001101110011	235
11001101110100	128
11001101110101	419
11001101110110	108
11001101110111	273
11001101111000	151
11001101111001	363
11001101111010	170
11001101111011	274
11001101111100	211
11001101111101	345
11001101111110	162
11001101111111	249
11001110000000	331
11001110000001	451
11001110000010	313
11001110000011	548
11001110000100	367
11001110000101	501
11001110000110	322
11001110000111	533
11001110001000	360
11001110001001	460
11001110001010	336
11001110001011	405
11001110001100	399
11001110001101	464
11001110001110	306
11001110001111	456
11001110010000	218
11001110010001	443
11001110010010	189
11001110010011	377
11001110010100	193
11001110010101	393
11001110010110	213
11001110010111	336
11001110011000	289
11001110011001	334
11001110011010	292
11001110011011	421
11001110011100	283
11001110011101	344
11001110011110	193
11001110011111	329
11001110100000	280
11001110100001	418
11001110100010	312
11001110100011	399
11001110100100	330
11001110100101	635
11001110100110	322
11001110100111	502
11001110101000	383
11001110101001	474
11001110101010	284
11001110101011	336
11001110101100	491
11001110101101	391
11001110101110	268
11001110101111	339
11001110110000	137
11001110110001	390
11001110110010	167
11001110110011	341
11001110110100	188
11001110110101	478
11001110110110	171
11001110110111	442
11001110111000	287
11001110111001	398
11001110111010	262
11001110111011	395
11001110111100	299
11001110111101	464
11001110111110	199
11001110111111	284
11001111000000	291
11001111000001	475
11001111000010	294
11001111000011	549
11001111000100	284
11001111000101	575
11001111000110	394
11001111000111	611
11001111001000	410
11001111001001	472
11001111001010	434
11001111001011	540
11001111001100	344
11001111001101	519
11001111001110	359
11001111001111	606
11001111010000	143
11001111010001	368
11001111010010	235
11001111010011	608
11001111010100	160
11001111010101	542
11001111010110	227
11001111010111	502
11001111011000	267
11001111011001	451
11001111011010	328
11001111011011	582
11001111011100	240
11001111011101	321
11001111011110	248
11001111011111	511
11001111100000	395
11001111100001	726
11001111100010	358
11001111100011	566
11001111100100	358
11001111100101	519
11001111100110	455
11001111100111	713
11001111101000	505
11001111101001	635
11001111101010	457
11001111101011	629
11001111101100	362
11001111101101	554
11001111101110	461
11001111101111	557
11001111110000	195
11001111110001	451
11001111110010	200
11001111110011	554
11001111110100	243
11001111110101	478
11001111110110	176
11001111110111	537
11001111111000	242
11001111111001	590
11001111111010	319
11001111111011	569
11001111111100	302
11001111111101	479
11001111111110	287
11001111111111	524
11010000000000	175
11010000000001	270
11010000000010	229
11010000000011	282
11010000000100	219
11010000000101	300
11010000000110	210
11010000000111	244
11010000001000	257
11010000001001	316
11010000001010	259
11010000001011	281
11010000001100	210
11010000001101	224
11010000001110	191
11010000001111	192
11010000010000	134
11010000010001	221
11010000010010	132
11010000010011	240
11010000010100	164
11010000010101	229
11010000010110	124
11010000010111	248
11010000011000	182
11010000011001	198
11010000011010	157
11010000011011	286
11010000011100	148
11010000011101	235
11010000011110	159
11010000011111	197
11010000100000	218
11010000100001	259
11010000100010	213
11010000100011	280
11010000100100	195
11010000100101	315
11010000100110	205
11010000100111	237
11010000101000	269
11010000101001	339
11010000101010	178
11010000101011	285
11010000101100	208
11010000101101	329
11010000101110	215
11010000101111	227
11010000110000	119
11010000110001	222
11010000110010	123
11010000110011	243
11010000110100	163
11010000110101	275
11010000110110	97
11010000110111	265
11010000111000	168
11010000111001	326
11010000111010	175
11010000111011	324
11010000111100	166
11010000111101	256
11010000111110	138
11010000111111	244
11010001000000	219
11010001000001	487
11010001000010	262
11010001000011	494
11010001000100	241
11010001000101	555
11010001000110	224
11010001000111	406
11010001001000	326
11010001001001	595
11010001001010	195
11010001001011	430
11010001001100	299
11010001001101	512
11010001001110	199
11010001001111	275
11010001010000	170
11010001010001	528
11010001010010	118
11010001010011	257
11010001010100	194
11010001010101	406
11010001010110	166
11010001010111	464
11010001011000	185
11010001011001	464
11010001011010	156
11010001011011	423
11010001011100	190
11010001011101	380
11010001011110	160
11010001011111	278
11010001100000	270
11010001100001	511
11010001100010	216
11010001100011	446
11010001100100	317
11010001100101	579
11010001100110	185
11010001100111	323
11010001101000	336
11010001101001	494
11010001101010	199
11010001101011	286
11010001101100	254
11010001101101	456
11010001101110	156
11010001101111	223
11010001110000	157
11010001110001	522
11010001110010	132
11010001110011	386
11010001110100	139
11010001110101	502
11010001110110	140
11010001110111	337
11010001111000	267
11010001111001	552
11010001111010	159
11010001111011	429
11010001111100	205
11010001111101	512
11010001111110	154
11010001111111	373
11010010000000	264
11010010000001	531
11010010000010	288
11010010000011	511
11010010000100	313
11010010000101	419
11010010000110	262
11010010000111	341
11010010001000	397
11010010001001	383
11010010001010	331
11010010001011	419
11010010001100	303
11010010001101	440
11010010001110	297
11010010001111	309
11010010010000	210
11010010010001	401
11010010010010	181
11010010010011	524
11010010010100	196
11010010010101	366
11010010010110	191
11010010010111	507
11010010011000	237
11010010011001	431
11010010011010	228
11010010011011	364
11010010011100	201
11010010011101	450
11010010011110	234
11010010011111	361
11010010100000	336
11010010100001	497
11010010100010	237
11010010100011	468
11010010100100	328
11010010100101	446
11010010100110	292
11010010100111	404
11010010101000	288
11010010101001	573
11010010101010	302
11010010101011	484
11010010101100	372
11010010101101	337
11010010101110	236
11010010101111	257
11010010110000	154
11010010110001	278
11010010110010	146
11010010110011	309
11010010110100	132
11010010110101	373
11010010110110	177
11010010110111	442
11010010111000	304
11010010111001	326
11010010111010	232
11010010111011	435
11010010111100	213
11010010111101	332
11010010111110	225
11010010111111	391
11010011000000	338
11010011000001	318
11010011000010	361
11010011000011	694
11010011000100	283
11010011000101	607
11010011000110	309
11010011000111	639
11010011001000	371
11010011001001	436
11010011001010	359
11010011001011	567
11010011001100	259
11010011001101	446
11010011001110	331
11010011001111	395
11010011010000	152
11010011010001	450
11010011010010	193
11010011010011	475
11010011010100	195
11010011010101	384
11010011010110	241
11010011010111	597
11010011011000	264
11010011011001	420
11010011011010	293
11010011011011	728
11010011011100	265
11010011011101	388
11010011011110	329
11010011011111	587
11010011100000	359
11010011100001	505
11010011100010	316
11010011100011	485
11010011100100	353
11010011100101	522
11010011100110	294
11010011100111	500
11010011101000	361
11010011101001	608
11010011101010	364
11010011101011	625
11010011101100	364
11010011101101	482
11010011101110	298
11010011101111	446
11010011110000	170
11010011110001	408
11010011110010	177
11010011110011	558
11010011110100	231
11010011110101	446
11010011110110	263
11010011110111	651
11010011111000	261
11010011111001	488
11010011111010	310
11010011111011	445
11010011111100	266
11010011111101	501
11010011111110	251
11010011111111	396
11010100000000	201
11010100000001	285
11010100000010	181
11010100000011	270
11010100000100	194
11010100000101	215
11010100000110	230
11010100000111	284
11010100001000	210
11010100001001	231
11010100001010	249
11010100001011	251
11010100001100	201
11010100001101	219
11010100001110	217
11010100001111	178
11010100010000	110
11010100010001	245
11010100010010	107
11010100010011	277
11010100010100	114
11010100010101	260
11010100010110	110
11010100010111	211
11010100011000	151
11010100011001	236
11010100011010	173
11010100011011	220
11010100011100	140
11010100011101	235
11010100011110	202
11010100011111	203
11010100100000	198
11010100100001	314
11010100100010	185
11010100100011	280
11010100100100	254
11010100100101	334
11010100100110	165
11010100100111	288
11010100101000	237
11010100101001	323
11010100101010	230
11010100101011	300
11010100101100	255
11010100101101	325
11010100101110	203
11010100101111	221
11010100110000	155
11010100110001	295
11010100110010	130
11010100110011	261
11010100110100	124
11010100110101	257
11010100110110	137
11010100110111	226
11010100111000	161
11010100111001	327
11010100111010	175
11010100111011	220
11010100111100	172
11010100111101	247
11010100111110	175
11010100111111	206
11010101000000	259
11010101000001	486
11010101000010	216
11010101000011	492
11010101000100	290
11010101000101	458
11010101000110	279
11010101000111	409
11010101001000	295
11010101001001	480
11010101001010	219
11010101001011	407
11010101001100	297
11010101001101	427
11010101001110	181
11010101001111	299
11010101010000	126
11010101010001	336
11010101010010	131
11010101010011	468
11010101010100	146
11010101010101	506
11010101010110	165
11010101010111	529
11010101011000	209
11010101011001	520
11010101011010	192
11010101011011	325
11010101011100	189
11010101011101	429
11010101011110	226
11010101011111	443
11010101100000	252
11010101100001	427
11010101100010	184
11010101100011	351
11010101100100	306
11010101100101	552
11010101100110	156
11010101100111	374
11010101101000	285
11010101101001	448
11010101101010	239
11010101101011	382
11010101101100	304
11010101101101	404
11010101101110	187
11010101101111	274
11010101110000	136
11010101110001	487
11010101110010	148
11010101110011	470
11010101110100	149
11010101110101	568
11010101110110	171
11010101110111	349
11010101111000	225
11010101111001	446
11010101111010	185
11010101111011	433
11010101111100	271
11010101111101	419
11010101111110	141
11010101111111	362
11010110000000	416
11010110000001	522
11010110000010	414
11010110000011	571
11010110000100	473
11010110000101	635
11010110000110	358
11010110000111	421
11010110001000	386
11010110001001	433
11010110001010	337
11010110001011	522
11010110001100	420
11010110001101	406
11010110001110	346
11010110001111	371
11010110010000	206
11010110010001	408
11010110010010	227
11010110010011	534
11010110010100	265
11010110010101	467
11010110010110	266
11010110010111	505
11010110011000	341
11010110011001	445
11010110011010	275
11010110011011	478
11010110011100	329
11010110011101	417
11010110011110	284
11010110011111	411
11010110100000	306
11010110100001	565
11010110100010	370
11010110100011	640
11010110100100	389
11010110100101	659
11010110100110	361
11010110100111	548
11010110101000	415
11010110101001	492
11010110101010	428
11010110101011	523
11010110101100	422
11010110101101	476
11010110101110	296
11010110101111	406
11010110110000	227
11010110110001	453
11010110110010	240
11010110110011	411
11010110110100	244
11010110110101	527
11010110110110	216
11010110110111	466
11010110111000	350
11010110111001	490
11010110111010	309
11010110111011	460
11010110111100	327
11010110111101	495
11010110111110	245
11010110111111	352
11010111000000	461
11010111000001	509
11010111000010	484
11010111000011	664
11010111000100	316
11010111000101	885
11010111000110	398
11010111000111	806
11010111001000	334
11010111001001	689
11010111001010	476
11010111001011	775
11010111001100	478
11010111001101	445
11010111001110	440
11010111001111	525
11010111010000	261
11010111010001	511
11010111010010	243
11010111010011	685
11010111010100	233
11010111010101	525
11010111010110	272
11010111010111	701
11010111011000	259
11010111011001	616
11010111011010	339
11010111011011	693
11010111011100	235
11010111011101	743
11010111011110	324
11010111011111	681
11010111100000	436
11010111100001	705
11010111100010	466
11010111100011	850
11010111100100	467
11010111100101	750
11010111100110	430
11010111100111	808
11010111101000	568
11010111101001	696
11010111101010	438
11010111101011	678
11010111101100	512
11010111101101	558
11010111101110	397
11010111101111	673
11010111110000	204
11010111110001	527
11010111110010	251
11010111110011	679
11010111110100	322
11010111110101	684
11010111110110	277
11010111110111	878
11010111111000	337
11010111111001	572
11010111111010	399
11010111111011	742
11010111111100	370
11010111111101	771
11010111111110	395
11010111111111	541
11011000000000	132
11011000000001	219
11011000000010	166
11011000000011	249
11011000000100	139
11011000000101	232
11011000000110	137
11011000000111	179
11011000001000	180
11011000001001	166
11011000001010	131
11011000001011	209
11011000001100	118
11011000001101	199
11011000001110	165
11011000001111	199
11011000010000	90
11011000010001	208
11011000010010	98
11011000010011	187
11011000010100	69
11011000010101	172
11011000010110	94
11011000010111	163
11011000011000	103
11011000011001	182
11011000011010	139
11011000011011	217
11011000011100	117
11011000011101	178
11011000011110	121
11011000011111	158
11011000100000	172
11011000100001	242
11011000100010	203
11011000100011	282
11011000100100	163
11011000100101	190
11011000100110	151
11011000100111	171
11011000101000	211
11011000101001	169
11011000101010	185
11011000101011	238
11011000101100	201
11011000101101	238
11011000101110	147
11011000101111	158
11011000110000	98
11011000110001	208
11011000110010	85
11011000110011	156
11011000110100	88
11011000110101	176
11011000110110	85
11011000110111	162
11011000111000	143
11011000111001	224
11011000111010	101
11011000111011	148
11011000111100	140
11011000111101	219
11011000111110	120
11011000111111	160
11011001000000	226
11011001000001	414
11011001000010	184
11011001000011	405
11011001000100	237
11011001000101	430
11011001000110	187
11011001000111	367
11011001001000	249
11011001001001	284
11011001001010	185
11011001001011	296
11011001001100	205
11011001001101	299
11011001001110	170
11011001001111	243
11011001010000	104
11011001010001	292
11011001010010	128
11011001010011	265
11011001010100	128
11011001010101	326
11011001010110	105
11011001010111	237
11011001011000	187
11011001011001	264
11011001011010	139
11011001011011	250
11011001011100	168
11011001011101	326
11011001011110	137
11011001011111	261
11011001100000	195
11011001100001	397
11011001100010	182
11011001100011	329
11011001100100	221
11011001100101	418
11011001100110	166
11011001100111	175
11011001101000	261
11011001101001	352
11011001101010	197
11011001101011	234
11011001101100	254
11011001101101	260
11011001101110	145
11011001101111	249
11011001110000	119
11011001110001	385
11011001110010	74
11011001110011	265
11011001110100	175
11011001110101	401
11011001110110	97
11011001110111	250
11011001111000	190
11011001111001	319
11011001111010	136
11011001111011	316
11011001111100	163
11011001111101	346
11011001111110	183
11011001111111	230
11011010000000	261
11011010000001	300
11011010000010	228
11011010000011	323
11011010000100	293
11011010000101	359
11011010000110	166
11011010000111	338
11011010001000	233
11011010001001	333
11011010001010	227
11011010001011	270
11011010001100	286
11011010001101	258
11011010001110	228
11011010001111	206
11011010010000	106
11011010010001	242
11011010010010	126
11011010010011	251
11011010010100	156
11011010010101	294
11011010010110	136
11011010010111	313
11011010011000	203
11011010011001	309
11011010011010	197
11011010011011	282
11011010011100	185
11011010011101	230
11011010011110	165
11011010011111	276
11011010100000	205
11011010100001	351
11011010100010	154
11011010100011	351
11011010100100	268
11011010100101	386
11011010100110	209
11011010100111	353
11011010101000	236
11011010101001	313
11011010101010	189
11011010101011	307
11011010101100	256
11011010101101	337
11011010101110	228
11011010101111	302
11011010110000	112
11011010110001	267
11011010110010	103
11011010110011	213
11011010110100	161
11011010110101	250
11011010110110	116
11011010110111	239
11011010111000	220
11011010111001	304
11011010111010	166
11011010111011	264
11011010111100	168
11011010111101	328
11011010111110	102
11011010111111	203
11011011000000	198
11011011000001	383
11011011000010	255
11011011000011	438
11011011000100	259
11011011000101	374
11011011000110	272
11011011000111	460
11011011001000	322
11011011001001	319
11011011001010	282
11011011001011	477
11011011001100	240
11011011001101	352
11011011001110	285
11011011001111	357
11011011010000	124
11011011010001	353
11011011010010	131
11011011010011	498
11011011010100	155
11011011010101	290
11011011010110	145
11011011010111	402
11011011011000	190
11011011011001	324
11011011011010	300
11011011011011	488
11011011011100	218
11011011011101	320
11011011011110	189
11011011011111	442
11011011100000	256
11011011100001	487
11011011100010	326
11011011100011	432
11011011100100	248
11011011100101	518
11011011100110	260
11011011100111	492
11011011101000	276
11011011101001	534
11011011101010	352
11011011101011	411
11011011101100	311
11011011101101	405
11011011101110	232
11011011101111	360
11011011110000	159
11011011110001	408
11011011110010	151
11011011110011	355
11011011110100	181
11011011110101	334
11011011110110	140
11011011110111	342
11011011111000	175
11011011111001	492
11011011111010	246
11011011111011	403
11011011111100	226
11011011111101	368
11011011111110	202
11011011111111	367
11011100000000	125
11011100000001	282
11011100000010	135
11011100000011	218
11011100000100	150
11011100000101	214
11011100000110	132
11011100000111	173
11011100001000	183
11011100001001	197
11011100001010	126
11011100001011	214
11011100001100	128
11011100001101	129
11011100001110	122
11011100001111	165
11011100010000	81
11011100010001	144
11011100010010	95
11011100010011	192
11011100010100	96
11011100010101	189
11011100010110	80
11011100010111	235
11011100011000	107
11011100011001	201
11011100011010	90
11011100011011	212
11011100011100	78
11011100011101	169
11011100011110	95
11011100011111	121
11011100100000	163
11011100100001	244
11011100100010	165
11011100100011	199
11011100100100	142
11011100100101	193
11011100100110	126
11011100100111	189
11011100101000	178
11011100101001	222
11011100101010	154
11011100101011	160
11011100101100	129
11011100101101	181
11011100101110	133
11011100101111	175
11011100110000	110
11011100110001	144
11011100110010	70
11011100110011	117
11011100110100	61
11011100110101	173
11011100110110	88
11011100110111	173
11011100111000	115
11011100111001	220
11011100111010	106
11011100111011	152
11011100111100	150
11011100111101	197
11011100111110	89
11011100111111	227
11011101000000	229
11011101000001	384
11011101000010	151
11011101000011	359
11011101000100	235
11011101000101	401
11011101000110	148
11011101000111	321
11011101001000	218
11011101001001	343
11011101001010	147
11011101001011	238
11011101001100	240
11011101001101	320
11011101001110	146
11011101001111	228
11011101010000	101
11011101010001	266
11011101010010	140
11011101010011	318
11011101010100	155
11011101010101	347
11011101010110	72
11011101010111	379
11011101011000	169
11011101011001	278
11011101011010	175
11011101011011	276
11011101011100	159
11011101011101	364
11011101011110	147
11011101011111	237
11011101100000	164
11011101100001	443
11011101100010	200
11011101100011	312
11011101100100	193
11011101100101	380
11011101100110	185
11011101100111	250
11011101101000	207
11011101101001	343
11011101101010	183
11011101101011	354
11011101101100	278
11011101101101	283
11011101101110	118
11011101101111	201
11011101110000	115
11011101110001	297
11011101110010	108
11011101110011	245
11011101110100	160
11011101110101	425
11011101110110	107
11011101110111	268
11011101111000	202
11011101111001	305
11011101111010	143
11011101111011	264
11011101111100	183
11011101111101	326
11011101111110	131
11011101111111	347
11011110000000	387
11011110000001	460
11011110000010	214
11011110000011	385
11011110000100	300
11011110000101	381
11011110000110	297
11011110000111	476
11011110001000	291
11011110001001	423
11011110001010	410
11011110001011	384
11011110001100	340
11011110001101	348
11011110001110	213
11011110001111	389
11011110010000	114
11011110010001	348
11011110010010	178
11011110010011	391
11011110010100	153
11011110010101	295
11011110010110	218
11011110010111	401
11011110011000	307
11011110011001	382
11011110011010	265
11011110011011	399
11011110011100	238
11011110011101	292
11011110011110	231
11011110011111	338
11011110100000	283
11011110100001	461
11011110100010	281
11011110100011	459
11011110100100	326
11011110100101	486
11011110100110	257
11011110100111	383
11011110101000	343
11011110101001	437
11011110101010	265
11011110101011	411
11011110101100	323
11011110101101	431
11011110101110	272
11011110101111	358
11011110110000	148
11011110110001	330
11011110110010	126
11011110110011	341
11011110110100	165
11011110110101	451
11011110110110	152
11011110110111	359
11011110111000	273
11011110111001	354
11011110111010	236
11011110111011	258
11011110111100	260
11011110111101	321
11011110111110	220
11011110111111	360
11011111000000	274
11011111000001	478
11011111000010	338
11011111000011	589
11011111000100	299
11011111000101	509
11011111000110	358
11011111000111	623
11011111001000	376
11011111001001	479
11011111001010	400
11011111001011	614
11011111001100	205
11011111001101	413
11011111001110	245
11011111001111	515
11011111010000	166
11011111010001	398
11011111010010	204
11011111010011	501
11011111010100	189
11011111010101	360
11011111010110	188
11011111010111	491
11011111011000	251
11011111011001	490
11011111011010	318
11011111011011	466
11011111011100	248
11011111011101	413
11011111011110	342
11011111011111	548
11011111100000	279
11011111100001	570
11011111100010	319
11011111100011	620
11011111100100	348
11011111100101	439
11011111100110	348
11011111100111	612
11011111101000	346
11011111101001	648
11011111101010	461
11011111101011	707
11011111101100	342
11011111101101	447
11011111101110	323
11011111101111	425
11011111110000	201
11011111110001	474
11011111110010	195
11011111110011	496
11011111110100	202
11011111110101	489
11011111110110	240
11011111110111	517
11011111111000	312
11011111111001	451
11011111111010	282
11011111111011	605
11011111111100	301
11011111111101	430
11011111111110	265
11011111111111	385
11100000000000	149
11100000000001	197
11100000000010	113
11100000000011	222
11100000000100	146
11100000000101	189
11100000000110	153
11100000000111	236
11100000001000	176
11100000001001	143
11100000001010	195
11100000001011	131
11100000001100	120
11100000001101	177
11100000001110	166
11100000001111	137
11100000010000	91
11100000010001	134
11100000010010	58
11100000010011	138
11100000010100	74
11100000010101	147
11100000010110	86
11100000010111	153
11100000011000	151
11100000011001	166
11100000011010	117
11100000011011	221
11100000011100	122
11100000011101	132
11100000011110	97
11100000011111	115
11100000100000	193
11100000100001	218
11100000100010	152
11100000100011	232
11100000100100	173
11100000100101	173
11100000100110	171
11100000100111	160
11100000101000	222
11100000101001	260
11100000101010	171
11100000101011	240
11100000101100	190
11100000101101	177
11100000101110	124
11100000101111	202
11100000110000	109
11100000110001	142
11100000110010	71
11100000110011	148
11100000110100	117
11100000110101	150
11100000110110	92
11100000110111	161
11100000111000	171
11100000111001	249
11100000111010	136
11100000111011	222
11100000111100	113
11100000111101	146
11100000111110	133
11100000111111	161
11100001000000	192
11100001000001	249
11100001000010	166
11100001000011	310
11100001000100	133
11100001000101	324
11100001000110	127
11100001000111	225
11100001001000	211
11100001001001	308
11100001001010	182
11100001001011	225
11100001001100	149
11100001001101	225
11100001001110	136
11100001001111	164
11100001010000	110
11100001010001	300
11100001010010	103
11100001010011	306
11100001010100	100
11100001010101	329
11100001010110	97
11100001010111	233
11100001011000	105
11100001011001	309
11100001011010	81
11100001011011	384
11100001011100	127
11100001011101	335
11100001011110	80
11100001011111	297
11100001100000	180
11100001100001	404
11100001100010	165
11100001100011	224
11100001100100	240
11100001100101	369
11100001100110	156
11100001100111	224
11100001101000	247
11100001101001	373
11100001101010	189
11100001101011	316
11100001101100	284
11100001101101	319
11100001101110	145
11100001101111	252
11100001110000	132
11100001110001	304
11100001110010	108
11100001110011	242
11100001110100	114
11100001110101	336
11100001110110	108
11100001110111	271
11100001111000	156
11100001111001	329
11100001111010	178
11100001111011	338
11100001111100	118
11100001111101	311
11100001111110	143
11100001111111	354
11100010000000	179
11100010000001	245
11100010000010	162
11100010000011	202
11100010000100	155
11100010000101	418
11100010000110	161
11100010000111	281
11100010001000	197
11100010001001	251
11100010001010	189
11100010001011	194
11100010001100	140
11100010001101	220
11100010001110	153
11100010001111	187
11100010010000	91
11100010010001	252
11100010010010	98
11100010010011	317
11100010010100	81
11100010010101	192
11100010010110	82
11100010010111	278
11100010011000	140
11100010011001	285
11100010011010	106
11100010011011	201
11100010011100	117
11100010011101	257
11100010011110	145
11100010011111	287
11100010100000	168
11100010100001	246
11100010100010	130
11100010100011	267
11100010100100	215
11100010100101	276
11100010100110	225
11100010100111	295
11100010101000	222
11100010101001	322
11100010101010	252
11100010101011	325
11100010101100	161
11100010101101	285
11100010101110	209
11100010101111	198
11100010110000	97
11100010110001	190
11100010110010	122
11100010110011	253
11100010110100	126
11100010110101	232
11100010110110	111
11100010110111	229
11100010111000	179
11100010111001	269
11100010111010	121
11100010111011	224
11100010111100	130
11100010111101	239
11100010111110	111
11100010111111	206
11100011000000	251
11100011000001	328
11100011000010	189
11100011000011	465
11100011000100	208
11100011000101	398
11100011000110	212
11100011000111	384
11100011001000	257
11100011001001	330
11100011001010	294
11100011001011	425
11100011001100	232
11100011001101	233
11100011001110	183
11100011001111	325
11100011010000	102
11100011010001	235
11100011010010	170
11100011010011	257
11100011010100	109
11100011010101	262
11100011010110	158
11100011010111	372
11100011011000	191
11100011011001	318
11100011011010	213
11100011011011	452
11100011011100	138
11100011011101	295
11100011011110	169
11100011011111	366
11100011100000	211
11100011100001	339
11100011100010	307
11100011100011	338
11100011100100	231
11100011100101	375
11100011100110	259
11100011100111	369
11100011101000	291
11100011101001	224
11100011101010	221
11100011101011	310
11100011101100	215
11100011101101	240
11100011101110	251
11100011101111	245
11100011110000	158
11100011110001	211
11100011110010	106
11100011110011	278
11100011110100	137
11100011110101	406
11100011110110	169
11100011110111	346
11100011111000	173
11100011111001	270
11100011111010	237
11100011111011	328
11100011111100	189
11100011111101	277
11100011111110	133
11100011111111	322
11100100000000	136
11100100000001	212
11100100000010	106
11100100000011	170
11100100000100	124
11100100000101	190
11100100000110	130
11100100000111	135
11100100001000	125
11100100001001	191
11100100001010	120
11100100001011	122
11100100001100	122
11100100001101	185
11100100001110	121
11100100001111	124
11100100010000	69
11100100010001	168
11100100010010	46
11100100010011	142
11100100010100	58
11100100010101	103
11100100010110	61
11100100010111	236
11100100011000	73
11100100011001	96
11100100011010	103
11100100011011	85
11100100011100	95
11100100011101	114
11100100011110	70
11100100011111	166
11100100100000	188
11100100100001	227
11100100100010	175
11100100100011	164
11100100100100	208
11100100100101	204
11100100100110	132
11100100100111	159
11100100101000	147
11100100101001	208
11100100101010	149
11100100101011	203
11100100101100	146
11100100101101	173
11100100101110	127
11100100101111	120
11100100110000	78
11100100110001	208
11100100110010	86
11100100110011	217
11100100110100	77
11100100110101	153
11100100110110	78
11100100110111	156
11100100111000	116
11100100111001	206
11100100111010	150
11100100111011	146
11100100111100	111
11100100111101	148
11100100111110	82
11100100111111	157
11100101000000	171
11100101000001	242
11100101000010	131
11100101000011	299
11100101000100	163
11100101000101	363
11100101000110	99
11100101000111	186
11100101001000	175
11100101001001	258
11100101001010	112
11100101001011	208
11100101001100	127
11100101001101	235
11100101001110	77
11100101001111	162
11100101010000	80
11100101010001	217
11100101010010	78
11100101010011	221
11100101010100	117
11100101010101	289
11100101010110	85
11100101010111	346
11100101011000	125
11100101011001	303
11100101011010	136
11100101011011	220
11100101011100	107
11100101011101	258
11100101011110	54
11100101011111	233
11100101100000	128
11100101100001	324
11100101100010	150
11100101100011	382
11100101100100	205
11100101100101	343
11100101100110	116
11100101100111	271
11100101101000	127
11100101101001	325
11100101101010	164
11100101101011	251
11100101101100	205
11100101101101	269
11100101101110	131
11100101101111	191
11100101110000	62
11100101110001	308
11100101110010	50
11100101110011	213
11100101110100	94
11100101110101	254
11100101110110	135
11100101110111	250
11100101111000	157
11100101111001	388
11100101111010	70
11100101111011	313
11100101111100	120
11100101111101	293
11100101111110	100
11100101111111	253
11100110000000	199
11100110000001	419
11100110000010	213
11100110000011	306
11100110000100	224
11100110000101	366
11100110000110	211
11100110000111	252
11100110001000	276
11100110001001	279
11100110001010	271
11100110001011	231
11100110001100	210
11100110001101	225
11100110001110	207
11100110001111	226
11100110010000	138
11100110010001	346
11100110010010	122
11100110010011	375
11100110010100	157
11100110010101	324
11100110010110	123
11100110010111	324
11100110011000	190
11100110011001	302
11100110011010	147
11100110011011	428
11100110011100	159
11100110011101	352
11100110011110	192
11100110011111	331
11100110100000	209
11100110100001	451
11100110100010	196
11100110100011	394
11100110100100	225
11100110100101	327
11100110100110	235
11100110100111	394
11100110101000	327
11100110101001	387
11100110101010	221
11100110101011	311
11100110101100	306
11100110101101	385
11100110101110	307
11100110101111	376
11100110110000	139
11100110110001	317
11100110110010	132
11100110110011	302
11100110110100	159
11100110110101	324
11100110110110	137
11100110110111	267
11100110111000	241
11100110111001	367
11100110111010	190
11100110111011	230
11100110111100	151
11100110111101	397
11100110111110	155
11100110111111	229
11100111000000	215
11100111000001	329
11100111000010	339
11100111000011	548
11100111000100	252
11100111000101	397
11100111000110	301
11100111000111	355
11100111001000	265
11100111001001	385
11100111001010	317
11100111001011	440
11100111001100	202
11100111001101	344
11100111001110	233
11100111001111	333
11100111010000	146
11100111010001	266
11100111010010	140
11100111010011	415
11100111010100	117
11100111010101	394
11100111010110	160
11100111010111	377
11100111011000	202
11100111011001	295
11100111011010	270
11100111011011	411
11100111011100	166
11100111011101	316
11100111011110	213
11100111011111	408
11100111100000	248
11100111100001	396
11100111100010	306
11100111100011	481
11100111100100	254
11100111100101	513
11100111100110	356
11100111100111	489
11100111101000	339
11100111101001	490
11100111101010	355
11100111101011	574
11100111101100	273
11100111101101	456
11100111101110	321
11100111101111	478
11100111110000	146
11100111110001	278
11100111110010	179
11100111110011	484
11100111110100	169
11100111110101	385
11100111110110	207
11100111110111	594
11100111111000	233
11100111111001	388
11100111111010	246
11100111111011	328
11100111111100	270
11100111111101	340
11100111111110	231
11100111111111	459
11101000000000	228
11101000000001	333
11101000000010	157
11101000000011	300
11101000000100	157
11101000000101	285
11101000000110	159
11101000000111	307
11101000001000	244
11101000001001	287
11101000001010	176
11101000001011	288
11101000001100	163
11101000001101	285
11101000001110	246
11101000001111	206
11101000010000	154
11101000010001	233
11101000010010	118
11101000010011	276
11101000010100	97
11101000010101	205
11101000010110	151
11101000010111	179
11101000011000	132
11101000011001	194
11101000011010	183
11101000011011	242
11101000011100	152
11101000011101	208
11101000011110	130
11101000011111	289
11101000100000	229
11101000100001	283
11101000100010	225
11101000100011	287
11101000100100	243
11101000100101	270
11101000100110	163
11101000100111	237
11101000101000	358
11101000101001	325
11101000101010	249
11101000101011	337
11101000101100	267
11101000101101	265
11101000101110	223
11101000101111	223
11101000110000	130
11101000110001	246
11101000110010	141
11101000110011	213
11101000110100	162
11101000110101	265
11101000110110	120
11101000110111	246
11101000111000	157
11101000111001	280
11101000111010	178
11101000111011	285
11101000111100	222
11101000111101	232
11101000111110	191
11101000111111	226
11101001000000	250
11101001000001	454
11101001000010	178
11101001000011	549
11101001000100	238
11101001000101	424
11101001000110	228
11101001000111	372
11101001001000	232
11101001001001	530
11101001001010	215
11101001001011	363
11101001001100	233
11101001001101	494
11101001001110	133
11101001001111	262
11101001010000	112
11101001010001	452
11101001010010	163
11101001010011	413
11101001010100	199
11101001010101	366
11101001010110	135
11101001010111	481
11101001011000	228
11101001011001	609
11101001011010	203
11101001011011	386
11101001011100	233
11101001011101	435
11101001011110	205
11101001011111	537
11101001100000	225
11101001100001	543
11101001100010	253
11101001100011	455
11101001100100	352
11101001100101	653
11101001100110	244
11101001100111	500
11101001101000	388
11101001101001	475
11101001101010	270
11101001101011	410
11101001101100	369
11101001101101	524
11101001101110	186
11101001101111	390
11101001110000	182
11101001110001	410
11101001110010	153
11101001110011	462
11101001110100	173
11101001110101	603
11101001110110	157
11101001110111	408
11101001111000	243
11101001111001	404
11101001111010	193
11101001111011	450
11101001111100	237
11101001111101	393
11101001111110	183
11101001111111	324
11101010000000	309
11101010000001	562
11101010000010	324
11101010000011	348
11101010000100	270
11101010000101	416
11101010000110	322
11101010000111	519
11101010001000	352
11101010001001	503
11101010001010	380
11101010001011	426
11101010001100	345
11101010001101	390
11101010001110	363
11101010001111	306
11101010010000	225
11101010010001	335
11101010010010	195
11101010010011	395
11101010010100	210
11101010010101	451
11101010010110	163
11101010010111	463
11101010011000	269
11101010011001	474
11101010011010	304
11101010011011	374
11101010011100	252
11101010011101	408
11101010011110	236
11101010011111	475
11101010100000	367
11101010100001	641
11101010100010	332
11101010100011	548
11101010100100	305
11101010100101	633
11101010100110	363
11101010100111	603
11101010101000	451
11101010101001	521
11101010101010	331
11101010101011	465
11101010101100	346
11101010101101	632
11101010101110	378
11101010101111	456
11101010110000	184
11101010110001	401
11101010110010	155
11101010110011	510
11101010110100	224
11101010110101	534
11101010110110	163
11101010110111	429
11101010111000	256
11101010111001	448
11101010111010	209
11101010111011	577
11101010111100	288
11101010111101	407
11101010111110	195
11101010111111	330
11101011000000	312
11101011000001	596
11101011000010	332
11101011000011	515
11101011000100	295
11101011000101	581
11101011000110	340
11101011000111	631
11101011001000	351
11101011001001	570
11101011001010	400
11101011001011	657
11101011001100	327
11101011001101	605
11101011001110	377
11101011001111	537
11101011010000	203
11101011010001	411
11101011010010	248
11101011010011	484
11101011010100	195
11101011010101	542
11101011010110	203
11101011010111	694
11101011011000	211
11101011011001	408
11101011011010	280
11101011011011	675
11101011011100	293
11101011011101	486
11101011011110	378
11101011011111	452
11101011100000	276
11101011100001	698
11101011100010	329
11101011100011	584
11101011100100	403
11101011100101	696
11101011100110	428
11101011100111	664
11101011101000	424
11101011101001	551
11101011101010	421
11101011101011	736
11101011101100	432
11101011101101	657
11101011101110	500
11101011101111	504
11101011110000	237
11101011110001	543
11101011110010	230
11101011110011	596
11101011110100	245
11101011110101	559
11101011110110	179
11101011110111	638
11101011111000	331
11101011111001	488
11101011111010	287
11101011111011	472
11101011111100	264
11101011111101	380
11101011111110	301
11101011111111	510
11101100000000	199
11101100000001	307
11101100000010	205
11101100000011	230
11101100000100	165
11101100000101	269
11101100000110	174
11101100000111	288
11101100001000	219
11101100001001	259
11101100001010	236
11101100001011	202
11101100001100	186
11101100001101	192
11101100001110	179
11101100001111	229
11101100010000	120
11101100010001	177
11101100010010	97
11101100010011	269
11101100010100	133
11101100010101	178
11101100010110	109
11101100010111	259
11101100011000	188
11101100011001	217
11101100011010	154
11101100011011	264
11101100011100	135
11101100011101	193
11101100011110	105
11101100011111	255
11101100100000	209
11101100100001	367
11101100100010	202
11101100100011	249
11101100100100	279
11101100100101	327
11101100100110	183
11101100100111	318
11101100101000	260
11101100101001	271
11101100101010	271
11101100101011	255
11101100101100	222
11101100101101	258
11101100101110	243
11101100101111	240
11101100110000	122
11101100110001	233
11101100110010	112
11101100110011	149
11101100110100	119
11101100110101	271
11101100110110	116
11101100110111	228
11101100111000	234
11101100111001	312
11101100111010	191
11101100111011	234
11101100111100	194
11101100111101	211
11101100111110	161
11101100111111	256
11101101000000	127
11101101000001	563
11101101000010	198
11101101000011	467
11101101000100	303
11101101000101	492
11101101000110	232
11101101000111	393
11101101001000	294
11101101001001	410
11101101001010	192
11101101001011	415
11101101001100	282
11101101001101	426
11101101001110	153
11101101001111	253
11101101010000	102
11101101010001	398
11101101010010	118
11101101010011	347
11101101010100	217
11101101010101	543
11101101010110	177
11101101010111	477
11101101011000	182
11101101011001	514
11101101011010	169
11101101011011	352
11101101011100	197
11101101011101	451
11101101011110	166
11101101011111	354
11101101100000	242
11101101100001	677
11101101100010	218
11101101100011	470
11101101100100	341
11101101100101	680
11101101100110	266
11101101100111	517
11101101101000	420
11101101101001	530
11101101101010	267
11101101101011	526
11101101101100	406
11101101101101	643
11101101101110	310
11101101101111	342
11101101110000	210
11101101110001	523
11101101110010	155
11101101110011	371
11101101110100	179
11101101110101	631
11101101110110	189
11101101110111	381
11101101111000	228
11101101111001	530
11101101111010	191
11101101111011	376
11101101111100	252
11101101111101	520
11101101111110	221
11101101111111	431
11101110000000	419
11101110000001	601
11101110000010	424
11101110000011	571
11101110000100	468
11101110000101	629
11101110000110	449
11101110000111	505
11101110001000	416
11101110001001	575
11101110001010	518
11101110001011	450
11101110001100	360
11101110001101	443
11101110001110	376
11101110001111	526
11101110010000	194
11101110010001	570
11101110010010	239
11101110010011	459
11101110010100	236
11101110010101	554
11101110010110	202
11101110010111	507
11101110011000	361
11101110011001	498
11101110011010	415
11101110011011	683
11101110011100	281
11101110011101	326
11101110011110	384
11101110011111	545
11101110100000	459
11101110100001	754
11101110100010	392
11101110100011	612
11101110100100	501
11101110100101	794
11101110100110	462
11101110100111	515
11101110101000	487
11101110101001	544
11101110101010	536
11101110101011	503
11101110101100	508
11101110101101	661
11101110101110	384
11101110101111	497
11101110110000	263
11101110110001	529
11101110110010	227
11101110110011	460
11101110110100	305
11101110110101	673
11101110110110	264
11101110110111	444
11101110111000	417
11101110111001	543
11101110111010	396
11101110111011	527
11101110111100	394
11101110111101	608
11101110111110	338
11101110111111	536
11101111000000	352
11101111000001	660
11101111000010	518
11101111000011	790
11101111000100	346
11101111000101	761
11101111000110	501
11101111000111	794
11101111001000	368
11101111001001	599
11101111001010	558
11101111001011	897
11101111001100	391
11101111001101	650
11101111001110	513
11101111001111	729
11101111010000	193
11101111010001	362
11101111010010	236
11101111010011	555
11101111010100	161
11101111010101	501
11101111010110	306
11101111010111	659
11101111011000	300
11101111011001	588
11101111011010	442
11101111011011	705
11101111011100	287
11101111011101	655
11101111011110	304
11101111011111	691
11101111100000	388
11101111100001	583
11101111100010	592
11101111100011	852
11101111100100	437
11101111100101	839
11101111100110	488
11101111100111	957
11101111101000	455
11101111101001	752
11101111101010	602
11101111101011	837
11101111101100	443
11101111101101	617
11101111101110	490
11101111101111	634
11101111110000	233
11101111110001	547
11101111110010	266
11101111110011	808
11101111110100	238
11101111110101	536
11101111110110	220
11101111110111	760
11101111111000	348
11101111111001	719
11101111111010	455
11101111111011	688
11101111111100	354
11101111111101	641
11101111111110	400
11101111111111	748
11110000000000	264
11110000000001	314
11110000000010	195
11110000000011	280
11110000000100	215
11110000000101	285
11110000000110	151
11110000000111	298
11110000001000	270
11110000001001	305
11110000001010	233
11110000001011	244
11110000001100	192
11110000001101	249
11110000001110	151
11110000001111	222
11110000010000	167
11110000010001	222
11110000010010	127
11110000010011	299
11110000010100	140
11110000010101	286
11110000010110	139
11110000010111	262
11110000011000	238
11110000011001	251
11110000011010	185
11110000011011	293
11110000011100	150
11110000011101	270
11110000011110	170
11110000011111	237
11110000100000	303
11110000100001	344
11110000100010	179
11110000100011	278
11110000100100	215
11110000100101	367
11110000100110	241
11110000100111	298
11110000101000	375
11110000101001	311
11110000101010	258
11110000101011	246
11110000101100	245
11110000101101	355
11110000101110	223
11110000101111	186
11110000110000	155
11110000110001	315
11110000110010	161
11110000110011	332
11110000110100	154
11110000110101	375
11110000110110	155
11110000110111	265
11110000111000	225
11110000111001	345
11110000111010	187
11110000111011	234
11110000111100	211
11110000111101	287
11110000111110	219
11110000111111	294
11110001000000	266
11110001000001	594
11110001000010	216
11110001000011	487
11110001000100	214
11110001000101	434
11110001000110	120
11110001000111	362
11110001001000	325
11110001001001	619
11110001001010	177
11110001001011	306
11110001001100	224
11110001001101	355
11110001001110	120
11110001001111	254
11110001010000	172
11110001010001	574
11110001010010	150
11110001010011	329
11110001010100	157
11110001010101	387
11110001010110	163
11110001010111	430
11110001011000	281
11110001011001	601
11110001011010	188
11110001011011	465
11110001011100	220
11110001011101	406
11110001011110	163
11110001011111	334
11110001100000	307
11110001100001	527
11110001100010	208
11110001100011	566
11110001100100	362
11110001100101	552
11110001100110	181
11110001100111	357
11110001101000	334
11110001101001	599
11110001101010	282
11110001101011	426
11110001101100	269
11110001101101	463
11110001101110	216
11110001101111	391
11110001110000	187
11110001110001	568
11110001110010	155
11110001110011	476
11110001110100	255
11110001110101	586
11110001110110	226
11110001110111	382
11110001111000	274
11110001111001	655
11110001111010	202
11110001111011	453
11110001111100	272
11110001111101	616
11110001111110	261
11110001111111	372
11110010000000	313
11110010000001	415
11110010000010	281
11110010000011	433
11110010000100	273
11110010000101	507
11110010000110	288
11110010000111	501
11110010001000	295
11110010001001	432
11110010001010	283
11110010001011	473
11110010001100	271
11110010001101	360
11110010001110	222
11110010001111	373
11110010010000	170
11110010010001	482
11110010010010	185
11110010010011	309
11110010010100	206
11110010010101	390
11110010010110	154
11110010010111	456
11110010011000	206
11110010011001	355
11110010011010	274
11110010011011	581
11110010011100	235
11110010011101	360
11110010011110	233
11110010011111	425
11110010100000	342
11110010100001	602
11110010100010	309
11110010100011	394
11110010100100	292
11110010100101	526
11110010100110	314
11110010100111	384
11110010101000	430
11110010101001	530
11110010101010	403
11110010101011	576
11110010101100	319
11110010101101	505
11110010101110	273
11110010101111	305
11110010110000	186
11110010110001	401
11110010110010	169
11110010110011	409
11110010110100	166
11110010110101	577
11110010110110	163
11110010110111	423
11110010111000	216
11110010111001	496
11110010111010	223
11110010111011	496
11110010111100	253
11110010111101	445
11110010111110	281
11110010111111	373
11110011000000	303
11110011000001	539
11110011000010	336
11110011000011	637
11110011000100	352
11110011000101	569
11110011000110	283
11110011000111	551
11110011001000	353
11110011001001	489
11110011001010	343
11110011001011	423
11110011001100	277
11110011001101	392
11110011001110	290
11110011001111	355
11110011010000	200
11110011010001	458
11110011010010	233
11110011010011	569
11110011010100	173
11110011010101	408
11110011010110	245
11110011010111	598
11110011011000	257
11110011011001	554
11110011011010	290
11110011011011	576
11110011011100	218
11110011011101	566
11110011011110	286
11110011011111	493
11110011100000	311
11110011100001	543
11110011100010	386
11110011100011	656
11110011100100	311
11110011100101	572
11110011100110	393
11110011100111	674
11110011101000	397
11110011101001	688
11110011101010	418
11110011101011	908
11110011101100	430
11110011101101	649
11110011101110	352
11110011101111	514
11110011110000	202
11110011110001	421
11110011110010	229
11110011110011	446
11110011110100	192
11110011110101	542
11110011110110	253
11110011110111	513
11110011111000	323
11110011111001	526
11110011111010	305
11110011111011	562
11110011111100	286
11110011111101	543
11110011111110	382
11110011111111	762
11110100000000	187
11110100000001	344
11110100000010	191
11110100000011	262
11110100000100	207
11110100000101	288
11110100000110	136
11110100000111	170
11110100001000	265
11110100001001	261
11110100001010	202
11110100001011	238
11110100001100	166
11110100001101	198
11110100001110	174
11110100001111	183
11110100010000	124
11110100010001	272
11110100010010	128
11110100010011	280
11110100010100	122
11110100010101	261
11110100010110	130
11110100010111	320
11110100011000	198
11110100011001	215
11110100011010	203
11110100011011	280
11110100011100	208
11110100011101	237
11110100011110	165
11110100011111	273
11110100100000	284
11110100100001	328
11110100100010	207
11110100100011	316
11110100100100	258
11110100100101	381
11110100100110	182
11110100100111	246
11110100101000	244
11110100101001	350
11110100101010	230
11110100101011	335
11110100101100	284
11110100101101	331
11110100101110	238
11110100101111	278
11110100110000	171
11110100110001	249
11110100110010	150
11110100110011	282
11110100110100	108
11110100110101	325
11110100110110	117
11110100110111	293
11110100111000	254
11110100111001	308
11110100111010	179
11110100111011	278
11110100111100	168
11110100111101	290
11110100111110	177
11110100111111	223
11110101000000	294
11110101000001	563
11110101000010	188
11110101000011	343
11110101000100	185
11110101000101	458
11110101000110	210
11110101000111	339
11110101001000	338
11110101001001	544
11110101001010	191
11110101001011	202
11110101001100	179
11110101001101	405
11110101001110	154
11110101001111	216
11110101010000	182
11110101010001	433
11110101010010	158
11110101010011	370
11110101010100	193
11110101010101	568
11110101010110	136
11110101010111	520
11110101011000	250
11110101011001	572
11110101011010	191
11110101011011	484
11110101011100	184
11110101011101	403
11110101011110	123
11110101011111	350
11110101100000	282
11110101100001	620
11110101100010	328
11110101100011	563
11110101100100	360
11110101100101	595
11110101100110	195
11110101100111	302
11110101101000	282
11110101101001	529
11110101101010	275
11110101101011	383
11110101101100	309
11110101101101	449
11110101101110	202
11110101101111	311
11110101110000	152
11110101110001	620
11110101110010	149
11110101110011	417
11110101110100	229
11110101110101	574
11110101110110	136
11110101110111	580
11110101111000	275
11110101111001	519
11110101111010	235
11110101111011	442
11110101111100	307
11110101111101	699
11110101111110	216
11110101111111	560
11110110000000	421
11110110000001	793
11110110000010	377
11110110000011	764
11110110000100	441
11110110000101	500
11110110000110	401
11110110000111	503
11110110001000	441
11110110001001	533
11110110001010	435
11110110001011	394
11110110001100	361
11110110001101	505
11110110001110	275
11110110001111	419
11110110010000	219
11110110010001	572
11110110010010	233
11110110010011	587
11110110010100	263
11110110010101	639
11110110010110	327
11110110010111	478
11110110011000	350
11110110011001	606
11110110011010	339
11110110011011	525
11110110011100	356
11110110011101	527
11110110011110	281
11110110011111	575
11110110100000	451
11110110100001	637
11110110100010	442
11110110100011	712
11110110100100	456
11110110100101	651
11110110100110	307
11110110100111	760
11110110101000	515
11110110101001	763
11110110101010	403
11110110101011	590
11110110101100	502
11110110101101	640
11110110101110	307
11110110101111	422
11110110110000	249
11110110110001	687
11110110110010	277
11110110110011	589
11110110110100	304
11110110110101	680
11110110110110	277
11110110110111	530
11110110111000	445
11110110111001	617
11110110111010	364
11110110111011	632
11110110111100	402
11110110111101	764
11110110111110	365
11110110111111	700
11110111000000	394
11110111000001	778
11110111000010	400
11110111000011	983
11110111000100	406
11110111000101	857
11110111000110	300
11110111000111	640
11110111001000	427
11110111001001	746
11110111001010	562
11110111001011	604
11110111001100	444
11110111001101	733
11110111001110	395
11110111001111	567
11110111010000	225
11110111010001	583
11110111010010	269
11110111010011	736
11110111010100	216
11110111010101	709
11110111010110	271
11110111010111	795
11110111011000	313
11110111011001	575
11110111011010	426
11110111011011	745
11110111011100	332
11110111011101	587
11110111011110	440
11110111011111	738
11110111100000	452
11110111100001	820
11110111100010	509
11110111100011	1014
11110111100100	446
11110111100101	713
11110111100110	416
11110111100111	914
11110111101000	558
11110111101001	796
11110111101010	611
11110111101011	888
11110111101100	506
11110111101101	704
11110111101110	433
11110111101111	674
11110111110000	272
11110111110001	673
11110111110010	332
11110111110011	827
11110111110100	289
11110111110101	765
11110111110110	361
11110111110111	940
11110111111000	386
11110111111001	707
11110111111010	474
11110111111011	849
11110111111100	348
11110111111101	678
11110111111110	382
11110111111111	697
11111000000000	210
11111000000001	177
11111000000010	148
11111000000011	198
11111000000100	158
11111000000101	263
11111000000110	137
11111000000111	214
11111000001000	216
11111000001001	195
11111000001010	186
11111000001011	232
11111000001100	153
11111000001101	226
11111000001110	154
11111000001111	133
11111000010000	113
11111000010001	183
11111000010010	128
11111000010011	199
11111000010100	134
11111000010101	186
11111000010110	83
11111000010111	143
11111000011000	99
11111000011001	200
11111000011010	159
11111000011011	190
11111000011100	121
11111000011101	182
11111000011110	128
11111000011111	154
11111000100000	227
11111000100001	295
11111000100010	158
11111000100011	277
11111000100100	202
11111000100101	330
11111000100110	175
11111000100111	236
11111000101000	189
11111000101001	243
11111000101010	194
11111000101011	273
11111000101100	178
11111000101101	256
11111000101110	166
11111000101111	172
11111000110000	120
11111000110001	243
11111000110010	110
11111000110011	220
11111000110100	141
11111000110101	228
11111000110110	109
11111000110111	242
11111000111000	156
11111000111001	254
11111000111010	153
11111000111011	220
11111000111100	140
11111000111101	217
11111000111110	146
11111000111111	215
11111001000000	266
11111001000001	424
11111001000010	144
11111001000011	330
11111001000100	194
11111001000101	426
11111001000110	129
11111001000111	299
11111001001000	374
11111001001001	571
11111001001010	203
11111001001011	283
11111001001100	225
11111001001101	324
11111001001110	191
11111001001111	239
11111001010000	127
11111001010001	286
11111001010010	117
11111001010011	205
11111001010100	174
11111001010101	448
11111001010110	170
11111001010111	345
11111001011000	197
11111001011001	388
11111001011010	147
11111001011011	398
11111001011100	198
11111001011101	294
11111001011110	179
11111001011111	386
11111001100000	294
11111001100001	497
11111001100010	220
11111001100011	429
11111001100100	342
11111001100101	479
11111001100110	208
11111001100111	316
11111001101000	353
11111001101001	558
11111001101010	228
11111001101011	343
11111001101100	265
11111001101101	437
11111001101110	148
11111001101111	325
11111001110000	148
11111001110001	422
11111001110010	135
11111001110011	394
11111001110100	152
11111001110101	518
11111001110110	123
11111001110111	334
11111001111000	213
11111001111001	571
11111001111010	269
11111001111011	378
11111001111100	201
11111001111101	532
11111001111110	183
11111001111111	239
11111010000000	264
11111010000001	425
11111010000010	252
11111010000011	383
11111010000100	244
11111010000101	491
11111010000110	232
11111010000111	339
11111010001000	311
11111010001001	494
11111010001010	253
11111010001011	278
11111010001100	313
11111010001101	288
11111010001110	164
11111010001111	267
11111010010000	147
11111010010001	326
11111010010010	131
11111010010011	291
11111010010100	164
11111010010101	319
11111010010110	139
11111010010111	318
11111010011000	284
11111010011001	387
11111010011010	170
11111010011011	348
11111010011100	197
11111010011101	261
11111010011110	172
11111010011111	393
11111010100000	212
11111010100001	490
11111010100010	263
11111010100011	379
11111010100100	320
11111010100101	327
11111010100110	237
11111010100111	450
11111010101000	377
11111010101001	354
11111010101010	290
11111010101011	458
11111010101100	283
11111010101101	422
11111010101110	230
11111010101111	295
11111010110000	138
11111010110001	319
11111010110010	161
11111010110011	230
11111010110100	205
11111010110101	274
11111010110110	169
11111010110111	338
11111010111000	199
11111010111001	379
11111010111010	202
11111010111011	392
11111010111100	215
11111010111101	420
11111010111110	186
11111010111111	329
11111011000000	256
11111011000001	563
11111011000010	341
11111011000011	399
11111011000100	245
11111011000101	461
11111011000110	309
11111011000111	485
11111011001000	290
11111011001001	424
11111011001010	317
11111011001011	466
11111011001100	207
11111011001101	373
11111011001110	287
11111011001111	392
11111011010000	137
11111011010001	360
11111011010010	189
11111011010011	476
11111011010100	167
11111011010101	407
11111011010110	154
11111011010111	572
11111011011000	275
11111011011001	432
11111011011010	253
11111011011011	720
11111011011100	207
11111011011101	436
11111011011110	317
11111011011111	537
11111011100000	292
11111011100001	448
11111011100010	385
11111011100011	736
11111011100100	261
11111011100101	528
11111011100110	283
11111011100111	531
11111011101000	305
11111011101001	561
11111011101010	390
11111011101011	502
11111011101100	324
11111011101101	490
11111011101110	321
11111011101111	440
11111011110000	188
11111011110001	442
11111011110010	246
11111011110011	534
11111011110100	218
11111011110101	479
11111011110110	207
11111011110111	426
11111011111000	339
11111011111001	462
11111011111010	279
11111011111011	561
11111011111100	238
11111011111101	476
11111011111110	244
11111011111111	510
11111100000000	165
11111100000001	273
11111100000010	191
11111100000011	234
11111100000100	176
11111100000101	168
11111100000110	145
11111100000111	272
11111100001000	208
11111100001001	297
11111100001010	135
11111100001011	276
11111100001100	151
11111100001101	188
11111100001110	134
11111100001111	183
11111100010000	115
11111100010001	179
11111100010010	100
11111100010011	274
11111100010100	86
11111100010101	195
11111100010110	76
11111100010111	193
11111100011000	219
11111100011001	232
11111100011010	139
11111100011011	240
11111100011100	116
11111100011101	168
11111100011110	145
11111100011111	195
11111100100000	259
11111100100001	255
11111100100010	134
11111100100011	190
11111100100100	208
11111100100101	279
11111100100110	175
11111100100111	246
11111100101000	233
11111100101001	273
11111100101010	210
11111100101011	291
11111100101100	198
11111100101101	202
11111100101110	153
11111100101111	192
11111100110000	140
11111100110001	209
11111100110010	104
11111100110011	152
11111100110100	176
11111100110101	248
11111100110110	138
11111100110111	276
11111100111000	178
11111100111001	283
11111100111010	136
11111100111011	273
11111100111100	170
11111100111101	258
11111100111110	136
11111100111111	289
11111101000000	213
11111101000001	411
11111101000010	181
11111101000011	436
11111101000100	219
11111101000101	412
11111101000110	177
11111101000111	278
11111101001000	306
11111101001001	396
11111101001010	263
11111101001011	328
11111101001100	234
11111101001101	476
11111101001110	158
11111101001111	169
11111101010000	138
11111101010001	514
11111101010010	92
11111101010011	316
11111101010100	142
11111101010101	374
11111101010110	134
11111101010111	265
11111101011000	182
11111101011001	388
11111101011010	178
11111101011011	461
11111101011100	245
11111101011101	480
11111101011110	219
11111101011111	209
11111101100000	254
11111101100001	383
11111101100010	239
11111101100011	535
11111101100100	328
11111101100101	485
11111101100110	241
11111101100111	422
11111101101000	403
11111101101001	429
11111101101010	204
11111101101011	347
11111101101100	298
11111101101101	409
11111101101110	202
11111101101111	243
11111101110000	212
11111101110001	391
11111101110010	147
11111101110011	269
11111101110100	170
11111101110101	472
11111101110110	125
11111101110111	356
11111101111000	281
11111101111001	587
11111101111010	260
11111101111011	394
11111101111100	253
11111101111101	383
11111101111110	158
11111101111111	363
11111110000000	348
11111110000001	353
11111110000010	382
11111110000011	575
11111110000100	288
11111110000101	422
11111110000110	338
11111110000111	433
11111110001000	295
11111110001001	410
11111110001010	390
11111110001011	553
11111110001100	335
11111110001101	437
11111110001110	293
11111110001111	357
11111110010000	223
11111110010001	484
11111110010010	247
11111110010011	490
11111110010100	159
11111110010101	502
11111110010110	207
11111110010111	355
11111110011000	251
11111110011001	582
11111110011010	327
11111110011011	433
11111110011100	316
11111110011101	401
11111110011110	246
11111110011111	456
11111110100000	411
11111110100001	729
11111110100010	328
11111110100011	512
11111110100100	462
11111110100101	589
11111110100110	327
11111110100111	442
11111110101000	445
11111110101001	469
11111110101010	400
11111110101011	577
11111110101100	407
11111110101101	503
11111110101110	329
11111110101111	427
11111110110000	216
11111110110001	477
11111110110010	183
11111110110011	540
11111110110100	325
11111110110101	374
11111110110110	274
11111110110111	486
11111110111000	425
11111110111001	500
11111110111010	282
11111110111011	605
11111110111100	297
11111110111101	623
11111110111110	304
11111110111111	454
11111111000000	264
11111111000001	738
11111111000010	345
11111111000011	755
11111111000100	285
11111111000101	473
11111111000110	353
11111111000111	880
11111111001000	319
11111111001001	562
11111111001010	470
11111111001011	796
11111111001100	308
11111111001101	572
11111111001110	341
11111111001111	524
11111111010000	161
11111111010001	492
11111111010010	261
11111111010011	611
11111111010100	143
11111111010101	489
11111111010110	244
11111111010111	654
11111111011000	231
11111111011001	517
11111111011010	292
11111111011011	621
11111111011100	250
11111111011101	457
11111111011110	366
11111111011111	624
11111111100000	380
11111111100001	730
11111111100010	450
11111111100011	796
11111111100100	398
11111111100101	653
11111111100110	386
11111111100111	688
11111111101000	477
11111111101001	701
11111111101010	604
11111111101011	868
11111111101100	424
11111111101101	635
11111111101110	454
11111111101111	682
11111111110000	231
11111111110001	480
11111111110010	276
11111111110011	619
11111111110100	215
11111111110101	522
11111111110110	267
11111111110111	687
11111111111000	342
11111111111001	635
11111111111010	316
11111111111011	679
11111111111100	319
11111111111101	627
11111111111110	293
11111111111111	644
5	10
