 	count
00000000000000	70
00000000000001	74
00000000000010	110
00000000000011	79
00000000000100	67
00000000000101	92
00000000000110	53
00000000000111	91
00000000001000	93
00000000001001	133
00000000001010	72
00000000001011	124
00000000001100	88
00000000001101	73
00000000001110	75
00000000001111	81
00000000010000	39
00000000010001	82
00000000010010	60
00000000010011	100
00000000010100	55
00000000010101	117
00000000010110	31
00000000010111	79
00000000011000	61
00000000011001	89
00000000011010	71
00000000011011	89
00000000011100	53
00000000011101	78
00000000011110	60
00000000011111	86
00000000100000	82
00000000100001	111
00000000100010	96
00000000100011	130
00000000100100	81
00000000100101	98
00000000100110	77
00000000100111	104
00000000101000	100
00000000101001	102
00000000101010	111
00000000101011	121
00000000101100	108
00000000101101	53
00000000101110	82
00000000101111	103
00000000110000	67
00000000110001	91
00000000110010	57
00000000110011	93
00000000110100	74
00000000110101	87
00000000110110	57
00000000110111	91
00000000111000	78
00000000111001	110
00000000111010	71
00000000111011	100
00000000111100	74
00000000111101	105
00000000111110	99
00000000111111	91
00000001000000	85
00000001000001	123
00000001000010	68
00000001000011	140
00000001000100	71
00000001000101	128
00000001000110	67
00000001000111	136
00000001001000	119
00000001001001	140
00000001001010	88
00000001001011	119
00000001001100	89
00000001001101	116
00000001001110	63
00000001001111	130
00000001010000	38
00000001010001	102
00000001010010	34
00000001010011	84
00000001010100	41
00000001010101	110
00000001010110	64
00000001010111	104
00000001011000	52
00000001011001	148
00000001011010	56
00000001011011	115
00000001011100	63
00000001011101	165
00000001011110	62
00000001011111	116
00000001100000	98
00000001100001	114
00000001100010	97
00000001100011	157
00000001100100	127
00000001100101	164
00000001100110	81
00000001100111	110
00000001101000	106
00000001101001	161
00000001101010	134
00000001101011	100
00000001101100	99
00000001101101	143
00000001101110	84
00000001101111	94
00000001110000	44
00000001110001	168
00000001110010	36
00000001110011	107
00000001110100	68
00000001110101	136
00000001110110	59
00000001110111	107
00000001111000	85
00000001111001	148
00000001111010	60
00000001111011	133
00000001111100	84
00000001111101	132
00000001111110	68
00000001111111	145
00000010000000	67
00000010000001	79
00000010000010	55
00000010000011	142
00000010000100	80
00000010000101	124
00000010000110	94
00000010000111	129
00000010001000	99
00000010001001	100
00000010001010	109
00000010001011	108
00000010001100	80
00000010001101	82
00000010001110	114
00000010001111	101
00000010010000	46
00000010010001	73
00000010010010	51
00000010010011	104
00000010010100	37
00000010010101	129
00000010010110	52
00000010010111	138
00000010011000	51
00000010011001	123
00000010011010	64
00000010011011	98
00000010011100	81
00000010011101	70
00000010011110	49
00000010011111	153
00000010100000	149
00000010100001	153
00000010100010	83
00000010100011	114
00000010100100	121
00000010100101	157
00000010100110	79
00000010100111	134
00000010101000	109
00000010101001	127
00000010101010	86
00000010101011	124
00000010101100	99
00000010101101	137
00000010101110	115
00000010101111	99
00000010110000	60
00000010110001	76
00000010110010	50
00000010110011	110
00000010110100	41
00000010110101	72
00000010110110	57
00000010110111	100
00000010111000	72
00000010111001	113
00000010111010	51
00000010111011	142
00000010111100	81
00000010111101	137
00000010111110	72
00000010111111	118
00000011000000	90
00000011000001	196
00000011000010	91
00000011000011	169
00000011000100	113
00000011000101	195
00000011000110	135
00000011000111	184
00000011001000	106
00000011001001	160
00000011001010	122
00000011001011	135
00000011001100	125
00000011001101	157
00000011001110	116
00000011001111	153
00000011010000	62
00000011010001	113
00000011010010	44
00000011010011	131
00000011010100	46
00000011010101	170
00000011010110	68
00000011010111	180
00000011011000	89
00000011011001	117
00000011011010	94
00000011011011	123
00000011011100	72
00000011011101	202
00000011011110	91
00000011011111	138
00000011100000	145
00000011100001	172
00000011100010	116
00000011100011	155
00000011100100	93
00000011100101	230
00000011100110	131
00000011100111	193
00000011101000	156
00000011101001	237
00000011101010	117
00000011101011	184
00000011101100	126
00000011101101	204
00000011101110	108
00000011101111	232
00000011110000	83
00000011110001	153
00000011110010	89
00000011110011	114
00000011110100	88
00000011110101	212
00000011110110	70
00000011110111	174
00000011111000	111
00000011111001	180
00000011111010	94
00000011111011	176
00000011111100	126
00000011111101	220
00000011111110	115
00000011111111	156
00000100000000	93
00000100000001	93
00000100000010	80
00000100000011	74
00000100000100	60
00000100000101	83
00000100000110	70
00000100000111	125
00000100001000	61
00000100001001	55
00000100001010	71
00000100001011	60
00000100001100	72
00000100001101	58
00000100001110	57
00000100001111	80
00000100010000	51
00000100010001	40
00000100010010	34
00000100010011	52
00000100010100	36
00000100010101	40
00000100010110	38
00000100010111	66
00000100011000	49
00000100011001	64
00000100011010	54
00000100011011	74
00000100011100	38
00000100011101	45
00000100011110	43
00000100011111	66
00000100100000	61
00000100100001	103
00000100100010	84
00000100100011	97
00000100100100	57
00000100100101	100
00000100100110	70
00000100100111	90
00000100101000	79
00000100101001	83
00000100101010	80
00000100101011	103
00000100101100	102
00000100101101	62
00000100101110	69
00000100101111	100
00000100110000	47
00000100110001	92
00000100110010	48
00000100110011	84
00000100110100	39
00000100110101	80
00000100110110	26
00000100110111	102
00000100111000	75
00000100111001	82
00000100111010	39
00000100111011	83
00000100111100	58
00000100111101	92
00000100111110	57
00000100111111	109
00000101000000	53
00000101000001	121
00000101000010	47
00000101000011	119
00000101000100	96
00000101000101	140
00000101000110	53
00000101000111	83
00000101001000	73
00000101001001	96
00000101001010	55
00000101001011	116
00000101001100	65
00000101001101	75
00000101001110	63
00000101001111	99
00000101010000	33
00000101010001	80
00000101010010	40
00000101010011	81
00000101010100	34
00000101010101	82
00000101010110	37
00000101010111	96
00000101011000	58
00000101011001	141
00000101011010	41
00000101011011	119
00000101011100	70
00000101011101	65
00000101011110	53
00000101011111	104
00000101100000	56
00000101100001	123
00000101100010	46
00000101100011	125
00000101100100	77
00000101100101	141
00000101100110	61
00000101100111	123
00000101101000	59
00000101101001	114
00000101101010	69
00000101101011	102
00000101101100	98
00000101101101	157
00000101101110	79
00000101101111	85
00000101110000	35
00000101110001	129
00000101110010	41
00000101110011	118
00000101110100	44
00000101110101	105
00000101110110	37
00000101110111	68
00000101111000	59
00000101111001	124
00000101111010	28
00000101111011	126
00000101111100	53
00000101111101	108
00000101111110	67
00000101111111	111
00000110000000	82
00000110000001	101
00000110000010	104
00000110000011	129
00000110000100	82
00000110000101	136
00000110000110	132
00000110000111	121
00000110001000	82
00000110001001	87
00000110001010	98
00000110001011	106
00000110001100	91
00000110001101	104
00000110001110	107
00000110001111	113
00000110010000	48
00000110010001	82
00000110010010	40
00000110010011	96
00000110010100	55
00000110010101	84
00000110010110	49
00000110010111	104
00000110011000	84
00000110011001	93
00000110011010	71
00000110011011	72
00000110011100	74
00000110011101	100
00000110011110	63
00000110011111	111
00000110100000	101
00000110100001	124
00000110100010	62
00000110100011	120
00000110100100	124
00000110100101	116
00000110100110	98
00000110100111	129
00000110101000	99
00000110101001	120
00000110101010	117
00000110101011	95
00000110101100	88
00000110101101	114
00000110101110	77
00000110101111	105
00000110110000	52
00000110110001	102
00000110110010	74
00000110110011	142
00000110110100	60
00000110110101	154
00000110110110	56
00000110110111	113
00000110111000	98
00000110111001	128
00000110111010	72
00000110111011	108
00000110111100	75
00000110111101	81
00000110111110	77
00000110111111	95
00000111000000	162
00000111000001	173
00000111000010	107
00000111000011	158
00000111000100	167
00000111000101	182
00000111000110	100
00000111000111	257
00000111001000	122
00000111001001	180
00000111001010	176
00000111001011	178
00000111001100	185
00000111001101	143
00000111001110	126
00000111001111	143
00000111010000	84
00000111010001	187
00000111010010	93
00000111010011	95
00000111010100	51
00000111010101	184
00000111010110	79
00000111010111	168
00000111011000	127
00000111011001	172
00000111011010	85
00000111011011	161
00000111011100	116
00000111011101	145
00000111011110	131
00000111011111	175
00000111100000	144
00000111100001	194
00000111100010	81
00000111100011	169
00000111100100	166
00000111100101	237
00000111100110	131
00000111100111	155
00000111101000	163
00000111101001	161
00000111101010	153
00000111101011	162
00000111101100	152
00000111101101	235
00000111101110	124
00000111101111	144
00000111110000	74
00000111110001	213
00000111110010	85
00000111110011	160
00000111110100	96
00000111110101	189
00000111110110	76
00000111110111	157
00000111111000	144
00000111111001	203
00000111111010	89
00000111111011	157
00000111111100	130
00000111111101	207
00000111111110	104
00000111111111	135
00001000000000	98
00001000000001	141
00001000000010	106
00001000000011	158
00001000000100	93
00001000000101	119
00001000000110	93
00001000000111	138
00001000001000	123
00001000001001	184
00001000001010	129
00001000001011	127
00001000001100	137
00001000001101	133
00001000001110	86
00001000001111	129
00001000010000	62
00001000010001	76
00001000010010	79
00001000010011	104
00001000010100	75
00001000010101	97
00001000010110	54
00001000010111	161
00001000011000	60
00001000011001	136
00001000011010	109
00001000011011	146
00001000011100	68
00001000011101	148
00001000011110	78
00001000011111	100
00001000100000	127
00001000100001	165
00001000100010	142
00001000100011	163
00001000100100	118
00001000100101	136
00001000100110	105
00001000100111	182
00001000101000	132
00001000101001	151
00001000101010	141
00001000101011	181
00001000101100	166
00001000101101	126
00001000101110	91
00001000101111	157
00001000110000	91
00001000110001	169
00001000110010	78
00001000110011	140
00001000110100	95
00001000110101	103
00001000110110	67
00001000110111	120
00001000111000	82
00001000111001	136
00001000111010	98
00001000111011	147
00001000111100	93
00001000111101	94
00001000111110	104
00001000111111	162
00001001000000	83
00001001000001	173
00001001000010	69
00001001000011	170
00001001000100	108
00001001000101	176
00001001000110	83
00001001000111	181
00001001001000	124
00001001001001	222
00001001001010	121
00001001001011	150
00001001001100	107
00001001001101	174
00001001001110	112
00001001001111	175
00001001010000	45
00001001010001	119
00001001010010	45
00001001010011	163
00001001010100	78
00001001010101	191
00001001010110	52
00001001010111	160
00001001011000	82
00001001011001	152
00001001011010	44
00001001011011	153
00001001011100	90
00001001011101	201
00001001011110	91
00001001011111	110
00001001100000	140
00001001100001	224
00001001100010	92
00001001100011	248
00001001100100	109
00001001100101	213
00001001100110	97
00001001100111	181
00001001101000	201
00001001101001	169
00001001101010	132
00001001101011	167
00001001101100	147
00001001101101	207
00001001101110	126
00001001101111	201
00001001110000	69
00001001110001	179
00001001110010	73
00001001110011	185
00001001110100	97
00001001110101	193
00001001110110	88
00001001110111	177
00001001111000	119
00001001111001	205
00001001111010	84
00001001111011	148
00001001111100	108
00001001111101	254
00001001111110	134
00001001111111	136
00001010000000	127
00001010000001	104
00001010000010	105
00001010000011	206
00001010000100	154
00001010000101	152
00001010000110	175
00001010000111	199
00001010001000	120
00001010001001	145
00001010001010	151
00001010001011	163
00001010001100	146
00001010001101	164
00001010001110	144
00001010001111	144
00001010010000	66
00001010010001	101
00001010010010	87
00001010010011	167
00001010010100	80
00001010010101	108
00001010010110	71
00001010010111	167
00001010011000	103
00001010011001	128
00001010011010	98
00001010011011	156
00001010011100	86
00001010011101	151
00001010011110	108
00001010011111	167
00001010100000	163
00001010100001	225
00001010100010	146
00001010100011	256
00001010100100	153
00001010100101	194
00001010100110	137
00001010100111	221
00001010101000	133
00001010101001	186
00001010101010	178
00001010101011	177
00001010101100	179
00001010101101	169
00001010101110	152
00001010101111	202
00001010110000	87
00001010110001	153
00001010110010	58
00001010110011	185
00001010110100	101
00001010110101	184
00001010110110	84
00001010110111	166
00001010111000	139
00001010111001	188
00001010111010	116
00001010111011	183
00001010111100	113
00001010111101	143
00001010111110	83
00001010111111	162
00001011000000	142
00001011000001	208
00001011000010	168
00001011000011	204
00001011000100	136
00001011000101	233
00001011000110	172
00001011000111	251
00001011001000	167
00001011001001	220
00001011001010	234
00001011001011	206
00001011001100	168
00001011001101	244
00001011001110	171
00001011001111	184
00001011010000	67
00001011010001	239
00001011010010	66
00001011010011	277
00001011010100	94
00001011010101	230
00001011010110	110
00001011010111	246
00001011011000	131
00001011011001	223
00001011011010	142
00001011011011	191
00001011011100	153
00001011011101	268
00001011011110	170
00001011011111	278
00001011100000	173
00001011100001	345
00001011100010	158
00001011100011	269
00001011100100	218
00001011100101	325
00001011100110	171
00001011100111	275
00001011101000	285
00001011101001	310
00001011101010	197
00001011101011	224
00001011101100	230
00001011101101	281
00001011101110	210
00001011101111	257
00001011110000	110
00001011110001	274
00001011110010	106
00001011110011	172
00001011110100	127
00001011110101	180
00001011110110	141
00001011110111	228
00001011111000	169
00001011111001	215
00001011111010	135
00001011111011	216
00001011111100	177
00001011111101	258
00001011111110	163
00001011111111	230
00001100000000	129
00001100000001	99
00001100000010	116
00001100000011	114
00001100000100	91
00001100000101	108
00001100000110	95
00001100000111	136
00001100001000	85
00001100001001	108
00001100001010	118
00001100001011	90
00001100001100	100
00001100001101	90
00001100001110	94
00001100001111	111
00001100010000	28
00001100010001	96
00001100010010	49
00001100010011	109
00001100010100	70
00001100010101	69
00001100010110	69
00001100010111	112
00001100011000	84
00001100011001	83
00001100011010	52
00001100011011	93
00001100011100	69
00001100011101	104
00001100011110	84
00001100011111	82
00001100100000	106
00001100100001	137
00001100100010	91
00001100100011	130
00001100100100	93
00001100100101	128
00001100100110	101
00001100100111	142
00001100101000	145
00001100101001	120
00001100101010	105
00001100101011	149
00001100101100	118
00001100101101	123
00001100101110	116
00001100101111	121
00001100110000	34
00001100110001	75
00001100110010	72
00001100110011	104
00001100110100	71
00001100110101	129
00001100110110	51
00001100110111	149
00001100111000	78
00001100111001	117
00001100111010	96
00001100111011	102
00001100111100	84
00001100111101	157
00001100111110	86
00001100111111	142
00001101000000	73
00001101000001	125
00001101000010	85
00001101000011	128
00001101000100	110
00001101000101	158
00001101000110	83
00001101000111	139
00001101001000	100
00001101001001	120
00001101001010	89
00001101001011	109
00001101001100	69
00001101001101	124
00001101001110	96
00001101001111	128
00001101010000	63
00001101010001	112
00001101010010	47
00001101010011	114
00001101010100	66
00001101010101	148
00001101010110	60
00001101010111	120
00001101011000	65
00001101011001	132
00001101011010	60
00001101011011	101
00001101011100	81
00001101011101	135
00001101011110	64
00001101011111	133
00001101100000	75
00001101100001	169
00001101100010	63
00001101100011	138
00001101100100	105
00001101100101	233
00001101100110	79
00001101100111	216
00001101101000	142
00001101101001	220
00001101101010	84
00001101101011	119
00001101101100	107
00001101101101	132
00001101101110	136
00001101101111	166
00001101110000	75
00001101110001	119
00001101110010	51
00001101110011	126
00001101110100	70
00001101110101	125
00001101110110	61
00001101110111	186
00001101111000	101
00001101111001	155
00001101111010	61
00001101111011	120
00001101111100	67
00001101111101	159
00001101111110	69
00001101111111	131
00001110000000	113
00001110000001	132
00001110000010	109
00001110000011	195
00001110000100	153
00001110000101	201
00001110000110	151
00001110000111	218
00001110001000	134
00001110001001	178
00001110001010	169
00001110001011	134
00001110001100	116
00001110001101	184
00001110001110	204
00001110001111	220
00001110010000	47
00001110010001	154
00001110010010	93
00001110010011	115
00001110010100	80
00001110010101	185
00001110010110	74
00001110010111	183
00001110011000	107
00001110011001	171
00001110011010	145
00001110011011	172
00001110011100	104
00001110011101	137
00001110011110	116
00001110011111	144
00001110100000	155
00001110100001	253
00001110100010	146
00001110100011	215
00001110100100	180
00001110100101	229
00001110100110	164
00001110100111	202
00001110101000	169
00001110101001	198
00001110101010	153
00001110101011	212
00001110101100	184
00001110101101	247
00001110101110	160
00001110101111	209
00001110110000	71
00001110110001	207
00001110110010	78
00001110110011	161
00001110110100	98
00001110110101	162
00001110110110	109
00001110110111	180
00001110111000	145
00001110111001	226
00001110111010	143
00001110111011	230
00001110111100	97
00001110111101	146
00001110111110	132
00001110111111	202
00001111000000	166
00001111000001	267
00001111000010	114
00001111000011	297
00001111000100	156
00001111000101	299
00001111000110	201
00001111000111	299
00001111001000	209
00001111001001	228
00001111001010	224
00001111001011	337
00001111001100	190
00001111001101	323
00001111001110	169
00001111001111	241
00001111010000	100
00001111010001	223
00001111010010	96
00001111010011	210
00001111010100	114
00001111010101	326
00001111010110	133
00001111010111	279
00001111011000	122
00001111011001	256
00001111011010	149
00001111011011	247
00001111011100	157
00001111011101	256
00001111011110	155
00001111011111	256
00001111100000	235
00001111100001	347
00001111100010	223
00001111100011	295
00001111100100	236
00001111100101	422
00001111100110	173
00001111100111	316
00001111101000	205
00001111101001	300
00001111101010	183
00001111101011	198
00001111101100	265
00001111101101	351
00001111101110	220
00001111101111	272
00001111110000	98
00001111110001	281
00001111110010	112
00001111110011	246
00001111110100	172
00001111110101	326
00001111110110	132
00001111110111	278
00001111111000	155
00001111111001	277
00001111111010	144
00001111111011	285
00001111111100	139
00001111111101	292
00001111111110	151
00001111111111	177
00010000000000	116
00010000000001	166
00010000000010	141
00010000000011	168
00010000000100	145
00010000000101	161
00010000000110	118
00010000000111	141
00010000001000	149
00010000001001	128
00010000001010	109
00010000001011	196
00010000001100	115
00010000001101	92
00010000001110	161
00010000001111	146
00010000010000	61
00010000010001	107
00010000010010	90
00010000010011	143
00010000010100	81
00010000010101	134
00010000010110	88
00010000010111	120
00010000011000	93
00010000011001	102
00010000011010	115
00010000011011	171
00010000011100	74
00010000011101	157
00010000011110	104
00010000011111	112
00010000100000	109
00010000100001	159
00010000100010	119
00010000100011	158
00010000100100	162
00010000100101	151
00010000100110	114
00010000100111	190
00010000101000	174
00010000101001	201
00010000101010	174
00010000101011	158
00010000101100	171
00010000101101	218
00010000101110	132
00010000101111	176
00010000110000	70
00010000110001	145
00010000110010	70
00010000110011	136
00010000110100	97
00010000110101	148
00010000110110	88
00010000110111	140
00010000111000	112
00010000111001	167
00010000111010	118
00010000111011	179
00010000111100	146
00010000111101	156
00010000111110	103
00010000111111	165
00010001000000	91
00010001000001	160
00010001000010	114
00010001000011	182
00010001000100	145
00010001000101	219
00010001000110	125
00010001000111	192
00010001001000	141
00010001001001	225
00010001001010	111
00010001001011	177
00010001001100	163
00010001001101	165
00010001001110	140
00010001001111	172
00010001010000	65
00010001010001	184
00010001010010	55
00010001010011	196
00010001010100	94
00010001010101	193
00010001010110	72
00010001010111	185
00010001011000	109
00010001011001	130
00010001011010	113
00010001011011	166
00010001011100	121
00010001011101	164
00010001011110	115
00010001011111	191
00010001100000	139
00010001100001	244
00010001100010	138
00010001100011	207
00010001100100	176
00010001100101	217
00010001100110	131
00010001100111	209
00010001101000	137
00010001101001	258
00010001101010	146
00010001101011	164
00010001101100	136
00010001101101	202
00010001101110	120
00010001101111	164
00010001110000	97
00010001110001	165
00010001110010	83
00010001110011	205
00010001110100	109
00010001110101	197
00010001110110	96
00010001110111	188
00010001111000	107
00010001111001	265
00010001111010	92
00010001111011	175
00010001111100	152
00010001111101	234
00010001111110	121
00010001111111	184
00010010000000	148
00010010000001	154
00010010000010	162
00010010000011	211
00010010000100	119
00010010000101	226
00010010000110	163
00010010000111	247
00010010001000	173
00010010001001	171
00010010001010	150
00010010001011	272
00010010001100	157
00010010001101	175
00010010001110	149
00010010001111	192
00010010010000	82
00010010010001	126
00010010010010	91
00010010010011	197
00010010010100	96
00010010010101	184
00010010010110	111
00010010010111	152
00010010011000	116
00010010011001	153
00010010011010	137
00010010011011	182
00010010011100	100
00010010011101	170
00010010011110	115
00010010011111	178
00010010100000	158
00010010100001	187
00010010100010	164
00010010100011	188
00010010100100	150
00010010100101	216
00010010100110	200
00010010100111	205
00010010101000	172
00010010101001	244
00010010101010	160
00010010101011	247
00010010101100	176
00010010101101	209
00010010101110	172
00010010101111	178
00010010110000	78
00010010110001	161
00010010110010	81
00010010110011	165
00010010110100	101
00010010110101	168
00010010110110	82
00010010110111	175
00010010111000	175
00010010111001	204
00010010111010	149
00010010111011	181
00010010111100	129
00010010111101	185
00010010111110	159
00010010111111	220
00010011000000	158
00010011000001	217
00010011000010	141
00010011000011	243
00010011000100	197
00010011000101	250
00010011000110	173
00010011000111	235
00010011001000	188
00010011001001	236
00010011001010	194
00010011001011	325
00010011001100	178
00010011001101	281
00010011001110	154
00010011001111	232
00010011010000	120
00010011010001	248
00010011010010	97
00010011010011	253
00010011010100	132
00010011010101	280
00010011010110	143
00010011010111	273
00010011011000	114
00010011011001	301
00010011011010	156
00010011011011	229
00010011011100	158
00010011011101	251
00010011011110	136
00010011011111	234
00010011100000	180
00010011100001	371
00010011100010	196
00010011100011	337
00010011100100	195
00010011100101	260
00010011100110	221
00010011100111	233
00010011101000	218
00010011101001	377
00010011101010	168
00010011101011	243
00010011101100	194
00010011101101	246
00010011101110	161
00010011101111	233
00010011110000	133
00010011110001	340
00010011110010	106
00010011110011	217
00010011110100	154
00010011110101	380
00010011110110	117
00010011110111	273
00010011111000	171
00010011111001	309
00010011111010	159
00010011111011	255
00010011111100	203
00010011111101	283
00010011111110	168
00010011111111	252
00010100000000	93
00010100000001	109
00010100000010	99
00010100000011	181
00010100000100	76
00010100000101	161
00010100000110	113
00010100000111	140
00010100001000	123
00010100001001	113
00010100001010	123
00010100001011	135
00010100001100	103
00010100001101	108
00010100001110	83
00010100001111	134
00010100010000	44
00010100010001	121
00010100010010	67
00010100010011	83
00010100010100	59
00010100010101	95
00010100010110	63
00010100010111	121
00010100011000	78
00010100011001	112
00010100011010	98
00010100011011	162
00010100011100	97
00010100011101	102
00010100011110	102
00010100011111	142
00010100100000	109
00010100100001	140
00010100100010	99
00010100100011	145
00010100100100	117
00010100100101	190
00010100100110	101
00010100100111	188
00010100101000	138
00010100101001	103
00010100101010	144
00010100101011	148
00010100101100	107
00010100101101	107
00010100101110	111
00010100101111	77
00010100110000	85
00010100110001	95
00010100110010	53
00010100110011	155
00010100110100	70
00010100110101	152
00010100110110	87
00010100110111	100
00010100111000	97
00010100111001	129
00010100111010	106
00010100111011	116
00010100111100	109
00010100111101	137
00010100111110	79
00010100111111	129
00010101000000	110
00010101000001	165
00010101000010	85
00010101000011	200
00010101000100	131
00010101000101	162
00010101000110	94
00010101000111	146
00010101001000	89
00010101001001	124
00010101001010	100
00010101001011	119
00010101001100	99
00010101001101	231
00010101001110	100
00010101001111	120
00010101010000	56
00010101010001	189
00010101010010	65
00010101010011	150
00010101010100	71
00010101010101	160
00010101010110	57
00010101010111	116
00010101011000	75
00010101011001	166
00010101011010	86
00010101011011	165
00010101011100	108
00010101011101	135
00010101011110	101
00010101011111	174
00010101100000	120
00010101100001	297
00010101100010	89
00010101100011	174
00010101100100	136
00010101100101	243
00010101100110	115
00010101100111	173
00010101101000	154
00010101101001	208
00010101101010	122
00010101101011	125
00010101101100	134
00010101101101	197
00010101101110	105
00010101101111	126
00010101110000	48
00010101110001	189
00010101110010	67
00010101110011	177
00010101110100	87
00010101110101	232
00010101110110	95
00010101110111	159
00010101111000	109
00010101111001	233
00010101111010	117
00010101111011	166
00010101111100	123
00010101111101	257
00010101111110	93
00010101111111	165
00010110000000	150
00010110000001	242
00010110000010	165
00010110000011	191
00010110000100	174
00010110000101	181
00010110000110	161
00010110000111	244
00010110001000	163
00010110001001	185
00010110001010	212
00010110001011	229
00010110001100	230
00010110001101	211
00010110001110	163
00010110001111	243
00010110010000	100
00010110010001	213
00010110010010	103
00010110010011	213
00010110010100	128
00010110010101	201
00010110010110	115
00010110010111	179
00010110011000	148
00010110011001	185
00010110011010	147
00010110011011	254
00010110011100	147
00010110011101	172
00010110011110	113
00010110011111	147
00010110100000	168
00010110100001	295
00010110100010	161
00010110100011	241
00010110100100	193
00010110100101	288
00010110100110	187
00010110100111	224
00010110101000	211
00010110101001	236
00010110101010	208
00010110101011	265
00010110101100	215
00010110101101	196
00010110101110	222
00010110101111	249
00010110110000	73
00010110110001	202
00010110110010	156
00010110110011	215
00010110110100	99
00010110110101	245
00010110110110	133
00010110110111	226
00010110111000	176
00010110111001	288
00010110111010	158
00010110111011	253
00010110111100	132
00010110111101	158
00010110111110	169
00010110111111	208
00010111000000	206
00010111000001	319
00010111000010	162
00010111000011	335
00010111000100	247
00010111000101	288
00010111000110	227
00010111000111	398
00010111001000	248
00010111001001	332
00010111001010	194
00010111001011	327
00010111001100	248
00010111001101	338
00010111001110	165
00010111001111	247
00010111010000	158
00010111010001	241
00010111010010	126
00010111010011	340
00010111010100	132
00010111010101	226
00010111010110	153
00010111010111	243
00010111011000	171
00010111011001	311
00010111011010	166
00010111011011	366
00010111011100	202
00010111011101	249
00010111011110	151
00010111011111	291
00010111100000	240
00010111100001	411
00010111100010	197
00010111100011	315
00010111100100	242
00010111100101	392
00010111100110	187
00010111100111	310
00010111101000	329
00010111101001	313
00010111101010	291
00010111101011	341
00010111101100	299
00010111101101	316
00010111101110	201
00010111101111	247
00010111110000	165
00010111110001	312
00010111110010	87
00010111110011	286
00010111110100	139
00010111110101	352
00010111110110	128
00010111110111	345
00010111111000	190
00010111111001	429
00010111111010	179
00010111111011	284
00010111111100	234
00010111111101	320
00010111111110	211
00010111111111	237
00011000000000	88
00011000000001	129
00011000000010	114
00011000000011	75
00011000000100	94
00011000000101	134
00011000000110	93
00011000000111	98
00011000001000	94
00011000001001	140
00011000001010	147
00011000001011	114
00011000001100	93
00011000001101	140
00011000001110	91
00011000001111	96
00011000010000	79
00011000010001	81
00011000010010	49
00011000010011	118
00011000010100	60
00011000010101	100
00011000010110	67
00011000010111	104
00011000011000	67
00011000011001	90
00011000011010	112
00011000011011	111
00011000011100	72
00011000011101	63
00011000011110	59
00011000011111	86
00011000100000	134
00011000100001	161
00011000100010	86
00011000100011	134
00011000100100	104
00011000100101	138
00011000100110	89
00011000100111	100
00011000101000	122
00011000101001	132
00011000101010	114
00011000101011	135
00011000101100	113
00011000101101	165
00011000101110	97
00011000101111	116
00011000110000	50
00011000110001	132
00011000110010	75
00011000110011	132
00011000110100	72
00011000110101	86
00011000110110	65
00011000110111	115
00011000111000	92
00011000111001	127
00011000111010	92
00011000111011	139
00011000111100	67
00011000111101	122
00011000111110	74
00011000111111	99
00011001000000	125
00011001000001	196
00011001000010	108
00011001000011	135
00011001000100	100
00011001000101	187
00011001000110	132
00011001000111	160
00011001001000	102
00011001001001	142
00011001001010	114
00011001001011	119
00011001001100	88
00011001001101	168
00011001001110	90
00011001001111	157
00011001010000	52
00011001010001	130
00011001010010	66
00011001010011	109
00011001010100	55
00011001010101	148
00011001010110	77
00011001010111	85
00011001011000	116
00011001011001	151
00011001011010	85
00011001011011	117
00011001011100	69
00011001011101	157
00011001011110	68
00011001011111	106
00011001100000	107
00011001100001	182
00011001100010	86
00011001100011	165
00011001100100	161
00011001100101	230
00011001100110	111
00011001100111	171
00011001101000	145
00011001101001	145
00011001101010	90
00011001101011	188
00011001101100	144
00011001101101	165
00011001101110	83
00011001101111	110
00011001110000	79
00011001110001	149
00011001110010	62
00011001110011	130
00011001110100	90
00011001110101	220
00011001110110	79
00011001110111	170
00011001111000	109
00011001111001	200
00011001111010	94
00011001111011	153
00011001111100	103
00011001111101	161
00011001111110	98
00011001111111	138
00011010000000	97
00011010000001	177
00011010000010	121
00011010000011	181
00011010000100	119
00011010000101	137
00011010000110	127
00011010000111	139
00011010001000	154
00011010001001	170
00011010001010	178
00011010001011	153
00011010001100	93
00011010001101	127
00011010001110	102
00011010001111	146
00011010010000	63
00011010010001	116
00011010010010	94
00011010010011	187
00011010010100	90
00011010010101	105
00011010010110	86
00011010010111	161
00011010011000	85
00011010011001	185
00011010011010	99
00011010011011	153
00011010011100	83
00011010011101	173
00011010011110	117
00011010011111	133
00011010100000	142
00011010100001	165
00011010100010	126
00011010100011	215
00011010100100	129
00011010100101	187
00011010100110	136
00011010100111	124
00011010101000	137
00011010101001	209
00011010101010	100
00011010101011	198
00011010101100	145
00011010101101	154
00011010101110	122
00011010101111	127
00011010110000	72
00011010110001	173
00011010110010	64
00011010110011	125
00011010110100	68
00011010110101	200
00011010110110	52
00011010110111	134
00011010111000	119
00011010111001	148
00011010111010	115
00011010111011	145
00011010111100	111
00011010111101	175
00011010111110	92
00011010111111	143
00011011000000	149
00011011000001	200
00011011000010	134
00011011000011	276
00011011000100	138
00011011000101	211
00011011000110	153
00011011000111	188
00011011001000	160
00011011001001	206
00011011001010	175
00011011001011	189
00011011001100	170
00011011001101	162
00011011001110	132
00011011001111	176
00011011010000	54
00011011010001	200
00011011010010	68
00011011010011	208
00011011010100	102
00011011010101	222
00011011010110	88
00011011010111	167
00011011011000	139
00011011011001	203
00011011011010	84
00011011011011	179
00011011011100	129
00011011011101	145
00011011011110	127
00011011011111	169
00011011100000	167
00011011100001	334
00011011100010	144
00011011100011	148
00011011100100	164
00011011100101	269
00011011100110	171
00011011100111	169
00011011101000	170
00011011101001	290
00011011101010	172
00011011101011	185
00011011101100	214
00011011101101	228
00011011101110	156
00011011101111	191
00011011110000	104
00011011110001	242
00011011110010	78
00011011110011	161
00011011110100	92
00011011110101	185
00011011110110	90
00011011110111	211
00011011111000	125
00011011111001	282
00011011111010	137
00011011111011	207
00011011111100	140
00011011111101	211
00011011111110	114
00011011111111	183
00011100000000	73
00011100000001	122
00011100000010	67
00011100000011	97
00011100000100	78
00011100000101	104
00011100000110	65
00011100000111	130
00011100001000	95
00011100001001	114
00011100001010	96
00011100001011	100
00011100001100	83
00011100001101	108
00011100001110	65
00011100001111	85
00011100010000	54
00011100010001	114
00011100010010	43
00011100010011	76
00011100010100	60
00011100010101	110
00011100010110	39
00011100010111	111
00011100011000	48
00011100011001	80
00011100011010	41
00011100011011	107
00011100011100	65
00011100011101	106
00011100011110	50
00011100011111	88
00011100100000	86
00011100100001	92
00011100100010	76
00011100100011	116
00011100100100	78
00011100100101	128
00011100100110	92
00011100100111	105
00011100101000	55
00011100101001	93
00011100101010	65
00011100101011	122
00011100101100	88
00011100101101	124
00011100101110	101
00011100101111	98
00011100110000	54
00011100110001	87
00011100110010	63
00011100110011	92
00011100110100	69
00011100110101	110
00011100110110	52
00011100110111	74
00011100111000	71
00011100111001	97
00011100111010	68
00011100111011	127
00011100111100	62
00011100111101	91
00011100111110	73
00011100111111	91
00011101000000	77
00011101000001	200
00011101000010	86
00011101000011	135
00011101000100	107
00011101000101	146
00011101000110	71
00011101000111	105
00011101001000	91
00011101001001	118
00011101001010	69
00011101001011	94
00011101001100	91
00011101001101	121
00011101001110	123
00011101001111	96
00011101010000	55
00011101010001	127
00011101010010	53
00011101010011	112
00011101010100	50
00011101010101	141
00011101010110	61
00011101010111	132
00011101011000	63
00011101011001	106
00011101011010	53
00011101011011	111
00011101011100	90
00011101011101	144
00011101011110	45
00011101011111	149
00011101100000	99
00011101100001	163
00011101100010	70
00011101100011	116
00011101100100	74
00011101100101	166
00011101100110	59
00011101100111	131
00011101101000	107
00011101101001	170
00011101101010	78
00011101101011	173
00011101101100	119
00011101101101	117
00011101101110	109
00011101101111	133
00011101110000	61
00011101110001	165
00011101110010	59
00011101110011	92
00011101110100	59
00011101110101	152
00011101110110	78
00011101110111	145
00011101111000	76
00011101111001	129
00011101111010	74
00011101111011	122
00011101111100	68
00011101111101	138
00011101111110	87
00011101111111	131
00011110000000	123
00011110000001	145
00011110000010	111
00011110000011	181
00011110000100	145
00011110000101	149
00011110000110	148
00011110000111	202
00011110001000	119
00011110001001	137
00011110001010	115
00011110001011	160
00011110001100	152
00011110001101	139
00011110001110	133
00011110001111	167
00011110010000	63
00011110010001	145
00011110010010	66
00011110010011	128
00011110010100	65
00011110010101	105
00011110010110	91
00011110010111	189
00011110011000	108
00011110011001	177
00011110011010	102
00011110011011	155
00011110011100	91
00011110011101	133
00011110011110	103
00011110011111	177
00011110100000	106
00011110100001	171
00011110100010	138
00011110100011	176
00011110100100	134
00011110100101	135
00011110100110	92
00011110100111	201
00011110101000	182
00011110101001	191
00011110101010	182
00011110101011	185
00011110101100	134
00011110101101	168
00011110101110	135
00011110101111	192
00011110110000	75
00011110110001	166
00011110110010	90
00011110110011	160
00011110110100	80
00011110110101	151
00011110110110	86
00011110110111	167
00011110111000	175
00011110111001	187
00011110111010	119
00011110111011	168
00011110111100	125
00011110111101	142
00011110111110	110
00011110111111	142
00011111000000	139
00011111000001	202
00011111000010	152
00011111000011	299
00011111000100	121
00011111000101	243
00011111000110	160
00011111000111	256
00011111001000	198
00011111001001	234
00011111001010	159
00011111001011	199
00011111001100	151
00011111001101	237
00011111001110	167
00011111001111	178
00011111010000	72
00011111010001	168
00011111010010	73
00011111010011	166
00011111010100	111
00011111010101	197
00011111010110	117
00011111010111	223
00011111011000	102
00011111011001	275
00011111011010	122
00011111011011	239
00011111011100	119
00011111011101	234
00011111011110	103
00011111011111	272
00011111100000	146
00011111100001	317
00011111100010	139
00011111100011	233
00011111100100	253
00011111100101	340
00011111100110	179
00011111100111	254
00011111101000	230
00011111101001	254
00011111101010	149
00011111101011	223
00011111101100	178
00011111101101	277
00011111101110	157
00011111101111	228
00011111110000	113
00011111110001	205
00011111110010	84
00011111110011	150
00011111110100	140
00011111110101	244
00011111110110	132
00011111110111	308
00011111111000	165
00011111111001	270
00011111111010	139
00011111111011	187
00011111111100	177
00011111111101	273
00011111111110	145
00011111111111	251
00100000000000	98
00100000000001	113
00100000000010	112
00100000000011	146
00100000000100	118
00100000000101	87
00100000000110	83
00100000000111	126
00100000001000	119
00100000001001	134
00100000001010	106
00100000001011	130
00100000001100	86
00100000001101	130
00100000001110	83
00100000001111	84
00100000010000	45
00100000010001	91
00100000010010	54
00100000010011	119
00100000010100	35
00100000010101	111
00100000010110	67
00100000010111	123
00100000011000	79
00100000011001	111
00100000011010	88
00100000011011	120
00100000011100	63
00100000011101	110
00100000011110	85
00100000011111	91
00100000100000	114
00100000100001	137
00100000100010	111
00100000100011	162
00100000100100	109
00100000100101	130
00100000100110	98
00100000100111	140
00100000101000	125
00100000101001	122
00100000101010	101
00100000101011	130
00100000101100	137
00100000101101	127
00100000101110	103
00100000101111	93
00100000110000	60
00100000110001	93
00100000110010	55
00100000110011	157
00100000110100	65
00100000110101	127
00100000110110	72
00100000110111	137
00100000111000	68
00100000111001	145
00100000111010	95
00100000111011	120
00100000111100	97
00100000111101	98
00100000111110	98
00100000111111	104
00100001000000	105
00100001000001	176
00100001000010	75
00100001000011	170
00100001000100	60
00100001000101	177
00100001000110	87
00100001000111	166
00100001001000	113
00100001001001	173
00100001001010	104
00100001001011	140
00100001001100	127
00100001001101	112
00100001001110	69
00100001001111	118
00100001010000	45
00100001010001	119
00100001010010	37
00100001010011	163
00100001010100	81
00100001010101	134
00100001010110	51
00100001010111	142
00100001011000	95
00100001011001	202
00100001011010	55
00100001011011	158
00100001011100	82
00100001011101	125
00100001011110	80
00100001011111	133
00100001100000	107
00100001100001	175
00100001100010	105
00100001100011	177
00100001100100	146
00100001100101	248
00100001100110	102
00100001100111	188
00100001101000	99
00100001101001	177
00100001101010	138
00100001101011	173
00100001101100	116
00100001101101	163
00100001101110	112
00100001101111	135
00100001110000	88
00100001110001	178
00100001110010	67
00100001110011	115
00100001110100	84
00100001110101	186
00100001110110	64
00100001110111	154
00100001111000	90
00100001111001	172
00100001111010	77
00100001111011	154
00100001111100	115
00100001111101	199
00100001111110	84
00100001111111	160
00100010000000	80
00100010000001	186
00100010000010	92
00100010000011	117
00100010000100	161
00100010000101	176
00100010000110	120
00100010000111	123
00100010001000	79
00100010001001	169
00100010001010	125
00100010001011	101
00100010001100	97
00100010001101	129
00100010001110	128
00100010001111	102
00100010010000	51
00100010010001	149
00100010010010	57
00100010010011	134
00100010010100	49
00100010010101	103
00100010010110	79
00100010010111	126
00100010011000	89
00100010011001	131
00100010011010	67
00100010011011	168
00100010011100	73
00100010011101	85
00100010011110	129
00100010011111	103
00100010100000	107
00100010100001	208
00100010100010	79
00100010100011	120
00100010100100	143
00100010100101	205
00100010100110	142
00100010100111	219
00100010101000	133
00100010101001	137
00100010101010	134
00100010101011	117
00100010101100	118
00100010101101	133
00100010101110	130
00100010101111	137
00100010110000	65
00100010110001	140
00100010110010	51
00100010110011	163
00100010110100	94
00100010110101	188
00100010110110	76
00100010110111	175
00100010111000	102
00100010111001	178
00100010111010	112
00100010111011	209
00100010111100	103
00100010111101	165
00100010111110	98
00100010111111	150
00100011000000	136
00100011000001	201
00100011000010	134
00100011000011	209
00100011000100	108
00100011000101	180
00100011000110	141
00100011000111	175
00100011001000	123
00100011001001	175
00100011001010	163
00100011001011	180
00100011001100	116
00100011001101	152
00100011001110	109
00100011001111	154
00100011010000	92
00100011010001	152
00100011010010	66
00100011010011	184
00100011010100	74
00100011010101	173
00100011010110	80
00100011010111	190
00100011011000	118
00100011011001	182
00100011011010	117
00100011011011	153
00100011011100	92
00100011011101	257
00100011011110	108
00100011011111	187
00100011100000	156
00100011100001	229
00100011100010	181
00100011100011	202
00100011100100	172
00100011100101	303
00100011100110	173
00100011100111	239
00100011101000	206
00100011101001	232
00100011101010	162
00100011101011	223
00100011101100	186
00100011101101	204
00100011101110	123
00100011101111	255
00100011110000	107
00100011110001	237
00100011110010	94
00100011110011	178
00100011110100	118
00100011110101	230
00100011110110	94
00100011110111	208
00100011111000	125
00100011111001	220
00100011111010	103
00100011111011	258
00100011111100	135
00100011111101	232
00100011111110	97
00100011111111	146
00100100000000	78
00100100000001	77
00100100000010	97
00100100000011	136
00100100000100	78
00100100000101	101
00100100000110	52
00100100000111	117
00100100001000	58
00100100001001	83
00100100001010	79
00100100001011	84
00100100001100	79
00100100001101	73
00100100001110	82
00100100001111	81
00100100010000	47
00100100010001	62
00100100010010	52
00100100010011	81
00100100010100	54
00100100010101	79
00100100010110	39
00100100010111	96
00100100011000	58
00100100011001	95
00100100011010	68
00100100011011	145
00100100011100	64
00100100011101	65
00100100011110	81
00100100011111	78
00100100100000	100
00100100100001	135
00100100100010	95
00100100100011	119
00100100100100	94
00100100100101	144
00100100100110	95
00100100100111	123
00100100101000	82
00100100101001	92
00100100101010	103
00100100101011	120
00100100101100	103
00100100101101	90
00100100101110	85
00100100101111	89
00100100110000	48
00100100110001	97
00100100110010	38
00100100110011	112
00100100110100	50
00100100110101	129
00100100110110	40
00100100110111	88
00100100111000	45
00100100111001	107
00100100111010	74
00100100111011	99
00100100111100	72
00100100111101	90
00100100111110	76
00100100111111	125
00100101000000	64
00100101000001	121
00100101000010	59
00100101000011	191
00100101000100	77
00100101000101	120
00100101000110	45
00100101000111	130
00100101001000	101
00100101001001	133
00100101001010	73
00100101001011	108
00100101001100	66
00100101001101	108
00100101001110	57
00100101001111	86
00100101010000	63
00100101010001	147
00100101010010	26
00100101010011	108
00100101010100	69
00100101010101	84
00100101010110	49
00100101010111	126
00100101011000	54
00100101011001	145
00100101011010	53
00100101011011	143
00100101011100	53
00100101011101	103
00100101011110	47
00100101011111	120
00100101100000	91
00100101100001	127
00100101100010	80
00100101100011	152
00100101100100	98
00100101100101	200
00100101100110	82
00100101100111	143
00100101101000	72
00100101101001	208
00100101101010	74
00100101101011	124
00100101101100	72
00100101101101	150
00100101101110	81
00100101101111	76
00100101110000	51
00100101110001	180
00100101110010	39
00100101110011	82
00100101110100	87
00100101110101	172
00100101110110	54
00100101110111	130
00100101111000	93
00100101111001	115
00100101111010	58
00100101111011	100
00100101111100	82
00100101111101	134
00100101111110	61
00100101111111	127
00100110000000	100
00100110000001	128
00100110000010	124
00100110000011	148
00100110000100	140
00100110000101	126
00100110000110	100
00100110000111	162
00100110001000	121
00100110001001	134
00100110001010	114
00100110001011	133
00100110001100	72
00100110001101	127
00100110001110	134
00100110001111	145
00100110010000	79
00100110010001	103
00100110010010	54
00100110010011	168
00100110010100	68
00100110010101	134
00100110010110	91
00100110010111	153
00100110011000	87
00100110011001	119
00100110011010	104
00100110011011	166
00100110011100	124
00100110011101	125
00100110011110	109
00100110011111	91
00100110100000	151
00100110100001	180
00100110100010	90
00100110100011	169
00100110100100	147
00100110100101	222
00100110100110	113
00100110100111	168
00100110101000	132
00100110101001	178
00100110101010	171
00100110101011	156
00100110101100	168
00100110101101	110
00100110101110	128
00100110101111	170
00100110110000	52
00100110110001	155
00100110110010	74
00100110110011	126
00100110110100	79
00100110110101	134
00100110110110	89
00100110110111	162
00100110111000	100
00100110111001	170
00100110111010	88
00100110111011	115
00100110111100	99
00100110111101	173
00100110111110	130
00100110111111	149
00100111000000	159
00100111000001	217
00100111000010	167
00100111000011	247
00100111000100	149
00100111000101	271
00100111000110	174
00100111000111	229
00100111001000	152
00100111001001	211
00100111001010	149
00100111001011	156
00100111001100	168
00100111001101	179
00100111001110	133
00100111001111	178
00100111010000	78
00100111010001	175
00100111010010	71
00100111010011	208
00100111010100	85
00100111010101	182
00100111010110	98
00100111010111	193
00100111011000	116
00100111011001	260
00100111011010	119
00100111011011	223
00100111011100	158
00100111011101	212
00100111011110	134
00100111011111	228
00100111100000	174
00100111100001	354
00100111100010	145
00100111100011	176
00100111100100	175
00100111100101	271
00100111100110	142
00100111100111	292
00100111101000	161
00100111101001	254
00100111101010	206
00100111101011	250
00100111101100	175
00100111101101	232
00100111101110	160
00100111101111	185
00100111110000	134
00100111110001	253
00100111110010	73
00100111110011	293
00100111110100	119
00100111110101	226
00100111110110	136
00100111110111	223
00100111111000	143
00100111111001	241
00100111111010	135
00100111111011	224
00100111111100	97
00100111111101	225
00100111111110	109
00100111111111	170
00101000000000	142
00101000000001	165
00101000000010	123
00101000000011	171
00101000000100	120
00101000000101	175
00101000000110	84
00101000000111	177
00101000001000	141
00101000001001	138
00101000001010	163
00101000001011	114
00101000001100	123
00101000001101	159
00101000001110	130
00101000001111	185
00101000010000	87
00101000010001	118
00101000010010	79
00101000010011	123
00101000010100	54
00101000010101	152
00101000010110	67
00101000010111	165
00101000011000	128
00101000011001	190
00101000011010	117
00101000011011	168
00101000011100	89
00101000011101	117
00101000011110	127
00101000011111	152
00101000100000	169
00101000100001	181
00101000100010	154
00101000100011	180
00101000100100	130
00101000100101	218
00101000100110	132
00101000100111	232
00101000101000	183
00101000101001	194
00101000101010	161
00101000101011	189
00101000101100	157
00101000101101	163
00101000101110	128
00101000101111	174
00101000110000	88
00101000110001	169
00101000110010	95
00101000110011	160
00101000110100	80
00101000110101	179
00101000110110	80
00101000110111	169
00101000111000	143
00101000111001	157
00101000111010	102
00101000111011	180
00101000111100	147
00101000111101	161
00101000111110	139
00101000111111	133
00101001000000	146
00101001000001	249
00101001000010	130
00101001000011	157
00101001000100	123
00101001000101	204
00101001000110	112
00101001000111	197
00101001001000	169
00101001001001	239
00101001001010	117
00101001001011	165
00101001001100	117
00101001001101	153
00101001001110	111
00101001001111	166
00101001010000	71
00101001010001	153
00101001010010	83
00101001010011	206
00101001010100	79
00101001010101	238
00101001010110	81
00101001010111	199
00101001011000	121
00101001011001	159
00101001011010	129
00101001011011	200
00101001011100	87
00101001011101	186
00101001011110	102
00101001011111	216
00101001100000	115
00101001100001	256
00101001100010	122
00101001100011	237
00101001100100	162
00101001100101	332
00101001100110	163
00101001100111	260
00101001101000	182
00101001101001	236
00101001101010	141
00101001101011	303
00101001101100	147
00101001101101	297
00101001101110	148
00101001101111	175
00101001110000	76
00101001110001	215
00101001110010	74
00101001110011	154
00101001110100	95
00101001110101	285
00101001110110	90
00101001110111	210
00101001111000	113
00101001111001	200
00101001111010	117
00101001111011	202
00101001111100	121
00101001111101	220
00101001111110	101
00101001111111	296
00101010000000	164
00101010000001	189
00101010000010	172
00101010000011	156
00101010000100	183
00101010000101	213
00101010000110	159
00101010000111	279
00101010001000	177
00101010001001	183
00101010001010	207
00101010001011	364
00101010001100	154
00101010001101	160
00101010001110	162
00101010001111	245
00101010010000	92
00101010010001	137
00101010010010	87
00101010010011	194
00101010010100	119
00101010010101	196
00101010010110	92
00101010010111	292
00101010011000	153
00101010011001	280
00101010011010	164
00101010011011	237
00101010011100	158
00101010011101	150
00101010011110	135
00101010011111	251
00101010100000	142
00101010100001	229
00101010100010	163
00101010100011	225
00101010100100	176
00101010100101	316
00101010100110	185
00101010100111	254
00101010101000	301
00101010101001	365
00101010101010	221
00101010101011	262
00101010101100	220
00101010101101	284
00101010101110	245
00101010101111	221
00101010110000	92
00101010110001	258
00101010110010	91
00101010110011	203
00101010110100	108
00101010110101	230
00101010110110	114
00101010110111	262
00101010111000	162
00101010111001	207
00101010111010	111
00101010111011	261
00101010111100	151
00101010111101	206
00101010111110	120
00101010111111	198
00101011000000	179
00101011000001	296
00101011000010	171
00101011000011	269
00101011000100	189
00101011000101	407
00101011000110	200
00101011000111	315
00101011001000	195
00101011001001	365
00101011001010	164
00101011001011	313
00101011001100	172
00101011001101	308
00101011001110	203
00101011001111	301
00101011010000	119
00101011010001	204
00101011010010	148
00101011010011	187
00101011010100	150
00101011010101	336
00101011010110	170
00101011010111	271
00101011011000	176
00101011011001	307
00101011011010	124
00101011011011	290
00101011011100	139
00101011011101	285
00101011011110	163
00101011011111	237
00101011100000	285
00101011100001	343
00101011100010	151
00101011100011	383
00101011100100	274
00101011100101	489
00101011100110	213
00101011100111	340
00101011101000	270
00101011101001	367
00101011101010	247
00101011101011	349
00101011101100	288
00101011101101	392
00101011101110	266
00101011101111	274
00101011110000	132
00101011110001	314
00101011110010	138
00101011110011	308
00101011110100	185
00101011110101	422
00101011110110	137
00101011110111	315
00101011111000	214
00101011111001	390
00101011111010	203
00101011111011	251
00101011111100	221
00101011111101	309
00101011111110	156
00101011111111	239
00101100000000	78
00101100000001	107
00101100000010	113
00101100000011	133
00101100000100	95
00101100000101	81
00101100000110	100
00101100000111	171
00101100001000	114
00101100001001	116
00101100001010	130
00101100001011	134
00101100001100	134
00101100001101	118
00101100001110	94
00101100001111	93
00101100010000	51
00101100010001	104
00101100010010	68
00101100010011	150
00101100010100	49
00101100010101	120
00101100010110	63
00101100010111	94
00101100011000	78
00101100011001	134
00101100011010	84
00101100011011	118
00101100011100	69
00101100011101	164
00101100011110	84
00101100011111	110
00101100100000	97
00101100100001	130
00101100100010	106
00101100100011	149
00101100100100	102
00101100100101	159
00101100100110	151
00101100100111	159
00101100101000	157
00101100101001	157
00101100101010	121
00101100101011	185
00101100101100	123
00101100101101	151
00101100101110	136
00101100101111	119
00101100110000	82
00101100110001	106
00101100110010	42
00101100110011	157
00101100110100	73
00101100110101	144
00101100110110	66
00101100110111	105
00101100111000	132
00101100111001	183
00101100111010	92
00101100111011	129
00101100111100	96
00101100111101	105
00101100111110	98
00101100111111	100
00101101000000	97
00101101000001	160
00101101000010	99
00101101000011	157
00101101000100	84
00101101000101	143
00101101000110	82
00101101000111	136
00101101001000	100
00101101001001	119
00101101001010	77
00101101001011	168
00101101001100	116
00101101001101	126
00101101001110	85
00101101001111	154
00101101010000	56
00101101010001	145
00101101010010	46
00101101010011	148
00101101010100	73
00101101010101	104
00101101010110	42
00101101010111	127
00101101011000	75
00101101011001	201
00101101011010	60
00101101011011	149
00101101011100	70
00101101011101	146
00101101011110	73
00101101011111	142
00101101100000	92
00101101100001	208
00101101100010	112
00101101100011	181
00101101100100	141
00101101100101	273
00101101100110	121
00101101100111	219
00101101101000	136
00101101101001	173
00101101101010	119
00101101101011	218
00101101101100	145
00101101101101	222
00101101101110	106
00101101101111	203
00101101110000	57
00101101110001	201
00101101110010	61
00101101110011	155
00101101110100	75
00101101110101	197
00101101110110	66
00101101110111	178
00101101111000	112
00101101111001	236
00101101111010	89
00101101111011	169
00101101111100	108
00101101111101	169
00101101111110	89
00101101111111	200
00101110000000	148
00101110000001	262
00101110000010	173
00101110000011	273
00101110000100	161
00101110000101	318
00101110000110	206
00101110000111	221
00101110001000	185
00101110001001	188
00101110001010	155
00101110001011	227
00101110001100	212
00101110001101	226
00101110001110	156
00101110001111	177
00101110010000	99
00101110010001	178
00101110010010	113
00101110010011	189
00101110010100	85
00101110010101	244
00101110010110	92
00101110010111	196
00101110011000	130
00101110011001	201
00101110011010	161
00101110011011	246
00101110011100	119
00101110011101	203
00101110011110	132
00101110011111	177
00101110100000	163
00101110100001	364
00101110100010	165
00101110100011	272
00101110100100	243
00101110100101	300
00101110100110	235
00101110100111	261
00101110101000	269
00101110101001	285
00101110101010	236
00101110101011	226
00101110101100	197
00101110101101	267
00101110101110	238
00101110101111	265
00101110110000	95
00101110110001	222
00101110110010	116
00101110110011	207
00101110110100	96
00101110110101	256
00101110110110	157
00101110110111	242
00101110111000	140
00101110111001	240
00101110111010	142
00101110111011	266
00101110111100	147
00101110111101	228
00101110111110	160
00101110111111	243
00101111000000	175
00101111000001	273
00101111000010	222
00101111000011	311
00101111000100	227
00101111000101	329
00101111000110	172
00101111000111	299
00101111001000	250
00101111001001	282
00101111001010	203
00101111001011	306
00101111001100	185
00101111001101	300
00101111001110	175
00101111001111	284
00101111010000	150
00101111010001	260
00101111010010	99
00101111010011	338
00101111010100	113
00101111010101	339
00101111010110	142
00101111010111	389
00101111011000	191
00101111011001	355
00101111011010	210
00101111011011	278
00101111011100	228
00101111011101	334
00101111011110	150
00101111011111	273
00101111100000	289
00101111100001	308
00101111100010	227
00101111100011	351
00101111100100	300
00101111100101	445
00101111100110	224
00101111100111	408
00101111101000	320
00101111101001	319
00101111101010	236
00101111101011	350
00101111101100	364
00101111101101	386
00101111101110	252
00101111101111	344
00101111110000	127
00101111110001	333
00101111110010	122
00101111110011	278
00101111110100	170
00101111110101	380
00101111110110	162
00101111110111	302
00101111111000	191
00101111111001	385
00101111111010	175
00101111111011	373
00101111111100	262
00101111111101	459
00101111111110	209
00101111111111	346
00110000000000	103
00110000000001	161
00110000000010	156
00110000000011	201
00110000000100	135
00110000000101	130
00110000000110	132
00110000000111	183
00110000001000	151
00110000001001	145
00110000001010	190
00110000001011	162
00110000001100	130
00110000001101	190
00110000001110	133
00110000001111	136
00110000010000	61
00110000010001	140
00110000010010	102
00110000010011	186
00110000010100	96
00110000010101	179
00110000010110	68
00110000010111	152
00110000011000	123
00110000011001	170
00110000011010	141
00110000011011	175
00110000011100	103
00110000011101	106
00110000011110	88
00110000011111	131
00110000100000	174
00110000100001	253
00110000100010	194
00110000100011	241
00110000100100	170
00110000100101	167
00110000100110	131
00110000100111	205
00110000101000	205
00110000101001	198
00110000101010	212
00110000101011	159
00110000101100	192
00110000101101	139
00110000101110	195
00110000101111	164
00110000110000	107
00110000110001	212
00110000110010	78
00110000110011	175
00110000110100	121
00110000110101	189
00110000110110	103
00110000110111	203
00110000111000	145
00110000111001	178
00110000111010	115
00110000111011	176
00110000111100	157
00110000111101	208
00110000111110	108
00110000111111	189
00110001000000	161
00110001000001	178
00110001000010	126
00110001000011	223
00110001000100	115
00110001000101	238
00110001000110	98
00110001000111	169
00110001001000	135
00110001001001	275
00110001001010	144
00110001001011	155
00110001001100	102
00110001001101	186
00110001001110	103
00110001001111	83
00110001010000	121
00110001010001	212
00110001010010	97
00110001010011	200
00110001010100	89
00110001010101	227
00110001010110	73
00110001010111	238
00110001011000	127
00110001011001	146
00110001011010	95
00110001011011	239
00110001011100	116
00110001011101	204
00110001011110	110
00110001011111	184
00110001100000	170
00110001100001	240
00110001100010	185
00110001100011	215
00110001100100	152
00110001100101	291
00110001100110	161
00110001100111	197
00110001101000	157
00110001101001	253
00110001101010	169
00110001101011	246
00110001101100	178
00110001101101	275
00110001101110	146
00110001101111	159
00110001110000	78
00110001110001	258
00110001110010	91
00110001110011	186
00110001110100	116
00110001110101	339
00110001110110	66
00110001110111	266
00110001111000	139
00110001111001	324
00110001111010	135
00110001111011	237
00110001111100	173
00110001111101	220
00110001111110	118
00110001111111	209
00110010000000	218
00110010000001	277
00110010000010	154
00110010000011	276
00110010000100	163
00110010000101	193
00110010000110	149
00110010000111	234
00110010001000	202
00110010001001	310
00110010001010	170
00110010001011	258
00110010001100	191
00110010001101	143
00110010001110	157
00110010001111	236
00110010010000	80
00110010010001	197
00110010010010	83
00110010010011	200
00110010010100	117
00110010010101	142
00110010010110	106
00110010010111	212
00110010011000	147
00110010011001	189
00110010011010	166
00110010011011	251
00110010011100	130
00110010011101	197
00110010011110	131
00110010011111	223
00110010100000	231
00110010100001	313
00110010100010	163
00110010100011	267
00110010100100	229
00110010100101	283
00110010100110	204
00110010100111	197
00110010101000	243
00110010101001	289
00110010101010	266
00110010101011	237
00110010101100	207
00110010101101	234
00110010101110	208
00110010101111	238
00110010110000	124
00110010110001	200
00110010110010	111
00110010110011	189
00110010110100	183
00110010110101	239
00110010110110	129
00110010110111	265
00110010111000	192
00110010111001	277
00110010111010	201
00110010111011	295
00110010111100	148
00110010111101	216
00110010111110	144
00110010111111	247
00110011000000	252
00110011000001	290
00110011000010	195
00110011000011	311
00110011000100	174
00110011000101	309
00110011000110	146
00110011000111	263
00110011001000	225
00110011001001	423
00110011001010	201
00110011001011	264
00110011001100	206
00110011001101	202
00110011001110	228
00110011001111	212
00110011010000	139
00110011010001	266
00110011010010	136
00110011010011	290
00110011010100	145
00110011010101	262
00110011010110	131
00110011010111	362
00110011011000	156
00110011011001	319
00110011011010	133
00110011011011	279
00110011011100	132
00110011011101	250
00110011011110	185
00110011011111	268
00110011100000	237
00110011100001	399
00110011100010	227
00110011100011	351
00110011100100	265
00110011100101	331
00110011100110	259
00110011100111	282
00110011101000	236
00110011101001	476
00110011101010	276
00110011101011	356
00110011101100	326
00110011101101	337
00110011101110	218
00110011101111	324
00110011110000	157
00110011110001	318
00110011110010	98
00110011110011	293
00110011110100	166
00110011110101	476
00110011110110	151
00110011110111	270
00110011111000	235
00110011111001	346
00110011111010	163
00110011111011	429
00110011111100	209
00110011111101	330
00110011111110	177
00110011111111	369
00110100000000	87
00110100000001	164
00110100000010	122
00110100000011	138
00110100000100	89
00110100000101	123
00110100000110	105
00110100000111	118
00110100001000	78
00110100001001	166
00110100001010	87
00110100001011	134
00110100001100	116
00110100001101	156
00110100001110	120
00110100001111	125
00110100010000	75
00110100010001	118
00110100010010	75
00110100010011	180
00110100010100	64
00110100010101	112
00110100010110	80
00110100010111	150
00110100011000	89
00110100011001	104
00110100011010	100
00110100011011	110
00110100011100	76
00110100011101	133
00110100011110	91
00110100011111	128
00110100100000	152
00110100100001	213
00110100100010	112
00110100100011	200
00110100100100	163
00110100100101	202
00110100100110	109
00110100100111	135
00110100101000	151
00110100101001	156
00110100101010	149
00110100101011	174
00110100101100	168
00110100101101	165
00110100101110	124
00110100101111	136
00110100110000	70
00110100110001	114
00110100110010	98
00110100110011	147
00110100110100	103
00110100110101	133
00110100110110	115
00110100110111	147
00110100111000	118
00110100111001	137
00110100111010	102
00110100111011	137
00110100111100	112
00110100111101	144
00110100111110	82
00110100111111	135
00110101000000	95
00110101000001	218
00110101000010	95
00110101000011	201
00110101000100	128
00110101000101	207
00110101000110	91
00110101000111	188
00110101001000	151
00110101001001	156
00110101001010	86
00110101001011	147
00110101001100	127
00110101001101	150
00110101001110	80
00110101001111	110
00110101010000	91
00110101010001	240
00110101010010	57
00110101010011	129
00110101010100	86
00110101010101	188
00110101010110	79
00110101010111	192
00110101011000	116
00110101011001	180
00110101011010	81
00110101011011	187
00110101011100	111
00110101011101	199
00110101011110	63
00110101011111	145
00110101100000	135
00110101100001	335
00110101100010	124
00110101100011	202
00110101100100	167
00110101100101	281
00110101100110	148
00110101100111	211
00110101101000	177
00110101101001	200
00110101101010	134
00110101101011	176
00110101101100	139
00110101101101	238
00110101101110	101
00110101101111	185
00110101110000	94
00110101110001	275
00110101110010	86
00110101110011	208
00110101110100	88
00110101110101	262
00110101110110	60
00110101110111	267
00110101111000	106
00110101111001	252
00110101111010	123
00110101111011	208
00110101111100	138
00110101111101	268
00110101111110	115
00110101111111	211
00110110000000	146
00110110000001	303
00110110000010	183
00110110000011	251
00110110000100	223
00110110000101	219
00110110000110	226
00110110000111	278
00110110001000	204
00110110001001	245
00110110001010	228
00110110001011	225
00110110001100	177
00110110001101	176
00110110001110	193
00110110001111	224
00110110010000	108
00110110010001	213
00110110010010	119
00110110010011	246
00110110010100	124
00110110010101	247
00110110010110	144
00110110010111	264
00110110011000	134
00110110011001	196
00110110011010	165
00110110011011	285
00110110011100	186
00110110011101	274
00110110011110	168
00110110011111	282
00110110100000	231
00110110100001	301
00110110100010	230
00110110100011	347
00110110100100	223
00110110100101	324
00110110100110	257
00110110100111	308
00110110101000	264
00110110101001	306
00110110101010	261
00110110101011	216
00110110101100	247
00110110101101	259
00110110101110	235
00110110101111	243
00110110110000	115
00110110110001	286
00110110110010	137
00110110110011	216
00110110110100	158
00110110110101	225
00110110110110	143
00110110110111	280
00110110111000	179
00110110111001	326
00110110111010	218
00110110111011	302
00110110111100	180
00110110111101	320
00110110111110	199
00110110111111	288
00110111000000	252
00110111000001	444
00110111000010	229
00110111000011	392
00110111000100	224
00110111000101	376
00110111000110	222
00110111000111	341
00110111001000	282
00110111001001	409
00110111001010	225
00110111001011	262
00110111001100	174
00110111001101	228
00110111001110	233
00110111001111	279
00110111010000	190
00110111010001	340
00110111010010	118
00110111010011	340
00110111010100	175
00110111010101	322
00110111010110	160
00110111010111	368
00110111011000	231
00110111011001	413
00110111011010	185
00110111011011	342
00110111011100	215
00110111011101	309
00110111011110	175
00110111011111	421
00110111100000	336
00110111100001	456
00110111100010	191
00110111100011	430
00110111100100	297
00110111100101	511
00110111100110	325
00110111100111	394
00110111101000	343
00110111101001	489
00110111101010	300
00110111101011	309
00110111101100	322
00110111101101	531
00110111101110	219
00110111101111	334
00110111110000	212
00110111110001	436
00110111110010	171
00110111110011	329
00110111110100	223
00110111110101	438
00110111110110	190
00110111110111	331
00110111111000	269
00110111111001	322
00110111111010	229
00110111111011	349
00110111111100	291
00110111111101	396
00110111111110	223
00110111111111	353
00111000000000	75
00111000000001	146
00111000000010	134
00111000000011	113
00111000000100	145
00111000000101	151
00111000000110	75
00111000000111	103
00111000001000	125
00111000001001	142
00111000001010	149
00111000001011	116
00111000001100	103
00111000001101	158
00111000001110	110
00111000001111	112
00111000010000	80
00111000010001	122
00111000010010	63
00111000010011	125
00111000010100	71
00111000010101	88
00111000010110	76
00111000010111	132
00111000011000	114
00111000011001	79
00111000011010	142
00111000011011	131
00111000011100	85
00111000011101	117
00111000011110	83
00111000011111	148
00111000100000	146
00111000100001	174
00111000100010	122
00111000100011	177
00111000100100	106
00111000100101	189
00111000100110	123
00111000100111	163
00111000101000	166
00111000101001	175
00111000101010	145
00111000101011	150
00111000101100	121
00111000101101	182
00111000101110	96
00111000101111	161
00111000110000	88
00111000110001	150
00111000110010	54
00111000110011	131
00111000110100	103
00111000110101	133
00111000110110	76
00111000110111	150
00111000111000	94
00111000111001	153
00111000111010	127
00111000111011	176
00111000111100	105
00111000111101	172
00111000111110	105
00111000111111	141
00111001000000	140
00111001000001	153
00111001000010	92
00111001000011	213
00111001000100	74
00111001000101	155
00111001000110	105
00111001000111	151
00111001001000	124
00111001001001	166
00111001001010	87
00111001001011	133
00111001001100	86
00111001001101	169
00111001001110	83
00111001001111	131
00111001010000	73
00111001010001	157
00111001010010	55
00111001010011	134
00111001010100	62
00111001010101	176
00111001010110	68
00111001010111	165
00111001011000	165
00111001011001	188
00111001011010	108
00111001011011	173
00111001011100	110
00111001011101	192
00111001011110	96
00111001011111	144
00111001100000	159
00111001100001	240
00111001100010	125
00111001100011	164
00111001100100	192
00111001100101	210
00111001100110	160
00111001100111	178
00111001101000	177
00111001101001	230
00111001101010	119
00111001101011	161
00111001101100	167
00111001101101	270
00111001101110	180
00111001101111	136
00111001110000	90
00111001110001	146
00111001110010	49
00111001110011	159
00111001110100	129
00111001110101	313
00111001110110	95
00111001110111	230
00111001111000	98
00111001111001	177
00111001111010	110
00111001111011	182
00111001111100	124
00111001111101	204
00111001111110	150
00111001111111	177
00111010000000	103
00111010000001	246
00111010000010	148
00111010000011	149
00111010000100	150
00111010000101	170
00111010000110	136
00111010000111	160
00111010001000	147
00111010001001	193
00111010001010	163
00111010001011	201
00111010001100	107
00111010001101	213
00111010001110	129
00111010001111	191
00111010010000	95
00111010010001	162
00111010010010	107
00111010010011	143
00111010010100	68
00111010010101	151
00111010010110	89
00111010010111	202
00111010011000	108
00111010011001	184
00111010011010	120
00111010011011	162
00111010011100	105
00111010011101	151
00111010011110	149
00111010011111	144
00111010100000	166
00111010100001	177
00111010100010	154
00111010100011	239
00111010100100	126
00111010100101	198
00111010100110	175
00111010100111	264
00111010101000	218
00111010101001	167
00111010101010	176
00111010101011	257
00111010101100	160
00111010101101	161
00111010101110	169
00111010101111	183
00111010110000	112
00111010110001	192
00111010110010	105
00111010110011	191
00111010110100	100
00111010110101	172
00111010110110	88
00111010110111	164
00111010111000	129
00111010111001	215
00111010111010	135
00111010111011	265
00111010111100	111
00111010111101	149
00111010111110	120
00111010111111	181
00111011000000	154
00111011000001	270
00111011000010	149
00111011000011	268
00111011000100	166
00111011000101	302
00111011000110	152
00111011000111	223
00111011001000	190
00111011001001	159
00111011001010	223
00111011001011	162
00111011001100	138
00111011001101	289
00111011001110	119
00111011001111	181
00111011010000	83
00111011010001	209
00111011010010	100
00111011010011	232
00111011010100	133
00111011010101	200
00111011010110	101
00111011010111	220
00111011011000	110
00111011011001	295
00111011011010	130
00111011011011	302
00111011011100	156
00111011011101	195
00111011011110	120
00111011011111	229
00111011100000	204
00111011100001	300
00111011100010	203
00111011100011	353
00111011100100	216
00111011100101	326
00111011100110	182
00111011100111	315
00111011101000	253
00111011101001	261
00111011101010	205
00111011101011	222
00111011101100	246
00111011101101	295
00111011101110	204
00111011101111	218
00111011110000	130
00111011110001	274
00111011110010	117
00111011110011	275
00111011110100	189
00111011110101	248
00111011110110	116
00111011110111	288
00111011111000	173
00111011111001	270
00111011111010	167
00111011111011	308
00111011111100	206
00111011111101	251
00111011111110	179
00111011111111	234
00111100000000	83
00111100000001	113
00111100000010	107
00111100000011	106
00111100000100	57
00111100000101	103
00111100000110	108
00111100000111	134
00111100001000	101
00111100001001	83
00111100001010	77
00111100001011	114
00111100001100	106
00111100001101	116
00111100001110	108
00111100001111	100
00111100010000	56
00111100010001	107
00111100010010	74
00111100010011	90
00111100010100	56
00111100010101	76
00111100010110	44
00111100010111	107
00111100011000	77
00111100011001	96
00111100011010	79
00111100011011	143
00111100011100	68
00111100011101	71
00111100011110	79
00111100011111	137
00111100100000	96
00111100100001	139
00111100100010	94
00111100100011	147
00111100100100	106
00111100100101	111
00111100100110	110
00111100100111	161
00111100101000	99
00111100101001	142
00111100101010	90
00111100101011	110
00111100101100	112
00111100101101	119
00111100101110	98
00111100101111	120
00111100110000	57
00111100110001	81
00111100110010	70
00111100110011	130
00111100110100	72
00111100110101	155
00111100110110	48
00111100110111	126
00111100111000	93
00111100111001	129
00111100111010	69
00111100111011	115
00111100111100	82
00111100111101	171
00111100111110	79
00111100111111	89
00111101000000	108
00111101000001	188
00111101000010	74
00111101000011	125
00111101000100	145
00111101000101	148
00111101000110	93
00111101000111	155
00111101001000	76
00111101001001	174
00111101001010	66
00111101001011	120
00111101001100	95
00111101001101	174
00111101001110	64
00111101001111	87
00111101010000	44
00111101010001	165
00111101010010	98
00111101010011	137
00111101010100	80
00111101010101	136
00111101010110	56
00111101010111	169
00111101011000	64
00111101011001	149
00111101011010	77
00111101011011	193
00111101011100	93
00111101011101	107
00111101011110	58
00111101011111	163
00111101100000	108
00111101100001	246
00111101100010	108
00111101100011	156
00111101100100	140
00111101100101	172
00111101100110	103
00111101100111	195
00111101101000	96
00111101101001	212
00111101101010	128
00111101101011	131
00111101101100	152
00111101101101	165
00111101101110	128
00111101101111	168
00111101110000	41
00111101110001	177
00111101110010	59
00111101110011	146
00111101110100	62
00111101110101	174
00111101110110	81
00111101110111	212
00111101111000	107
00111101111001	162
00111101111010	97
00111101111011	173
00111101111100	94
00111101111101	149
00111101111110	94
00111101111111	168
00111110000000	161
00111110000001	222
00111110000010	179
00111110000011	223
00111110000100	194
00111110000101	175
00111110000110	133
00111110000111	165
00111110001000	181
00111110001001	205
00111110001010	141
00111110001011	195
00111110001100	185
00111110001101	145
00111110001110	140
00111110001111	132
00111110010000	59
00111110010001	180
00111110010010	89
00111110010011	193
00111110010100	85
00111110010101	149
00111110010110	111
00111110010111	175
00111110011000	138
00111110011001	216
00111110011010	142
00111110011011	188
00111110011100	119
00111110011101	152
00111110011110	137
00111110011111	182
00111110100000	138
00111110100001	248
00111110100010	160
00111110100011	265
00111110100100	205
00111110100101	279
00111110100110	171
00111110100111	190
00111110101000	226
00111110101001	294
00111110101010	200
00111110101011	212
00111110101100	202
00111110101101	186
00111110101110	198
00111110101111	218
00111110110000	98
00111110110001	195
00111110110010	81
00111110110011	229
00111110110100	100
00111110110101	165
00111110110110	96
00111110110111	255
00111110111000	190
00111110111001	245
00111110111010	138
00111110111011	248
00111110111100	116
00111110111101	203
00111110111110	127
00111110111111	191
00111111000000	171
00111111000001	230
00111111000010	182
00111111000011	271
00111111000100	164
00111111000101	303
00111111000110	137
00111111000111	293
00111111001000	234
00111111001001	251
00111111001010	179
00111111001011	329
00111111001100	152
00111111001101	295
00111111001110	177
00111111001111	236
00111111010000	127
00111111010001	225
00111111010010	88
00111111010011	205
00111111010100	123
00111111010101	286
00111111010110	142
00111111010111	233
00111111011000	178
00111111011001	315
00111111011010	168
00111111011011	222
00111111011100	142
00111111011101	209
00111111011110	132
00111111011111	269
00111111100000	275
00111111100001	376
00111111100010	224
00111111100011	302
00111111100100	271
00111111100101	347
00111111100110	198
00111111100111	350
00111111101000	257
00111111101001	378
00111111101010	216
00111111101011	291
00111111101100	227
00111111101101	268
00111111101110	237
00111111101111	335
00111111110000	132
00111111110001	274
00111111110010	121
00111111110011	263
00111111110100	142
00111111110101	330
00111111110110	146
00111111110111	278
00111111111000	205
00111111111001	355
00111111111010	147
00111111111011	263
00111111111100	193
00111111111101	325
00111111111110	184
00111111111111	308
01000000000000	97
01000000000001	99
01000000000010	56
01000000000011	101
01000000000100	60
01000000000101	95
01000000000110	78
01000000000111	121
01000000001000	91
01000000001001	74
01000000001010	117
01000000001011	68
01000000001100	67
01000000001101	99
01000000001110	63
01000000001111	109
01000000010000	53
01000000010001	67
01000000010010	46
01000000010011	66
01000000010100	33
01000000010101	79
01000000010110	51
01000000010111	61
01000000011000	63
01000000011001	72
01000000011010	53
01000000011011	71
01000000011100	86
01000000011101	76
01000000011110	52
01000000011111	61
01000000100000	80
01000000100001	86
01000000100010	94
01000000100011	92
01000000100100	81
01000000100101	85
01000000100110	80
01000000100111	98
01000000101000	80
01000000101001	118
01000000101010	93
01000000101011	89
01000000101100	107
01000000101101	108
01000000101110	50
01000000101111	90
01000000110000	50
01000000110001	86
01000000110010	64
01000000110011	93
01000000110100	64
01000000110101	84
01000000110110	52
01000000110111	91
01000000111000	69
01000000111001	94
01000000111010	78
01000000111011	107
01000000111100	57
01000000111101	86
01000000111110	66
01000000111111	74
01000001000000	63
01000001000001	132
01000001000010	62
01000001000011	123
01000001000100	70
01000001000101	148
01000001000110	55
01000001000111	93
01000001001000	95
01000001001001	134
01000001001010	55
01000001001011	104
01000001001100	76
01000001001101	96
01000001001110	70
01000001001111	108
01000001010000	38
01000001010001	82
01000001010010	39
01000001010011	112
01000001010100	55
01000001010101	147
01000001010110	34
01000001010111	120
01000001011000	60
01000001011001	114
01000001011010	54
01000001011011	85
01000001011100	73
01000001011101	142
01000001011110	53
01000001011111	76
01000001100000	68
01000001100001	126
01000001100010	72
01000001100011	110
01000001100100	82
01000001100101	159
01000001100110	57
01000001100111	121
01000001101000	98
01000001101001	121
01000001101010	85
01000001101011	77
01000001101100	68
01000001101101	128
01000001101110	71
01000001101111	80
01000001110000	35
01000001110001	100
01000001110010	35
01000001110011	81
01000001110100	69
01000001110101	143
01000001110110	59
01000001110111	88
01000001111000	83
01000001111001	147
01000001111010	58
01000001111011	117
01000001111100	80
01000001111101	108
01000001111110	66
01000001111111	78
01000010000000	76
01000010000001	109
01000010000010	66
01000010000011	112
01000010000100	68
01000010000101	97
01000010000110	65
01000010000111	121
01000010001000	94
01000010001001	86
01000010001010	98
01000010001011	132
01000010001100	58
01000010001101	67
01000010001110	71
01000010001111	102
01000010010000	49
01000010010001	77
01000010010010	34
01000010010011	74
01000010010100	52
01000010010101	82
01000010010110	53
01000010010111	91
01000010011000	27
01000010011001	86
01000010011010	40
01000010011011	114
01000010011100	56
01000010011101	92
01000010011110	75
01000010011111	90
01000010100000	90
01000010100001	151
01000010100010	68
01000010100011	84
01000010100100	84
01000010100101	112
01000010100110	75
01000010100111	140
01000010101000	117
01000010101001	91
01000010101010	99
01000010101011	98
01000010101100	84
01000010101101	79
01000010101110	93
01000010101111	120
01000010110000	56
01000010110001	80
01000010110010	45
01000010110011	108
01000010110100	47
01000010110101	112
01000010110110	45
01000010110111	95
01000010111000	79
01000010111001	109
01000010111010	63
01000010111011	108
01000010111100	75
01000010111101	119
01000010111110	57
01000010111111	85
01000011000000	97
01000011000001	161
01000011000010	105
01000011000011	115
01000011000100	93
01000011000101	126
01000011000110	103
01000011000111	117
01000011001000	123
01000011001001	104
01000011001010	85
01000011001011	125
01000011001100	110
01000011001101	118
01000011001110	89
01000011001111	163
01000011010000	59
01000011010001	97
01000011010010	39
01000011010011	106
01000011010100	47
01000011010101	167
01000011010110	59
01000011010111	157
01000011011000	66
01000011011001	112
01000011011010	81
01000011011011	122
01000011011100	73
01000011011101	161
01000011011110	92
01000011011111	142
01000011100000	115
01000011100001	140
01000011100010	100
01000011100011	162
01000011100100	125
01000011100101	127
01000011100110	87
01000011100111	108
01000011101000	116
01000011101001	138
01000011101010	72
01000011101011	108
01000011101100	145
01000011101101	117
01000011101110	74
01000011101111	121
01000011110000	68
01000011110001	167
01000011110010	69
01000011110011	67
01000011110100	99
01000011110101	180
01000011110110	61
01000011110111	144
01000011111000	97
01000011111001	180
01000011111010	82
01000011111011	132
01000011111100	104
01000011111101	167
01000011111110	106
01000011111111	145
01000100000000	73
01000100000001	93
01000100000010	63
01000100000011	79
01000100000100	57
01000100000101	63
01000100000110	56
01000100000111	70
01000100001000	61
01000100001001	69
01000100001010	60
01000100001011	63
01000100001100	74
01000100001101	83
01000100001110	79
01000100001111	84
01000100010000	32
01000100010001	68
01000100010010	42
01000100010011	51
01000100010100	22
01000100010101	66
01000100010110	29
01000100010111	95
01000100011000	46
01000100011001	87
01000100011010	68
01000100011011	71
01000100011100	43
01000100011101	76
01000100011110	65
01000100011111	78
01000100100000	59
01000100100001	103
01000100100010	47
01000100100011	68
01000100100100	74
01000100100101	117
01000100100110	86
01000100100111	121
01000100101000	86
01000100101001	63
01000100101010	72
01000100101011	77
01000100101100	79
01000100101101	112
01000100101110	89
01000100101111	61
01000100110000	47
01000100110001	63
01000100110010	35
01000100110011	54
01000100110100	33
01000100110101	89
01000100110110	32
01000100110111	54
01000100111000	57
01000100111001	107
01000100111010	44
01000100111011	63
01000100111100	69
01000100111101	57
01000100111110	81
01000100111111	80
01000101000000	64
01000101000001	116
01000101000010	56
01000101000011	94
01000101000100	62
01000101000101	119
01000101000110	57
01000101000111	106
01000101001000	69
01000101001001	93
01000101001010	71
01000101001011	86
01000101001100	47
01000101001101	112
01000101001110	41
01000101001111	66
01000101010000	40
01000101010001	82
01000101010010	19
01000101010011	87
01000101010100	54
01000101010101	89
01000101010110	27
01000101010111	63
01000101011000	32
01000101011001	114
01000101011010	29
01000101011011	64
01000101011100	48
01000101011101	135
01000101011110	30
01000101011111	99
01000101100000	50
01000101100001	124
01000101100010	55
01000101100011	89
01000101100100	58
01000101100101	98
01000101100110	53
01000101100111	90
01000101101000	97
01000101101001	75
01000101101010	41
01000101101011	107
01000101101100	64
01000101101101	85
01000101101110	53
01000101101111	58
01000101110000	31
01000101110001	113
01000101110010	39
01000101110011	89
01000101110100	49
01000101110101	131
01000101110110	43
01000101110111	86
01000101111000	48
01000101111001	118
01000101111010	58
01000101111011	65
01000101111100	56
01000101111101	82
01000101111110	51
01000101111111	82
01000110000000	62
01000110000001	110
01000110000010	82
01000110000011	155
01000110000100	101
01000110000101	139
01000110000110	70
01000110000111	137
01000110001000	88
01000110001001	127
01000110001010	84
01000110001011	87
01000110001100	88
01000110001101	105
01000110001110	92
01000110001111	127
01000110010000	60
01000110010001	72
01000110010010	60
01000110010011	132
01000110010100	64
01000110010101	119
01000110010110	48
01000110010111	126
01000110011000	65
01000110011001	79
01000110011010	58
01000110011011	90
01000110011100	71
01000110011101	96
01000110011110	99
01000110011111	107
01000110100000	97
01000110100001	128
01000110100010	103
01000110100011	155
01000110100100	109
01000110100101	157
01000110100110	117
01000110100111	119
01000110101000	103
01000110101001	119
01000110101010	113
01000110101011	117
01000110101100	85
01000110101101	97
01000110101110	118
01000110101111	113
01000110110000	52
01000110110001	114
01000110110010	44
01000110110011	132
01000110110100	66
01000110110101	106
01000110110110	67
01000110110111	122
01000110111000	73
01000110111001	141
01000110111010	82
01000110111011	94
01000110111100	80
01000110111101	126
01000110111110	92
01000110111111	71
01000111000000	99
01000111000001	214
01000111000010	103
01000111000011	106
01000111000100	120
01000111000101	153
01000111000110	108
01000111000111	166
01000111001000	130
01000111001001	143
01000111001010	119
01000111001011	152
01000111001100	122
01000111001101	163
01000111001110	102
01000111001111	135
01000111010000	53
01000111010001	141
01000111010010	78
01000111010011	143
01000111010100	68
01000111010101	136
01000111010110	73
01000111010111	169
01000111011000	82
01000111011001	194
01000111011010	109
01000111011011	128
01000111011100	102
01000111011101	164
01000111011110	97
01000111011111	176
01000111100000	142
01000111100001	200
01000111100010	111
01000111100011	195
01000111100100	146
01000111100101	185
01000111100110	123
01000111100111	200
01000111101000	193
01000111101001	164
01000111101010	121
01000111101011	173
01000111101100	144
01000111101101	171
01000111101110	118
01000111101111	128
01000111110000	79
01000111110001	187
01000111110010	72
01000111110011	116
01000111110100	104
01000111110101	218
01000111110110	70
01000111110111	146
01000111111000	128
01000111111001	205
01000111111010	76
01000111111011	141
01000111111100	116
01000111111101	232
01000111111110	123
01000111111111	173
01001000000000	72
01001000000001	97
01001000000010	86
01001000000011	116
01001000000100	78
01001000000101	131
01001000000110	103
01001000000111	124
01001000001000	96
01001000001001	94
01001000001010	122
01001000001011	115
01001000001100	81
01001000001101	96
01001000001110	124
01001000001111	92
01001000010000	51
01001000010001	92
01001000010010	43
01001000010011	123
01001000010100	60
01001000010101	128
01001000010110	49
01001000010111	131
01001000011000	70
01001000011001	99
01001000011010	61
01001000011011	120
01001000011100	48
01001000011101	101
01001000011110	80
01001000011111	95
01001000100000	101
01001000100001	142
01001000100010	130
01001000100011	172
01001000100100	107
01001000100101	162
01001000100110	124
01001000100111	148
01001000101000	149
01001000101001	138
01001000101010	164
01001000101011	148
01001000101100	110
01001000101101	126
01001000101110	112
01001000101111	104
01001000110000	42
01001000110001	105
01001000110010	39
01001000110011	107
01001000110100	75
01001000110101	123
01001000110110	83
01001000110111	112
01001000111000	85
01001000111001	127
01001000111010	93
01001000111011	145
01001000111100	99
01001000111101	116
01001000111110	89
01001000111111	117
01001001000000	105
01001001000001	139
01001001000010	90
01001001000011	185
01001001000100	71
01001001000101	209
01001001000110	74
01001001000111	142
01001001001000	112
01001001001001	147
01001001001010	90
01001001001011	112
01001001001100	96
01001001001101	135
01001001001110	85
01001001001111	106
01001001010000	51
01001001010001	182
01001001010010	59
01001001010011	141
01001001010100	35
01001001010101	145
01001001010110	60
01001001010111	149
01001001011000	74
01001001011001	105
01001001011010	75
01001001011011	165
01001001011100	91
01001001011101	174
01001001011110	67
01001001011111	140
01001001100000	131
01001001100001	155
01001001100010	105
01001001100011	196
01001001100100	123
01001001100101	220
01001001100110	106
01001001100111	129
01001001101000	121
01001001101001	198
01001001101010	93
01001001101011	134
01001001101100	123
01001001101101	147
01001001101110	88
01001001101111	129
01001001110000	55
01001001110001	151
01001001110010	52
01001001110011	133
01001001110100	56
01001001110101	128
01001001110110	70
01001001110111	161
01001001111000	79
01001001111001	145
01001001111010	77
01001001111011	155
01001001111100	106
01001001111101	109
01001001111110	79
01001001111111	97
01001010000000	145
01001010000001	174
01001010000010	113
01001010000011	139
01001010000100	102
01001010000101	148
01001010000110	123
01001010000111	187
01001010001000	142
01001010001001	160
01001010001010	138
01001010001011	154
01001010001100	123
01001010001101	175
01001010001110	112
01001010001111	130
01001010010000	65
01001010010001	146
01001010010010	87
01001010010011	106
01001010010100	68
01001010010101	96
01001010010110	67
01001010010111	158
01001010011000	101
01001010011001	126
01001010011010	132
01001010011011	143
01001010011100	70
01001010011101	111
01001010011110	82
01001010011111	161
01001010100000	150
01001010100001	146
01001010100010	135
01001010100011	148
01001010100100	142
01001010100101	188
01001010100110	141
01001010100111	174
01001010101000	139
01001010101001	223
01001010101010	134
01001010101011	169
01001010101100	183
01001010101101	192
01001010101110	139
01001010101111	152
01001010110000	86
01001010110001	153
01001010110010	72
01001010110011	141
01001010110100	73
01001010110101	174
01001010110110	94
01001010110111	129
01001010111000	94
01001010111001	176
01001010111010	124
01001010111011	213
01001010111100	117
01001010111101	162
01001010111110	98
01001010111111	142
01001011000000	177
01001011000001	217
01001011000010	139
01001011000011	218
01001011000100	124
01001011000101	265
01001011000110	145
01001011000111	211
01001011001000	161
01001011001001	234
01001011001010	114
01001011001011	201
01001011001100	144
01001011001101	263
01001011001110	188
01001011001111	176
01001011010000	70
01001011010001	167
01001011010010	82
01001011010011	184
01001011010100	75
01001011010101	228
01001011010110	83
01001011010111	199
01001011011000	130
01001011011001	231
01001011011010	104
01001011011011	223
01001011011100	135
01001011011101	210
01001011011110	137
01001011011111	215
01001011100000	211
01001011100001	211
01001011100010	149
01001011100011	297
01001011100100	189
01001011100101	333
01001011100110	143
01001011100111	247
01001011101000	228
01001011101001	231
01001011101010	142
01001011101011	212
01001011101100	169
01001011101101	244
01001011101110	145
01001011101111	223
01001011110000	98
01001011110001	255
01001011110010	101
01001011110011	167
01001011110100	134
01001011110101	262
01001011110110	80
01001011110111	245
01001011111000	176
01001011111001	276
01001011111010	131
01001011111011	195
01001011111100	138
01001011111101	219
01001011111110	146
01001011111111	205
01001100000000	73
01001100000001	129
01001100000010	94
01001100000011	114
01001100000100	88
01001100000101	84
01001100000110	91
01001100000111	100
01001100001000	94
01001100001001	96
01001100001010	90
01001100001011	93
01001100001100	83
01001100001101	98
01001100001110	87
01001100001111	93
01001100010000	39
01001100010001	103
01001100010010	54
01001100010011	62
01001100010100	57
01001100010101	90
01001100010110	56
01001100010111	72
01001100011000	70
01001100011001	91
01001100011010	75
01001100011011	88
01001100011100	70
01001100011101	62
01001100011110	62
01001100011111	102
01001100100000	95
01001100100001	116
01001100100010	73
01001100100011	115
01001100100100	88
01001100100101	141
01001100100110	90
01001100100111	88
01001100101000	113
01001100101001	109
01001100101010	97
01001100101011	98
01001100101100	104
01001100101101	127
01001100101110	118
01001100101111	105
01001100110000	51
01001100110001	104
01001100110010	49
01001100110011	105
01001100110100	75
01001100110101	81
01001100110110	58
01001100110111	105
01001100111000	79
01001100111001	114
01001100111010	77
01001100111011	80
01001100111100	86
01001100111101	108
01001100111110	58
01001100111111	93
01001101000000	72
01001101000001	116
01001101000010	81
01001101000011	100
01001101000100	110
01001101000101	118
01001101000110	86
01001101000111	126
01001101001000	86
01001101001001	107
01001101001010	78
01001101001011	145
01001101001100	90
01001101001101	129
01001101001110	97
01001101001111	99
01001101010000	40
01001101010001	111
01001101010010	38
01001101010011	144
01001101010100	58
01001101010101	113
01001101010110	35
01001101010111	104
01001101011000	53
01001101011001	110
01001101011010	58
01001101011011	137
01001101011100	56
01001101011101	111
01001101011110	57
01001101011111	102
01001101100000	80
01001101100001	150
01001101100010	77
01001101100011	145
01001101100100	76
01001101100101	144
01001101100110	60
01001101100111	137
01001101101000	107
01001101101001	146
01001101101010	80
01001101101011	117
01001101101100	103
01001101101101	144
01001101101110	95
01001101101111	133
01001101110000	67
01001101110001	132
01001101110010	41
01001101110011	114
01001101110100	59
01001101110101	105
01001101110110	49
01001101110111	91
01001101111000	63
01001101111001	154
01001101111010	63
01001101111011	153
01001101111100	95
01001101111101	131
01001101111110	78
01001101111111	108
01001110000000	91
01001110000001	186
01001110000010	121
01001110000011	144
01001110000100	125
01001110000101	156
01001110000110	147
01001110000111	157
01001110001000	139
01001110001001	140
01001110001010	151
01001110001011	208
01001110001100	127
01001110001101	171
01001110001110	157
01001110001111	191
01001110010000	89
01001110010001	181
01001110010010	84
01001110010011	122
01001110010100	67
01001110010101	131
01001110010110	74
01001110010111	171
01001110011000	88
01001110011001	170
01001110011010	114
01001110011011	106
01001110011100	88
01001110011101	158
01001110011110	128
01001110011111	163
01001110100000	149
01001110100001	204
01001110100010	155
01001110100011	175
01001110100100	154
01001110100101	202
01001110100110	125
01001110100111	247
01001110101000	216
01001110101001	188
01001110101010	159
01001110101011	160
01001110101100	157
01001110101101	203
01001110101110	167
01001110101111	147
01001110110000	114
01001110110001	141
01001110110010	87
01001110110011	174
01001110110100	67
01001110110101	186
01001110110110	83
01001110110111	185
01001110111000	124
01001110111001	197
01001110111010	97
01001110111011	150
01001110111100	118
01001110111101	146
01001110111110	111
01001110111111	197
01001111000000	152
01001111000001	291
01001111000010	144
01001111000011	249
01001111000100	142
01001111000101	292
01001111000110	179
01001111000111	284
01001111001000	164
01001111001001	294
01001111001010	187
01001111001011	205
01001111001100	215
01001111001101	211
01001111001110	179
01001111001111	204
01001111010000	87
01001111010001	228
01001111010010	144
01001111010011	196
01001111010100	91
01001111010101	220
01001111010110	94
01001111010111	276
01001111011000	138
01001111011001	182
01001111011010	140
01001111011011	168
01001111011100	119
01001111011101	229
01001111011110	131
01001111011111	274
01001111100000	215
01001111100001	345
01001111100010	169
01001111100011	321
01001111100100	211
01001111100101	348
01001111100110	184
01001111100111	247
01001111101000	237
01001111101001	224
01001111101010	162
01001111101011	197
01001111101100	168
01001111101101	296
01001111101110	171
01001111101111	208
01001111110000	90
01001111110001	250
01001111110010	90
01001111110011	207
01001111110100	134
01001111110101	281
01001111110110	87
01001111110111	202
01001111111000	135
01001111111001	283
01001111111010	133
01001111111011	183
01001111111100	153
01001111111101	273
01001111111110	155
01001111111111	244
01010000000000	98
01010000000001	111
01010000000010	98
01010000000011	135
01010000000100	107
01010000000101	138
01010000000110	123
01010000000111	132
01010000001000	127
01010000001001	156
01010000001010	164
01010000001011	120
01010000001100	113
01010000001101	113
01010000001110	115
01010000001111	152
01010000010000	72
01010000010001	130
01010000010010	78
01010000010011	123
01010000010100	59
01010000010101	130
01010000010110	75
01010000010111	107
01010000011000	76
01010000011001	153
01010000011010	100
01010000011011	155
01010000011100	72
01010000011101	142
01010000011110	81
01010000011111	126
01010000100000	133
01010000100001	148
01010000100010	112
01010000100011	117
01010000100100	135
01010000100101	185
01010000100110	124
01010000100111	163
01010000101000	161
01010000101001	157
01010000101010	105
01010000101011	182
01010000101100	141
01010000101101	148
01010000101110	89
01010000101111	119
01010000110000	86
01010000110001	123
01010000110010	71
01010000110011	150
01010000110100	100
01010000110101	138
01010000110110	75
01010000110111	121
01010000111000	134
01010000111001	145
01010000111010	82
01010000111011	154
01010000111100	136
01010000111101	132
01010000111110	115
01010000111111	143
01010001000000	112
01010001000001	201
01010001000010	94
01010001000011	210
01010001000100	122
01010001000101	199
01010001000110	103
01010001000111	143
01010001001000	138
01010001001001	136
01010001001010	140
01010001001011	184
01010001001100	117
01010001001101	173
01010001001110	75
01010001001111	136
01010001010000	61
01010001010001	171
01010001010010	68
01010001010011	147
01010001010100	67
01010001010101	154
01010001010110	72
01010001010111	152
01010001011000	74
01010001011001	212
01010001011010	80
01010001011011	155
01010001011100	95
01010001011101	166
01010001011110	93
01010001011111	133
01010001100000	124
01010001100001	187
01010001100010	113
01010001100011	136
01010001100100	138
01010001100101	190
01010001100110	110
01010001100111	192
01010001101000	154
01010001101001	223
01010001101010	97
01010001101011	145
01010001101100	129
01010001101101	149
01010001101110	76
01010001101111	132
01010001110000	59
01010001110001	191
01010001110010	87
01010001110011	133
01010001110100	95
01010001110101	219
01010001110110	70
01010001110111	195
01010001111000	89
01010001111001	194
01010001111010	103
01010001111011	173
01010001111100	103
01010001111101	147
01010001111110	99
01010001111111	129
01010010000000	107
01010010000001	205
01010010000010	107
01010010000011	200
01010010000100	117
01010010000101	143
01010010000110	118
01010010000111	194
01010010001000	165
01010010001001	155
01010010001010	140
01010010001011	215
01010010001100	115
01010010001101	161
01010010001110	117
01010010001111	168
01010010010000	80
01010010010001	160
01010010010010	86
01010010010011	169
01010010010100	86
01010010010101	178
01010010010110	61
01010010010111	175
01010010011000	98
01010010011001	205
01010010011010	113
01010010011011	193
01010010011100	123
01010010011101	157
01010010011110	102
01010010011111	183
01010010100000	135
01010010100001	234
01010010100010	101
01010010100011	178
01010010100100	149
01010010100101	180
01010010100110	132
01010010100111	216
01010010101000	166
01010010101001	191
01010010101010	161
01010010101011	210
01010010101100	148
01010010101101	181
01010010101110	134
01010010101111	138
01010010110000	113
01010010110001	170
01010010110010	83
01010010110011	172
01010010110100	86
01010010110101	164
01010010110110	69
01010010110111	182
01010010111000	129
01010010111001	150
01010010111010	104
01010010111011	214
01010010111100	104
01010010111101	131
01010010111110	88
01010010111111	184
01010011000000	169
01010011000001	283
01010011000010	126
01010011000011	281
01010011000100	113
01010011000101	240
01010011000110	145
01010011000111	268
01010011001000	146
01010011001001	203
01010011001010	186
01010011001011	239
01010011001100	163
01010011001101	215
01010011001110	124
01010011001111	155
01010011010000	88
01010011010001	219
01010011010010	105
01010011010011	241
01010011010100	108
01010011010101	258
01010011010110	83
01010011010111	225
01010011011000	95
01010011011001	226
01010011011010	138
01010011011011	257
01010011011100	113
01010011011101	200
01010011011110	104
01010011011111	188
01010011100000	208
01010011100001	242
01010011100010	153
01010011100011	250
01010011100100	171
01010011100101	263
01010011100110	137
01010011100111	212
01010011101000	201
01010011101001	302
01010011101010	142
01010011101011	213
01010011101100	185
01010011101101	234
01010011101110	160
01010011101111	145
01010011110000	94
01010011110001	243
01010011110010	98
01010011110011	191
01010011110100	107
01010011110101	210
01010011110110	106
01010011110111	287
01010011111000	159
01010011111001	266
01010011111010	136
01010011111011	277
01010011111100	144
01010011111101	247
01010011111110	122
01010011111111	237
01010100000000	98
01010100000001	117
01010100000010	102
01010100000011	116
01010100000100	83
01010100000101	132
01010100000110	115
01010100000111	146
01010100001000	97
01010100001001	125
01010100001010	92
01010100001011	161
01010100001100	94
01010100001101	116
01010100001110	120
01010100001111	102
01010100010000	54
01010100010001	86
01010100010010	53
01010100010011	109
01010100010100	58
01010100010101	92
01010100010110	75
01010100010111	121
01010100011000	77
01010100011001	110
01010100011010	88
01010100011011	150
01010100011100	85
01010100011101	92
01010100011110	71
01010100011111	101
01010100100000	104
01010100100001	187
01010100100010	129
01010100100011	103
01010100100100	115
01010100100101	135
01010100100110	89
01010100100111	114
01010100101000	147
01010100101001	133
01010100101010	141
01010100101011	123
01010100101100	135
01010100101101	157
01010100101110	99
01010100101111	108
01010100110000	73
01010100110001	144
01010100110010	59
01010100110011	95
01010100110100	56
01010100110101	124
01010100110110	78
01010100110111	113
01010100111000	89
01010100111001	147
01010100111010	72
01010100111011	87
01010100111100	102
01010100111101	115
01010100111110	94
01010100111111	134
01010101000000	100
01010101000001	192
01010101000010	84
01010101000011	204
01010101000100	115
01010101000101	179
01010101000110	96
01010101000111	152
01010101001000	126
01010101001001	128
01010101001010	84
01010101001011	108
01010101001100	79
01010101001101	155
01010101001110	87
01010101001111	132
01010101010000	55
01010101010001	143
01010101010010	45
01010101010011	133
01010101010100	82
01010101010101	200
01010101010110	64
01010101010111	137
01010101011000	68
01010101011001	156
01010101011010	78
01010101011011	120
01010101011100	63
01010101011101	127
01010101011110	85
01010101011111	149
01010101100000	120
01010101100001	208
01010101100010	80
01010101100011	135
01010101100100	144
01010101100101	209
01010101100110	90
01010101100111	185
01010101101000	140
01010101101001	223
01010101101010	78
01010101101011	125
01010101101100	116
01010101101101	154
01010101101110	97
01010101101111	172
01010101110000	62
01010101110001	155
01010101110010	67
01010101110011	152
01010101110100	64
01010101110101	198
01010101110110	71
01010101110111	162
01010101111000	85
01010101111001	205
01010101111010	80
01010101111011	185
01010101111100	100
01010101111101	191
01010101111110	78
01010101111111	165
01010110000000	155
01010110000001	224
01010110000010	179
01010110000011	282
01010110000100	116
01010110000101	259
01010110000110	171
01010110000111	200
01010110001000	196
01010110001001	185
01010110001010	189
01010110001011	237
01010110001100	145
01010110001101	141
01010110001110	150
01010110001111	193
01010110010000	89
01010110010001	120
01010110010010	75
01010110010011	198
01010110010100	106
01010110010101	153
01010110010110	92
01010110010111	150
01010110011000	115
01010110011001	200
01010110011010	143
01010110011011	174
01010110011100	126
01010110011101	171
01010110011110	131
01010110011111	169
01010110100000	148
01010110100001	198
01010110100010	167
01010110100011	241
01010110100100	147
01010110100101	265
01010110100110	168
01010110100111	200
01010110101000	193
01010110101001	262
01010110101010	168
01010110101011	170
01010110101100	193
01010110101101	232
01010110101110	161
01010110101111	161
01010110110000	95
01010110110001	202
01010110110010	88
01010110110011	165
01010110110100	97
01010110110101	184
01010110110110	83
01010110110111	224
01010110111000	154
01010110111001	240
01010110111010	139
01010110111011	189
01010110111100	173
01010110111101	211
01010110111110	130
01010110111111	165
01010111000000	206
01010111000001	322
01010111000010	159
01010111000011	299
01010111000100	246
01010111000101	296
01010111000110	174
01010111000111	229
01010111001000	220
01010111001001	312
01010111001010	210
01010111001011	309
01010111001100	212
01010111001101	249
01010111001110	164
01010111001111	244
01010111010000	104
01010111010001	261
01010111010010	109
01010111010011	297
01010111010100	126
01010111010101	297
01010111010110	115
01010111010111	253
01010111011000	181
01010111011001	236
01010111011010	147
01010111011011	266
01010111011100	164
01010111011101	214
01010111011110	117
01010111011111	249
01010111100000	248
01010111100001	417
01010111100010	195
01010111100011	246
01010111100100	186
01010111100101	322
01010111100110	187
01010111100111	269
01010111101000	233
01010111101001	331
01010111101010	217
01010111101011	260
01010111101100	202
01010111101101	268
01010111101110	181
01010111101111	206
01010111110000	128
01010111110001	327
01010111110010	126
01010111110011	279
01010111110100	148
01010111110101	374
01010111110110	125
01010111110111	288
01010111111000	200
01010111111001	329
01010111111010	168
01010111111011	286
01010111111100	200
01010111111101	288
01010111111110	156
01010111111111	265
01011000000000	80
01011000000001	106
01011000000010	84
01011000000011	130
01011000000100	94
01011000000101	121
01011000000110	92
01011000000111	101
01011000001000	106
01011000001001	143
01011000001010	100
01011000001011	98
01011000001100	86
01011000001101	93
01011000001110	66
01011000001111	99
01011000010000	49
01011000010001	74
01011000010010	49
01011000010011	94
01011000010100	60
01011000010101	114
01011000010110	56
01011000010111	92
01011000011000	54
01011000011001	108
01011000011010	57
01011000011011	126
01011000011100	49
01011000011101	73
01011000011110	76
01011000011111	82
01011000100000	121
01011000100001	114
01011000100010	101
01011000100011	130
01011000100100	123
01011000100101	140
01011000100110	97
01011000100111	103
01011000101000	118
01011000101001	126
01011000101010	105
01011000101011	121
01011000101100	106
01011000101101	126
01011000101110	110
01011000101111	68
01011000110000	63
01011000110001	108
01011000110010	40
01011000110011	117
01011000110100	63
01011000110101	105
01011000110110	64
01011000110111	90
01011000111000	70
01011000111001	114
01011000111010	75
01011000111011	103
01011000111100	44
01011000111101	128
01011000111110	55
01011000111111	104
01011001000000	59
01011001000001	144
01011001000010	92
01011001000011	123
01011001000100	87
01011001000101	143
01011001000110	76
01011001000111	131
01011001001000	123
01011001001001	146
01011001001010	74
01011001001011	182
01011001001100	122
01011001001101	148
01011001001110	83
01011001001111	141
01011001010000	51
01011001010001	105
01011001010010	58
01011001010011	131
01011001010100	46
01011001010101	118
01011001010110	42
01011001010111	107
01011001011000	76
01011001011001	102
01011001011010	71
01011001011011	107
01011001011100	79
01011001011101	112
01011001011110	69
01011001011111	95
01011001100000	105
01011001100001	168
01011001100010	94
01011001100011	163
01011001100100	132
01011001100101	142
01011001100110	72
01011001100111	105
01011001101000	98
01011001101001	157
01011001101010	108
01011001101011	180
01011001101100	97
01011001101101	144
01011001101110	71
01011001101111	93
01011001110000	75
01011001110001	121
01011001110010	41
01011001110011	100
01011001110100	74
01011001110101	169
01011001110110	72
01011001110111	143
01011001111000	96
01011001111001	169
01011001111010	75
01011001111011	105
01011001111100	65
01011001111101	150
01011001111110	60
01011001111111	145
01011010000000	108
01011010000001	123
01011010000010	96
01011010000011	131
01011010000100	89
01011010000101	132
01011010000110	133
01011010000111	140
01011010001000	119
01011010001001	114
01011010001010	117
01011010001011	122
01011010001100	102
01011010001101	111
01011010001110	101
01011010001111	161
01011010010000	59
01011010010001	118
01011010010010	50
01011010010011	106
01011010010100	48
01011010010101	107
01011010010110	45
01011010010111	119
01011010011000	122
01011010011001	111
01011010011010	106
01011010011011	129
01011010011100	81
01011010011101	81
01011010011110	79
01011010011111	120
01011010100000	100
01011010100001	179
01011010100010	96
01011010100011	142
01011010100100	112
01011010100101	144
01011010100110	99
01011010100111	147
01011010101000	152
01011010101001	164
01011010101010	142
01011010101011	115
01011010101100	144
01011010101101	131
01011010101110	98
01011010101111	118
01011010110000	52
01011010110001	145
01011010110010	57
01011010110011	137
01011010110100	65
01011010110101	104
01011010110110	74
01011010110111	114
01011010111000	111
01011010111001	144
01011010111010	106
01011010111011	119
01011010111100	95
01011010111101	138
01011010111110	106
01011010111111	130
01011011000000	143
01011011000001	157
01011011000010	109
01011011000011	152
01011011000100	109
01011011000101	203
01011011000110	120
01011011000111	143
01011011001000	150
01011011001001	194
01011011001010	138
01011011001011	178
01011011001100	138
01011011001101	207
01011011001110	132
01011011001111	165
01011011010000	66
01011011010001	148
01011011010010	60
01011011010011	106
01011011010100	72
01011011010101	198
01011011010110	76
01011011010111	109
01011011011000	112
01011011011001	242
01011011011010	107
01011011011011	213
01011011011100	101
01011011011101	102
01011011011110	79
01011011011111	193
01011011100000	158
01011011100001	241
01011011100010	118
01011011100011	175
01011011100100	150
01011011100101	239
01011011100110	127
01011011100111	183
01011011101000	179
01011011101001	191
01011011101010	123
01011011101011	158
01011011101100	152
01011011101101	173
01011011101110	115
01011011101111	145
01011011110000	74
01011011110001	208
01011011110010	68
01011011110011	183
01011011110100	74
01011011110101	168
01011011110110	74
01011011110111	210
01011011111000	132
01011011111001	173
01011011111010	122
01011011111011	167
01011011111100	124
01011011111101	194
01011011111110	106
01011011111111	186
01011100000000	74
01011100000001	70
01011100000010	64
01011100000011	81
01011100000100	57
01011100000101	92
01011100000110	92
01011100000111	88
01011100001000	69
01011100001001	117
01011100001010	93
01011100001011	107
01011100001100	60
01011100001101	107
01011100001110	86
01011100001111	84
01011100010000	31
01011100010001	91
01011100010010	30
01011100010011	61
01011100010100	56
01011100010101	87
01011100010110	40
01011100010111	94
01011100011000	60
01011100011001	76
01011100011010	82
01011100011011	96
01011100011100	62
01011100011101	99
01011100011110	51
01011100011111	86
01011100100000	80
01011100100001	113
01011100100010	74
01011100100011	97
01011100100100	98
01011100100101	106
01011100100110	76
01011100100111	122
01011100101000	77
01011100101001	102
01011100101010	114
01011100101011	117
01011100101100	98
01011100101101	120
01011100101110	59
01011100101111	87
01011100110000	38
01011100110001	75
01011100110010	54
01011100110011	96
01011100110100	52
01011100110101	87
01011100110110	37
01011100110111	91
01011100111000	42
01011100111001	88
01011100111010	78
01011100111011	96
01011100111100	66
01011100111101	99
01011100111110	74
01011100111111	74
01011101000000	82
01011101000001	127
01011101000010	65
01011101000011	114
01011101000100	68
01011101000101	122
01011101000110	83
01011101000111	99
01011101001000	83
01011101001001	105
01011101001010	83
01011101001011	111
01011101001100	81
01011101001101	85
01011101001110	47
01011101001111	134
01011101010000	33
01011101010001	90
01011101010010	34
01011101010011	120
01011101010100	59
01011101010101	133
01011101010110	52
01011101010111	86
01011101011000	74
01011101011001	104
01011101011010	93
01011101011011	125
01011101011100	53
01011101011101	140
01011101011110	68
01011101011111	140
01011101100000	84
01011101100001	193
01011101100010	73
01011101100011	140
01011101100100	79
01011101100101	191
01011101100110	65
01011101100111	113
01011101101000	89
01011101101001	125
01011101101010	76
01011101101011	102
01011101101100	71
01011101101101	136
01011101101110	77
01011101101111	69
01011101110000	40
01011101110001	126
01011101110010	36
01011101110011	101
01011101110100	59
01011101110101	165
01011101110110	48
01011101110111	124
01011101111000	69
01011101111001	112
01011101111010	53
01011101111011	137
01011101111100	74
01011101111101	111
01011101111110	62
01011101111111	88
01011110000000	96
01011110000001	159
01011110000010	98
01011110000011	190
01011110000100	112
01011110000101	144
01011110000110	105
01011110000111	120
01011110001000	85
01011110001001	119
01011110001010	113
01011110001011	181
01011110001100	96
01011110001101	140
01011110001110	144
01011110001111	149
01011110010000	42
01011110010001	94
01011110010010	95
01011110010011	151
01011110010100	57
01011110010101	112
01011110010110	109
01011110010111	189
01011110011000	103
01011110011001	131
01011110011010	116
01011110011011	190
01011110011100	88
01011110011101	171
01011110011110	91
01011110011111	146
01011110100000	129
01011110100001	168
01011110100010	113
01011110100011	173
01011110100100	130
01011110100101	160
01011110100110	128
01011110100111	190
01011110101000	148
01011110101001	165
01011110101010	126
01011110101011	133
01011110101100	189
01011110101101	206
01011110101110	130
01011110101111	168
01011110110000	79
01011110110001	109
01011110110010	65
01011110110011	150
01011110110100	100
01011110110101	220
01011110110110	71
01011110110111	111
01011110111000	107
01011110111001	160
01011110111010	101
01011110111011	155
01011110111100	130
01011110111101	146
01011110111110	101
01011110111111	132
01011111000000	155
01011111000001	208
01011111000010	147
01011111000011	202
01011111000100	145
01011111000101	274
01011111000110	139
01011111000111	185
01011111001000	158
01011111001001	221
01011111001010	96
01011111001011	167
01011111001100	121
01011111001101	230
01011111001110	135
01011111001111	234
01011111010000	65
01011111010001	195
01011111010010	103
01011111010011	209
01011111010100	93
01011111010101	190
01011111010110	76
01011111010111	184
01011111011000	106
01011111011001	224
01011111011010	127
01011111011011	167
01011111011100	101
01011111011101	224
01011111011110	111
01011111011111	137
01011111100000	193
01011111100001	294
01011111100010	140
01011111100011	186
01011111100100	179
01011111100101	220
01011111100110	120
01011111100111	218
01011111101000	176
01011111101001	270
01011111101010	146
01011111101011	230
01011111101100	150
01011111101101	249
01011111101110	144
01011111101111	174
01011111110000	98
01011111110001	200
01011111110010	78
01011111110011	174
01011111110100	105
01011111110101	253
01011111110110	76
01011111110111	167
01011111111000	160
01011111111001	236
01011111111010	140
01011111111011	209
01011111111100	109
01011111111101	181
01011111111110	105
01011111111111	199
01100000000000	81
01100000000001	171
01100000000010	74
01100000000011	125
01100000000100	100
01100000000101	133
01100000000110	96
01100000000111	108
01100000001000	93
01100000001001	76
01100000001010	120
01100000001011	69
01100000001100	73
01100000001101	82
01100000001110	70
01100000001111	77
01100000010000	50
01100000010001	89
01100000010010	55
01100000010011	61
01100000010100	42
01100000010101	80
01100000010110	49
01100000010111	109
01100000011000	49
01100000011001	113
01100000011010	89
01100000011011	114
01100000011100	63
01100000011101	74
01100000011110	67
01100000011111	110
01100000100000	103
01100000100001	90
01100000100010	102
01100000100011	120
01100000100100	118
01100000100101	140
01100000100110	72
01100000100111	145
01100000101000	127
01100000101001	126
01100000101010	106
01100000101011	119
01100000101100	92
01100000101101	96
01100000101110	74
01100000101111	122
01100000110000	53
01100000110001	127
01100000110010	49
01100000110011	86
01100000110100	76
01100000110101	95
01100000110110	71
01100000110111	105
01100000111000	75
01100000111001	122
01100000111010	65
01100000111011	150
01100000111100	73
01100000111101	92
01100000111110	86
01100000111111	84
01100001000000	66
01100001000001	107
01100001000010	60
01100001000011	156
01100001000100	41
01100001000101	108
01100001000110	61
01100001000111	98
01100001001000	96
01100001001001	122
01100001001010	75
01100001001011	90
01100001001100	77
01100001001101	72
01100001001110	71
01100001001111	97
01100001010000	52
01100001010001	152
01100001010010	45
01100001010011	128
01100001010100	65
01100001010101	98
01100001010110	62
01100001010111	108
01100001011000	70
01100001011001	113
01100001011010	56
01100001011011	110
01100001011100	51
01100001011101	111
01100001011110	69
01100001011111	92
01100001100000	115
01100001100001	167
01100001100010	64
01100001100011	117
01100001100100	108
01100001100101	149
01100001100110	108
01100001100111	109
01100001101000	126
01100001101001	120
01100001101010	98
01100001101011	154
01100001101100	90
01100001101101	118
01100001101110	102
01100001101111	113
01100001110000	52
01100001110001	126
01100001110010	69
01100001110011	118
01100001110100	68
01100001110101	146
01100001110110	70
01100001110111	151
01100001111000	95
01100001111001	118
01100001111010	88
01100001111011	143
01100001111100	91
01100001111101	178
01100001111110	48
01100001111111	86
01100010000000	105
01100010000001	104
01100010000010	54
01100010000011	128
01100010000100	78
01100010000101	103
01100010000110	107
01100010000111	125
01100010001000	97
01100010001001	87
01100010001010	66
01100010001011	146
01100010001100	53
01100010001101	70
01100010001110	80
01100010001111	113
01100010010000	42
01100010010001	83
01100010010010	37
01100010010011	111
01100010010100	39
01100010010101	122
01100010010110	69
01100010010111	139
01100010011000	80
01100010011001	117
01100010011010	73
01100010011011	95
01100010011100	52
01100010011101	89
01100010011110	51
01100010011111	83
01100010100000	107
01100010100001	183
01100010100010	94
01100010100011	137
01100010100100	77
01100010100101	137
01100010100110	96
01100010100111	143
01100010101000	118
01100010101001	118
01100010101010	89
01100010101011	116
01100010101100	98
01100010101101	108
01100010101110	88
01100010101111	98
01100010110000	36
01100010110001	104
01100010110010	42
01100010110011	103
01100010110100	60
01100010110101	105
01100010110110	63
01100010110111	82
01100010111000	68
01100010111001	151
01100010111010	90
01100010111011	78
01100010111100	96
01100010111101	85
01100010111110	69
01100010111111	102
01100011000000	82
01100011000001	188
01100011000010	132
01100011000011	185
01100011000100	137
01100011000101	198
01100011000110	101
01100011000111	151
01100011001000	107
01100011001001	219
01100011001010	143
01100011001011	161
01100011001100	143
01100011001101	141
01100011001110	81
01100011001111	110
01100011010000	73
01100011010001	162
01100011010010	65
01100011010011	149
01100011010100	77
01100011010101	120
01100011010110	60
01100011010111	153
01100011011000	106
01100011011001	111
01100011011010	99
01100011011011	154
01100011011100	109
01100011011101	125
01100011011110	94
01100011011111	130
01100011100000	119
01100011100001	258
01100011100010	114
01100011100011	179
01100011100100	150
01100011100101	221
01100011100110	151
01100011100111	167
01100011101000	129
01100011101001	225
01100011101010	155
01100011101011	139
01100011101100	155
01100011101101	180
01100011101110	129
01100011101111	117
01100011110000	64
01100011110001	194
01100011110010	68
01100011110011	197
01100011110100	89
01100011110101	225
01100011110110	104
01100011110111	234
01100011111000	130
01100011111001	228
01100011111010	86
01100011111011	181
01100011111100	96
01100011111101	188
01100011111110	99
01100011111111	150
01100100000000	60
01100100000001	96
01100100000010	82
01100100000011	59
01100100000100	67
01100100000101	89
01100100000110	55
01100100000111	61
01100100001000	88
01100100001001	96
01100100001010	87
01100100001011	80
01100100001100	58
01100100001101	65
01100100001110	63
01100100001111	59
01100100010000	47
01100100010001	64
01100100010010	33
01100100010011	71
01100100010100	48
01100100010101	48
01100100010110	48
01100100010111	71
01100100011000	56
01100100011001	77
01100100011010	67
01100100011011	66
01100100011100	53
01100100011101	72
01100100011110	43
01100100011111	71
01100100100000	67
01100100100001	96
01100100100010	69
01100100100011	90
01100100100100	74
01100100100101	81
01100100100110	84
01100100100111	71
01100100101000	83
01100100101001	85
01100100101010	123
01100100101011	87
01100100101100	78
01100100101101	84
01100100101110	85
01100100101111	97
01100100110000	39
01100100110001	94
01100100110010	51
01100100110011	72
01100100110100	47
01100100110101	104
01100100110110	49
01100100110111	93
01100100111000	87
01100100111001	85
01100100111010	58
01100100111011	80
01100100111100	80
01100100111101	93
01100100111110	58
01100100111111	63
01100101000000	64
01100101000001	106
01100101000010	40
01100101000011	109
01100101000100	69
01100101000101	116
01100101000110	57
01100101000111	102
01100101001000	48
01100101001001	101
01100101001010	60
01100101001011	65
01100101001100	16
01100101001101	90
01100101001110	52
01100101001111	48
01100101010000	33
01100101010001	79
01100101010010	29
01100101010011	104
01100101010100	32
01100101010101	93
01100101010110	49
01100101010111	72
01100101011000	41
01100101011001	162
01100101011010	40
01100101011011	112
01100101011100	57
01100101011101	84
01100101011110	31
01100101011111	81
01100101100000	67
01100101100001	159
01100101100010	66
01100101100011	100
01100101100100	73
01100101100101	186
01100101100110	37
01100101100111	119
01100101101000	96
01100101101001	136
01100101101010	64
01100101101011	129
01100101101100	76
01100101101101	80
01100101101110	77
01100101101111	153
01100101110000	61
01100101110001	157
01100101110010	35
01100101110011	112
01100101110100	59
01100101110101	157
01100101110110	41
01100101110111	112
01100101111000	56
01100101111001	141
01100101111010	70
01100101111011	129
01100101111100	47
01100101111101	104
01100101111110	49
01100101111111	116
01100110000000	84
01100110000001	119
01100110000010	119
01100110000011	123
01100110000100	89
01100110000101	140
01100110000110	103
01100110000111	131
01100110001000	88
01100110001001	120
01100110001010	79
01100110001011	123
01100110001100	81
01100110001101	134
01100110001110	80
01100110001111	90
01100110010000	69
01100110010001	107
01100110010010	77
01100110010011	140
01100110010100	43
01100110010101	124
01100110010110	64
01100110010111	96
01100110011000	71
01100110011001	90
01100110011010	98
01100110011011	128
01100110011100	109
01100110011101	149
01100110011110	90
01100110011111	79
01100110100000	86
01100110100001	112
01100110100010	76
01100110100011	115
01100110100100	112
01100110100101	174
01100110100110	114
01100110100111	143
01100110101000	123
01100110101001	137
01100110101010	115
01100110101011	105
01100110101100	128
01100110101101	113
01100110101110	113
01100110101111	121
01100110110000	45
01100110110001	124
01100110110010	53
01100110110011	126
01100110110100	73
01100110110101	158
01100110110110	86
01100110110111	146
01100110111000	86
01100110111001	121
01100110111010	92
01100110111011	90
01100110111100	81
01100110111101	136
01100110111110	92
01100110111111	138
01100111000000	116
01100111000001	265
01100111000010	131
01100111000011	215
01100111000100	140
01100111000101	208
01100111000110	112
01100111000111	154
01100111001000	120
01100111001001	169
01100111001010	126
01100111001011	199
01100111001100	142
01100111001101	131
01100111001110	102
01100111001111	160
01100111010000	67
01100111010001	207
01100111010010	91
01100111010011	165
01100111010100	53
01100111010101	244
01100111010110	98
01100111010111	234
01100111011000	101
01100111011001	153
01100111011010	116
01100111011011	239
01100111011100	107
01100111011101	256
01100111011110	113
01100111011111	200
01100111100000	193
01100111100001	241
01100111100010	131
01100111100011	252
01100111100100	199
01100111100101	284
01100111100110	188
01100111100111	199
01100111101000	162
01100111101001	196
01100111101010	136
01100111101011	131
01100111101100	153
01100111101101	208
01100111101110	153
01100111101111	166
01100111110000	94
01100111110001	163
01100111110010	85
01100111110011	143
01100111110100	119
01100111110101	237
01100111110110	82
01100111110111	201
01100111111000	140
01100111111001	259
01100111111010	158
01100111111011	255
01100111111100	144
01100111111101	185
01100111111110	130
01100111111111	168
01101000000000	102
01101000000001	171
01101000000010	109
01101000000011	107
01101000000100	86
01101000000101	121
01101000000110	118
01101000000111	167
01101000001000	108
01101000001001	101
01101000001010	164
01101000001011	163
01101000001100	129
01101000001101	114
01101000001110	106
01101000001111	126
01101000010000	69
01101000010001	117
01101000010010	68
01101000010011	139
01101000010100	46
01101000010101	100
01101000010110	62
01101000010111	140
01101000011000	71
01101000011001	127
01101000011010	86
01101000011011	144
01101000011100	69
01101000011101	93
01101000011110	68
01101000011111	112
01101000100000	147
01101000100001	177
01101000100010	126
01101000100011	181
01101000100100	134
01101000100101	169
01101000100110	113
01101000100111	166
01101000101000	148
01101000101001	161
01101000101010	118
01101000101011	195
01101000101100	124
01101000101101	131
01101000101110	139
01101000101111	143
01101000110000	57
01101000110001	137
01101000110010	67
01101000110011	134
01101000110100	85
01101000110101	146
01101000110110	85
01101000110111	155
01101000111000	106
01101000111001	123
01101000111010	99
01101000111011	146
01101000111100	106
01101000111101	153
01101000111110	102
01101000111111	143
01101001000000	84
01101001000001	182
01101001000010	61
01101001000011	162
01101001000100	85
01101001000101	128
01101001000110	85
01101001000111	168
01101001001000	128
01101001001001	187
01101001001010	67
01101001001011	190
01101001001100	78
01101001001101	122
01101001001110	91
01101001001111	124
01101001010000	82
01101001010001	149
01101001010010	68
01101001010011	157
01101001010100	65
01101001010101	212
01101001010110	58
01101001010111	109
01101001011000	83
01101001011001	204
01101001011010	102
01101001011011	177
01101001011100	107
01101001011101	173
01101001011110	79
01101001011111	208
01101001100000	150
01101001100001	228
01101001100010	85
01101001100011	143
01101001100100	159
01101001100101	218
01101001100110	108
01101001100111	167
01101001101000	114
01101001101001	257
01101001101010	114
01101001101011	198
01101001101100	155
01101001101101	228
01101001101110	98
01101001101111	106
01101001110000	79
01101001110001	195
01101001110010	65
01101001110011	127
01101001110100	106
01101001110101	208
01101001110110	67
01101001110111	248
01101001111000	83
01101001111001	163
01101001111010	99
01101001111011	152
01101001111100	117
01101001111101	202
01101001111110	99
01101001111111	182
01101010000000	154
01101010000001	191
01101010000010	134
01101010000011	223
01101010000100	145
01101010000101	236
01101010000110	120
01101010000111	267
01101010001000	142
01101010001001	221
01101010001010	150
01101010001011	224
01101010001100	141
01101010001101	170
01101010001110	165
01101010001111	211
01101010010000	87
01101010010001	156
01101010010010	88
01101010010011	197
01101010010100	83
01101010010101	175
01101010010110	92
01101010010111	230
01101010011000	151
01101010011001	159
01101010011010	136
01101010011011	171
01101010011100	124
01101010011101	186
01101010011110	118
01101010011111	208
01101010100000	197
01101010100001	225
01101010100010	125
01101010100011	281
01101010100100	220
01101010100101	265
01101010100110	164
01101010100111	252
01101010101000	186
01101010101001	261
01101010101010	185
01101010101011	181
01101010101100	154
01101010101101	261
01101010101110	157
01101010101111	199
01101010110000	103
01101010110001	213
01101010110010	97
01101010110011	237
01101010110100	105
01101010110101	218
01101010110110	92
01101010110111	238
01101010111000	168
01101010111001	278
01101010111010	125
01101010111011	190
01101010111100	127
01101010111101	183
01101010111110	129
01101010111111	184
01101011000000	165
01101011000001	251
01101011000010	174
01101011000011	345
01101011000100	185
01101011000101	281
01101011000110	180
01101011000111	300
01101011001000	221
01101011001001	300
01101011001010	204
01101011001011	151
01101011001100	205
01101011001101	293
01101011001110	147
01101011001111	231
01101011010000	112
01101011010001	232
01101011010010	137
01101011010011	304
01101011010100	101
01101011010101	324
01101011010110	125
01101011010111	313
01101011011000	132
01101011011001	322
01101011011010	131
01101011011011	262
01101011011100	149
01101011011101	196
01101011011110	85
01101011011111	361
01101011100000	229
01101011100001	321
01101011100010	199
01101011100011	284
01101011100100	202
01101011100101	398
01101011100110	180
01101011100111	393
01101011101000	208
01101011101001	276
01101011101010	164
01101011101011	315
01101011101100	232
01101011101101	300
01101011101110	258
01101011101111	195
01101011110000	117
01101011110001	284
01101011110010	67
01101011110011	230
01101011110100	135
01101011110101	332
01101011110110	110
01101011110111	284
01101011111000	141
01101011111001	365
01101011111010	169
01101011111011	259
01101011111100	168
01101011111101	267
01101011111110	151
01101011111111	260
01101100000000	86
01101100000001	111
01101100000010	97
01101100000011	115
01101100000100	92
01101100000101	148
01101100000110	116
01101100000111	119
01101100001000	90
01101100001001	84
01101100001010	65
01101100001011	133
01101100001100	76
01101100001101	112
01101100001110	110
01101100001111	110
01101100010000	50
01101100010001	77
01101100010010	61
01101100010011	100
01101100010100	56
01101100010101	138
01101100010110	52
01101100010111	99
01101100011000	87
01101100011001	94
01101100011010	58
01101100011011	87
01101100011100	58
01101100011101	148
01101100011110	90
01101100011111	117
01101100100000	127
01101100100001	139
01101100100010	105
01101100100011	130
01101100100100	110
01101100100101	123
01101100100110	99
01101100100111	147
01101100101000	146
01101100101001	158
01101100101010	137
01101100101011	112
01101100101100	117
01101100101101	102
01101100101110	105
01101100101111	126
01101100110000	41
01101100110001	113
01101100110010	64
01101100110011	116
01101100110100	58
01101100110101	146
01101100110110	77
01101100110111	155
01101100111000	92
01101100111001	117
01101100111010	88
01101100111011	97
01101100111100	90
01101100111101	131
01101100111110	75
01101100111111	78
01101101000000	77
01101101000001	135
01101101000010	82
01101101000011	135
01101101000100	90
01101101000101	166
01101101000110	75
01101101000111	151
01101101001000	111
01101101001001	164
01101101001010	75
01101101001011	115
01101101001100	69
01101101001101	139
01101101001110	81
01101101001111	133
01101101010000	51
01101101010001	139
01101101010010	55
01101101010011	103
01101101010100	61
01101101010101	159
01101101010110	57
01101101010111	126
01101101011000	65
01101101011001	169
01101101011010	74
01101101011011	156
01101101011100	83
01101101011101	211
01101101011110	65
01101101011111	164
01101101100000	110
01101101100001	204
01101101100010	76
01101101100011	112
01101101100100	128
01101101100101	226
01101101100110	91
01101101100111	204
01101101101000	128
01101101101001	159
01101101101010	96
01101101101011	162
01101101101100	144
01101101101101	238
01101101101110	109
01101101101111	152
01101101110000	72
01101101110001	168
01101101110010	64
01101101110011	189
01101101110100	78
01101101110101	206
01101101110110	79
01101101110111	149
01101101111000	65
01101101111001	158
01101101111010	68
01101101111011	137
01101101111100	106
01101101111101	175
01101101111110	66
01101101111111	156
01101110000000	137
01101110000001	211
01101110000010	148
01101110000011	290
01101110000100	142
01101110000101	232
01101110000110	155
01101110000111	213
01101110001000	116
01101110001001	194
01101110001010	120
01101110001011	199
01101110001100	150
01101110001101	208
01101110001110	168
01101110001111	204
01101110010000	62
01101110010001	164
01101110010010	101
01101110010011	186
01101110010100	117
01101110010101	230
01101110010110	114
01101110010111	237
01101110011000	131
01101110011001	176
01101110011010	123
01101110011011	179
01101110011100	127
01101110011101	200
01101110011110	160
01101110011111	217
01101110100000	172
01101110100001	280
01101110100010	186
01101110100011	228
01101110100100	168
01101110100101	250
01101110100110	168
01101110100111	208
01101110101000	180
01101110101001	305
01101110101010	164
01101110101011	324
01101110101100	199
01101110101101	288
01101110101110	214
01101110101111	183
01101110110000	100
01101110110001	214
01101110110010	86
01101110110011	261
01101110110100	124
01101110110101	196
01101110110110	130
01101110110111	179
01101110111000	160
01101110111001	254
01101110111010	138
01101110111011	214
01101110111100	126
01101110111101	235
01101110111110	117
01101110111111	251
01101111000000	187
01101111000001	340
01101111000010	186
01101111000011	273
01101111000100	149
01101111000101	289
01101111000110	156
01101111000111	296
01101111001000	223
01101111001001	364
01101111001010	176
01101111001011	334
01101111001100	197
01101111001101	159
01101111001110	188
01101111001111	268
01101111010000	99
01101111010001	254
01101111010010	114
01101111010011	281
01101111010100	131
01101111010101	341
01101111010110	117
01101111010111	267
01101111011000	169
01101111011001	269
01101111011010	149
01101111011011	269
01101111011100	181
01101111011101	303
01101111011110	138
01101111011111	284
01101111100000	276
01101111100001	348
01101111100010	190
01101111100011	322
01101111100100	238
01101111100101	389
01101111100110	200
01101111100111	280
01101111101000	242
01101111101001	319
01101111101010	227
01101111101011	355
01101111101100	230
01101111101101	344
01101111101110	191
01101111101111	296
01101111110000	146
01101111110001	268
01101111110010	107
01101111110011	305
01101111110100	131
01101111110101	306
01101111110110	137
01101111110111	343
01101111111000	156
01101111111001	360
01101111111010	173
01101111111011	348
01101111111100	215
01101111111101	329
01101111111110	170
01101111111111	278
01110000000000	126
01110000000001	128
01110000000010	96
01110000000011	126
01110000000100	92
01110000000101	137
01110000000110	122
01110000000111	148
01110000001000	112
01110000001001	156
01110000001010	112
01110000001011	153
01110000001100	106
01110000001101	113
01110000001110	114
01110000001111	154
01110000010000	42
01110000010001	114
01110000010010	79
01110000010011	123
01110000010100	78
01110000010101	115
01110000010110	67
01110000010111	118
01110000011000	97
01110000011001	107
01110000011010	85
01110000011011	162
01110000011100	90
01110000011101	152
01110000011110	99
01110000011111	149
01110000100000	136
01110000100001	188
01110000100010	166
01110000100011	181
01110000100100	164
01110000100101	185
01110000100110	130
01110000100111	139
01110000101000	151
01110000101001	147
01110000101010	154
01110000101011	141
01110000101100	137
01110000101101	124
01110000101110	121
01110000101111	155
01110000110000	98
01110000110001	150
01110000110010	67
01110000110011	175
01110000110100	116
01110000110101	143
01110000110110	76
01110000110111	152
01110000111000	153
01110000111001	168
01110000111010	113
01110000111011	218
01110000111100	135
01110000111101	171
01110000111110	111
01110000111111	114
01110001000000	112
01110001000001	163
01110001000010	80
01110001000011	210
01110001000100	114
01110001000101	137
01110001000110	56
01110001000111	156
01110001001000	108
01110001001001	157
01110001001010	83
01110001001011	142
01110001001100	81
01110001001101	158
01110001001110	62
01110001001111	148
01110001010000	91
01110001010001	169
01110001010010	92
01110001010011	142
01110001010100	96
01110001010101	176
01110001010110	69
01110001010111	166
01110001011000	117
01110001011001	181
01110001011010	103
01110001011011	210
01110001011100	101
01110001011101	192
01110001011110	92
01110001011111	169
01110001100000	105
01110001100001	258
01110001100010	99
01110001100011	219
01110001100100	108
01110001100101	270
01110001100110	69
01110001100111	152
01110001101000	147
01110001101001	257
01110001101010	92
01110001101011	165
01110001101100	178
01110001101101	190
01110001101110	138
01110001101111	152
01110001110000	82
01110001110001	206
01110001110010	66
01110001110011	158
01110001110100	77
01110001110101	255
01110001110110	90
01110001110111	203
01110001111000	102
01110001111001	300
01110001111010	82
01110001111011	163
01110001111100	153
01110001111101	249
01110001111110	80
01110001111111	191
01110010000000	142
01110010000001	216
01110010000010	178
01110010000011	259
01110010000100	136
01110010000101	202
01110010000110	128
01110010000111	153
01110010001000	108
01110010001001	184
01110010001010	201
01110010001011	209
01110010001100	121
01110010001101	165
01110010001110	107
01110010001111	144
01110010010000	78
01110010010001	123
01110010010010	81
01110010010011	244
01110010010100	111
01110010010101	204
01110010010110	78
01110010010111	171
01110010011000	80
01110010011001	206
01110010011010	142
01110010011011	215
01110010011100	125
01110010011101	171
01110010011110	117
01110010011111	177
01110010100000	134
01110010100001	209
01110010100010	120
01110010100011	236
01110010100100	161
01110010100101	268
01110010100110	103
01110010100111	228
01110010101000	199
01110010101001	285
01110010101010	181
01110010101011	208
01110010101100	165
01110010101101	215
01110010101110	109
01110010101111	217
01110010110000	119
01110010110001	275
01110010110010	84
01110010110011	234
01110010110100	97
01110010110101	197
01110010110110	99
01110010110111	235
01110010111000	132
01110010111001	224
01110010111010	151
01110010111011	214
01110010111100	140
01110010111101	195
01110010111110	125
01110010111111	200
01110011000000	167
01110011000001	251
01110011000010	186
01110011000011	348
01110011000100	195
01110011000101	271
01110011000110	145
01110011000111	208
01110011001000	167
01110011001001	281
01110011001010	159
01110011001011	231
01110011001100	142
01110011001101	280
01110011001110	126
01110011001111	158
01110011010000	83
01110011010001	240
01110011010010	97
01110011010011	284
01110011010100	78
01110011010101	296
01110011010110	124
01110011010111	284
01110011011000	160
01110011011001	286
01110011011010	171
01110011011011	249
01110011011100	138
01110011011101	224
01110011011110	114
01110011011111	208
01110011100000	226
01110011100001	320
01110011100010	162
01110011100011	296
01110011100100	185
01110011100101	290
01110011100110	154
01110011100111	262
01110011101000	255
01110011101001	314
01110011101010	220
01110011101011	276
01110011101100	203
01110011101101	333
01110011101110	149
01110011101111	192
01110011110000	166
01110011110001	306
01110011110010	99
01110011110011	294
01110011110100	158
01110011110101	272
01110011110110	136
01110011110111	272
01110011111000	234
01110011111001	388
01110011111010	132
01110011111011	277
01110011111100	173
01110011111101	257
01110011111110	147
01110011111111	269
01110100000000	106
01110100000001	128
01110100000010	82
01110100000011	137
01110100000100	106
01110100000101	122
01110100000110	91
01110100000111	142
01110100001000	88
01110100001001	114
01110100001010	98
01110100001011	84
01110100001100	86
01110100001101	110
01110100001110	96
01110100001111	113
01110100010000	55
01110100010001	114
01110100010010	65
01110100010011	106
01110100010100	71
01110100010101	89
01110100010110	55
01110100010111	126
01110100011000	73
01110100011001	137
01110100011010	108
01110100011011	95
01110100011100	79
01110100011101	104
01110100011110	65
01110100011111	87
01110100100000	126
01110100100001	183
01110100100010	87
01110100100011	144
01110100100100	131
01110100100101	184
01110100100110	100
01110100100111	115
01110100101000	142
01110100101001	186
01110100101010	102
01110100101011	99
01110100101100	120
01110100101101	120
01110100101110	134
01110100101111	120
01110100110000	78
01110100110001	123
01110100110010	66
01110100110011	103
01110100110100	72
01110100110101	151
01110100110110	65
01110100110111	113
01110100111000	84
01110100111001	124
01110100111010	110
01110100111011	126
01110100111100	120
01110100111101	106
01110100111110	98
01110100111111	165
01110101000000	85
01110101000001	191
01110101000010	81
01110101000011	125
01110101000100	94
01110101000101	144
01110101000110	57
01110101000111	100
01110101001000	92
01110101001001	172
01110101001010	88
01110101001011	108
01110101001100	90
01110101001101	191
01110101001110	49
01110101001111	103
01110101010000	45
01110101010001	152
01110101010010	47
01110101010011	204
01110101010100	75
01110101010101	193
01110101010110	53
01110101010111	169
01110101011000	89
01110101011001	162
01110101011010	74
01110101011011	137
01110101011100	113
01110101011101	192
01110101011110	50
01110101011111	137
01110101100000	110
01110101100001	235
01110101100010	76
01110101100011	228
01110101100100	127
01110101100101	292
01110101100110	77
01110101100111	168
01110101101000	123
01110101101001	252
01110101101010	91
01110101101011	156
01110101101100	107
01110101101101	262
01110101101110	84
01110101101111	147
01110101110000	66
01110101110001	199
01110101110010	49
01110101110011	187
01110101110100	118
01110101110101	220
01110101110110	60
01110101110111	176
01110101111000	90
01110101111001	250
01110101111010	93
01110101111011	144
01110101111100	79
01110101111101	256
01110101111110	83
01110101111111	176
01110110000000	165
01110110000001	253
01110110000010	163
01110110000011	214
01110110000100	156
01110110000101	273
01110110000110	119
01110110000111	244
01110110001000	169
01110110001001	198
01110110001010	101
01110110001011	219
01110110001100	153
01110110001101	170
01110110001110	187
01110110001111	182
01110110010000	80
01110110010001	233
01110110010010	101
01110110010011	231
01110110010100	118
01110110010101	173
01110110010110	101
01110110010111	264
01110110011000	90
01110110011001	195
01110110011010	167
01110110011011	224
01110110011100	136
01110110011101	207
01110110011110	150
01110110011111	243
01110110100000	200
01110110100001	311
01110110100010	191
01110110100011	227
01110110100100	190
01110110100101	241
01110110100110	174
01110110100111	266
01110110101000	195
01110110101001	274
01110110101010	194
01110110101011	199
01110110101100	214
01110110101101	276
01110110101110	148
01110110101111	216
01110110110000	132
01110110110001	240
01110110110010	120
01110110110011	255
01110110110100	143
01110110110101	298
01110110110110	105
01110110110111	198
01110110111000	165
01110110111001	257
01110110111010	154
01110110111011	244
01110110111100	153
01110110111101	204
01110110111110	131
01110110111111	248
01110111000000	238
01110111000001	315
01110111000010	161
01110111000011	341
01110111000100	177
01110111000101	379
01110111000110	145
01110111000111	258
01110111001000	213
01110111001001	334
01110111001010	206
01110111001011	232
01110111001100	162
01110111001101	234
01110111001110	179
01110111001111	209
01110111010000	141
01110111010001	245
01110111010010	168
01110111010011	265
01110111010100	129
01110111010101	315
01110111010110	125
01110111010111	306
01110111011000	189
01110111011001	297
01110111011010	167
01110111011011	263
01110111011100	183
01110111011101	273
01110111011110	178
01110111011111	258
01110111100000	192
01110111100001	424
01110111100010	221
01110111100011	309
01110111100100	224
01110111100101	449
01110111100110	239
01110111100111	311
01110111101000	265
01110111101001	383
01110111101010	217
01110111101011	352
01110111101100	239
01110111101101	326
01110111101110	186
01110111101111	251
01110111110000	123
01110111110001	354
01110111110010	108
01110111110011	336
01110111110100	183
01110111110101	360
01110111110110	211
01110111110111	363
01110111111000	215
01110111111001	340
01110111111010	190
01110111111011	304
01110111111100	194
01110111111101	363
01110111111110	236
01110111111111	317
01111000000000	78
01111000000001	92
01111000000010	76
01111000000011	154
01111000000100	90
01111000000101	103
01111000000110	79
01111000000111	122
01111000001000	70
01111000001001	111
01111000001010	131
01111000001011	98
01111000001100	85
01111000001101	121
01111000001110	88
01111000001111	81
01111000010000	45
01111000010001	101
01111000010010	65
01111000010011	116
01111000010100	44
01111000010101	133
01111000010110	50
01111000010111	109
01111000011000	87
01111000011001	104
01111000011010	94
01111000011011	105
01111000011100	67
01111000011101	110
01111000011110	51
01111000011111	135
01111000100000	99
01111000100001	123
01111000100010	78
01111000100011	175
01111000100100	90
01111000100101	174
01111000100110	94
01111000100111	152
01111000101000	136
01111000101001	137
01111000101010	145
01111000101011	108
01111000101100	95
01111000101101	116
01111000101110	92
01111000101111	110
01111000110000	55
01111000110001	92
01111000110010	56
01111000110011	113
01111000110100	100
01111000110101	137
01111000110110	62
01111000110111	118
01111000111000	95
01111000111001	148
01111000111010	71
01111000111011	120
01111000111100	102
01111000111101	116
01111000111110	91
01111000111111	118
01111001000000	121
01111001000001	125
01111001000010	78
01111001000011	125
01111001000100	111
01111001000101	146
01111001000110	62
01111001000111	85
01111001001000	93
01111001001001	234
01111001001010	70
01111001001011	126
01111001001100	87
01111001001101	154
01111001001110	83
01111001001111	100
01111001010000	59
01111001010001	160
01111001010010	64
01111001010011	143
01111001010100	37
01111001010101	138
01111001010110	75
01111001010111	162
01111001011000	93
01111001011001	126
01111001011010	68
01111001011011	113
01111001011100	81
01111001011101	146
01111001011110	77
01111001011111	125
01111001100000	118
01111001100001	217
01111001100010	84
01111001100011	117
01111001100100	135
01111001100101	228
01111001100110	61
01111001100111	149
01111001101000	147
01111001101001	144
01111001101010	110
01111001101011	134
01111001101100	116
01111001101101	123
01111001101110	97
01111001101111	155
01111001110000	94
01111001110001	165
01111001110010	55
01111001110011	131
01111001110100	104
01111001110101	207
01111001110110	76
01111001110111	135
01111001111000	104
01111001111001	146
01111001111010	112
01111001111011	139
01111001111100	124
01111001111101	196
01111001111110	76
01111001111111	116
01111010000000	111
01111010000001	159
01111010000010	97
01111010000011	162
01111010000100	103
01111010000101	172
01111010000110	161
01111010000111	121
01111010001000	132
01111010001001	174
01111010001010	105
01111010001011	144
01111010001100	100
01111010001101	192
01111010001110	127
01111010001111	131
01111010010000	80
01111010010001	138
01111010010010	75
01111010010011	165
01111010010100	71
01111010010101	152
01111010010110	87
01111010010111	236
01111010011000	80
01111010011001	118
01111010011010	73
01111010011011	118
01111010011100	83
01111010011101	156
01111010011110	121
01111010011111	121
01111010100000	175
01111010100001	196
01111010100010	116
01111010100011	187
01111010100100	161
01111010100101	194
01111010100110	126
01111010100111	139
01111010101000	135
01111010101001	197
01111010101010	135
01111010101011	215
01111010101100	122
01111010101101	198
01111010101110	112
01111010101111	169
01111010110000	63
01111010110001	165
01111010110010	99
01111010110011	148
01111010110100	73
01111010110101	192
01111010110110	79
01111010110111	158
01111010111000	127
01111010111001	175
01111010111010	105
01111010111011	211
01111010111100	122
01111010111101	201
01111010111110	123
01111010111111	198
01111011000000	214
01111011000001	232
01111011000010	152
01111011000011	178
01111011000100	120
01111011000101	193
01111011000110	120
01111011000111	163
01111011001000	181
01111011001001	177
01111011001010	157
01111011001011	235
01111011001100	122
01111011001101	158
01111011001110	145
01111011001111	177
01111011010000	80
01111011010001	207
01111011010010	94
01111011010011	187
01111011010100	66
01111011010101	183
01111011010110	86
01111011010111	227
01111011011000	73
01111011011001	254
01111011011010	89
01111011011011	238
01111011011100	168
01111011011101	149
01111011011110	112
01111011011111	228
01111011100000	186
01111011100001	345
01111011100010	162
01111011100011	248
01111011100100	115
01111011100101	236
01111011100110	125
01111011100111	234
01111011101000	193
01111011101001	238
01111011101010	164
01111011101011	216
01111011101100	228
01111011101101	203
01111011101110	153
01111011101111	187
01111011110000	108
01111011110001	204
01111011110010	94
01111011110011	258
01111011110100	152
01111011110101	226
01111011110110	90
01111011110111	190
01111011111000	122
01111011111001	268
01111011111010	109
01111011111011	215
01111011111100	157
01111011111101	223
01111011111110	79
01111011111111	173
01111100000000	54
01111100000001	87
01111100000010	69
01111100000011	64
01111100000100	59
01111100000101	116
01111100000110	72
01111100000111	88
01111100001000	71
01111100001001	81
01111100001010	77
01111100001011	81
01111100001100	67
01111100001101	79
01111100001110	59
01111100001111	105
01111100010000	39
01111100010001	112
01111100010010	38
01111100010011	131
01111100010100	51
01111100010101	101
01111100010110	41
01111100010111	130
01111100011000	40
01111100011001	83
01111100011010	45
01111100011011	98
01111100011100	60
01111100011101	79
01111100011110	74
01111100011111	87
01111100100000	93
01111100100001	117
01111100100010	106
01111100100011	163
01111100100100	98
01111100100101	104
01111100100110	65
01111100100111	95
01111100101000	125
01111100101001	135
01111100101010	111
01111100101011	116
01111100101100	90
01111100101101	123
01111100101110	86
01111100101111	129
01111100110000	44
01111100110001	104
01111100110010	42
01111100110011	117
01111100110100	41
01111100110101	115
01111100110110	61
01111100110111	110
01111100111000	103
01111100111001	157
01111100111010	73
01111100111011	111
01111100111100	62
01111100111101	114
01111100111110	79
01111100111111	125
01111101000000	83
01111101000001	206
01111101000010	64
01111101000011	175
01111101000100	82
01111101000101	92
01111101000110	63
01111101000111	127
01111101001000	101
01111101001001	148
01111101001010	81
01111101001011	96
01111101001100	63
01111101001101	139
01111101001110	60
01111101001111	101
01111101010000	62
01111101010001	129
01111101010010	40
01111101010011	124
01111101010100	35
01111101010101	112
01111101010110	42
01111101010111	116
01111101011000	46
01111101011001	214
01111101011010	73
01111101011011	131
01111101011100	65
01111101011101	119
01111101011110	32
01111101011111	125
01111101100000	83
01111101100001	184
01111101100010	81
01111101100011	129
01111101100100	95
01111101100101	158
01111101100110	59
01111101100111	117
01111101101000	90
01111101101001	169
01111101101010	85
01111101101011	115
01111101101100	102
01111101101101	150
01111101101110	87
01111101101111	128
01111101110000	56
01111101110001	204
01111101110010	41
01111101110011	157
01111101110100	61
01111101110101	167
01111101110110	57
01111101110111	136
01111101111000	82
01111101111001	139
01111101111010	83
01111101111011	144
01111101111100	109
01111101111101	143
01111101111110	75
01111101111111	154
01111110000000	130
01111110000001	171
01111110000010	108
01111110000011	164
01111110000100	141
01111110000101	149
01111110000110	126
01111110000111	151
01111110001000	122
01111110001001	159
01111110001010	121
01111110001011	183
01111110001100	131
01111110001101	123
01111110001110	100
01111110001111	163
01111110010000	84
01111110010001	179
01111110010010	80
01111110010011	113
01111110010100	57
01111110010101	160
01111110010110	86
01111110010111	200
01111110011000	91
01111110011001	167
01111110011010	109
01111110011011	216
01111110011100	87
01111110011101	106
01111110011110	71
01111110011111	120
01111110100000	167
01111110100001	223
01111110100010	143
01111110100011	212
01111110100100	156
01111110100101	241
01111110100110	170
01111110100111	189
01111110101000	168
01111110101001	234
01111110101010	140
01111110101011	170
01111110101100	156
01111110101101	216
01111110101110	150
01111110101111	159
01111110110000	115
01111110110001	201
01111110110010	73
01111110110011	187
01111110110100	97
01111110110101	190
01111110110110	111
01111110110111	218
01111110111000	132
01111110111001	209
01111110111010	105
01111110111011	185
01111110111100	135
01111110111101	169
01111110111110	108
01111110111111	205
01111111000000	169
01111111000001	314
01111111000010	169
01111111000011	259
01111111000100	164
01111111000101	261
01111111000110	148
01111111000111	238
01111111001000	190
01111111001001	251
01111111001010	192
01111111001011	256
01111111001100	174
01111111001101	217
01111111001110	130
01111111001111	177
01111111010000	89
01111111010001	258
01111111010010	79
01111111010011	237
01111111010100	110
01111111010101	200
01111111010110	99
01111111010111	281
01111111011000	157
01111111011001	233
01111111011010	144
01111111011011	302
01111111011100	154
01111111011101	249
01111111011110	128
01111111011111	174
01111111100000	221
01111111100001	364
01111111100010	166
01111111100011	304
01111111100100	206
01111111100101	354
01111111100110	153
01111111100111	293
01111111101000	217
01111111101001	353
01111111101010	179
01111111101011	182
01111111101100	185
01111111101101	246
01111111101110	155
01111111101111	200
01111111110000	109
01111111110001	209
01111111110010	74
01111111110011	247
01111111110100	146
01111111110101	245
01111111110110	97
01111111110111	276
01111111111000	161
01111111111001	332
01111111111010	234
01111111111011	274
01111111111100	138
01111111111101	253
01111111111110	176
01111111111111	232
10000000000000	73
10000000000001	154
10000000000010	129
10000000000011	129
10000000000100	104
10000000000101	144
10000000000110	79
10000000000111	137
10000000001000	87
10000000001001	113
10000000001010	127
10000000001011	128
10000000001100	111
10000000001101	107
10000000001110	64
10000000001111	106
10000000010000	60
10000000010001	93
10000000010010	44
10000000010011	117
10000000010100	56
10000000010101	63
10000000010110	42
10000000010111	117
10000000011000	75
10000000011001	113
10000000011010	75
10000000011011	105
10000000011100	84
10000000011101	103
10000000011110	58
10000000011111	107
10000000100000	84
10000000100001	116
10000000100010	108
10000000100011	117
10000000100100	101
10000000100101	102
10000000100110	103
10000000100111	137
10000000101000	82
10000000101001	119
10000000101010	99
10000000101011	112
10000000101100	91
10000000101101	104
10000000101110	112
10000000101111	67
10000000110000	59
10000000110001	123
10000000110010	49
10000000110011	105
10000000110100	71
10000000110101	147
10000000110110	56
10000000110111	153
10000000111000	107
10000000111001	117
10000000111010	103
10000000111011	127
10000000111100	85
10000000111101	114
10000000111110	74
10000000111111	107
10000001000000	107
10000001000001	217
10000001000010	75
10000001000011	206
10000001000100	124
10000001000101	219
10000001000110	135
10000001000111	203
10000001001000	130
10000001001001	300
10000001001010	74
10000001001011	155
10000001001100	125
10000001001101	178
10000001001110	76
10000001001111	136
10000001010000	38
10000001010001	259
10000001010010	34
10000001010011	172
10000001010100	52
10000001010101	180
10000001010110	73
10000001010111	224
10000001011000	84
10000001011001	206
10000001011010	55
10000001011011	130
10000001011100	81
10000001011101	142
10000001011110	74
10000001011111	142
10000001100000	88
10000001100001	208
10000001100010	52
10000001100011	200
10000001100100	129
10000001100101	238
10000001100110	89
10000001100111	158
10000001101000	130
10000001101001	241
10000001101010	93
10000001101011	159
10000001101100	137
10000001101101	241
10000001101110	88
10000001101111	158
10000001110000	42
10000001110001	185
10000001110010	43
10000001110011	146
10000001110100	65
10000001110101	216
10000001110110	65
10000001110111	148
10000001111000	102
10000001111001	205
10000001111010	47
10000001111011	153
10000001111100	94
10000001111101	162
10000001111110	59
10000001111111	182
10000010000000	105
10000010000001	152
10000010000010	111
10000010000011	144
10000010000100	79
10000010000101	131
10000010000110	102
10000010000111	150
10000010001000	160
10000010001001	164
10000010001010	133
10000010001011	126
10000010001100	133
10000010001101	150
10000010001110	112
10000010001111	172
10000010010000	58
10000010010001	138
10000010010010	42
10000010010011	101
10000010010100	69
10000010010101	132
10000010010110	88
10000010010111	111
10000010011000	68
10000010011001	142
10000010011010	62
10000010011011	174
10000010011100	71
10000010011101	95
10000010011110	104
10000010011111	116
10000010100000	130
10000010100001	173
10000010100010	99
10000010100011	160
10000010100100	125
10000010100101	160
10000010100110	113
10000010100111	141
10000010101000	121
10000010101001	181
10000010101010	127
10000010101011	155
10000010101100	127
10000010101101	159
10000010101110	100
10000010101111	144
10000010110000	56
10000010110001	139
10000010110010	64
10000010110011	123
10000010110100	65
10000010110101	107
10000010110110	52
10000010110111	102
10000010111000	93
10000010111001	165
10000010111010	63
10000010111011	191
10000010111100	90
10000010111101	120
10000010111110	82
10000010111111	129
10000011000000	136
10000011000001	232
10000011000010	130
10000011000011	156
10000011000100	126
10000011000101	259
10000011000110	129
10000011000111	301
10000011001000	94
10000011001001	202
10000011001010	96
10000011001011	166
10000011001100	156
10000011001101	192
10000011001110	109
10000011001111	205
10000011010000	54
10000011010001	203
10000011010010	38
10000011010011	128
10000011010100	60
10000011010101	196
10000011010110	66
10000011010111	262
10000011011000	94
10000011011001	178
10000011011010	89
10000011011011	211
10000011011100	55
10000011011101	132
10000011011110	106
10000011011111	168
10000011100000	122
10000011100001	265
10000011100010	150
10000011100011	237
10000011100100	152
10000011100101	225
10000011100110	129
10000011100111	187
10000011101000	179
10000011101001	242
10000011101010	115
10000011101011	232
10000011101100	132
10000011101101	219
10000011101110	141
10000011101111	204
10000011110000	43
10000011110001	160
10000011110010	73
10000011110011	171
10000011110100	85
10000011110101	219
10000011110110	98
10000011110111	240
10000011111000	94
10000011111001	204
10000011111010	93
10000011111011	198
10000011111100	104
10000011111101	184
10000011111110	103
10000011111111	167
10000100000000	73
10000100000001	77
10000100000010	80
10000100000011	131
10000100000100	76
10000100000101	76
10000100000110	95
10000100000111	93
10000100001000	72
10000100001001	98
10000100001010	56
10000100001011	81
10000100001100	76
10000100001101	78
10000100001110	70
10000100001111	79
10000100010000	36
10000100010001	73
10000100010010	44
10000100010011	120
10000100010100	41
10000100010101	117
10000100010110	49
10000100010111	101
10000100011000	31
10000100011001	92
10000100011010	54
10000100011011	80
10000100011100	45
10000100011101	82
10000100011110	67
10000100011111	98
10000100100000	70
10000100100001	91
10000100100010	78
10000100100011	124
10000100100100	71
10000100100101	82
10000100100110	58
10000100100111	121
10000100101000	104
10000100101001	115
10000100101010	81
10000100101011	68
10000100101100	87
10000100101101	97
10000100101110	70
10000100101111	72
10000100110000	35
10000100110001	67
10000100110010	35
10000100110011	57
10000100110100	49
10000100110101	91
10000100110110	39
10000100110111	67
10000100111000	48
10000100111001	81
10000100111010	52
10000100111011	119
10000100111100	70
10000100111101	76
10000100111110	63
10000100111111	93
10000101000000	69
10000101000001	155
10000101000010	97
10000101000011	152
10000101000100	73
10000101000101	153
10000101000110	84
10000101000111	180
10000101001000	83
10000101001001	157
10000101001010	60
10000101001011	129
10000101001100	71
10000101001101	129
10000101001110	91
10000101001111	82
10000101010000	46
10000101010001	181
10000101010010	53
10000101010011	161
10000101010100	56
10000101010101	151
10000101010110	40
10000101010111	131
10000101011000	53
10000101011001	180
10000101011010	38
10000101011011	157
10000101011100	61
10000101011101	136
10000101011110	44
10000101011111	128
10000101100000	77
10000101100001	165
10000101100010	90
10000101100011	191
10000101100100	130
10000101100101	213
10000101100110	78
10000101100111	162
10000101101000	94
10000101101001	218
10000101101010	74
10000101101011	105
10000101101100	96
10000101101101	188
10000101101110	69
10000101101111	132
10000101110000	60
10000101110001	151
10000101110010	30
10000101110011	122
10000101110100	57
10000101110101	187
10000101110110	57
10000101110111	105
10000101111000	71
10000101111001	170
10000101111010	54
10000101111011	156
10000101111100	77
10000101111101	112
10000101111110	62
10000101111111	125
10000110000000	111
10000110000001	188
10000110000010	121
10000110000011	252
10000110000100	133
10000110000101	187
10000110000110	139
10000110000111	190
10000110001000	168
10000110001001	163
10000110001010	107
10000110001011	145
10000110001100	132
10000110001101	192
10000110001110	138
10000110001111	164
10000110010000	51
10000110010001	123
10000110010010	90
10000110010011	175
10000110010100	63
10000110010101	182
10000110010110	87
10000110010111	176
10000110011000	108
10000110011001	123
10000110011010	106
10000110011011	281
10000110011100	116
10000110011101	131
10000110011110	96
10000110011111	118
10000110100000	120
10000110100001	204
10000110100010	89
10000110100011	228
10000110100100	105
10000110100101	162
10000110100110	121
10000110100111	177
10000110101000	153
10000110101001	181
10000110101010	126
10000110101011	180
10000110101100	142
10000110101101	205
10000110101110	138
10000110101111	160
10000110110000	73
10000110110001	164
10000110110010	58
10000110110011	168
10000110110100	76
10000110110101	171
10000110110110	73
10000110110111	161
10000110111000	112
10000110111001	130
10000110111010	94
10000110111011	243
10000110111100	109
10000110111101	144
10000110111110	96
10000110111111	131
10000111000000	132
10000111000001	242
10000111000010	144
10000111000011	222
10000111000100	119
10000111000101	276
10000111000110	108
10000111000111	242
10000111001000	215
10000111001001	197
10000111001010	157
10000111001011	212
10000111001100	163
10000111001101	197
10000111001110	129
10000111001111	243
10000111010000	66
10000111010001	172
10000111010010	72
10000111010011	186
10000111010100	92
10000111010101	214
10000111010110	56
10000111010111	236
10000111011000	64
10000111011001	196
10000111011010	121
10000111011011	232
10000111011100	123
10000111011101	164
10000111011110	112
10000111011111	260
10000111100000	129
10000111100001	300
10000111100010	147
10000111100011	259
10000111100100	172
10000111100101	306
10000111100110	160
10000111100111	236
10000111101000	167
10000111101001	287
10000111101010	178
10000111101011	221
10000111101100	181
10000111101101	204
10000111101110	147
10000111101111	212
10000111110000	89
10000111110001	256
10000111110010	98
10000111110011	171
10000111110100	120
10000111110101	267
10000111110110	99
10000111110111	202
10000111111000	112
10000111111001	235
10000111111010	105
10000111111011	248
10000111111100	141
10000111111101	271
10000111111110	150
10000111111111	220
10001000000000	101
10001000000001	183
10001000000010	106
10001000000011	136
10001000000100	105
10001000000101	198
10001000000110	159
10001000000111	192
10001000001000	141
10001000001001	144
10001000001010	172
10001000001011	176
10001000001100	123
10001000001101	112
10001000001110	157
10001000001111	129
10001000010000	54
10001000010001	135
10001000010010	75
10001000010011	181
10001000010100	66
10001000010101	143
10001000010110	68
10001000010111	166
10001000011000	109
10001000011001	135
10001000011010	112
10001000011011	164
10001000011100	76
10001000011101	126
10001000011110	85
10001000011111	95
10001000100000	117
10001000100001	232
10001000100010	128
10001000100011	209
10001000100100	119
10001000100101	180
10001000100110	148
10001000100111	189
10001000101000	162
10001000101001	185
10001000101010	168
10001000101011	133
10001000101100	146
10001000101101	143
10001000101110	115
10001000101111	155
10001000110000	83
10001000110001	160
10001000110010	58
10001000110011	191
10001000110100	98
10001000110101	158
10001000110110	91
10001000110111	111
10001000111000	107
10001000111001	200
10001000111010	91
10001000111011	160
10001000111100	129
10001000111101	139
10001000111110	119
10001000111111	143
10001001000000	154
10001001000001	263
10001001000010	127
10001001000011	249
10001001000100	176
10001001000101	346
10001001000110	152
10001001000111	205
10001001001000	148
10001001001001	287
10001001001010	158
10001001001011	182
10001001001100	168
10001001001101	285
10001001001110	194
10001001001111	200
10001001010000	97
10001001010001	240
10001001010010	63
10001001010011	261
10001001010100	100
10001001010101	299
10001001010110	126
10001001010111	238
10001001011000	133
10001001011001	257
10001001011010	140
10001001011011	253
10001001011100	105
10001001011101	197
10001001011110	110
10001001011111	243
10001001100000	151
10001001100001	395
10001001100010	147
10001001100011	297
10001001100100	142
10001001100101	259
10001001100110	153
10001001100111	313
10001001101000	184
10001001101001	421
10001001101010	132
10001001101011	187
10001001101100	191
10001001101101	326
10001001101110	170
10001001101111	258
10001001110000	87
10001001110001	220
10001001110010	78
10001001110011	246
10001001110100	96
10001001110101	215
10001001110110	105
10001001110111	285
10001001111000	122
10001001111001	255
10001001111010	122
10001001111011	274
10001001111100	144
10001001111101	211
10001001111110	109
10001001111111	229
10001010000000	169
10001010000001	264
10001010000010	194
10001010000011	274
10001010000100	188
10001010000101	237
10001010000110	180
10001010000111	333
10001010001000	236
10001010001001	219
10001010001010	207
10001010001011	334
10001010001100	156
10001010001101	219
10001010001110	181
10001010001111	266
10001010010000	121
10001010010001	166
10001010010010	102
10001010010011	183
10001010010100	93
10001010010101	237
10001010010110	120
10001010010111	239
10001010011000	168
10001010011001	259
10001010011010	139
10001010011011	225
10001010011100	153
10001010011101	236
10001010011110	163
10001010011111	231
10001010100000	191
10001010100001	245
10001010100010	140
10001010100011	266
10001010100100	207
10001010100101	278
10001010100110	169
10001010100111	308
10001010101000	231
10001010101001	279
10001010101010	196
10001010101011	219
10001010101100	220
10001010101101	216
10001010101110	223
10001010101111	228
10001010110000	85
10001010110001	225
10001010110010	102
10001010110011	246
10001010110100	163
10001010110101	311
10001010110110	112
10001010110111	212
10001010111000	149
10001010111001	211
10001010111010	147
10001010111011	281
10001010111100	159
10001010111101	202
10001010111110	119
10001010111111	215
10001011000000	191
10001011000001	367
10001011000010	153
10001011000011	308
10001011000100	178
10001011000101	315
10001011000110	222
10001011000111	441
10001011001000	188
10001011001001	324
10001011001010	212
10001011001011	313
10001011001100	212
10001011001101	242
10001011001110	269
10001011001111	347
10001011010000	87
10001011010001	243
10001011010010	116
10001011010011	246
10001011010100	95
10001011010101	264
10001011010110	103
10001011010111	343
10001011011000	165
10001011011001	288
10001011011010	200
10001011011011	399
10001011011100	129
10001011011101	283
10001011011110	134
10001011011111	293
10001011100000	226
10001011100001	321
10001011100010	201
10001011100011	268
10001011100100	222
10001011100101	428
10001011100110	218
10001011100111	362
10001011101000	221
10001011101001	403
10001011101010	185
10001011101011	299
10001011101100	236
10001011101101	307
10001011101110	214
10001011101111	357
10001011110000	115
10001011110001	304
10001011110010	115
10001011110011	250
10001011110100	128
10001011110101	385
10001011110110	132
10001011110111	404
10001011111000	179
10001011111001	341
10001011111010	191
10001011111011	348
10001011111100	159
10001011111101	311
10001011111110	200
10001011111111	284
10001100000000	94
10001100000001	147
10001100000010	86
10001100000011	136
10001100000100	83
10001100000101	71
10001100000110	107
10001100000111	177
10001100001000	98
10001100001001	146
10001100001010	102
10001100001011	130
10001100001100	99
10001100001101	142
10001100001110	141
10001100001111	109
10001100010000	69
10001100010001	142
10001100010010	75
10001100010011	129
10001100010100	61
10001100010101	159
10001100010110	73
10001100010111	140
10001100011000	117
10001100011001	133
10001100011010	77
10001100011011	159
10001100011100	71
10001100011101	128
10001100011110	74
10001100011111	152
10001100100000	139
10001100100001	103
10001100100010	98
10001100100011	158
10001100100100	113
10001100100101	182
10001100100110	112
10001100100111	107
10001100101000	129
10001100101001	138
10001100101010	115
10001100101011	158
10001100101100	114
10001100101101	132
10001100101110	127
10001100101111	139
10001100110000	67
10001100110001	138
10001100110010	101
10001100110011	138
10001100110100	90
10001100110101	168
10001100110110	81
10001100110111	119
10001100111000	94
10001100111001	121
10001100111010	102
10001100111011	167
10001100111100	76
10001100111101	120
10001100111110	110
10001100111111	117
10001101000000	103
10001101000001	196
10001101000010	106
10001101000011	267
10001101000100	126
10001101000101	270
10001101000110	121
10001101000111	297
10001101001000	130
10001101001001	255
10001101001010	154
10001101001011	227
10001101001100	151
10001101001101	248
10001101001110	120
10001101001111	186
10001101010000	68
10001101010001	293
10001101010010	47
10001101010011	210
10001101010100	69
10001101010101	224
10001101010110	91
10001101010111	228
10001101011000	116
10001101011001	222
10001101011010	82
10001101011011	148
10001101011100	114
10001101011101	218
10001101011110	83
10001101011111	209
10001101100000	131
10001101100001	248
10001101100010	91
10001101100011	238
10001101100100	180
10001101100101	260
10001101100110	109
10001101100111	237
10001101101000	166
10001101101001	230
10001101101010	163
10001101101011	244
10001101101100	195
10001101101101	224
10001101101110	135
10001101101111	154
10001101110000	76
10001101110001	265
10001101110010	76
10001101110011	206
10001101110100	58
10001101110101	246
10001101110110	103
10001101110111	189
10001101111000	98
10001101111001	185
10001101111010	79
10001101111011	219
10001101111100	122
10001101111101	194
10001101111110	71
10001101111111	208
10001110000000	201
10001110000001	263
10001110000010	193
10001110000011	284
10001110000100	207
10001110000101	294
10001110000110	214
10001110000111	323
10001110001000	212
10001110001001	311
10001110001010	272
10001110001011	281
10001110001100	217
10001110001101	243
10001110001110	175
10001110001111	304
10001110010000	101
10001110010001	273
10001110010010	111
10001110010011	320
10001110010100	104
10001110010101	207
10001110010110	132
10001110010111	358
10001110011000	134
10001110011001	241
10001110011010	186
10001110011011	305
10001110011100	149
10001110011101	251
10001110011110	139
10001110011111	332
10001110100000	205
10001110100001	294
10001110100010	182
10001110100011	248
10001110100100	256
10001110100101	360
10001110100110	198
10001110100111	297
10001110101000	198
10001110101001	285
10001110101010	228
10001110101011	289
10001110101100	247
10001110101101	317
10001110101110	208
10001110101111	269
10001110110000	85
10001110110001	230
10001110110010	114
10001110110011	288
10001110110100	142
10001110110101	245
10001110110110	111
10001110110111	223
10001110111000	185
10001110111001	324
10001110111010	135
10001110111011	300
10001110111100	146
10001110111101	245
10001110111110	169
10001110111111	266
10001111000000	188
10001111000001	314
10001111000010	199
10001111000011	393
10001111000100	190
10001111000101	366
10001111000110	211
10001111000111	419
10001111001000	177
10001111001001	391
10001111001010	271
10001111001011	349
10001111001100	219
10001111001101	325
10001111001110	197
10001111001111	317
10001111010000	97
10001111010001	329
10001111010010	119
10001111010011	283
10001111010100	127
10001111010101	309
10001111010110	117
10001111010111	356
10001111011000	150
10001111011001	320
10001111011010	192
10001111011011	381
10001111011100	163
10001111011101	270
10001111011110	178
10001111011111	354
10001111100000	233
10001111100001	344
10001111100010	201
10001111100011	388
10001111100100	235
10001111100101	366
10001111100110	217
10001111100111	322
10001111101000	242
10001111101001	423
10001111101010	171
10001111101011	423
10001111101100	246
10001111101101	368
10001111101110	218
10001111101111	365
10001111110000	122
10001111110001	327
10001111110010	114
10001111110011	389
10001111110100	147
10001111110101	371
10001111110110	149
10001111110111	330
10001111111000	229
10001111111001	351
10001111111010	195
10001111111011	336
10001111111100	186
10001111111101	315
10001111111110	175
10001111111111	297
10010000000000	101
10010000000001	189
10010000000010	140
10010000000011	178
10010000000100	134
10010000000101	187
10010000000110	144
10010000000111	221
10010000001000	190
10010000001001	140
10010000001010	159
10010000001011	161
10010000001100	130
10010000001101	131
10010000001110	140
10010000001111	140
10010000010000	94
10010000010001	182
10010000010010	95
10010000010011	139
10010000010100	120
10010000010101	129
10010000010110	86
10010000010111	198
10010000011000	99
10010000011001	134
10010000011010	120
10010000011011	163
10010000011100	114
10010000011101	196
10010000011110	101
10010000011111	221
10010000100000	146
10010000100001	232
10010000100010	112
10010000100011	186
10010000100100	128
10010000100101	180
10010000100110	117
10010000100111	232
10010000101000	172
10010000101001	173
10010000101010	125
10010000101011	149
10010000101100	153
10010000101101	137
10010000101110	153
10010000101111	117
10010000110000	91
10010000110001	150
10010000110010	59
10010000110011	153
10010000110100	95
10010000110101	155
10010000110110	83
10010000110111	170
10010000111000	153
10010000111001	147
10010000111010	118
10010000111011	207
10010000111100	146
10010000111101	164
10010000111110	132
10010000111111	124
10010001000000	148
10010001000001	423
10010001000010	146
10010001000011	287
10010001000100	156
10010001000101	313
10010001000110	158
10010001000111	230
10010001001000	156
10010001001001	292
10010001001010	175
10010001001011	234
10010001001100	157
10010001001101	211
10010001001110	128
10010001001111	225
10010001010000	103
10010001010001	342
10010001010010	91
10010001010011	255
10010001010100	90
10010001010101	269
10010001010110	91
10010001010111	311
10010001011000	89
10010001011001	321
10010001011010	125
10010001011011	303
10010001011100	200
10010001011101	306
10010001011110	117
10010001011111	249
10010001100000	161
10010001100001	348
10010001100010	139
10010001100011	305
10010001100100	165
10010001100101	370
10010001100110	159
10010001100111	276
10010001101000	158
10010001101001	268
10010001101010	140
10010001101011	234
10010001101100	161
10010001101101	291
10010001101110	106
10010001101111	149
10010001110000	88
10010001110001	327
10010001110010	78
10010001110011	284
10010001110100	99
10010001110101	309
10010001110110	120
10010001110111	301
10010001111000	136
10010001111001	308
10010001111010	118
10010001111011	266
10010001111100	153
10010001111101	307
10010001111110	140
10010001111111	243
10010010000000	191
10010010000001	257
10010010000010	168
10010010000011	263
10010010000100	225
10010010000101	294
10010010000110	159
10010010000111	226
10010010001000	182
10010010001001	238
10010010001010	206
10010010001011	283
10010010001100	181
10010010001101	246
10010010001110	201
10010010001111	257
10010010010000	127
10010010010001	287
10010010010010	96
10010010010011	230
10010010010100	124
10010010010101	164
10010010010110	91
10010010010111	352
10010010011000	153
10010010011001	211
10010010011010	140
10010010011011	287
10010010011100	150
10010010011101	210
10010010011110	173
10010010011111	260
10010010100000	207
10010010100001	329
10010010100010	104
10010010100011	243
10010010100100	223
10010010100101	338
10010010100110	155
10010010100111	278
10010010101000	212
10010010101001	241
10010010101010	168
10010010101011	265
10010010101100	209
10010010101101	151
10010010101110	182
10010010101111	280
10010010110000	109
10010010110001	197
10010010110010	98
10010010110011	279
10010010110100	95
10010010110101	292
10010010110110	104
10010010110111	223
10010010111000	161
10010010111001	366
10010010111010	136
10010010111011	292
10010010111100	192
10010010111101	257
10010010111110	165
10010010111111	267
10010011000000	177
10010011000001	317
10010011000010	173
10010011000011	336
10010011000100	212
10010011000101	340
10010011000110	182
10010011000111	387
10010011001000	168
10010011001001	376
10010011001010	195
10010011001011	351
10010011001100	212
10010011001101	291
10010011001110	198
10010011001111	329
10010011010000	115
10010011010001	321
10010011010010	95
10010011010011	357
10010011010100	121
10010011010101	313
10010011010110	138
10010011010111	375
10010011011000	116
10010011011001	263
10010011011010	158
10010011011011	332
10010011011100	147
10010011011101	307
10010011011110	173
10010011011111	395
10010011100000	201
10010011100001	443
10010011100010	205
10010011100011	320
10010011100100	245
10010011100101	319
10010011100110	240
10010011100111	432
10010011101000	202
10010011101001	409
10010011101010	183
10010011101011	452
10010011101100	249
10010011101101	375
10010011101110	206
10010011101111	351
10010011110000	128
10010011110001	347
10010011110010	133
10010011110011	271
10010011110100	145
10010011110101	341
10010011110110	93
10010011110111	313
10010011111000	164
10010011111001	315
10010011111010	173
10010011111011	342
10010011111100	152
10010011111101	268
10010011111110	172
10010011111111	275
10010100000000	143
10010100000001	135
10010100000010	110
10010100000011	162
10010100000100	121
10010100000101	197
10010100000110	144
10010100000111	170
10010100001000	162
10010100001001	155
10010100001010	161
10010100001011	188
10010100001100	157
10010100001101	128
10010100001110	106
10010100001111	144
10010100010000	66
10010100010001	138
10010100010010	76
10010100010011	92
10010100010100	76
10010100010101	135
10010100010110	78
10010100010111	150
10010100011000	90
10010100011001	151
10010100011010	113
10010100011011	127
10010100011100	103
10010100011101	178
10010100011110	92
10010100011111	169
10010100100000	139
10010100100001	154
10010100100010	123
10010100100011	162
10010100100100	153
10010100100101	189
10010100100110	155
10010100100111	193
10010100101000	134
10010100101001	219
10010100101010	122
10010100101011	211
10010100101100	149
10010100101101	143
10010100101110	96
10010100101111	128
10010100110000	92
10010100110001	160
10010100110010	75
10010100110011	146
10010100110100	77
10010100110101	169
10010100110110	86
10010100110111	175
10010100111000	109
10010100111001	170
10010100111010	100
10010100111011	126
10010100111100	84
10010100111101	179
10010100111110	101
10010100111111	157
10010101000000	154
10010101000001	364
10010101000010	86
10010101000011	269
10010101000100	136
10010101000101	456
10010101000110	138
10010101000111	293
10010101001000	156
10010101001001	264
10010101001010	147
10010101001011	243
10010101001100	185
10010101001101	252
10010101001110	146
10010101001111	201
10010101010000	95
10010101010001	272
10010101010010	65
10010101010011	264
10010101010100	117
10010101010101	297
10010101010110	107
10010101010111	304
10010101011000	129
10010101011001	218
10010101011010	96
10010101011011	235
10010101011100	113
10010101011101	249
10010101011110	115
10010101011111	258
10010101100000	151
10010101100001	331
10010101100010	138
10010101100011	260
10010101100100	171
10010101100101	357
10010101100110	121
10010101100111	271
10010101101000	154
10010101101001	337
10010101101010	135
10010101101011	287
10010101101100	163
10010101101101	276
10010101101110	118
10010101101111	197
10010101110000	77
10010101110001	398
10010101110010	75
10010101110011	269
10010101110100	131
10010101110101	319
10010101110110	117
10010101110111	263
10010101111000	114
10010101111001	266
10010101111010	117
10010101111011	228
10010101111100	148
10010101111101	324
10010101111110	133
10010101111111	218
10010110000000	207
10010110000001	363
10010110000010	230
10010110000011	341
10010110000100	275
10010110000101	354
10010110000110	217
10010110000111	352
10010110001000	226
10010110001001	312
10010110001010	236
10010110001011	348
10010110001100	194
10010110001101	323
10010110001110	255
10010110001111	265
10010110010000	145
10010110010001	282
10010110010010	132
10010110010011	282
10010110010100	164
10010110010101	313
10010110010110	119
10010110010111	320
10010110011000	213
10010110011001	298
10010110011010	210
10010110011011	370
10010110011100	152
10010110011101	196
10010110011110	225
10010110011111	265
10010110100000	197
10010110100001	272
10010110100010	220
10010110100011	369
10010110100100	234
10010110100101	308
10010110100110	204
10010110100111	383
10010110101000	289
10010110101001	365
10010110101010	226
10010110101011	314
10010110101100	219
10010110101101	249
10010110101110	173
10010110101111	214
10010110110000	157
10010110110001	255
10010110110010	114
10010110110011	306
10010110110100	148
10010110110101	317
10010110110110	126
10010110110111	264
10010110111000	237
10010110111001	248
10010110111010	204
10010110111011	314
10010110111100	217
10010110111101	337
10010110111110	198
10010110111111	234
10010111000000	204
10010111000001	396
10010111000010	207
10010111000011	363
10010111000100	193
10010111000101	355
10010111000110	245
10010111000111	530
10010111001000	230
10010111001001	391
10010111001010	276
10010111001011	368
10010111001100	195
10010111001101	375
10010111001110	214
10010111001111	364
10010111010000	122
10010111010001	436
10010111010010	117
10010111010011	434
10010111010100	94
10010111010101	432
10010111010110	190
10010111010111	459
10010111011000	192
10010111011001	438
10010111011010	158
10010111011011	365
10010111011100	146
10010111011101	442
10010111011110	181
10010111011111	421
10010111100000	209
10010111100001	512
10010111100010	246
10010111100011	403
10010111100100	308
10010111100101	425
10010111100110	233
10010111100111	454
10010111101000	243
10010111101001	500
10010111101010	253
10010111101011	326
10010111101100	267
10010111101101	420
10010111101110	265
10010111101111	378
10010111110000	136
10010111110001	410
10010111110010	162
10010111110011	366
10010111110100	126
10010111110101	458
10010111110110	132
10010111110111	519
10010111111000	243
10010111111001	455
10010111111010	211
10010111111011	454
10010111111100	224
10010111111101	434
10010111111110	198
10010111111111	416
10011000000000	98
10011000000001	102
10011000000010	109
10011000000011	169
10011000000100	101
10011000000101	138
10011000000110	130
10011000000111	114
10011000001000	109
10011000001001	118
10011000001010	121
10011000001011	147
10011000001100	94
10011000001101	122
10011000001110	90
10011000001111	101
10011000010000	51
10011000010001	83
10011000010010	69
10011000010011	167
10011000010100	54
10011000010101	108
10011000010110	46
10011000010111	159
10011000011000	86
10011000011001	164
10011000011010	84
10011000011011	151
10011000011100	78
10011000011101	101
10011000011110	97
10011000011111	146
10011000100000	109
10011000100001	104
10011000100010	118
10011000100011	137
10011000100100	108
10011000100101	150
10011000100110	113
10011000100111	150
10011000101000	129
10011000101001	117
10011000101010	103
10011000101011	126
10011000101100	124
10011000101101	110
10011000101110	127
10011000101111	110
10011000110000	59
10011000110001	91
10011000110010	50
10011000110011	126
10011000110100	81
10011000110101	118
10011000110110	63
10011000110111	152
10011000111000	76
10011000111001	133
10011000111010	85
10011000111011	116
10011000111100	92
10011000111101	101
10011000111110	92
10011000111111	99
10011001000000	152
10011001000001	299
10011001000010	107
10011001000011	290
10011001000100	155
10011001000101	282
10011001000110	121
10011001000111	207
10011001001000	117
10011001001001	232
10011001001010	129
10011001001011	251
10011001001100	145
10011001001101	242
10011001001110	118
10011001001111	165
10011001010000	82
10011001010001	220
10011001010010	66
10011001010011	232
10011001010100	125
10011001010101	186
10011001010110	70
10011001010111	197
10011001011000	105
10011001011001	205
10011001011010	101
10011001011011	137
10011001011100	101
10011001011101	171
10011001011110	92
10011001011111	155
10011001100000	140
10011001100001	261
10011001100010	121
10011001100011	199
10011001100100	144
10011001100101	300
10011001100110	86
10011001100111	208
10011001101000	161
10011001101001	253
10011001101010	88
10011001101011	285
10011001101100	172
10011001101101	263
10011001101110	84
10011001101111	213
10011001110000	105
10011001110001	217
10011001110010	72
10011001110011	224
10011001110100	106
10011001110101	236
10011001110110	94
10011001110111	213
10011001111000	111
10011001111001	291
10011001111010	108
10011001111011	269
10011001111100	127
10011001111101	254
10011001111110	109
10011001111111	198
10011010000000	164
10011010000001	196
10011010000010	177
10011010000011	233
10011010000100	126
10011010000101	171
10011010000110	143
10011010000111	228
10011010001000	164
10011010001001	209
10011010001010	185
10011010001011	216
10011010001100	149
10011010001101	138
10011010001110	167
10011010001111	183
10011010010000	85
10011010010001	193
10011010010010	104
10011010010011	207
10011010010100	97
10011010010101	211
10011010010110	91
10011010010111	250
10011010011000	151
10011010011001	275
10011010011010	124
10011010011011	326
10011010011100	118
10011010011101	148
10011010011110	137
10011010011111	164
10011010100000	134
10011010100001	240
10011010100010	120
10011010100011	182
10011010100100	157
10011010100101	219
10011010100110	162
10011010100111	189
10011010101000	173
10011010101001	274
10011010101010	207
10011010101011	174
10011010101100	140
10011010101101	174
10011010101110	149
10011010101111	212
10011010110000	107
10011010110001	170
10011010110010	79
10011010110011	219
10011010110100	96
10011010110101	208
10011010110110	85
10011010110111	175
10011010111000	160
10011010111001	229
10011010111010	159
10011010111011	191
10011010111100	142
10011010111101	228
10011010111110	114
10011010111111	176
10011011000000	171
10011011000001	244
10011011000010	138
10011011000011	274
10011011000100	153
10011011000101	296
10011011000110	181
10011011000111	337
10011011001000	133
10011011001001	250
10011011001010	193
10011011001011	305
10011011001100	143
10011011001101	280
10011011001110	163
10011011001111	310
10011011010000	89
10011011010001	209
10011011010010	81
10011011010011	255
10011011010100	95
10011011010101	293
10011011010110	88
10011011010111	306
10011011011000	123
10011011011001	246
10011011011010	134
10011011011011	297
10011011011100	115
10011011011101	214
10011011011110	111
10011011011111	202
10011011100000	187
10011011100001	282
10011011100010	148
10011011100011	300
10011011100100	129
10011011100101	325
10011011100110	177
10011011100111	248
10011011101000	151
10011011101001	333
10011011101010	224
10011011101011	222
10011011101100	184
10011011101101	231
10011011101110	148
10011011101111	227
10011011110000	90
10011011110001	224
10011011110010	105
10011011110011	249
10011011110100	98
10011011110101	263
10011011110110	105
10011011110111	256
10011011111000	140
10011011111001	313
10011011111010	150
10011011111011	326
10011011111100	160
10011011111101	334
10011011111110	132
10011011111111	213
10011100000000	61
10011100000001	120
10011100000010	79
10011100000011	92
10011100000100	95
10011100000101	128
10011100000110	61
10011100000111	134
10011100001000	66
10011100001001	138
10011100001010	121
10011100001011	118
10011100001100	100
10011100001101	144
10011100001110	114
10011100001111	122
10011100010000	50
10011100010001	107
10011100010010	55
10011100010011	134
10011100010100	40
10011100010101	114
10011100010110	47
10011100010111	83
10011100011000	114
10011100011001	105
10011100011010	89
10011100011011	100
10011100011100	82
10011100011101	111
10011100011110	49
10011100011111	105
10011100100000	93
10011100100001	113
10011100100010	90
10011100100011	124
10011100100100	110
10011100100101	153
10011100100110	113
10011100100111	96
10011100101000	121
10011100101001	118
10011100101010	101
10011100101011	58
10011100101100	85
10011100101101	130
10011100101110	79
10011100101111	123
10011100110000	65
10011100110001	98
10011100110010	48
10011100110011	81
10011100110100	72
10011100110101	139
10011100110110	61
10011100110111	110
10011100111000	80
10011100111001	172
10011100111010	88
10011100111011	109
10011100111100	77
10011100111101	121
10011100111110	72
10011100111111	74
10011101000000	98
10011101000001	196
10011101000010	135
10011101000011	194
10011101000100	157
10011101000101	211
10011101000110	110
10011101000111	171
10011101001000	143
10011101001001	261
10011101001010	92
10011101001011	185
10011101001100	102
10011101001101	173
10011101001110	98
10011101001111	198
10011101010000	71
10011101010001	211
10011101010010	53
10011101010011	189
10011101010100	88
10011101010101	223
10011101010110	74
10011101010111	207
10011101011000	109
10011101011001	184
10011101011010	73
10011101011011	253
10011101011100	90
10011101011101	186
10011101011110	104
10011101011111	163
10011101100000	121
10011101100001	237
10011101100010	103
10011101100011	230
10011101100100	142
10011101100101	213
10011101100110	105
10011101100111	205
10011101101000	129
10011101101001	247
10011101101010	146
10011101101011	195
10011101101100	143
10011101101101	243
10011101101110	107
10011101101111	208
10011101110000	92
10011101110001	227
10011101110010	40
10011101110011	204
10011101110100	98
10011101110101	251
10011101110110	83
10011101110111	182
10011101111000	88
10011101111001	211
10011101111010	97
10011101111011	165
10011101111100	118
10011101111101	236
10011101111110	135
10011101111111	175
10011110000000	182
10011110000001	257
10011110000010	236
10011110000011	230
10011110000100	250
10011110000101	238
10011110000110	185
10011110000111	243
10011110001000	163
10011110001001	204
10011110001010	186
10011110001011	286
10011110001100	172
10011110001101	224
10011110001110	200
10011110001111	234
10011110010000	119
10011110010001	215
10011110010010	98
10011110010011	183
10011110010100	112
10011110010101	208
10011110010110	116
10011110010111	206
10011110011000	132
10011110011001	245
10011110011010	192
10011110011011	279
10011110011100	113
10011110011101	230
10011110011110	156
10011110011111	267
10011110100000	186
10011110100001	287
10011110100010	189
10011110100011	256
10011110100100	168
10011110100101	217
10011110100110	162
10011110100111	199
10011110101000	257
10011110101001	232
10011110101010	179
10011110101011	251
10011110101100	207
10011110101101	259
10011110101110	148
10011110101111	181
10011110110000	95
10011110110001	221
10011110110010	104
10011110110011	234
10011110110100	110
10011110110101	243
10011110110110	69
10011110110111	261
10011110111000	149
10011110111001	267
10011110111010	152
10011110111011	209
10011110111100	182
10011110111101	266
10011110111110	114
10011110111111	155
10011111000000	192
10011111000001	318
10011111000010	177
10011111000011	424
10011111000100	180
10011111000101	335
10011111000110	160
10011111000111	306
10011111001000	202
10011111001001	329
10011111001010	200
10011111001011	324
10011111001100	183
10011111001101	287
10011111001110	174
10011111001111	323
10011111010000	83
10011111010001	250
10011111010010	95
10011111010011	353
10011111010100	128
10011111010101	267
10011111010110	125
10011111010111	310
10011111011000	150
10011111011001	234
10011111011010	131
10011111011011	355
10011111011100	106
10011111011101	316
10011111011110	140
10011111011111	355
10011111100000	175
10011111100001	335
10011111100010	190
10011111100011	267
10011111100100	236
10011111100101	308
10011111100110	239
10011111100111	364
10011111101000	194
10011111101001	302
10011111101010	220
10011111101011	351
10011111101100	219
10011111101101	338
10011111101110	159
10011111101111	261
10011111110000	112
10011111110001	226
10011111110010	101
10011111110011	385
10011111110100	91
10011111110101	347
10011111110110	127
10011111110111	275
10011111111000	176
10011111111001	368
10011111111010	178
10011111111011	315
10011111111100	145
10011111111101	367
10011111111110	139
10011111111111	276
10100000000000	99
10100000000001	119
10100000000010	109
10100000000011	93
10100000000100	117
10100000000101	94
10100000000110	115
10100000000111	141
10100000001000	103
10100000001001	129
10100000001010	121
10100000001011	126
10100000001100	104
10100000001101	131
10100000001110	79
10100000001111	78
10100000010000	62
10100000010001	165
10100000010010	68
10100000010011	118
10100000010100	73
10100000010101	113
10100000010110	67
10100000010111	111
10100000011000	105
10100000011001	117
10100000011010	75
10100000011011	102
10100000011100	78
10100000011101	96
10100000011110	75
10100000011111	95
10100000100000	131
10100000100001	161
10100000100010	140
10100000100011	168
10100000100100	121
10100000100101	150
10100000100110	129
10100000100111	179
10100000101000	113
10100000101001	134
10100000101010	134
10100000101011	173
10100000101100	105
10100000101101	93
10100000101110	115
10100000101111	109
10100000110000	56
10100000110001	98
10100000110010	76
10100000110011	157
10100000110100	69
10100000110101	125
10100000110110	75
10100000110111	136
10100000111000	68
10100000111001	146
10100000111010	104
10100000111011	109
10100000111100	105
10100000111101	86
10100000111110	64
10100000111111	95
10100001000000	142
10100001000001	203
10100001000010	142
10100001000011	147
10100001000100	96
10100001000101	211
10100001000110	123
10100001000111	236
10100001001000	147
10100001001001	203
10100001001010	118
10100001001011	157
10100001001100	121
10100001001101	280
10100001001110	61
10100001001111	180
10100001010000	90
10100001010001	240
10100001010010	70
10100001010011	179
10100001010100	68
10100001010101	222
10100001010110	67
10100001010111	179
10100001011000	81
10100001011001	216
10100001011010	75
10100001011011	161
10100001011100	115
10100001011101	232
10100001011110	108
10100001011111	171
10100001100000	107
10100001100001	275
10100001100010	118
10100001100011	192
10100001100100	166
10100001100101	256
10100001100110	117
10100001100111	227
10100001101000	148
10100001101001	279
10100001101010	130
10100001101011	186
10100001101100	197
10100001101101	206
10100001101110	124
10100001101111	223
10100001110000	85
10100001110001	267
10100001110010	102
10100001110011	193
10100001110100	113
10100001110101	272
10100001110110	92
10100001110111	208
10100001111000	100
10100001111001	260
10100001111010	77
10100001111011	178
10100001111100	135
10100001111101	259
10100001111110	73
10100001111111	156
10100010000000	143
10100010000001	140
10100010000010	163
10100010000011	168
10100010000100	88
10100010000101	163
10100010000110	98
10100010000111	183
10100010001000	132
10100010001001	172
10100010001010	150
10100010001011	170
10100010001100	138
10100010001101	138
10100010001110	104
10100010001111	177
10100010010000	66
10100010010001	147
10100010010010	90
10100010010011	118
10100010010100	56
10100010010101	189
10100010010110	89
10100010010111	223
10100010011000	69
10100010011001	134
10100010011010	90
10100010011011	147
10100010011100	85
10100010011101	83
10100010011110	89
10100010011111	182
10100010100000	167
10100010100001	274
10100010100010	93
10100010100011	193
10100010100100	114
10100010100101	277
10100010100110	148
10100010100111	196
10100010101000	137
10100010101001	231
10100010101010	123
10100010101011	219
10100010101100	132
10100010101101	211
10100010101110	126
10100010101111	174
10100010110000	81
10100010110001	214
10100010110010	62
10100010110011	206
10100010110100	94
10100010110101	143
10100010110110	76
10100010110111	202
10100010111000	152
10100010111001	203
10100010111010	95
10100010111011	154
10100010111100	103
10100010111101	186
10100010111110	87
10100010111111	118
10100011000000	116
10100011000001	279
10100011000010	110
10100011000011	232
10100011000100	123
10100011000101	191
10100011000110	102
10100011000111	259
10100011001000	153
10100011001001	195
10100011001010	144
10100011001011	220
10100011001100	137
10100011001101	138
10100011001110	143
10100011001111	237
10100011010000	61
10100011010001	160
10100011010010	90
10100011010011	246
10100011010100	77
10100011010101	155
10100011010110	66
10100011010111	253
10100011011000	114
10100011011001	279
10100011011010	129
10100011011011	215
10100011011100	102
10100011011101	185
10100011011110	97
10100011011111	196
10100011100000	146
10100011100001	243
10100011100010	142
10100011100011	321
10100011100100	185
10100011100101	334
10100011100110	159
10100011100111	206
10100011101000	147
10100011101001	278
10100011101010	213
10100011101011	254
10100011101100	202
10100011101101	209
10100011101110	178
10100011101111	231
10100011110000	103
10100011110001	230
10100011110010	71
10100011110011	212
10100011110100	120
10100011110101	255
10100011110110	110
10100011110111	232
10100011111000	119
10100011111001	238
10100011111010	124
10100011111011	253
10100011111100	106
10100011111101	227
10100011111110	92
10100011111111	247
10100100000000	71
10100100000001	191
10100100000010	62
10100100000011	73
10100100000100	85
10100100000101	95
10100100000110	87
10100100000111	83
10100100001000	78
10100100001001	112
10100100001010	84
10100100001011	107
10100100001100	87
10100100001101	65
10100100001110	57
10100100001111	101
10100100010000	32
10100100010001	90
10100100010010	49
10100100010011	97
10100100010100	48
10100100010101	69
10100100010110	49
10100100010111	75
10100100011000	55
10100100011001	105
10100100011010	79
10100100011011	119
10100100011100	65
10100100011101	43
10100100011110	46
10100100011111	121
10100100100000	106
10100100100001	128
10100100100010	126
10100100100011	161
10100100100100	107
10100100100101	89
10100100100110	91
10100100100111	132
10100100101000	121
10100100101001	140
10100100101010	98
10100100101011	115
10100100101100	115
10100100101101	141
10100100101110	100
10100100101111	132
10100100110000	48
10100100110001	127
10100100110010	71
10100100110011	114
10100100110100	60
10100100110101	112
10100100110110	58
10100100110111	147
10100100111000	73
10100100111001	106
10100100111010	89
10100100111011	96
10100100111100	64
10100100111101	112
10100100111110	105
10100100111111	117
10100101000000	90
10100101000001	196
10100101000010	106
10100101000011	180
10100101000100	89
10100101000101	181
10100101000110	110
10100101000111	185
10100101001000	119
10100101001001	160
10100101001010	108
10100101001011	163
10100101001100	146
10100101001101	172
10100101001110	65
10100101001111	126
10100101010000	44
10100101010001	138
10100101010010	76
10100101010011	164
10100101010100	89
10100101010101	190
10100101010110	89
10100101010111	178
10100101011000	61
10100101011001	161
10100101011010	89
10100101011011	157
10100101011100	87
10100101011101	262
10100101011110	60
10100101011111	146
10100101100000	86
10100101100001	216
10100101100010	95
10100101100011	233
10100101100100	110
10100101100101	232
10100101100110	94
10100101100111	147
10100101101000	111
10100101101001	244
10100101101010	71
10100101101011	158
10100101101100	130
10100101101101	184
10100101101110	89
10100101101111	171
10100101110000	70
10100101110001	227
10100101110010	64
10100101110011	219
10100101110100	65
10100101110101	197
10100101110110	62
10100101110111	237
10100101111000	92
10100101111001	150
10100101111010	80
10100101111011	192
10100101111100	115
10100101111101	193
10100101111110	55
10100101111111	154
10100110000000	142
10100110000001	229
10100110000010	121
10100110000011	171
10100110000100	166
10100110000101	211
10100110000110	194
10100110000111	189
10100110001000	136
10100110001001	219
10100110001010	190
10100110001011	235
10100110001100	190
10100110001101	229
10100110001110	161
10100110001111	164
10100110010000	87
10100110010001	192
10100110010010	95
10100110010011	231
10100110010100	85
10100110010101	277
10100110010110	83
10100110010111	227
10100110011000	106
10100110011001	248
10100110011010	156
10100110011011	214
10100110011100	120
10100110011101	187
10100110011110	122
10100110011111	197
10100110100000	183
10100110100001	278
10100110100010	215
10100110100011	290
10100110100100	206
10100110100101	328
10100110100110	176
10100110100111	238
10100110101000	172
10100110101001	303
10100110101010	197
10100110101011	278
10100110101100	152
10100110101101	208
10100110101110	159
10100110101111	233
10100110110000	120
10100110110001	203
10100110110010	95
10100110110011	277
10100110110100	125
10100110110101	316
10100110110110	91
10100110110111	233
10100110111000	160
10100110111001	260
10100110111010	110
10100110111011	229
10100110111100	115
10100110111101	198
10100110111110	127
10100110111111	265
10100111000000	181
10100111000001	196
10100111000010	137
10100111000011	299
10100111000100	164
10100111000101	273
10100111000110	162
10100111000111	273
10100111001000	129
10100111001001	245
10100111001010	159
10100111001011	171
10100111001100	162
10100111001101	231
10100111001110	234
10100111001111	202
10100111010000	117
10100111010001	187
10100111010010	100
10100111010011	305
10100111010100	96
10100111010101	239
10100111010110	103
10100111010111	294
10100111011000	119
10100111011001	209
10100111011010	168
10100111011011	316
10100111011100	120
10100111011101	259
10100111011110	115
10100111011111	298
10100111100000	175
10100111100001	364
10100111100010	171
10100111100011	369
10100111100100	155
10100111100101	338
10100111100110	179
10100111100111	272
10100111101000	205
10100111101001	288
10100111101010	211
10100111101011	253
10100111101100	178
10100111101101	282
10100111101110	234
10100111101111	251
10100111110000	125
10100111110001	188
10100111110010	108
10100111110011	230
10100111110100	153
10100111110101	325
10100111110110	129
10100111110111	241
10100111111000	126
10100111111001	380
10100111111010	169
10100111111011	224
10100111111100	161
10100111111101	312
10100111111110	146
10100111111111	360
10101000000000	124
10101000000001	199
10101000000010	161
10101000000011	181
10101000000100	115
10101000000101	134
10101000000110	160
10101000000111	235
10101000001000	158
10101000001001	196
10101000001010	160
10101000001011	150
10101000001100	155
10101000001101	157
10101000001110	156
10101000001111	141
10101000010000	88
10101000010001	147
10101000010010	84
10101000010011	145
10101000010100	93
10101000010101	145
10101000010110	91
10101000010111	202
10101000011000	108
10101000011001	193
10101000011010	84
10101000011011	161
10101000011100	120
10101000011101	171
10101000011110	109
10101000011111	166
10101000100000	138
10101000100001	208
10101000100010	126
10101000100011	202
10101000100100	166
10101000100101	236
10101000100110	165
10101000100111	202
10101000101000	190
10101000101001	227
10101000101010	170
10101000101011	197
10101000101100	164
10101000101101	181
10101000101110	163
10101000101111	136
10101000110000	85
10101000110001	188
10101000110010	98
10101000110011	196
10101000110100	105
10101000110101	222
10101000110110	86
10101000110111	164
10101000111000	130
10101000111001	251
10101000111010	118
10101000111011	220
10101000111100	128
10101000111101	187
10101000111110	133
10101000111111	168
10101001000000	200
10101001000001	351
10101001000010	147
10101001000011	346
10101001000100	160
10101001000101	303
10101001000110	138
10101001000111	293
10101001001000	195
10101001001001	265
10101001001010	133
10101001001011	204
10101001001100	221
10101001001101	265
10101001001110	145
10101001001111	199
10101001010000	79
10101001010001	273
10101001010010	68
10101001010011	266
10101001010100	98
10101001010101	301
10101001010110	100
10101001010111	251
10101001011000	113
10101001011001	292
10101001011010	126
10101001011011	250
10101001011100	115
10101001011101	347
10101001011110	104
10101001011111	320
10101001100000	162
10101001100001	402
10101001100010	133
10101001100011	377
10101001100100	231
10101001100101	433
10101001100110	213
10101001100111	361
10101001101000	214
10101001101001	378
10101001101010	200
10101001101011	260
10101001101100	210
10101001101101	381
10101001101110	170
10101001101111	256
10101001110000	90
10101001110001	399
10101001110010	70
10101001110011	303
10101001110100	136
10101001110101	369
10101001110110	109
10101001110111	325
10101001111000	181
10101001111001	397
10101001111010	106
10101001111011	308
10101001111100	166
10101001111101	334
10101001111110	145
10101001111111	262
10101010000000	193
10101010000001	278
10101010000010	246
10101010000011	241
10101010000100	226
10101010000101	300
10101010000110	224
10101010000111	331
10101010001000	278
10101010001001	302
10101010001010	246
10101010001011	358
10101010001100	273
10101010001101	313
10101010001110	245
10101010001111	285
10101010010000	126
10101010010001	291
10101010010010	147
10101010010011	245
10101010010100	151
10101010010101	303
10101010010110	92
10101010010111	306
10101010011000	172
10101010011001	268
10101010011010	195
10101010011011	279
10101010011100	166
10101010011101	263
10101010011110	219
10101010011111	273
10101010100000	275
10101010100001	417
10101010100010	176
10101010100011	298
10101010100100	252
10101010100101	469
10101010100110	269
10101010100111	328
10101010101000	230
10101010101001	325
10101010101010	232
10101010101011	361
10101010101100	327
10101010101101	290
10101010101110	248
10101010101111	305
10101010110000	157
10101010110001	337
10101010110010	133
10101010110011	283
10101010110100	142
10101010110101	359
10101010110110	131
10101010110111	293
10101010111000	209
10101010111001	388
10101010111010	228
10101010111011	356
10101010111100	181
10101010111101	322
10101010111110	191
10101010111111	315
10101011000000	176
10101011000001	396
10101011000010	229
10101011000011	363
10101011000100	205
10101011000101	354
10101011000110	222
10101011000111	415
10101011001000	284
10101011001001	310
10101011001010	274
10101011001011	517
10101011001100	250
10101011001101	407
10101011001110	214
10101011001111	368
10101011010000	134
10101011010001	259
10101011010010	126
10101011010011	253
10101011010100	111
10101011010101	321
10101011010110	127
10101011010111	393
10101011011000	180
10101011011001	309
10101011011010	181
10101011011011	369
10101011011100	173
10101011011101	328
10101011011110	224
10101011011111	229
10101011100000	236
10101011100001	376
10101011100010	209
10101011100011	411
10101011100100	287
10101011100101	402
10101011100110	270
10101011100111	443
10101011101000	257
10101011101001	366
10101011101010	295
10101011101011	436
10101011101100	248
10101011101101	423
10101011101110	349
10101011101111	369
10101011110000	165
10101011110001	259
10101011110010	151
10101011110011	280
10101011110100	225
10101011110101	461
10101011110110	185
10101011110111	456
10101011111000	190
10101011111001	374
10101011111010	208
10101011111011	574
10101011111100	182
10101011111101	421
10101011111110	248
10101011111111	460
10101100000000	133
10101100000001	165
10101100000010	110
10101100000011	171
10101100000100	107
10101100000101	171
10101100000110	147
10101100000111	118
10101100001000	135
10101100001001	162
10101100001010	131
10101100001011	142
10101100001100	97
10101100001101	162
10101100001110	101
10101100001111	146
10101100010000	63
10101100010001	130
10101100010010	72
10101100010011	154
10101100010100	65
10101100010101	128
10101100010110	67
10101100010111	199
10101100011000	84
10101100011001	187
10101100011010	102
10101100011011	220
10101100011100	99
10101100011101	173
10101100011110	114
10101100011111	142
10101100100000	115
10101100100001	155
10101100100010	141
10101100100011	224
10101100100100	182
10101100100101	211
10101100100110	160
10101100100111	194
10101100101000	168
10101100101001	164
10101100101010	158
10101100101011	169
10101100101100	185
10101100101101	161
10101100101110	120
10101100101111	138
10101100110000	76
10101100110001	205
10101100110010	68
10101100110011	157
10101100110100	79
10101100110101	187
10101100110110	85
10101100110111	147
10101100111000	109
10101100111001	197
10101100111010	145
10101100111011	162
10101100111100	100
10101100111101	152
10101100111110	119
10101100111111	163
10101101000000	170
10101101000001	255
10101101000010	130
10101101000011	203
10101101000100	145
10101101000101	322
10101101000110	171
10101101000111	218
10101101001000	163
10101101001001	312
10101101001010	129
10101101001011	165
10101101001100	120
10101101001101	197
10101101001110	138
10101101001111	216
10101101010000	87
10101101010001	187
10101101010010	75
10101101010011	255
10101101010100	78
10101101010101	273
10101101010110	115
10101101010111	197
10101101011000	122
10101101011001	193
10101101011010	111
10101101011011	273
10101101011100	103
10101101011101	243
10101101011110	102
10101101011111	217
10101101100000	146
10101101100001	383
10101101100010	134
10101101100011	357
10101101100100	210
10101101100101	321
10101101100110	164
10101101100111	275
10101101101000	161
10101101101001	261
10101101101010	159
10101101101011	319
10101101101100	224
10101101101101	323
10101101101110	163
10101101101111	271
10101101110000	140
10101101110001	254
10101101110010	57
10101101110011	272
10101101110100	113
10101101110101	252
10101101110110	92
10101101110111	295
10101101111000	141
10101101111001	357
10101101111010	112
10101101111011	278
10101101111100	138
10101101111101	325
10101101111110	134
10101101111111	226
10101110000000	202
10101110000001	280
10101110000010	263
10101110000011	345
10101110000100	284
10101110000101	342
10101110000110	271
10101110000111	329
10101110001000	268
10101110001001	326
10101110001010	272
10101110001011	324
10101110001100	221
10101110001101	303
10101110001110	285
10101110001111	246
10101110010000	126
10101110010001	303
10101110010010	168
10101110010011	245
10101110010100	130
10101110010101	242
10101110010110	185
10101110010111	314
10101110011000	206
10101110011001	342
10101110011010	174
10101110011011	467
10101110011100	193
10101110011101	293
10101110011110	205
10101110011111	259
10101110100000	224
10101110100001	377
10101110100010	265
10101110100011	243
10101110100100	323
10101110100101	469
10101110100110	289
10101110100111	371
10101110101000	329
10101110101001	426
10101110101010	292
10101110101011	388
10101110101100	252
10101110101101	388
10101110101110	278
10101110101111	321
10101110110000	144
10101110110001	346
10101110110010	171
10101110110011	329
10101110110100	188
10101110110101	313
10101110110110	163
10101110110111	314
10101110111000	251
10101110111001	371
10101110111010	255
10101110111011	428
10101110111100	243
10101110111101	354
10101110111110	218
10101110111111	347
10101111000000	228
10101111000001	449
10101111000010	259
10101111000011	355
10101111000100	221
10101111000101	520
10101111000110	212
10101111000111	464
10101111001000	231
10101111001001	313
10101111001010	229
10101111001011	428
10101111001100	231
10101111001101	390
10101111001110	272
10101111001111	325
10101111010000	173
10101111010001	397
10101111010010	152
10101111010011	468
10101111010100	116
10101111010101	349
10101111010110	172
10101111010111	371
10101111011000	201
10101111011001	286
10101111011010	229
10101111011011	391
10101111011100	206
10101111011101	281
10101111011110	235
10101111011111	348
10101111100000	268
10101111100001	431
10101111100010	230
10101111100011	507
10101111100100	287
10101111100101	485
10101111100110	264
10101111100111	419
10101111101000	282
10101111101001	462
10101111101010	284
10101111101011	453
10101111101100	282
10101111101101	429
10101111101110	241
10101111101111	400
10101111110000	151
10101111110001	344
10101111110010	153
10101111110011	346
10101111110100	177
10101111110101	372
10101111110110	172
10101111110111	395
10101111111000	182
10101111111001	426
10101111111010	157
10101111111011	400
10101111111100	213
10101111111101	414
10101111111110	196
10101111111111	347
10110000000000	176
10110000000001	194
10110000000010	171
10110000000011	222
10110000000100	143
10110000000101	230
10110000000110	133
10110000000111	177
10110000001000	200
10110000001001	224
10110000001010	197
10110000001011	165
10110000001100	133
10110000001101	222
10110000001110	155
10110000001111	143
10110000010000	87
10110000010001	192
10110000010010	93
10110000010011	208
10110000010100	82
10110000010101	175
10110000010110	55
10110000010111	211
10110000011000	148
10110000011001	251
10110000011010	125
10110000011011	252
10110000011100	136
10110000011101	154
10110000011110	94
10110000011111	147
10110000100000	172
10110000100001	242
10110000100010	165
10110000100011	234
10110000100100	189
10110000100101	220
10110000100110	203
10110000100111	240
10110000101000	195
10110000101001	288
10110000101010	171
10110000101011	210
10110000101100	179
10110000101101	165
10110000101110	186
10110000101111	135
10110000110000	130
10110000110001	209
10110000110010	84
10110000110011	174
10110000110100	148
10110000110101	229
10110000110110	122
10110000110111	202
10110000111000	132
10110000111001	255
10110000111010	172
10110000111011	246
10110000111100	134
10110000111101	213
10110000111110	153
10110000111111	158
10110001000000	177
10110001000001	291
10110001000010	158
10110001000011	276
10110001000100	173
10110001000101	285
10110001000110	143
10110001000111	213
10110001001000	167
10110001001001	404
10110001001010	178
10110001001011	220
10110001001100	174
10110001001101	276
10110001001110	131
10110001001111	200
10110001010000	79
10110001010001	330
10110001010010	108
10110001010011	276
10110001010100	106
10110001010101	450
10110001010110	113
10110001010111	276
10110001011000	160
10110001011001	289
10110001011010	154
10110001011011	254
10110001011100	152
10110001011101	313
10110001011110	128
10110001011111	296
10110001100000	224
10110001100001	391
10110001100010	182
10110001100011	431
10110001100100	230
10110001100101	414
10110001100110	175
10110001100111	366
10110001101000	268
10110001101001	440
10110001101010	155
10110001101011	282
10110001101100	211
10110001101101	405
10110001101110	140
10110001101111	226
10110001110000	126
10110001110001	357
10110001110010	84
10110001110011	361
10110001110100	141
10110001110101	332
10110001110110	125
10110001110111	321
10110001111000	206
10110001111001	385
10110001111010	150
10110001111011	270
10110001111100	256
10110001111101	356
10110001111110	183
10110001111111	227
10110010000000	199
10110010000001	341
10110010000010	272
10110010000011	322
10110010000100	207
10110010000101	334
10110010000110	159
10110010000111	272
10110010001000	220
10110010001001	319
10110010001010	226
10110010001011	362
10110010001100	298
10110010001101	312
10110010001110	191
10110010001111	257
10110010010000	129
10110010010001	335
10110010010010	134
10110010010011	315
10110010010100	129
10110010010101	331
10110010010110	137
10110010010111	318
10110010011000	174
10110010011001	290
10110010011010	221
10110010011011	364
10110010011100	195
10110010011101	215
10110010011110	215
10110010011111	285
10110010100000	223
10110010100001	317
10110010100010	265
10110010100011	283
10110010100100	218
10110010100101	304
10110010100110	169
10110010100111	254
10110010101000	334
10110010101001	310
10110010101010	239
10110010101011	301
10110010101100	295
10110010101101	347
10110010101110	242
10110010101111	243
10110010110000	94
10110010110001	389
10110010110010	112
10110010110011	299
10110010110100	134
10110010110101	376
10110010110110	146
10110010110111	371
10110010111000	190
10110010111001	364
10110010111010	221
10110010111011	202
10110010111100	249
10110010111101	295
10110010111110	186
10110010111111	349
10110011000000	202
10110011000001	450
10110011000010	298
10110011000011	452
10110011000100	164
10110011000101	344
10110011000110	226
10110011000111	379
10110011001000	219
10110011001001	327
10110011001010	244
10110011001011	404
10110011001100	203
10110011001101	298
10110011001110	201
10110011001111	325
10110011010000	153
10110011010001	339
10110011010010	119
10110011010011	385
10110011010100	126
10110011010101	376
10110011010110	146
10110011010111	387
10110011011000	163
10110011011001	350
10110011011010	214
10110011011011	405
10110011011100	205
10110011011101	312
10110011011110	160
10110011011111	268
10110011100000	282
10110011100001	423
10110011100010	268
10110011100011	459
10110011100100	283
10110011100101	314
10110011100110	224
10110011100111	446
10110011101000	291
10110011101001	455
10110011101010	252
10110011101011	389
10110011101100	257
10110011101101	380
10110011101110	242
10110011101111	342
10110011110000	135
10110011110001	374
10110011110010	168
10110011110011	408
10110011110100	184
10110011110101	399
10110011110110	137
10110011110111	356
10110011111000	196
10110011111001	401
10110011111010	171
10110011111011	436
10110011111100	223
10110011111101	323
10110011111110	225
10110011111111	338
10110100000000	110
10110100000001	191
10110100000010	152
10110100000011	188
10110100000100	126
10110100000101	188
10110100000110	151
10110100000111	176
10110100001000	143
10110100001001	160
10110100001010	144
10110100001011	184
10110100001100	146
10110100001101	143
10110100001110	117
10110100001111	126
10110100010000	81
10110100010001	150
10110100010010	80
10110100010011	205
10110100010100	89
10110100010101	146
10110100010110	65
10110100010111	185
10110100011000	142
10110100011001	179
10110100011010	109
10110100011011	222
10110100011100	136
10110100011101	157
10110100011110	129
10110100011111	181
10110100100000	205
10110100100001	222
10110100100010	136
10110100100011	177
10110100100100	163
10110100100101	229
10110100100110	134
10110100100111	173
10110100101000	206
10110100101001	240
10110100101010	153
10110100101011	157
10110100101100	190
10110100101101	147
10110100101110	133
10110100101111	161
10110100110000	87
10110100110001	187
10110100110010	108
10110100110011	181
10110100110100	112
10110100110101	179
10110100110110	93
10110100110111	160
10110100111000	174
10110100111001	168
10110100111010	137
10110100111011	170
10110100111100	141
10110100111101	157
10110100111110	130
10110100111111	156
10110101000000	172
10110101000001	437
10110101000010	118
10110101000011	318
10110101000100	171
10110101000101	190
10110101000110	122
10110101000111	300
10110101001000	199
10110101001001	334
10110101001010	93
10110101001011	230
10110101001100	194
10110101001101	301
10110101001110	119
10110101001111	161
10110101010000	91
10110101010001	295
10110101010010	142
10110101010011	391
10110101010100	110
10110101010101	334
10110101010110	114
10110101010111	245
10110101011000	127
10110101011001	324
10110101011010	187
10110101011011	292
10110101011100	146
10110101011101	312
10110101011110	145
10110101011111	324
10110101100000	212
10110101100001	399
10110101100010	155
10110101100011	314
10110101100100	184
10110101100101	402
10110101100110	163
10110101100111	326
10110101101000	165
10110101101001	364
10110101101010	181
10110101101011	319
10110101101100	214
10110101101101	278
10110101101110	176
10110101101111	224
10110101110000	122
10110101110001	439
10110101110010	119
10110101110011	291
10110101110100	124
10110101110101	456
10110101110110	139
10110101110111	327
10110101111000	163
10110101111001	420
10110101111010	138
10110101111011	301
10110101111100	192
10110101111101	387
10110101111110	148
10110101111111	288
10110110000000	296
10110110000001	352
10110110000010	326
10110110000011	407
10110110000100	268
10110110000101	370
10110110000110	227
10110110000111	439
10110110001000	328
10110110001001	348
10110110001010	292
10110110001011	435
10110110001100	306
10110110001101	335
10110110001110	226
10110110001111	300
10110110010000	135
10110110010001	351
10110110010010	154
10110110010011	319
10110110010100	149
10110110010101	349
10110110010110	185
10110110010111	421
10110110011000	215
10110110011001	378
10110110011010	199
10110110011011	389
10110110011100	216
10110110011101	360
10110110011110	310
10110110011111	335
10110110100000	287
10110110100001	475
10110110100010	274
10110110100011	435
10110110100100	301
10110110100101	481
10110110100110	268
10110110100111	363
10110110101000	341
10110110101001	341
10110110101010	295
10110110101011	407
10110110101100	332
10110110101101	343
10110110101110	286
10110110101111	339
10110110110000	165
10110110110001	446
10110110110010	187
10110110110011	423
10110110110100	225
10110110110101	448
10110110110110	166
10110110110111	356
10110110111000	309
10110110111001	411
10110110111010	291
10110110111011	402
10110110111100	284
10110110111101	418
10110110111110	226
10110110111111	309
10110111000000	274
10110111000001	334
10110111000010	262
10110111000011	455
10110111000100	248
10110111000101	462
10110111000110	195
10110111000111	586
10110111001000	255
10110111001001	256
10110111001010	347
10110111001011	479
10110111001100	247
10110111001101	391
10110111001110	232
10110111001111	360
10110111010000	134
10110111010001	367
10110111010010	177
10110111010011	461
10110111010100	152
10110111010101	520
10110111010110	201
10110111010111	538
10110111011000	282
10110111011001	407
10110111011010	246
10110111011011	542
10110111011100	213
10110111011101	414
10110111011110	180
10110111011111	452
10110111100000	278
10110111100001	575
10110111100010	341
10110111100011	615
10110111100100	373
10110111100101	554
10110111100110	346
10110111100111	553
10110111101000	296
10110111101001	463
10110111101010	392
10110111101011	408
10110111101100	340
10110111101101	446
10110111101110	338
10110111101111	430
10110111110000	169
10110111110001	443
10110111110010	162
10110111110011	552
10110111110100	215
10110111110101	434
10110111110110	230
10110111110111	475
10110111111000	208
10110111111001	582
10110111111010	250
10110111111011	455
10110111111100	258
10110111111101	503
10110111111110	307
10110111111111	471
10111000000000	111
10111000000001	170
10111000000010	112
10111000000011	183
10111000000100	114
10111000000101	150
10111000000110	125
10111000000111	221
10111000001000	136
10111000001001	165
10111000001010	99
10111000001011	144
10111000001100	134
10111000001101	140
10111000001110	115
10111000001111	123
10111000010000	57
10111000010001	137
10111000010010	77
10111000010011	184
10111000010100	73
10111000010101	197
10111000010110	58
10111000010111	117
10111000011000	100
10111000011001	163
10111000011010	92
10111000011011	154
10111000011100	73
10111000011101	137
10111000011110	97
10111000011111	137
10111000100000	133
10111000100001	216
10111000100010	125
10111000100011	278
10111000100100	168
10111000100101	239
10111000100110	103
10111000100111	187
10111000101000	197
10111000101001	187
10111000101010	187
10111000101011	151
10111000101100	113
10111000101101	197
10111000101110	136
10111000101111	116
10111000110000	79
10111000110001	181
10111000110010	80
10111000110011	147
10111000110100	116
10111000110101	140
10111000110110	79
10111000110111	181
10111000111000	143
10111000111001	173
10111000111010	119
10111000111011	102
10111000111100	95
10111000111101	119
10111000111110	100
10111000111111	153
10111001000000	114
10111001000001	294
10111001000010	103
10111001000011	255
10111001000100	147
10111001000101	211
10111001000110	105
10111001000111	200
10111001001000	166
10111001001001	325
10111001001010	102
10111001001011	213
10111001001100	191
10111001001101	223
10111001001110	83
10111001001111	204
10111001010000	100
10111001010001	258
10111001010010	78
10111001010011	313
10111001010100	81
10111001010101	296
10111001010110	58
10111001010111	307
10111001011000	131
10111001011001	208
10111001011010	122
10111001011011	329
10111001011100	121
10111001011101	231
10111001011110	180
10111001011111	252
10111001100000	172
10111001100001	328
10111001100010	141
10111001100011	235
10111001100100	221
10111001100101	368
10111001100110	144
10111001100111	321
10111001101000	228
10111001101001	256
10111001101010	207
10111001101011	257
10111001101100	186
10111001101101	328
10111001101110	147
10111001101111	164
10111001110000	108
10111001110001	293
10111001110010	122
10111001110011	235
10111001110100	120
10111001110101	245
10111001110110	100
10111001110111	242
10111001111000	143
10111001111001	319
10111001111010	139
10111001111011	286
10111001111100	159
10111001111101	329
10111001111110	139
10111001111111	257
10111010000000	197
10111010000001	261
10111010000010	166
10111010000011	204
10111010000100	179
10111010000101	262
10111010000110	160
10111010000111	336
10111010001000	221
10111010001001	211
10111010001010	199
10111010001011	343
10111010001100	182
10111010001101	144
10111010001110	177
10111010001111	245
10111010010000	136
10111010010001	195
10111010010010	99
10111010010011	241
10111010010100	136
10111010010101	249
10111010010110	114
10111010010111	262
10111010011000	140
10111010011001	222
10111010011010	163
10111010011011	195
10111010011100	163
10111010011101	234
10111010011110	132
10111010011111	187
10111010100000	217
10111010100001	285
10111010100010	168
10111010100011	317
10111010100100	257
10111010100101	358
10111010100110	225
10111010100111	300
10111010101000	249
10111010101001	260
10111010101010	199
10111010101011	293
10111010101100	259
10111010101101	176
10111010101110	275
10111010101111	219
10111010110000	122
10111010110001	253
10111010110010	109
10111010110011	222
10111010110100	148
10111010110101	270
10111010110110	110
10111010110111	231
10111010111000	159
10111010111001	277
10111010111010	188
10111010111011	292
10111010111100	148
10111010111101	222
10111010111110	142
10111010111111	224
10111011000000	138
10111011000001	325
10111011000010	224
10111011000011	242
10111011000100	150
10111011000101	227
10111011000110	177
10111011000111	392
10111011001000	176
10111011001001	344
10111011001010	214
10111011001011	306
10111011001100	192
10111011001101	252
10111011001110	208
10111011001111	220
10111011010000	99
10111011010001	246
10111011010010	86
10111011010011	325
10111011010100	115
10111011010101	296
10111011010110	140
10111011010111	290
10111011011000	120
10111011011001	268
10111011011010	148
10111011011011	356
10111011011100	184
10111011011101	296
10111011011110	145
10111011011111	336
10111011100000	197
10111011100001	303
10111011100010	209
10111011100011	333
10111011100100	209
10111011100101	287
10111011100110	222
10111011100111	385
10111011101000	288
10111011101001	370
10111011101010	240
10111011101011	287
10111011101100	213
10111011101101	388
10111011101110	251
10111011101111	271
10111011110000	123
10111011110001	254
10111011110010	159
10111011110011	278
10111011110100	126
10111011110101	295
10111011110110	120
10111011110111	399
10111011111000	186
10111011111001	344
10111011111010	167
10111011111011	379
10111011111100	183
10111011111101	291
10111011111110	160
10111011111111	277
10111100000000	125
10111100000001	159
10111100000010	124
10111100000011	169
10111100000100	66
10111100000101	134
10111100000110	103
10111100000111	110
10111100001000	125
10111100001001	148
10111100001010	111
10111100001011	125
10111100001100	91
10111100001101	119
10111100001110	112
10111100001111	114
10111100010000	67
10111100010001	153
10111100010010	67
10111100010011	129
10111100010100	73
10111100010101	189
10111100010110	58
10111100010111	145
10111100011000	119
10111100011001	184
10111100011010	82
10111100011011	137
10111100011100	84
10111100011101	114
10111100011110	94
10111100011111	130
10111100100000	87
10111100100001	181
10111100100010	93
10111100100011	189
10111100100100	128
10111100100101	188
10111100100110	146
10111100100111	147
10111100101000	122
10111100101001	164
10111100101010	166
10111100101011	177
10111100101100	113
10111100101101	106
10111100101110	120
10111100101111	155
10111100110000	71
10111100110001	156
10111100110010	78
10111100110011	126
10111100110100	79
10111100110101	157
10111100110110	89
10111100110111	111
10111100111000	88
10111100111001	185
10111100111010	86
10111100111011	127
10111100111100	109
10111100111101	139
10111100111110	86
10111100111111	128
10111101000000	119
10111101000001	256
10111101000010	123
10111101000011	230
10111101000100	150
10111101000101	294
10111101000110	126
10111101000111	252
10111101001000	143
10111101001001	213
10111101001010	98
10111101001011	203
10111101001100	124
10111101001101	200
10111101001110	104
10111101001111	194
10111101010000	88
10111101010001	219
10111101010010	90
10111101010011	240
10111101010100	73
10111101010101	231
10111101010110	79
10111101010111	235
10111101011000	122
10111101011001	204
10111101011010	134
10111101011011	266
10111101011100	99
10111101011101	237
10111101011110	120
10111101011111	190
10111101100000	169
10111101100001	328
10111101100010	141
10111101100011	285
10111101100100	200
10111101100101	318
10111101100110	125
10111101100111	280
10111101101000	201
10111101101001	307
10111101101010	151
10111101101011	232
10111101101100	249
10111101101101	194
10111101101110	139
10111101101111	199
10111101110000	102
10111101110001	307
10111101110010	94
10111101110011	228
10111101110100	130
10111101110101	258
10111101110110	89
10111101110111	183
10111101111000	189
10111101111001	250
10111101111010	76
10111101111011	314
10111101111100	184
10111101111101	292
10111101111110	137
10111101111111	300
10111110000000	186
10111110000001	338
10111110000010	200
10111110000011	294
10111110000100	192
10111110000101	257
10111110000110	248
10111110000111	310
10111110001000	229
10111110001001	264
10111110001010	268
10111110001011	323
10111110001100	293
10111110001101	267
10111110001110	163
10111110001111	297
10111110010000	104
10111110010001	301
10111110010010	111
10111110010011	263
10111110010100	143
10111110010101	288
10111110010110	139
10111110010111	300
10111110011000	182
10111110011001	209
10111110011010	212
10111110011011	385
10111110011100	150
10111110011101	210
10111110011110	194
10111110011111	294
10111110100000	228
10111110100001	369
10111110100010	203
10111110100011	372
10111110100100	235
10111110100101	373
10111110100110	215
10111110100111	326
10111110101000	278
10111110101001	355
10111110101010	260
10111110101011	256
10111110101100	286
10111110101101	365
10111110101110	232
10111110101111	328
10111110110000	150
10111110110001	234
10111110110010	150
10111110110011	323
10111110110100	125
10111110110101	309
10111110110110	152
10111110110111	343
10111110111000	219
10111110111001	355
10111110111010	201
10111110111011	330
10111110111100	252
10111110111101	282
10111110111110	197
10111110111111	246
10111111000000	215
10111111000001	329
10111111000010	190
10111111000011	487
10111111000100	148
10111111000101	398
10111111000110	205
10111111000111	343
10111111001000	211
10111111001001	320
10111111001010	197
10111111001011	378
10111111001100	217
10111111001101	355
10111111001110	206
10111111001111	363
10111111010000	120
10111111010001	310
10111111010010	125
10111111010011	281
10111111010100	132
10111111010101	327
10111111010110	148
10111111010111	349
10111111011000	153
10111111011001	338
10111111011010	214
10111111011011	415
10111111011100	206
10111111011101	280
10111111011110	186
10111111011111	363
10111111100000	232
10111111100001	428
10111111100010	251
10111111100011	505
10111111100100	268
10111111100101	457
10111111100110	231
10111111100111	353
10111111101000	264
10111111101001	410
10111111101010	289
10111111101011	417
10111111101100	273
10111111101101	371
10111111101110	244
10111111101111	330
10111111110000	129
10111111110001	327
10111111110010	120
10111111110011	334
10111111110100	178
10111111110101	342
10111111110110	143
10111111110111	401
10111111111000	228
10111111111001	359
10111111111010	170
10111111111011	481
10111111111100	231
10111111111101	309
10111111111110	246
10111111111111	383
11000000000000	95
11000000000001	103
11000000000010	74
11000000000011	68
11000000000100	83
11000000000101	95
11000000000110	86
11000000000111	103
11000000001000	113
11000000001001	88
11000000001010	96
11000000001011	114
11000000001100	103
11000000001101	130
11000000001110	72
11000000001111	83
11000000010000	34
11000000010001	79
11000000010010	71
11000000010011	124
11000000010100	44
11000000010101	97
11000000010110	60
11000000010111	102
11000000011000	72
11000000011001	98
11000000011010	77
11000000011011	96
11000000011100	75
11000000011101	113
11000000011110	101
11000000011111	109
11000000100000	91
11000000100001	102
11000000100010	70
11000000100011	104
11000000100100	79
11000000100101	146
11000000100110	60
11000000100111	94
11000000101000	96
11000000101001	161
11000000101010	92
11000000101011	89
11000000101100	93
11000000101101	90
11000000101110	86
11000000101111	102
11000000110000	54
11000000110001	98
11000000110010	41
11000000110011	108
11000000110100	62
11000000110101	95
11000000110110	57
11000000110111	102
11000000111000	70
11000000111001	98
11000000111010	53
11000000111011	139
11000000111100	66
11000000111101	88
11000000111110	77
11000000111111	51
11000001000000	133
11000001000001	223
11000001000010	116
11000001000011	205
11000001000100	106
11000001000101	169
11000001000110	117
11000001000111	188
11000001001000	123
11000001001001	222
11000001001010	126
11000001001011	165
11000001001100	112
11000001001101	133
11000001001110	107
11000001001111	153
11000001010000	61
11000001010001	140
11000001010010	68
11000001010011	139
11000001010100	51
11000001010101	227
11000001010110	67
11000001010111	187
11000001011000	102
11000001011001	161
11000001011010	77
11000001011011	157
11000001011100	86
11000001011101	151
11000001011110	82
11000001011111	131
11000001100000	114
11000001100001	179
11000001100010	89
11000001100011	227
11000001100100	134
11000001100101	214
11000001100110	84
11000001100111	193
11000001101000	132
11000001101001	177
11000001101010	95
11000001101011	153
11000001101100	119
11000001101101	175
11000001101110	78
11000001101111	123
11000001110000	58
11000001110001	140
11000001110010	76
11000001110011	112
11000001110100	65
11000001110101	179
11000001110110	74
11000001110111	157
11000001111000	72
11000001111001	130
11000001111010	88
11000001111011	132
11000001111100	100
11000001111101	196
11000001111110	75
11000001111111	156
11000010000000	113
11000010000001	134
11000010000010	97
11000010000011	180
11000010000100	114
11000010000101	193
11000010000110	96
11000010000111	118
11000010001000	108
11000010001001	109
11000010001010	113
11000010001011	176
11000010001100	100
11000010001101	156
11000010001110	100
11000010001111	130
11000010010000	41
11000010010001	121
11000010010010	61
11000010010011	156
11000010010100	51
11000010010101	140
11000010010110	80
11000010010111	129
11000010011000	67
11000010011001	123
11000010011010	96
11000010011011	103
11000010011100	84
11000010011101	134
11000010011110	97
11000010011111	134
11000010100000	140
11000010100001	179
11000010100010	95
11000010100011	194
11000010100100	111
11000010100101	175
11000010100110	103
11000010100111	144
11000010101000	136
11000010101001	146
11000010101010	115
11000010101011	133
11000010101100	119
11000010101101	120
11000010101110	77
11000010101111	133
11000010110000	47
11000010110001	126
11000010110010	82
11000010110011	125
11000010110100	59
11000010110101	131
11000010110110	64
11000010110111	132
11000010111000	106
11000010111001	166
11000010111010	89
11000010111011	130
11000010111100	91
11000010111101	104
11000010111110	80
11000010111111	117
11000011000000	95
11000011000001	167
11000011000010	155
11000011000011	249
11000011000100	147
11000011000101	209
11000011000110	154
11000011000111	227
11000011001000	93
11000011001001	247
11000011001010	156
11000011001011	212
11000011001100	148
11000011001101	175
11000011001110	146
11000011001111	219
11000011010000	59
11000011010001	135
11000011010010	60
11000011010011	213
11000011010100	73
11000011010101	167
11000011010110	65
11000011010111	273
11000011011000	113
11000011011001	166
11000011011010	75
11000011011011	177
11000011011100	89
11000011011101	174
11000011011110	94
11000011011111	218
11000011100000	92
11000011100001	176
11000011100010	101
11000011100011	189
11000011100100	169
11000011100101	240
11000011100110	146
11000011100111	234
11000011101000	141
11000011101001	194
11000011101010	137
11000011101011	196
11000011101100	153
11000011101101	181
11000011101110	98
11000011101111	251
11000011110000	98
11000011110001	184
11000011110010	76
11000011110011	183
11000011110100	86
11000011110101	207
11000011110110	111
11000011110111	192
11000011111000	111
11000011111001	178
11000011111010	104
11000011111011	283
11000011111100	161
11000011111101	238
11000011111110	120
11000011111111	168
11000100000000	78
11000100000001	92
11000100000010	99
11000100000011	101
11000100000100	70
11000100000101	91
11000100000110	74
11000100000111	94
11000100001000	77
11000100001001	94
11000100001010	81
11000100001011	83
11000100001100	88
11000100001101	70
11000100001110	69
11000100001111	64
11000100010000	40
11000100010001	83
11000100010010	53
11000100010011	84
11000100010100	44
11000100010101	100
11000100010110	52
11000100010111	80
11000100011000	61
11000100011001	57
11000100011010	60
11000100011011	107
11000100011100	57
11000100011101	70
11000100011110	46
11000100011111	48
11000100100000	103
11000100100001	113
11000100100010	59
11000100100011	95
11000100100100	61
11000100100101	92
11000100100110	69
11000100100111	98
11000100101000	129
11000100101001	106
11000100101010	88
11000100101011	87
11000100101100	85
11000100101101	87
11000100101110	88
11000100101111	97
11000100110000	48
11000100110001	74
11000100110010	38
11000100110011	111
11000100110100	50
11000100110101	59
11000100110110	46
11000100110111	77
11000100111000	87
11000100111001	95
11000100111010	58
11000100111011	101
11000100111100	59
11000100111101	112
11000100111110	75
11000100111111	75
11000101000000	86
11000101000001	135
11000101000010	62
11000101000011	227
11000101000100	84
11000101000101	197
11000101000110	55
11000101000111	160
11000101001000	121
11000101001001	144
11000101001010	75
11000101001011	126
11000101001100	106
11000101001101	116
11000101001110	131
11000101001111	133
11000101010000	59
11000101010001	143
11000101010010	46
11000101010011	175
11000101010100	34
11000101010101	143
11000101010110	71
11000101010111	143
11000101011000	85
11000101011001	173
11000101011010	68
11000101011011	91
11000101011100	70
11000101011101	131
11000101011110	70
11000101011111	156
11000101100000	116
11000101100001	130
11000101100010	105
11000101100011	159
11000101100100	138
11000101100101	196
11000101100110	94
11000101100111	126
11000101101000	97
11000101101001	188
11000101101010	80
11000101101011	129
11000101101100	93
11000101101101	182
11000101101110	74
11000101101111	111
11000101110000	69
11000101110001	146
11000101110010	51
11000101110011	118
11000101110100	61
11000101110101	213
11000101110110	47
11000101110111	123
11000101111000	73
11000101111001	122
11000101111010	74
11000101111011	145
11000101111100	63
11000101111101	182
11000101111110	77
11000101111111	150
11000110000000	98
11000110000001	184
11000110000010	105
11000110000011	168
11000110000100	96
11000110000101	184
11000110000110	126
11000110000111	154
11000110001000	138
11000110001001	186
11000110001010	158
11000110001011	165
11000110001100	106
11000110001101	159
11000110001110	141
11000110001111	146
11000110010000	88
11000110010001	121
11000110010010	71
11000110010011	161
11000110010100	81
11000110010101	174
11000110010110	67
11000110010111	170
11000110011000	80
11000110011001	153
11000110011010	124
11000110011011	152
11000110011100	112
11000110011101	135
11000110011110	102
11000110011111	170
11000110100000	135
11000110100001	233
11000110100010	135
11000110100011	128
11000110100100	162
11000110100101	203
11000110100110	118
11000110100111	207
11000110101000	178
11000110101001	169
11000110101010	156
11000110101011	157
11000110101100	130
11000110101101	147
11000110101110	132
11000110101111	71
11000110110000	83
11000110110001	142
11000110110010	77
11000110110011	139
11000110110100	70
11000110110101	204
11000110110110	82
11000110110111	122
11000110111000	111
11000110111001	191
11000110111010	133
11000110111011	148
11000110111100	127
11000110111101	129
11000110111110	55
11000110111111	138
11000111000000	157
11000111000001	234
11000111000010	120
11000111000011	319
11000111000100	135
11000111000101	205
11000111000110	164
11000111000111	237
11000111001000	203
11000111001001	216
11000111001010	189
11000111001011	281
11000111001100	136
11000111001101	178
11000111001110	205
11000111001111	211
11000111010000	65
11000111010001	182
11000111010010	71
11000111010011	244
11000111010100	89
11000111010101	185
11000111010110	110
11000111010111	186
11000111011000	96
11000111011001	229
11000111011010	144
11000111011011	240
11000111011100	128
11000111011101	272
11000111011110	158
11000111011111	208
11000111100000	183
11000111100001	289
11000111100010	161
11000111100011	275
11000111100100	167
11000111100101	250
11000111100110	199
11000111100111	264
11000111101000	152
11000111101001	207
11000111101010	185
11000111101011	252
11000111101100	221
11000111101101	235
11000111101110	174
11000111101111	237
11000111110000	85
11000111110001	224
11000111110010	108
11000111110011	199
11000111110100	109
11000111110101	230
11000111110110	136
11000111110111	260
11000111111000	152
11000111111001	226
11000111111010	135
11000111111011	196
11000111111100	158
11000111111101	296
11000111111110	106
11000111111111	182
11001000000000	132
11001000000001	177
11001000000010	126
11001000000011	123
11001000000100	102
11001000000101	134
11001000000110	109
11001000000111	182
11001000001000	142
11001000001001	158
11001000001010	163
11001000001011	168
11001000001100	125
11001000001101	98
11001000001110	115
11001000001111	136
11001000010000	68
11001000010001	131
11001000010010	73
11001000010011	136
11001000010100	67
11001000010101	130
11001000010110	73
11001000010111	155
11001000011000	101
11001000011001	122
11001000011010	78
11001000011011	137
11001000011100	86
11001000011101	142
11001000011110	107
11001000011111	146
11001000100000	117
11001000100001	210
11001000100010	116
11001000100011	166
11001000100100	107
11001000100101	161
11001000100110	124
11001000100111	159
11001000101000	196
11001000101001	120
11001000101010	121
11001000101011	171
11001000101100	152
11001000101101	141
11001000101110	127
11001000101111	129
11001000110000	81
11001000110001	152
11001000110010	66
11001000110011	157
11001000110100	87
11001000110101	144
11001000110110	71
11001000110111	169
11001000111000	113
11001000111001	155
11001000111010	110
11001000111011	161
11001000111100	94
11001000111101	133
11001000111110	97
11001000111111	123
11001001000000	157
11001001000001	342
11001001000010	115
11001001000011	258
11001001000100	136
11001001000101	275
11001001000110	152
11001001000111	352
11001001001000	158
11001001001001	291
11001001001010	114
11001001001011	236
11001001001100	158
11001001001101	311
11001001001110	114
11001001001111	242
11001001010000	76
11001001010001	201
11001001010010	72
11001001010011	201
11001001010100	75
11001001010101	259
11001001010110	85
11001001010111	234
11001001011000	150
11001001011001	258
11001001011010	171
11001001011011	231
11001001011100	139
11001001011101	281
11001001011110	127
11001001011111	181
11001001100000	130
11001001100001	271
11001001100010	92
11001001100011	207
11001001100100	175
11001001100101	303
11001001100110	153
11001001100111	205
11001001101000	165
11001001101001	296
11001001101010	94
11001001101011	286
11001001101100	184
11001001101101	263
11001001101110	100
11001001101111	210
11001001110000	87
11001001110001	272
11001001110010	49
11001001110011	281
11001001110100	114
11001001110101	262
11001001110110	72
11001001110111	265
11001001111000	136
11001001111001	241
11001001111010	92
11001001111011	200
11001001111100	151
11001001111101	238
11001001111110	155
11001001111111	222
11001010000000	179
11001010000001	224
11001010000010	175
11001010000011	219
11001010000100	178
11001010000101	264
11001010000110	244
11001010000111	243
11001010001000	210
11001010001001	261
11001010001010	244
11001010001011	269
11001010001100	191
11001010001101	208
11001010001110	199
11001010001111	203
11001010010000	90
11001010010001	247
11001010010010	94
11001010010011	208
11001010010100	84
11001010010101	268
11001010010110	100
11001010010111	261
11001010011000	141
11001010011001	216
11001010011010	170
11001010011011	203
11001010011100	132
11001010011101	214
11001010011110	133
11001010011111	226
11001010100000	217
11001010100001	291
11001010100010	156
11001010100011	253
11001010100100	198
11001010100101	322
11001010100110	144
11001010100111	249
11001010101000	186
11001010101001	229
11001010101010	169
11001010101011	189
11001010101100	183
11001010101101	243
11001010101110	159
11001010101111	138
11001010110000	101
11001010110001	223
11001010110010	108
11001010110011	146
11001010110100	125
11001010110101	198
11001010110110	129
11001010110111	200
11001010111000	149
11001010111001	269
11001010111010	141
11001010111011	253
11001010111100	178
11001010111101	199
11001010111110	162
11001010111111	210
11001011000000	211
11001011000001	332
11001011000010	258
11001011000011	397
11001011000100	183
11001011000101	243
11001011000110	208
11001011000111	413
11001011001000	203
11001011001001	249
11001011001010	267
11001011001011	367
11001011001100	211
11001011001101	194
11001011001110	204
11001011001111	305
11001011010000	83
11001011010001	222
11001011010010	122
11001011010011	307
11001011010100	107
11001011010101	219
11001011010110	139
11001011010111	314
11001011011000	189
11001011011001	276
11001011011010	165
11001011011011	345
11001011011100	124
11001011011101	207
11001011011110	146
11001011011111	308
11001011100000	189
11001011100001	319
11001011100010	162
11001011100011	297
11001011100100	232
11001011100101	363
11001011100110	193
11001011100111	345
11001011101000	269
11001011101001	339
11001011101010	265
11001011101011	281
11001011101100	199
11001011101101	343
11001011101110	223
11001011101111	272
11001011110000	121
11001011110001	263
11001011110010	78
11001011110011	317
11001011110100	114
11001011110101	274
11001011110110	119
11001011110111	240
11001011111000	156
11001011111001	326
11001011111010	233
11001011111011	309
11001011111100	217
11001011111101	229
11001011111110	200
11001011111111	286
11001100000000	117
11001100000001	183
11001100000010	122
11001100000011	160
11001100000100	133
11001100000101	164
11001100000110	117
11001100000111	143
11001100001000	132
11001100001001	118
11001100001010	141
11001100001011	132
11001100001100	113
11001100001101	137
11001100001110	93
11001100001111	98
11001100010000	62
11001100010001	111
11001100010010	62
11001100010011	144
11001100010100	57
11001100010101	93
11001100010110	74
11001100010111	156
11001100011000	86
11001100011001	133
11001100011010	97
11001100011011	107
11001100011100	99
11001100011101	125
11001100011110	76
11001100011111	132
11001100100000	153
11001100100001	195
11001100100010	112
11001100100011	146
11001100100100	123
11001100100101	161
11001100100110	128
11001100100111	153
11001100101000	133
11001100101001	141
11001100101010	87
11001100101011	152
11001100101100	124
11001100101101	130
11001100101110	106
11001100101111	130
11001100110000	71
11001100110001	167
11001100110010	54
11001100110011	129
11001100110100	66
11001100110101	111
11001100110110	60
11001100110111	132
11001100111000	88
11001100111001	117
11001100111010	98
11001100111011	141
11001100111100	86
11001100111101	127
11001100111110	91
11001100111111	115
11001101000000	122
11001101000001	242
11001101000010	141
11001101000011	274
11001101000100	134
11001101000101	330
11001101000110	106
11001101000111	236
11001101001000	140
11001101001001	227
11001101001010	144
11001101001011	216
11001101001100	121
11001101001101	162
11001101001110	127
11001101001111	195
11001101010000	61
11001101010001	201
11001101010010	69
11001101010011	174
11001101010100	102
11001101010101	269
11001101010110	74
11001101010111	203
11001101011000	114
11001101011001	153
11001101011010	110
11001101011011	214
11001101011100	95
11001101011101	268
11001101011110	74
11001101011111	150
11001101100000	145
11001101100001	290
11001101100010	146
11001101100011	157
11001101100100	174
11001101100101	278
11001101100110	126
11001101100111	190
11001101101000	167
11001101101001	274
11001101101010	110
11001101101011	240
11001101101100	146
11001101101101	240
11001101101110	131
11001101101111	124
11001101110000	87
11001101110001	144
11001101110010	74
11001101110011	182
11001101110100	114
11001101110101	285
11001101110110	74
11001101110111	215
11001101111000	116
11001101111001	189
11001101111010	115
11001101111011	212
11001101111100	156
11001101111101	178
11001101111110	107
11001101111111	175
11001110000000	199
11001110000001	308
11001110000010	196
11001110000011	295
11001110000100	211
11001110000101	273
11001110000110	230
11001110000111	361
11001110001000	223
11001110001001	255
11001110001010	224
11001110001011	271
11001110001100	247
11001110001101	276
11001110001110	203
11001110001111	231
11001110010000	126
11001110010001	280
11001110010010	126
11001110010011	292
11001110010100	160
11001110010101	231
11001110010110	142
11001110010111	267
11001110011000	182
11001110011001	289
11001110011010	190
11001110011011	290
11001110011100	222
11001110011101	198
11001110011110	134
11001110011111	271
11001110100000	184
11001110100001	269
11001110100010	219
11001110100011	269
11001110100100	188
11001110100101	377
11001110100110	198
11001110100111	302
11001110101000	292
11001110101001	265
11001110101010	195
11001110101011	229
11001110101100	260
11001110101101	230
11001110101110	199
11001110101111	247
11001110110000	117
11001110110001	295
11001110110010	104
11001110110011	215
11001110110100	137
11001110110101	279
11001110110110	134
11001110110111	278
11001110111000	169
11001110111001	285
11001110111010	190
11001110111011	253
11001110111100	205
11001110111101	307
11001110111110	128
11001110111111	197
11001111000000	191
11001111000001	342
11001111000010	211
11001111000011	414
11001111000100	201
11001111000101	307
11001111000110	244
11001111000111	418
11001111001000	271
11001111001001	330
11001111001010	274
11001111001011	379
11001111001100	193
11001111001101	327
11001111001110	242
11001111001111	392
11001111010000	127
11001111010001	260
11001111010010	155
11001111010011	442
11001111010100	155
11001111010101	419
11001111010110	196
11001111010111	390
11001111011000	184
11001111011001	317
11001111011010	240
11001111011011	416
11001111011100	148
11001111011101	194
11001111011110	182
11001111011111	367
11001111100000	196
11001111100001	421
11001111100010	241
11001111100011	341
11001111100100	224
11001111100101	355
11001111100110	265
11001111100111	476
11001111101000	279
11001111101001	372
11001111101010	302
11001111101011	453
11001111101100	222
11001111101101	361
11001111101110	301
11001111101111	357
11001111110000	127
11001111110001	254
11001111110010	124
11001111110011	363
11001111110100	174
11001111110101	292
11001111110110	123
11001111110111	416
11001111111000	155
11001111111001	316
11001111111010	188
11001111111011	390
11001111111100	198
11001111111101	311
11001111111110	164
11001111111111	327
11010000000000	130
11010000000001	149
11010000000010	142
11010000000011	173
11010000000100	119
11010000000101	240
11010000000110	152
11010000000111	144
11010000001000	120
11010000001001	178
11010000001010	143
11010000001011	182
11010000001100	136
11010000001101	149
11010000001110	124
11010000001111	136
11010000010000	80
11010000010001	161
11010000010010	71
11010000010011	152
11010000010100	75
11010000010101	171
11010000010110	94
11010000010111	194
11010000011000	112
11010000011001	113
11010000011010	117
11010000011011	199
11010000011100	105
11010000011101	171
11010000011110	114
11010000011111	147
11010000100000	143
11010000100001	212
11010000100010	114
11010000100011	186
11010000100100	184
11010000100101	210
11010000100110	135
11010000100111	196
11010000101000	163
11010000101001	150
11010000101010	151
11010000101011	226
11010000101100	149
11010000101101	173
11010000101110	157
11010000101111	120
11010000110000	79
11010000110001	139
11010000110010	90
11010000110011	184
11010000110100	112
11010000110101	172
11010000110110	77
11010000110111	128
11010000111000	106
11010000111001	239
11010000111010	155
11010000111011	216
11010000111100	111
11010000111101	156
11010000111110	114
11010000111111	187
11010001000000	115
11010001000001	294
11010001000010	171
11010001000011	261
11010001000100	185
11010001000101	372
11010001000110	126
11010001000111	251
11010001001000	182
11010001001001	347
11010001001010	133
11010001001011	255
11010001001100	213
11010001001101	317
11010001001110	124
11010001001111	203
11010001010000	87
11010001010001	326
11010001010010	84
11010001010011	155
11010001010100	119
11010001010101	250
11010001010110	127
11010001010111	328
11010001011000	116
11010001011001	287
11010001011010	139
11010001011011	301
11010001011100	179
11010001011101	250
11010001011110	107
11010001011111	172
11010001100000	198
11010001100001	311
11010001100010	145
11010001100011	276
11010001100100	157
11010001100101	315
11010001100110	121
11010001100111	207
11010001101000	197
11010001101001	311
11010001101010	142
11010001101011	168
11010001101100	161
11010001101101	262
11010001101110	122
11010001101111	142
11010001110000	123
11010001110001	324
11010001110010	85
11010001110011	215
11010001110100	88
11010001110101	378
11010001110110	97
11010001110111	260
11010001111000	147
11010001111001	319
11010001111010	116
11010001111011	293
11010001111100	127
11010001111101	295
11010001111110	118
11010001111111	243
11010010000000	144
11010010000001	299
11010010000010	200
11010010000011	304
11010010000100	200
11010010000101	279
11010010000110	179
11010010000111	221
11010010001000	265
11010010001001	266
11010010001010	216
11010010001011	279
11010010001100	209
11010010001101	202
11010010001110	179
11010010001111	183
11010010010000	136
11010010010001	233
11010010010010	112
11010010010011	332
11010010010100	131
11010010010101	248
11010010010110	108
11010010010111	334
11010010011000	123
11010010011001	273
11010010011010	153
11010010011011	240
11010010011100	149
11010010011101	244
11010010011110	184
11010010011111	268
11010010100000	239
11010010100001	373
11010010100010	190
11010010100011	258
11010010100100	198
11010010100101	276
11010010100110	189
11010010100111	259
11010010101000	220
11010010101001	319
11010010101010	192
11010010101011	279
11010010101100	229
11010010101101	218
11010010101110	154
11010010101111	195
11010010110000	104
11010010110001	168
11010010110010	100
11010010110011	202
11010010110100	75
11010010110101	299
11010010110110	122
11010010110111	263
11010010111000	233
11010010111001	250
11010010111010	136
11010010111011	313
11010010111100	150
11010010111101	211
11010010111110	149
11010010111111	206
11010011000000	244
11010011000001	202
11010011000010	228
11010011000011	408
11010011000100	179
11010011000101	369
11010011000110	211
11010011000111	351
11010011001000	249
11010011001001	282
11010011001010	209
11010011001011	340
11010011001100	193
11010011001101	283
11010011001110	251
11010011001111	280
11010011010000	101
11010011010001	303
11010011010010	127
11010011010011	301
11010011010100	124
11010011010101	326
11010011010110	209
11010011010111	379
11010011011000	166
11010011011001	339
11010011011010	172
11010011011011	422
11010011011100	225
11010011011101	290
11010011011110	240
11010011011111	366
11010011100000	215
11010011100001	280
11010011100010	210
11010011100011	301
11010011100100	235
11010011100101	380
11010011100110	200
11010011100111	317
11010011101000	248
11010011101001	353
11010011101010	225
11010011101011	354
11010011101100	218
11010011101101	329
11010011101110	210
11010011101111	290
11010011110000	90
11010011110001	261
11010011110010	153
11010011110011	327
11010011110100	134
11010011110101	339
11010011110110	127
11010011110111	428
11010011111000	187
11010011111001	270
11010011111010	214
11010011111011	231
11010011111100	189
11010011111101	301
11010011111110	191
11010011111111	300
11010100000000	127
11010100000001	207
11010100000010	126
11010100000011	162
11010100000100	103
11010100000101	128
11010100000110	142
11010100000111	161
11010100001000	118
11010100001001	167
11010100001010	106
11010100001011	150
11010100001100	131
11010100001101	135
11010100001110	139
11010100001111	124
11010100010000	75
11010100010001	168
11010100010010	94
11010100010011	151
11010100010100	89
11010100010101	177
11010100010110	81
11010100010111	162
11010100011000	87
11010100011001	159
11010100011010	153
11010100011011	150
11010100011100	115
11010100011101	143
11010100011110	90
11010100011111	158
11010100100000	141
11010100100001	188
11010100100010	121
11010100100011	195
11010100100100	148
11010100100101	212
11010100100110	107
11010100100111	161
11010100101000	168
11010100101001	167
11010100101010	125
11010100101011	216
11010100101100	151
11010100101101	174
11010100101110	112
11010100101111	125
11010100110000	78
11010100110001	180
11010100110010	82
11010100110011	197
11010100110100	88
11010100110101	147
11010100110110	83
11010100110111	164
11010100111000	136
11010100111001	189
11010100111010	118
11010100111011	115
11010100111100	91
11010100111101	121
11010100111110	90
11010100111111	133
11010101000000	148
11010101000001	336
11010101000010	137
11010101000011	321
11010101000100	199
11010101000101	305
11010101000110	168
11010101000111	276
11010101001000	201
11010101001001	364
11010101001010	135
11010101001011	282
11010101001100	214
11010101001101	268
11010101001110	127
11010101001111	176
11010101010000	65
11010101010001	253
11010101010010	52
11010101010011	337
11010101010100	108
11010101010101	318
11010101010110	130
11010101010111	323
11010101011000	159
11010101011001	316
11010101011010	130
11010101011011	188
11010101011100	154
11010101011101	286
11010101011110	141
11010101011111	240
11010101100000	155
11010101100001	265
11010101100010	138
11010101100011	223
11010101100100	175
11010101100101	347
11010101100110	133
11010101100111	232
11010101101000	153
11010101101001	233
11010101101010	151
11010101101011	189
11010101101100	189
11010101101101	245
11010101101110	99
11010101101111	167
11010101110000	88
11010101110001	347
11010101110010	93
11010101110011	276
11010101110100	136
11010101110101	330
11010101110110	85
11010101110111	259
11010101111000	155
11010101111001	283
11010101111010	106
11010101111011	305
11010101111100	129
11010101111101	302
11010101111110	83
11010101111111	220
11010110000000	276
11010110000001	320
11010110000010	241
11010110000011	357
11010110000100	274
11010110000101	450
11010110000110	250
11010110000111	277
11010110001000	221
11010110001001	299
11010110001010	267
11010110001011	306
11010110001100	298
11010110001101	252
11010110001110	242
11010110001111	230
11010110010000	149
11010110010001	287
11010110010010	151
11010110010011	339
11010110010100	163
11010110010101	282
11010110010110	172
11010110010111	392
11010110011000	243
11010110011001	311
11010110011010	203
11010110011011	307
11010110011100	261
11010110011101	285
11010110011110	225
11010110011111	295
11010110100000	189
11010110100001	380
11010110100010	233
11010110100011	338
11010110100100	252
11010110100101	340
11010110100110	255
11010110100111	328
11010110101000	298
11010110101001	295
11010110101010	259
11010110101011	320
11010110101100	226
11010110101101	295
11010110101110	172
11010110101111	264
11010110110000	145
11010110110001	335
11010110110010	172
11010110110011	258
11010110110100	166
11010110110101	351
11010110110110	157
11010110110111	309
11010110111000	207
11010110111001	338
11010110111010	244
11010110111011	305
11010110111100	223
11010110111101	332
11010110111110	215
11010110111111	237
11010111000000	260
11010111000001	323
11010111000010	344
11010111000011	439
11010111000100	227
11010111000101	574
11010111000110	253
11010111000111	510
11010111001000	188
11010111001001	418
11010111001010	335
11010111001011	533
11010111001100	239
11010111001101	349
11010111001110	355
11010111001111	328
11010111010000	159
11010111010001	341
11010111010010	167
11010111010011	422
11010111010100	143
11010111010101	344
11010111010110	222
11010111010111	504
11010111011000	173
11010111011001	471
11010111011010	247
11010111011011	492
11010111011100	164
11010111011101	488
11010111011110	270
11010111011111	461
11010111100000	279
11010111100001	438
11010111100010	306
11010111100011	486
11010111100100	340
11010111100101	452
11010111100110	315
11010111100111	461
11010111101000	292
11010111101001	454
11010111101010	289
11010111101011	423
11010111101100	334
11010111101101	388
11010111101110	233
11010111101111	406
11010111110000	138
11010111110001	367
11010111110010	183
11010111110011	421
11010111110100	207
11010111110101	446
11010111110110	194
11010111110111	581
11010111111000	236
11010111111001	384
11010111111010	289
11010111111011	554
11010111111100	251
11010111111101	536
11010111111110	262
11010111111111	420
11011000000000	96
11011000000001	116
11011000000010	118
11011000000011	158
11011000000100	112
11011000000101	142
11011000000110	103
11011000000111	106
11011000001000	95
11011000001001	108
11011000001010	124
11011000001011	98
11011000001100	83
11011000001101	89
11011000001110	105
11011000001111	115
11011000010000	78
11011000010001	149
11011000010010	49
11011000010011	117
11011000010100	57
11011000010101	117
11011000010110	64
11011000010111	136
11011000011000	81
11011000011001	139
11011000011010	81
11011000011011	140
11011000011100	67
11011000011101	135
11011000011110	65
11011000011111	123
11011000100000	155
11011000100001	132
11011000100010	120
11011000100011	154
11011000100100	92
11011000100101	148
11011000100110	90
11011000100111	113
11011000101000	150
11011000101001	75
11011000101010	108
11011000101011	142
11011000101100	112
11011000101101	128
11011000101110	87
11011000101111	118
11011000110000	71
11011000110001	142
11011000110010	49
11011000110011	129
11011000110100	64
11011000110101	100
11011000110110	68
11011000110111	114
11011000111000	145
11011000111001	162
11011000111010	97
11011000111011	122
11011000111100	107
11011000111101	117
11011000111110	72
11011000111111	106
11011001000000	147
11011001000001	264
11011001000010	135
11011001000011	236
11011001000100	162
11011001000101	307
11011001000110	103
11011001000111	235
11011001001000	165
11011001001001	157
11011001001010	102
11011001001011	212
11011001001100	128
11011001001101	174
11011001001110	138
11011001001111	145
11011001010000	57
11011001010001	174
11011001010010	78
11011001010011	237
11011001010100	90
11011001010101	208
11011001010110	83
11011001010111	176
11011001011000	122
11011001011001	165
11011001011010	86
11011001011011	168
11011001011100	143
11011001011101	237
11011001011110	86
11011001011111	185
11011001100000	142
11011001100001	242
11011001100010	82
11011001100011	251
11011001100100	141
11011001100101	286
11011001100110	110
11011001100111	128
11011001101000	183
11011001101001	208
11011001101010	143
11011001101011	220
11011001101100	166
11011001101101	181
11011001101110	71
11011001101111	154
11011001110000	80
11011001110001	267
11011001110010	104
11011001110011	183
11011001110100	128
11011001110101	240
11011001110110	63
11011001110111	165
11011001111000	142
11011001111001	221
11011001111010	102
11011001111011	187
11011001111100	112
11011001111101	267
11011001111110	107
11011001111111	161
11011010000000	172
11011010000001	207
11011010000010	134
11011010000011	226
11011010000100	233
11011010000101	229
11011010000110	136
11011010000111	217
11011010001000	122
11011010001001	204
11011010001010	158
11011010001011	191
11011010001100	184
11011010001101	147
11011010001110	133
11011010001111	148
11011010010000	87
11011010010001	201
11011010010010	91
11011010010011	217
11011010010100	121
11011010010101	213
11011010010110	92
11011010010111	202
11011010011000	122
11011010011001	236
11011010011010	117
11011010011011	236
11011010011100	135
11011010011101	160
11011010011110	132
11011010011111	163
11011010100000	158
11011010100001	232
11011010100010	108
11011010100011	223
11011010100100	158
11011010100101	182
11011010100110	130
11011010100111	226
11011010101000	151
11011010101001	184
11011010101010	174
11011010101011	233
11011010101100	168
11011010101101	183
11011010101110	140
11011010101111	181
11011010110000	69
11011010110001	196
11011010110010	84
11011010110011	139
11011010110100	101
11011010110101	246
11011010110110	93
11011010110111	184
11011010111000	136
11011010111001	228
11011010111010	126
11011010111011	193
11011010111100	123
11011010111101	196
11011010111110	79
11011010111111	148
11011011000000	151
11011011000001	246
11011011000010	146
11011011000011	264
11011011000100	155
11011011000101	269
11011011000110	167
11011011000111	244
11011011001000	224
11011011001001	252
11011011001010	184
11011011001011	311
11011011001100	172
11011011001101	228
11011011001110	221
11011011001111	269
11011011010000	82
11011011010001	226
11011011010010	91
11011011010011	351
11011011010100	97
11011011010101	239
11011011010110	94
11011011010111	309
11011011011000	121
11011011011001	272
11011011011010	214
11011011011011	311
11011011011100	130
11011011011101	198
11011011011110	153
11011011011111	288
11011011100000	169
11011011100001	273
11011011100010	239
11011011100011	259
11011011100100	168
11011011100101	310
11011011100110	172
11011011100111	321
11011011101000	205
11011011101001	299
11011011101010	171
11011011101011	256
11011011101100	234
11011011101101	264
11011011101110	159
11011011101111	272
11011011110000	113
11011011110001	260
11011011110010	122
11011011110011	235
11011011110100	81
11011011110101	251
11011011110110	126
11011011110111	220
11011011111000	133
11011011111001	324
11011011111010	157
11011011111011	230
11011011111100	127
11011011111101	231
11011011111110	156
11011011111111	268
11011100000000	91
11011100000001	153
11011100000010	64
11011100000011	127
11011100000100	69
11011100000101	129
11011100000110	75
11011100000111	140
11011100001000	119
11011100001001	118
11011100001010	105
11011100001011	128
11011100001100	101
11011100001101	82
11011100001110	104
11011100001111	128
11011100010000	62
11011100010001	104
11011100010010	68
11011100010011	128
11011100010100	45
11011100010101	130
11011100010110	45
11011100010111	165
11011100011000	70
11011100011001	134
11011100011010	74
11011100011011	123
11011100011100	89
11011100011101	116
11011100011110	60
11011100011111	103
11011100100000	91
11011100100001	117
11011100100010	121
11011100100011	97
11011100100100	92
11011100100101	110
11011100100110	75
11011100100111	120
11011100101000	94
11011100101001	152
11011100101010	109
11011100101011	125
11011100101100	84
11011100101101	117
11011100101110	105
11011100101111	119
11011100110000	62
11011100110001	94
11011100110010	52
11011100110011	83
11011100110100	47
11011100110101	112
11011100110110	63
11011100110111	130
11011100111000	82
11011100111001	99
11011100111010	87
11011100111011	135
11011100111100	80
11011100111101	115
11011100111110	80
11011100111111	156
11011101000000	129
11011101000001	247
11011101000010	73
11011101000011	221
11011101000100	149
11011101000101	267
11011101000110	117
11011101000111	205
11011101001000	143
11011101001001	270
11011101001010	125
11011101001011	140
11011101001100	151
11011101001101	215
11011101001110	132
11011101001111	171
11011101010000	76
11011101010001	180
11011101010010	85
11011101010011	211
11011101010100	96
11011101010101	248
11011101010110	51
11011101010111	231
11011101011000	108
11011101011001	204
11011101011010	112
11011101011011	194
11011101011100	117
11011101011101	222
11011101011110	115
11011101011111	168
11011101100000	138
11011101100001	263
11011101100010	107
11011101100011	224
11011101100100	138
11011101100101	251
11011101100110	90
11011101100111	200
11011101101000	137
11011101101001	220
11011101101010	86
11011101101011	224
11011101101100	153
11011101101101	128
11011101101110	75
11011101101111	165
11011101110000	85
11011101110001	206
11011101110010	89
11011101110011	176
11011101110100	88
11011101110101	244
11011101110110	64
11011101110111	205
11011101111000	132
11011101111001	184
11011101111010	107
11011101111011	211
11011101111100	111
11011101111101	228
11011101111110	97
11011101111111	175
11011110000000	234
11011110000001	296
11011110000010	180
11011110000011	245
11011110000100	201
11011110000101	196
11011110000110	164
11011110000111	280
11011110001000	178
11011110001001	262
11011110001010	246
11011110001011	228
11011110001100	193
11011110001101	221
11011110001110	182
11011110001111	250
11011110010000	95
11011110010001	205
11011110010010	100
11011110010011	289
11011110010100	110
11011110010101	210
11011110010110	129
11011110010111	264
11011110011000	211
11011110011001	288
11011110011010	186
11011110011011	270
11011110011100	172
11011110011101	200
11011110011110	110
11011110011111	237
11011110100000	166
11011110100001	292
11011110100010	191
11011110100011	287
11011110100100	179
11011110100101	287
11011110100110	169
11011110100111	243
11011110101000	234
11011110101001	290
11011110101010	181
11011110101011	244
11011110101100	226
11011110101101	254
11011110101110	172
11011110101111	228
11011110110000	116
11011110110001	209
11011110110010	111
11011110110011	230
11011110110100	108
11011110110101	254
11011110110110	106
11011110110111	274
11011110111000	161
11011110111001	229
11011110111010	146
11011110111011	203
11011110111100	149
11011110111101	283
11011110111110	154
11011110111111	258
11011111000000	163
11011111000001	243
11011111000010	212
11011111000011	384
11011111000100	186
11011111000101	315
11011111000110	235
11011111000111	322
11011111001000	172
11011111001001	290
11011111001010	261
11011111001011	412
11011111001100	168
11011111001101	253
11011111001110	184
11011111001111	355
11011111010000	101
11011111010001	243
11011111010010	133
11011111010011	321
11011111010100	116
11011111010101	258
11011111010110	149
11011111010111	311
11011111011000	161
11011111011001	280
11011111011010	215
11011111011011	359
11011111011100	174
11011111011101	285
11011111011110	220
11011111011111	427
11011111100000	209
11011111100001	354
11011111100010	195
11011111100011	359
11011111100100	208
11011111100101	262
11011111100110	207
11011111100111	374
11011111101000	238
11011111101001	366
11011111101010	270
11011111101011	371
11011111101100	264
11011111101101	310
11011111101110	217
11011111101111	249
11011111110000	142
11011111110001	243
11011111110010	135
11011111110011	315
11011111110100	134
11011111110101	268
11011111110110	147
11011111110111	356
11011111111000	223
11011111111001	317
11011111111010	170
11011111111011	428
11011111111100	227
11011111111101	300
11011111111110	167
11011111111111	257
11100000000000	104
11100000000001	111
11100000000010	80
11100000000011	142
11100000000100	77
11100000000101	165
11100000000110	89
11100000000111	125
11100000001000	126
11100000001001	112
11100000001010	117
11100000001011	76
11100000001100	77
11100000001101	114
11100000001110	96
11100000001111	109
11100000010000	58
11100000010001	132
11100000010010	43
11100000010011	94
11100000010100	67
11100000010101	103
11100000010110	50
11100000010111	110
11100000011000	88
11100000011001	90
11100000011010	83
11100000011011	195
11100000011100	61
11100000011101	76
11100000011110	64
11100000011111	85
11100000100000	114
11100000100001	116
11100000100010	85
11100000100011	137
11100000100100	116
11100000100101	106
11100000100110	93
11100000100111	161
11100000101000	147
11100000101001	149
11100000101010	101
11100000101011	143
11100000101100	136
11100000101101	115
11100000101110	85
11100000101111	130
11100000110000	59
11100000110001	88
11100000110010	38
11100000110011	76
11100000110100	98
11100000110101	131
11100000110110	58
11100000110111	142
11100000111000	111
11100000111001	141
11100000111010	82
11100000111011	128
11100000111100	92
11100000111101	114
11100000111110	87
11100000111111	133
11100001000000	93
11100001000001	170
11100001000010	96
11100001000011	180
11100001000100	124
11100001000101	224
11100001000110	78
11100001000111	137
11100001001000	128
11100001001001	148
11100001001010	102
11100001001011	135
11100001001100	82
11100001001101	156
11100001001110	67
11100001001111	112
11100001010000	64
11100001010001	205
11100001010010	68
11100001010011	177
11100001010100	81
11100001010101	203
11100001010110	54
11100001010111	175
11100001011000	69
11100001011001	174
11100001011010	73
11100001011011	240
11100001011100	85
11100001011101	189
11100001011110	64
11100001011111	162
11100001100000	144
11100001100001	226
11100001100010	91
11100001100011	164
11100001100100	119
11100001100101	190
11100001100110	97
11100001100111	136
11100001101000	140
11100001101001	256
11100001101010	135
11100001101011	203
11100001101100	177
11100001101101	181
11100001101110	85
11100001101111	190
11100001110000	92
11100001110001	229
11100001110010	62
11100001110011	176
11100001110100	76
11100001110101	228
11100001110110	72
11100001110111	197
11100001111000	125
11100001111001	200
11100001111010	110
11100001111011	224
11100001111100	104
11100001111101	230
11100001111110	120
11100001111111	203
11100010000000	97
11100010000001	162
11100010000010	102
11100010000011	140
11100010000100	78
11100010000101	245
11100010000110	119
11100010000111	163
11100010001000	141
11100010001001	148
11100010001010	129
11100010001011	114
11100010001100	83
11100010001101	121
11100010001110	98
11100010001111	127
11100010010000	43
11100010010001	210
11100010010010	56
11100010010011	201
11100010010100	51
11100010010101	116
11100010010110	47
11100010010111	136
11100010011000	89
11100010011001	191
11100010011010	93
11100010011011	147
11100010011100	65
11100010011101	159
11100010011110	105
11100010011111	213
11100010100000	105
11100010100001	179
11100010100010	83
11100010100011	145
11100010100100	131
11100010100101	206
11100010100110	123
11100010100111	198
11100010101000	128
11100010101001	196
11100010101010	134
11100010101011	185
11100010101100	108
11100010101101	173
11100010101110	125
11100010101111	104
11100010110000	64
11100010110001	140
11100010110010	55
11100010110011	173
11100010110100	79
11100010110101	153
11100010110110	63
11100010110111	173
11100010111000	125
11100010111001	198
11100010111010	76
11100010111011	170
11100010111100	93
11100010111101	144
11100010111110	97
11100010111111	108
11100011000000	150
11100011000001	150
11100011000010	119
11100011000011	306
11100011000100	137
11100011000101	251
11100011000110	142
11100011000111	247
11100011001000	161
11100011001001	222
11100011001010	197
11100011001011	248
11100011001100	140
11100011001101	140
11100011001110	145
11100011001111	172
11100011010000	102
11100011010001	151
11100011010010	121
11100011010011	185
11100011010100	79
11100011010101	221
11100011010110	83
11100011010111	273
11100011011000	135
11100011011001	193
11100011011010	139
11100011011011	354
11100011011100	108
11100011011101	163
11100011011110	113
11100011011111	237
11100011100000	132
11100011100001	209
11100011100010	215
11100011100011	250
11100011100100	145
11100011100101	195
11100011100110	173
11100011100111	282
11100011101000	174
11100011101001	161
11100011101010	120
11100011101011	218
11100011101100	159
11100011101101	134
11100011101110	159
11100011101111	161
11100011110000	87
11100011110001	150
11100011110010	84
11100011110011	209
11100011110100	87
11100011110101	244
11100011110110	147
11100011110111	248
11100011111000	129
11100011111001	183
11100011111010	138
11100011111011	160
11100011111100	96
11100011111101	186
11100011111110	103
11100011111111	203
11100100000000	98
11100100000001	139
11100100000010	84
11100100000011	152
11100100000100	104
11100100000101	117
11100100000110	78
11100100000111	82
11100100001000	85
11100100001001	121
11100100001010	66
11100100001011	75
11100100001100	84
11100100001101	96
11100100001110	80
11100100001111	77
11100100010000	27
11100100010001	94
11100100010010	45
11100100010011	121
11100100010100	42
11100100010101	74
11100100010110	53
11100100010111	125
11100100011000	54
11100100011001	82
11100100011010	80
11100100011011	85
11100100011100	73
11100100011101	92
11100100011110	54
11100100011111	99
11100100100000	92
11100100100001	143
11100100100010	102
11100100100011	110
11100100100100	135
11100100100101	100
11100100100110	89
11100100100111	85
11100100101000	101
11100100101001	98
11100100101010	123
11100100101011	135
11100100101100	103
11100100101101	77
11100100101110	57
11100100101111	79
11100100110000	48
11100100110001	129
11100100110010	54
11100100110011	155
11100100110100	55
11100100110101	83
11100100110110	51
11100100110111	133
11100100111000	78
11100100111001	121
11100100111010	95
11100100111011	124
11100100111100	77
11100100111101	119
11100100111110	56
11100100111111	91
11100101000000	107
11100101000001	183
11100101000010	109
11100101000011	197
11100101000100	92
11100101000101	217
11100101000110	48
11100101000111	109
11100101001000	87
11100101001001	153
11100101001010	64
11100101001011	169
11100101001100	67
11100101001101	133
11100101001110	57
11100101001111	108
11100101010000	44
11100101010001	144
11100101010010	53
11100101010011	172
11100101010100	100
11100101010101	201
11100101010110	69
11100101010111	201
11100101011000	76
11100101011001	189
11100101011010	129
11100101011011	130
11100101011100	69
11100101011101	144
11100101011110	79
11100101011111	155
11100101100000	84
11100101100001	186
11100101100010	74
11100101100011	204
11100101100100	116
11100101100101	185
11100101100110	61
11100101100111	153
11100101101000	91
11100101101001	192
11100101101010	95
11100101101011	171
11100101101100	114
11100101101101	167
11100101101110	82
11100101101111	113
11100101110000	68
11100101110001	182
11100101110010	50
11100101110011	149
11100101110100	66
11100101110101	176
11100101110110	67
11100101110111	146
11100101111000	83
11100101111001	214
11100101111010	61
11100101111011	167
11100101111100	77
11100101111101	179
11100101111110	78
11100101111111	141
11100110000000	97
11100110000001	255
11100110000010	150
11100110000011	255
11100110000100	159
11100110000101	239
11100110000110	152
11100110000111	197
11100110001000	167
11100110001001	190
11100110001010	144
11100110001011	193
11100110001100	135
11100110001101	152
11100110001110	159
11100110001111	133
11100110010000	88
11100110010001	264
11100110010010	104
11100110010011	286
11100110010100	107
11100110010101	193
11100110010110	93
11100110010111	223
11100110011000	137
11100110011001	204
11100110011010	103
11100110011011	281
11100110011100	135
11100110011101	225
11100110011110	124
11100110011111	221
11100110100000	111
11100110100001	257
11100110100010	149
11100110100011	269
11100110100100	170
11100110100101	192
11100110100110	164
11100110100111	259
11100110101000	202
11100110101001	220
11100110101010	163
11100110101011	189
11100110101100	155
11100110101101	202
11100110101110	144
11100110101111	193
11100110110000	96
11100110110001	211
11100110110010	72
11100110110011	181
11100110110100	112
11100110110101	178
11100110110110	106
11100110110111	157
11100110111000	152
11100110111001	242
11100110111010	129
11100110111011	167
11100110111100	110
11100110111101	238
11100110111110	100
11100110111111	157
11100111000000	143
11100111000001	229
11100111000010	233
11100111000011	369
11100111000100	134
11100111000101	229
11100111000110	160
11100111000111	283
11100111001000	170
11100111001001	240
11100111001010	207
11100111001011	291
11100111001100	131
11100111001101	210
11100111001110	178
11100111001111	278
11100111010000	102
11100111010001	199
11100111010010	107
11100111010011	290
11100111010100	68
11100111010101	289
11100111010110	117
11100111010111	279
11100111011000	106
11100111011001	199
11100111011010	194
11100111011011	298
11100111011100	142
11100111011101	202
11100111011110	137
11100111011111	285
11100111100000	152
11100111100001	218
11100111100010	237
11100111100011	314
11100111100100	153
11100111100101	262
11100111100110	245
11100111100111	303
11100111101000	218
11100111101001	289
11100111101010	169
11100111101011	331
11100111101100	178
11100111101101	287
11100111101110	175
11100111101111	227
11100111110000	109
11100111110001	175
11100111110010	113
11100111110011	275
11100111110100	122
11100111110101	234
11100111110110	120
11100111110111	378
11100111111000	133
11100111111001	275
11100111111010	190
11100111111011	203
11100111111100	184
11100111111101	232
11100111111110	178
11100111111111	287
11101000000000	152
11101000000001	175
11101000000010	97
11101000000011	180
11101000000100	117
11101000000101	202
11101000000110	125
11101000000111	182
11101000001000	156
11101000001001	207
11101000001010	124
11101000001011	198
11101000001100	105
11101000001101	176
11101000001110	155
11101000001111	133
11101000010000	128
11101000010001	134
11101000010010	103
11101000010011	236
11101000010100	82
11101000010101	170
11101000010110	122
11101000010111	122
11101000011000	102
11101000011001	154
11101000011010	126
11101000011011	213
11101000011100	113
11101000011101	154
11101000011110	88
11101000011111	186
11101000100000	123
11101000100001	194
11101000100010	134
11101000100011	208
11101000100100	181
11101000100101	200
11101000100110	119
11101000100111	194
11101000101000	255
11101000101001	216
11101000101010	156
11101000101011	215
11101000101100	148
11101000101101	205
11101000101110	151
11101000101111	158
11101000110000	85
11101000110001	169
11101000110010	89
11101000110011	132
11101000110100	109
11101000110101	176
11101000110110	90
11101000110111	165
11101000111000	108
11101000111001	204
11101000111010	160
11101000111011	191
11101000111100	131
11101000111101	203
11101000111110	118
11101000111111	135
11101001000000	153
11101001000001	325
11101001000010	111
11101001000011	350
11101001000100	185
11101001000101	296
11101001000110	160
11101001000111	248
11101001001000	179
11101001001001	355
11101001001010	124
11101001001011	225
11101001001100	181
11101001001101	321
11101001001110	117
11101001001111	164
11101001010000	72
11101001010001	275
11101001010010	102
11101001010011	334
11101001010100	101
11101001010101	276
11101001010110	88
11101001010111	316
11101001011000	167
11101001011001	398
11101001011010	145
11101001011011	248
11101001011100	147
11101001011101	276
11101001011110	138
11101001011111	307
11101001100000	157
11101001100001	363
11101001100010	169
11101001100011	364
11101001100100	223
11101001100101	402
11101001100110	224
11101001100111	297
11101001101000	215
11101001101001	278
11101001101010	167
11101001101011	244
11101001101100	254
11101001101101	353
11101001101110	153
11101001101111	251
11101001110000	101
11101001110001	282
11101001110010	82
11101001110011	316
11101001110100	128
11101001110101	446
11101001110110	105
11101001110111	318
11101001111000	139
11101001111001	274
11101001111010	134
11101001111011	295
11101001111100	130
11101001111101	242
11101001111110	104
11101001111111	239
11101010000000	195
11101010000001	359
11101010000010	203
11101010000011	257
11101010000100	212
11101010000101	255
11101010000110	226
11101010000111	274
11101010001000	237
11101010001001	241
11101010001010	277
11101010001011	284
11101010001100	210
11101010001101	238
11101010001110	259
11101010001111	223
11101010010000	153
11101010010001	297
11101010010010	138
11101010010011	302
11101010010100	137
11101010010101	311
11101010010110	132
11101010010111	346
11101010011000	178
11101010011001	304
11101010011010	192
11101010011011	285
11101010011100	173
11101010011101	247
11101010011110	141
11101010011111	282
11101010100000	203
11101010100001	406
11101010100010	219
11101010100011	382
11101010100100	182
11101010100101	358
11101010100110	227
11101010100111	374
11101010101000	305
11101010101001	331
11101010101010	232
11101010101011	284
11101010101100	221
11101010101101	400
11101010101110	188
11101010101111	306
11101010110000	115
11101010110001	264
11101010110010	114
11101010110011	338
11101010110100	125
11101010110101	325
11101010110110	122
11101010110111	317
11101010111000	175
11101010111001	318
11101010111010	172
11101010111011	376
11101010111100	175
11101010111101	259
11101010111110	142
11101010111111	202
11101011000000	218
11101011000001	367
11101011000010	198
11101011000011	383
11101011000100	173
11101011000101	385
11101011000110	247
11101011000111	391
11101011001000	216
11101011001001	296
11101011001010	298
11101011001011	449
11101011001100	212
11101011001101	378
11101011001110	269
11101011001111	306
11101011010000	133
11101011010001	244
11101011010010	146
11101011010011	329
11101011010100	134
11101011010101	364
11101011010110	189
11101011010111	451
11101011011000	156
11101011011001	294
11101011011010	157
11101011011011	483
11101011011100	153
11101011011101	336
11101011011110	249
11101011011111	336
11101011100000	181
11101011100001	400
11101011100010	203
11101011100011	330
11101011100100	247
11101011100101	431
11101011100110	302
11101011100111	416
11101011101000	270
11101011101001	379
11101011101010	288
11101011101011	412
11101011101100	278
11101011101101	414
11101011101110	315
11101011101111	316
11101011110000	155
11101011110001	376
11101011110010	177
11101011110011	369
11101011110100	171
11101011110101	398
11101011110110	152
11101011110111	395
11101011111000	227
11101011111001	347
11101011111010	226
11101011111011	321
11101011111100	210
11101011111101	322
11101011111110	249
11101011111111	330
11101100000000	116
11101100000001	179
11101100000010	151
11101100000011	150
11101100000100	112
11101100000101	127
11101100000110	115
11101100000111	203
11101100001000	159
11101100001001	141
11101100001010	137
11101100001011	133
11101100001100	110
11101100001101	108
11101100001110	114
11101100001111	141
11101100010000	82
11101100010001	120
11101100010010	93
11101100010011	160
11101100010100	106
11101100010101	135
11101100010110	88
11101100010111	141
11101100011000	116
11101100011001	146
11101100011010	98
11101100011011	198
11101100011100	102
11101100011101	133
11101100011110	85
11101100011111	144
11101100100000	134
11101100100001	196
11101100100010	125
11101100100011	188
11101100100100	164
11101100100101	202
11101100100110	131
11101100100111	225
11101100101000	161
11101100101001	160
11101100101010	166
11101100101011	179
11101100101100	154
11101100101101	211
11101100101110	154
11101100101111	138
11101100110000	83
11101100110001	136
11101100110010	72
11101100110011	120
11101100110100	78
11101100110101	187
11101100110110	69
11101100110111	149
11101100111000	132
11101100111001	194
11101100111010	139
11101100111011	201
11101100111100	150
11101100111101	150
11101100111110	94
11101100111111	146
11101101000000	99
11101101000001	308
11101101000010	128
11101101000011	336
11101101000100	175
11101101000101	284
11101101000110	166
11101101000111	247
11101101001000	161
11101101001001	295
11101101001010	150
11101101001011	283
11101101001100	168
11101101001101	249
11101101001110	113
11101101001111	168
11101101010000	86
11101101010001	305
11101101010010	76
11101101010011	238
11101101010100	167
11101101010101	337
11101101010110	126
11101101010111	295
11101101011000	130
11101101011001	343
11101101011010	135
11101101011011	246
11101101011100	109
11101101011101	241
11101101011110	111
11101101011111	217
11101101100000	196
11101101100001	358
11101101100010	139
11101101100011	262
11101101100100	179
11101101100101	373
11101101100110	178
11101101100111	298
11101101101000	233
11101101101001	349
11101101101010	213
11101101101011	325
11101101101100	273
11101101101101	337
11101101101110	217
11101101101111	225
11101101110000	106
11101101110001	333
11101101110010	101
11101101110011	271
11101101110100	126
11101101110101	424
11101101110110	148
11101101110111	316
11101101111000	147
11101101111001	310
11101101111010	135
11101101111011	233
11101101111100	174
11101101111101	293
11101101111110	130
11101101111111	249
11101110000000	253
11101110000001	438
11101110000010	333
11101110000011	401
11101110000100	289
11101110000101	456
11101110000110	307
11101110000111	354
11101110001000	270
11101110001001	335
11101110001010	245
11101110001011	313
11101110001100	256
11101110001101	312
11101110001110	250
11101110001111	325
11101110010000	141
11101110010001	350
11101110010010	163
11101110010011	276
11101110010100	143
11101110010101	388
11101110010110	139
11101110010111	324
11101110011000	235
11101110011001	322
11101110011010	311
11101110011011	415
11101110011100	200
11101110011101	218
11101110011110	254
11101110011111	387
11101110100000	288
11101110100001	456
11101110100010	284
11101110100011	354
11101110100100	306
11101110100101	471
11101110100110	308
11101110100111	320
11101110101000	352
11101110101001	333
11101110101010	347
11101110101011	342
11101110101100	377
11101110101101	406
11101110101110	254
11101110101111	323
11101110110000	172
11101110110001	354
11101110110010	191
11101110110011	304
11101110110100	173
11101110110101	427
11101110110110	202
11101110110111	325
11101110111000	282
11101110111001	356
11101110111010	273
11101110111011	388
11101110111100	235
11101110111101	431
11101110111110	200
11101110111111	346
11101111000000	240
11101111000001	440
11101111000010	339
11101111000011	500
11101111000100	225
11101111000101	520
11101111000110	302
11101111000111	561
11101111001000	242
11101111001001	396
11101111001010	388
11101111001011	596
11101111001100	257
11101111001101	371
11101111001110	313
11101111001111	445
11101111010000	127
11101111010001	293
11101111010010	163
11101111010011	452
11101111010100	144
11101111010101	328
11101111010110	201
11101111010111	468
11101111011000	179
11101111011001	384
11101111011010	277
11101111011011	476
11101111011100	192
11101111011101	390
11101111011110	227
11101111011111	402
11101111100000	285
11101111100001	364
11101111100010	360
11101111100011	547
11101111100100	318
11101111100101	483
11101111100110	280
11101111100111	601
11101111101000	318
11101111101001	446
11101111101010	364
11101111101011	523
11101111101100	317
11101111101101	383
11101111101110	278
11101111101111	394
11101111110000	160
11101111110001	420
11101111110010	203
11101111110011	496
11101111110100	143
11101111110101	374
11101111110110	154
11101111110111	521
11101111111000	233
11101111111001	501
11101111111010	275
11101111111011	466
11101111111100	236
11101111111101	412
11101111111110	260
11101111111111	520
11110000000000	134
11110000000001	173
11110000000010	123
11110000000011	195
11110000000100	142
11110000000101	187
11110000000110	112
11110000000111	156
11110000001000	167
11110000001001	186
11110000001010	132
11110000001011	155
11110000001100	118
11110000001101	142
11110000001110	121
11110000001111	120
11110000010000	98
11110000010001	157
11110000010010	87
11110000010011	173
11110000010100	114
11110000010101	185
11110000010110	94
11110000010111	153
11110000011000	103
11110000011001	167
11110000011010	141
11110000011011	159
11110000011100	121
11110000011101	163
11110000011110	94
11110000011111	136
11110000100000	208
11110000100001	187
11110000100010	127
11110000100011	251
11110000100100	151
11110000100101	262
11110000100110	130
11110000100111	202
11110000101000	198
11110000101001	179
11110000101010	185
11110000101011	179
11110000101100	173
11110000101101	192
11110000101110	161
11110000101111	116
11110000110000	90
11110000110001	221
11110000110010	78
11110000110011	191
11110000110100	93
11110000110101	209
11110000110110	76
11110000110111	152
11110000111000	172
11110000111001	216
11110000111010	143
11110000111011	183
11110000111100	118
11110000111101	172
11110000111110	121
11110000111111	195
11110001000000	144
11110001000001	372
11110001000010	151
11110001000011	291
11110001000100	130
11110001000101	276
11110001000110	93
11110001000111	207
11110001001000	175
11110001001001	315
11110001001010	116
11110001001011	171
11110001001100	123
11110001001101	227
11110001001110	79
11110001001111	141
11110001010000	83
11110001010001	407
11110001010010	80
11110001010011	272
11110001010100	79
11110001010101	316
11110001010110	143
11110001010111	324
11110001011000	161
11110001011001	390
11110001011010	125
11110001011011	282
11110001011100	157
11110001011101	297
11110001011110	86
11110001011111	203
11110001100000	164
11110001100001	305
11110001100010	135
11110001100011	320
11110001100100	215
11110001100101	335
11110001100110	105
11110001100111	217
11110001101000	230
11110001101001	328
11110001101010	150
11110001101011	239
11110001101100	169
11110001101101	251
11110001101110	130
11110001101111	212
11110001110000	110
11110001110001	377
11110001110010	115
11110001110011	283
11110001110100	139
11110001110101	402
11110001110110	126
11110001110111	260
11110001111000	181
11110001111001	363
11110001111010	104
11110001111011	344
11110001111100	150
11110001111101	375
11110001111110	126
11110001111111	270
11110010000000	161
11110010000001	273
11110010000010	163
11110010000011	312
11110010000100	192
11110010000101	318
11110010000110	147
11110010000111	347
11110010001000	190
11110010001001	224
11110010001010	155
11110010001011	302
11110010001100	159
11110010001101	223
11110010001110	123
11110010001111	229
11110010010000	145
11110010010001	361
11110010010010	130
11110010010011	218
11110010010100	150
11110010010101	265
11110010010110	110
11110010010111	312
11110010011000	146
11110010011001	262
11110010011010	187
11110010011011	414
11110010011100	171
11110010011101	251
11110010011110	154
11110010011111	320
11110010100000	209
11110010100001	337
11110010100010	199
11110010100011	202
11110010100100	177
11110010100101	311
11110010100110	159
11110010100111	293
11110010101000	241
11110010101001	296
11110010101010	237
11110010101011	305
11110010101100	207
11110010101101	288
11110010101110	177
11110010101111	205
11110010110000	124
11110010110001	274
11110010110010	106
11110010110011	277
11110010110100	117
11110010110101	322
11110010110110	132
11110010110111	252
11110010111000	152
11110010111001	339
11110010111010	157
11110010111011	261
11110010111100	160
11110010111101	288
11110010111110	193
11110010111111	228
11110011000000	224
11110011000001	319
11110011000010	227
11110011000011	426
11110011000100	195
11110011000101	381
11110011000110	237
11110011000111	345
11110011001000	271
11110011001001	289
11110011001010	201
11110011001011	294
11110011001100	142
11110011001101	246
11110011001110	215
11110011001111	185
11110011010000	97
11110011010001	342
11110011010010	140
11110011010011	414
11110011010100	140
11110011010101	260
11110011010110	176
11110011010111	420
11110011011000	210
11110011011001	367
11110011011010	178
11110011011011	416
11110011011100	130
11110011011101	386
11110011011110	195
11110011011111	389
11110011100000	224
11110011100001	380
11110011100010	276
11110011100011	434
11110011100100	192
11110011100101	327
11110011100110	202
11110011100111	399
11110011101000	235
11110011101001	336
11110011101010	274
11110011101011	496
11110011101100	246
11110011101101	365
11110011101110	278
11110011101111	315
11110011110000	120
11110011110001	272
11110011110010	138
11110011110011	315
11110011110100	147
11110011110101	390
11110011110110	181
11110011110111	352
11110011111000	227
11110011111001	326
11110011111010	220
11110011111011	399
11110011111100	189
11110011111101	363
11110011111110	243
11110011111111	483
11110100000000	137
11110100000001	205
11110100000010	131
11110100000011	161
11110100000100	111
11110100000101	210
11110100000110	114
11110100000111	126
11110100001000	160
11110100001001	162
11110100001010	140
11110100001011	145
11110100001100	146
11110100001101	133
11110100001110	111
11110100001111	129
11110100010000	96
11110100010001	160
11110100010010	92
11110100010011	198
11110100010100	98
11110100010101	200
11110100010110	93
11110100010111	203
11110100011000	113
11110100011001	129
11110100011010	151
11110100011011	193
11110100011100	144
11110100011101	175
11110100011110	117
11110100011111	177
11110100100000	162
11110100100001	223
11110100100010	153
11110100100011	212
11110100100100	159
11110100100101	246
11110100100110	142
11110100100111	153
11110100101000	182
11110100101001	229
11110100101010	136
11110100101011	197
11110100101100	180
11110100101101	192
11110100101110	127
11110100101111	158
11110100110000	125
11110100110001	144
11110100110010	94
11110100110011	172
11110100110100	75
11110100110101	187
11110100110110	80
11110100110111	192
11110100111000	130
11110100111001	185
11110100111010	117
11110100111011	176
11110100111100	117
11110100111101	181
11110100111110	138
11110100111111	191
11110101000000	162
11110101000001	340
11110101000010	130
11110101000011	245
11110101000100	125
11110101000101	303
11110101000110	108
11110101000111	233
11110101001000	212
11110101001001	328
11110101001010	116
11110101001011	141
11110101001100	119
11110101001101	229
11110101001110	85
11110101001111	160
11110101010000	130
11110101010001	264
11110101010010	95
11110101010011	246
11110101010100	112
11110101010101	350
11110101010110	109
11110101010111	373
11110101011000	139
11110101011001	315
11110101011010	132
11110101011011	382
11110101011100	116
11110101011101	238
11110101011110	79
11110101011111	238
11110101100000	183
11110101100001	387
11110101100010	178
11110101100011	377
11110101100100	243
11110101100101	364
11110101100110	149
11110101100111	186
11110101101000	221
11110101101001	340
11110101101010	155
11110101101011	274
11110101101100	194
11110101101101	249
11110101101110	127
11110101101111	159
11110101110000	111
11110101110001	343
11110101110010	124
11110101110011	335
11110101110100	154
11110101110101	357
11110101110110	106
11110101110111	338
11110101111000	170
11110101111001	308
11110101111010	116
11110101111011	269
11110101111100	186
11110101111101	481
11110101111110	140
11110101111111	426
11110110000000	261
11110110000001	501
11110110000010	216
11110110000011	413
11110110000100	253
11110110000101	317
11110110000110	253
11110110000111	336
11110110001000	264
11110110001001	325
11110110001010	289
11110110001011	237
11110110001100	205
11110110001101	329
11110110001110	223
11110110001111	270
11110110010000	165
11110110010001	396
11110110010010	170
11110110010011	375
11110110010100	206
11110110010101	430
11110110010110	255
11110110010111	389
11110110011000	224
11110110011001	399
11110110011010	281
11110110011011	361
11110110011100	224
11110110011101	381
11110110011110	185
11110110011111	360
11110110100000	312
11110110100001	391
11110110100010	263
11110110100011	480
11110110100100	347
11110110100101	386
11110110100110	246
11110110100111	444
11110110101000	316
11110110101001	537
11110110101010	275
11110110101011	381
11110110101100	326
11110110101101	352
11110110101110	194
11110110101111	277
11110110110000	173
11110110110001	400
11110110110010	170
11110110110011	387
11110110110100	177
11110110110101	410
11110110110110	160
11110110110111	364
11110110111000	302
11110110111001	381
11110110111010	226
11110110111011	487
11110110111100	214
11110110111101	426
11110110111110	235
11110110111111	445
11110111000000	252
11110111000001	479
11110111000010	247
11110111000011	569
11110111000100	227
11110111000101	594
11110111000110	196
11110111000111	466
11110111001000	241
11110111001001	375
11110111001010	321
11110111001011	430
11110111001100	249
11110111001101	415
11110111001110	256
11110111001111	325
11110111010000	174
11110111010001	403
11110111010010	173
11110111010011	465
11110111010100	152
11110111010101	498
11110111010110	205
11110111010111	538
11110111011000	223
11110111011001	432
11110111011010	263
11110111011011	464
11110111011100	243
11110111011101	437
11110111011110	251
11110111011111	469
11110111100000	257
11110111100001	514
11110111100010	344
11110111100011	667
11110111100100	289
11110111100101	509
11110111100110	298
11110111100111	485
11110111101000	342
11110111101001	446
11110111101010	414
11110111101011	493
11110111101100	351
11110111101101	437
11110111101110	244
11110111101111	376
11110111110000	197
11110111110001	522
11110111110010	191
11110111110011	536
11110111110100	203
11110111110101	480
11110111110110	231
11110111110111	643
11110111111000	262
11110111111001	404
11110111111010	253
11110111111011	526
11110111111100	235
11110111111101	448
11110111111110	266
11110111111111	441
11111000000000	115
11111000000001	132
11111000000010	86
11111000000011	126
11111000000100	85
11111000000101	167
11111000000110	110
11111000000111	118
11111000001000	121
11111000001001	126
11111000001010	119
11111000001011	137
11111000001100	104
11111000001101	136
11111000001110	76
11111000001111	113
11111000010000	88
11111000010001	132
11111000010010	71
11111000010011	129
11111000010100	75
11111000010101	111
11111000010110	68
11111000010111	96
11111000011000	81
11111000011001	142
11111000011010	108
11111000011011	120
11111000011100	75
11111000011101	129
11111000011110	127
11111000011111	99
11111000100000	111
11111000100001	179
11111000100010	104
11111000100011	179
11111000100100	108
11111000100101	216
11111000100110	111
11111000100111	156
11111000101000	102
11111000101001	201
11111000101010	139
11111000101011	182
11111000101100	125
11111000101101	104
11111000101110	129
11111000101111	118
11111000110000	76
11111000110001	164
11111000110010	79
11111000110011	147
11111000110100	105
11111000110101	145
11111000110110	82
11111000110111	134
11111000111000	125
11111000111001	193
11111000111010	122
11111000111011	115
11111000111100	99
11111000111101	161
11111000111110	87
11111000111111	172
11111001000000	183
11111001000001	292
11111001000010	83
11111001000011	238
11111001000100	134
11111001000101	301
11111001000110	88
11111001000111	202
11111001001000	213
11111001001001	307
11111001001010	130
11111001001011	183
11111001001100	117
11111001001101	194
11111001001110	111
11111001001111	128
11111001010000	113
11111001010001	174
11111001010010	73
11111001010011	158
11111001010100	87
11111001010101	297
11111001010110	118
11111001010111	254
11111001011000	119
11111001011001	228
11111001011010	119
11111001011011	267
11111001011100	115
11111001011101	179
11111001011110	114
11111001011111	275
11111001100000	184
11111001100001	303
11111001100010	146
11111001100011	269
11111001100100	168
11111001100101	314
11111001100110	127
11111001100111	229
11111001101000	220
11111001101001	335
11111001101010	166
11111001101011	199
11111001101100	171
11111001101101	273
11111001101110	106
11111001101111	153
11111001110000	94
11111001110001	321
11111001110010	72
11111001110011	284
11111001110100	139
11111001110101	324
11111001110110	100
11111001110111	242
11111001111000	160
11111001111001	318
11111001111010	149
11111001111011	276
11111001111100	143
11111001111101	291
11111001111110	136
11111001111111	188
11111010000000	200
11111010000001	278
11111010000010	191
11111010000011	257
11111010000100	210
11111010000101	291
11111010000110	151
11111010000111	254
11111010001000	239
11111010001001	273
11111010001010	171
11111010001011	193
11111010001100	165
11111010001101	200
11111010001110	116
11111010001111	159
11111010010000	105
11111010010001	226
11111010010010	113
11111010010011	236
11111010010100	110
11111010010101	214
11111010010110	95
11111010010111	226
11111010011000	139
11111010011001	276
11111010011010	142
11111010011011	215
11111010011100	134
11111010011101	175
11111010011110	133
11111010011111	274
11111010100000	160
11111010100001	335
11111010100010	158
11111010100011	255
11111010100100	170
11111010100101	228
11111010100110	157
11111010100111	286
11111010101000	211
11111010101001	193
11111010101010	198
11111010101011	330
11111010101100	176
11111010101101	304
11111010101110	120
11111010101111	210
11111010110000	96
11111010110001	221
11111010110010	118
11111010110011	146
11111010110100	139
11111010110101	200
11111010110110	100
11111010110111	249
11111010111000	162
11111010111001	227
11111010111010	157
11111010111011	286
11111010111100	145
11111010111101	237
11111010111110	147
11111010111111	190
11111011000000	141
11111011000001	390
11111011000010	179
11111011000011	270
11111011000100	156
11111011000101	308
11111011000110	244
11111011000111	276
11111011001000	190
11111011001001	276
11111011001010	202
11111011001011	307
11111011001100	167
11111011001101	265
11111011001110	196
11111011001111	264
11111011010000	77
11111011010001	274
11111011010010	124
11111011010011	335
11111011010100	130
11111011010101	289
11111011010110	124
11111011010111	378
11111011011000	157
11111011011001	271
11111011011010	168
11111011011011	451
11111011011100	154
11111011011101	282
11111011011110	204
11111011011111	402
11111011100000	187
11111011100001	296
11111011100010	281
11111011100011	411
11111011100100	179
11111011100101	297
11111011100110	218
11111011100111	358
11111011101000	179
11111011101001	304
11111011101010	273
11111011101011	396
11111011101100	245
11111011101101	327
11111011101110	220
11111011101111	324
11111011110000	118
11111011110001	289
11111011110010	179
11111011110011	378
11111011110100	131
11111011110101	364
11111011110110	154
11111011110111	289
11111011111000	153
11111011111001	299
11111011111010	178
11111011111011	375
11111011111100	181
11111011111101	318
11111011111110	159
11111011111111	358
11111100000000	105
11111100000001	173
11111100000010	98
11111100000011	181
11111100000100	112
11111100000101	121
11111100000110	102
11111100000111	166
11111100001000	118
11111100001001	177
11111100001010	84
11111100001011	147
11111100001100	79
11111100001101	96
11111100001110	91
11111100001111	118
11111100010000	68
11111100010001	153
11111100010010	57
11111100010011	183
11111100010100	64
11111100010101	119
11111100010110	74
11111100010111	114
11111100011000	144
11111100011001	157
11111100011010	126
11111100011011	136
11111100011100	68
11111100011101	96
11111100011110	112
11111100011111	131
11111100100000	143
11111100100001	161
11111100100010	138
11111100100011	180
11111100100100	136
11111100100101	162
11111100100110	108
11111100100111	173
11111100101000	118
11111100101001	176
11111100101010	103
11111100101011	173
11111100101100	129
11111100101101	171
11111100101110	94
11111100101111	111
11111100110000	78
11111100110001	148
11111100110010	78
11111100110011	116
11111100110100	120
11111100110101	153
11111100110110	91
11111100110111	153
11111100111000	124
11111100111001	176
11111100111010	103
11111100111011	148
11111100111100	106
11111100111101	188
11111100111110	89
11111100111111	194
11111101000000	125
11111101000001	300
11111101000010	106
11111101000011	292
11111101000100	112
11111101000101	290
11111101000110	91
11111101000111	202
11111101001000	239
11111101001001	248
11111101001010	156
11111101001011	252
11111101001100	120
11111101001101	288
11111101001110	104
11111101001111	141
11111101010000	98
11111101010001	330
11111101010010	80
11111101010011	222
11111101010100	92
11111101010101	241
11111101010110	86
11111101010111	209
11111101011000	126
11111101011001	219
11111101011010	112
11111101011011	310
11111101011100	152
11111101011101	278
11111101011110	117
11111101011111	146
11111101100000	158
11111101100001	293
11111101100010	141
11111101100011	329
11111101100100	165
11111101100101	383
11111101100110	151
11111101100111	269
11111101101000	240
11111101101001	294
11111101101010	166
11111101101011	263
11111101101100	180
11111101101101	241
11111101101110	129
11111101101111	190
11111101110000	115
11111101110001	246
11111101110010	99
11111101110011	200
11111101110100	106
11111101110101	344
11111101110110	105
11111101110111	260
11111101111000	186
11111101111001	293
11111101111010	153
11111101111011	253
11111101111100	152
11111101111101	207
11111101111110	120
11111101111111	256
11111110000000	256
11111110000001	223
11111110000010	236
11111110000011	374
11111110000100	184
11111110000101	281
11111110000110	230
11111110000111	341
11111110001000	193
11111110001001	269
11111110001010	262
11111110001011	344
11111110001100	225
11111110001101	272
11111110001110	224
11111110001111	233
11111110010000	163
11111110010001	304
11111110010010	152
11111110010011	307
11111110010100	123
11111110010101	336
11111110010110	165
11111110010111	210
11111110011000	165
11111110011001	400
11111110011010	277
11111110011011	305
11111110011100	175
11111110011101	285
11111110011110	167
11111110011111	294
11111110100000	268
11111110100001	440
11111110100010	237
11111110100011	398
11111110100100	265
11111110100101	392
11111110100110	206
11111110100111	360
11111110101000	304
11111110101001	324
11111110101010	300
11111110101011	361
11111110101100	264
11111110101101	261
11111110101110	229
11111110101111	268
11111110110000	153
11111110110001	287
11111110110010	178
11111110110011	342
11111110110100	192
11111110110101	233
11111110110110	157
11111110110111	362
11111110111000	242
11111110111001	342
11111110111010	184
11111110111011	392
11111110111100	235
11111110111101	430
11111110111110	191
11111110111111	278
11111111000000	168
11111111000001	455
11111111000010	187
11111111000011	472
11111111000100	180
11111111000101	320
11111111000110	215
11111111000111	536
11111111001000	227
11111111001001	336
11111111001010	294
11111111001011	535
11111111001100	205
11111111001101	336
11111111001110	202
11111111001111	395
11111111010000	102
11111111010001	349
11111111010010	139
11111111010011	379
11111111010100	122
11111111010101	348
11111111010110	184
11111111010111	473
11111111011000	174
11111111011001	374
11111111011010	185
11111111011011	386
11111111011100	172
11111111011101	289
11111111011110	222
11111111011111	444
11111111100000	229
11111111100001	448
11111111100010	290
11111111100011	490
11111111100100	259
11111111100101	409
11111111100110	244
11111111100111	399
11111111101000	271
11111111101001	398
11111111101010	363
11111111101011	505
11111111101100	294
11111111101101	386
11111111101110	308
11111111101111	439
11111111110000	151
11111111110001	356
11111111110010	200
11111111110011	429
11111111110100	151
11111111110101	382
11111111110110	180
11111111110111	447
11111111111000	252
11111111111001	447
11111111111010	199
11111111111011	386
11111111111100	234
11111111111101	404
11111111111110	182
11111111111111	390
5	3
