 	count
00000000000000	237
00000000000001	242
00000000000010	231
00000000000011	299
00000000000100	282
00000000000101	340
00000000000110	215
00000000000111	339
00000000001000	338
00000000001001	436
00000000001010	241
00000000001011	400
00000000001100	323
00000000001101	333
00000000001110	243
00000000001111	300
00000000010000	153
00000000010001	265
00000000010010	142
00000000010011	287
00000000010100	151
00000000010101	305
00000000010110	127
00000000010111	282
00000000011000	185
00000000011001	279
00000000011010	202
00000000011011	231
00000000011100	167
00000000011101	216
00000000011110	179
00000000011111	280
00000000100000	273
00000000100001	466
00000000100010	205
00000000100011	392
00000000100100	366
00000000100101	406
00000000100110	214
00000000100111	345
00000000101000	436
00000000101001	427
00000000101010	303
00000000101011	341
00000000101100	376
00000000101101	346
00000000101110	291
00000000101111	289
00000000110000	207
00000000110001	313
00000000110010	156
00000000110011	228
00000000110100	182
00000000110101	393
00000000110110	125
00000000110111	287
00000000111000	328
00000000111001	398
00000000111010	187
00000000111011	297
00000000111100	257
00000000111101	395
00000000111110	255
00000000111111	265
00000001000000	161
00000001000001	236
00000001000010	134
00000001000011	307
00000001000100	153
00000001000101	299
00000001000110	127
00000001000111	203
00000001001000	229
00000001001001	306
00000001001010	159
00000001001011	219
00000001001100	146
00000001001101	323
00000001001110	154
00000001001111	245
00000001010000	92
00000001010001	208
00000001010010	95
00000001010011	163
00000001010100	55
00000001010101	161
00000001010110	67
00000001010111	208
00000001011000	102
00000001011001	269
00000001011010	92
00000001011011	193
00000001011100	120
00000001011101	265
00000001011110	122
00000001011111	215
00000001100000	179
00000001100001	278
00000001100010	200
00000001100011	272
00000001100100	245
00000001100101	368
00000001100110	179
00000001100111	283
00000001101000	235
00000001101001	417
00000001101010	190
00000001101011	241
00000001101100	180
00000001101101	265
00000001101110	187
00000001101111	230
00000001110000	74
00000001110001	281
00000001110010	85
00000001110011	204
00000001110100	112
00000001110101	263
00000001110110	116
00000001110111	235
00000001111000	162
00000001111001	316
00000001111010	124
00000001111011	241
00000001111100	194
00000001111101	255
00000001111110	118
00000001111111	255
00000010000000	217
00000010000001	273
00000010000010	106
00000010000011	245
00000010000100	234
00000010000101	339
00000010000110	217
00000010000111	270
00000010001000	289
00000010001001	309
00000010001010	281
00000010001011	229
00000010001100	239
00000010001101	268
00000010001110	240
00000010001111	245
00000010010000	119
00000010010001	193
00000010010010	108
00000010010011	197
00000010010100	115
00000010010101	290
00000010010110	95
00000010010111	278
00000010011000	114
00000010011001	296
00000010011010	139
00000010011011	182
00000010011100	190
00000010011101	236
00000010011110	114
00000010011111	342
00000010100000	315
00000010100001	484
00000010100010	179
00000010100011	285
00000010100100	312
00000010100101	455
00000010100110	251
00000010100111	288
00000010101000	297
00000010101001	419
00000010101010	207
00000010101011	302
00000010101100	338
00000010101101	485
00000010101110	235
00000010101111	234
00000010110000	134
00000010110001	244
00000010110010	90
00000010110011	188
00000010110100	144
00000010110101	250
00000010110110	121
00000010110111	195
00000010111000	195
00000010111001	419
00000010111010	114
00000010111011	292
00000010111100	219
00000010111101	463
00000010111110	150
00000010111111	282
00000011000000	147
00000011000001	266
00000011000010	125
00000011000011	247
00000011000100	171
00000011000101	277
00000011000110	212
00000011000111	241
00000011001000	218
00000011001001	320
00000011001010	210
00000011001011	209
00000011001100	208
00000011001101	218
00000011001110	178
00000011001111	156
00000011010000	86
00000011010001	157
00000011010010	62
00000011010011	182
00000011010100	66
00000011010101	235
00000011010110	75
00000011010111	209
00000011011000	118
00000011011001	163
00000011011010	130
00000011011011	156
00000011011100	125
00000011011101	268
00000011011110	91
00000011011111	155
00000011100000	183
00000011100001	275
00000011100010	110
00000011100011	278
00000011100100	183
00000011100101	315
00000011100110	190
00000011100111	235
00000011101000	277
00000011101001	349
00000011101010	191
00000011101011	264
00000011101100	190
00000011101101	350
00000011101110	166
00000011101111	316
00000011110000	78
00000011110001	195
00000011110010	72
00000011110011	175
00000011110100	132
00000011110101	282
00000011110110	91
00000011110111	260
00000011111000	191
00000011111001	265
00000011111010	122
00000011111011	266
00000011111100	195
00000011111101	350
00000011111110	168
00000011111111	245
00000100000000	221
00000100000001	290
00000100000010	153
00000100000011	185
00000100000100	222
00000100000101	335
00000100000110	211
00000100000111	341
00000100001000	314
00000100001001	243
00000100001010	217
00000100001011	195
00000100001100	283
00000100001101	211
00000100001110	180
00000100001111	208
00000100010000	95
00000100010001	154
00000100010010	98
00000100010011	152
00000100010100	111
00000100010101	185
00000100010110	121
00000100010111	176
00000100011000	195
00000100011001	265
00000100011010	117
00000100011011	215
00000100011100	151
00000100011101	174
00000100011110	159
00000100011111	134
00000100100000	286
00000100100001	464
00000100100010	231
00000100100011	320
00000100100100	278
00000100100101	347
00000100100110	160
00000100100111	271
00000100101000	377
00000100101001	389
00000100101010	248
00000100101011	262
00000100101100	341
00000100101101	342
00000100101110	203
00000100101111	287
00000100110000	169
00000100110001	340
00000100110010	119
00000100110011	212
00000100110100	129
00000100110101	315
00000100110110	118
00000100110111	206
00000100111000	253
00000100111001	394
00000100111010	118
00000100111011	264
00000100111100	148
00000100111101	322
00000100111110	174
00000100111111	378
00000101000000	117
00000101000001	241
00000101000010	88
00000101000011	185
00000101000100	149
00000101000101	270
00000101000110	108
00000101000111	168
00000101001000	162
00000101001001	190
00000101001010	119
00000101001011	171
00000101001100	101
00000101001101	175
00000101001110	113
00000101001111	235
00000101010000	49
00000101010001	164
00000101010010	77
00000101010011	146
00000101010100	66
00000101010101	209
00000101010110	49
00000101010111	171
00000101011000	74
00000101011001	272
00000101011010	80
00000101011011	224
00000101011100	104
00000101011101	180
00000101011110	96
00000101011111	215
00000101100000	125
00000101100001	315
00000101100010	105
00000101100011	232
00000101100100	197
00000101100101	346
00000101100110	165
00000101100111	187
00000101101000	159
00000101101001	289
00000101101010	142
00000101101011	232
00000101101100	234
00000101101101	295
00000101101110	155
00000101101111	253
00000101110000	66
00000101110001	239
00000101110010	76
00000101110011	194
00000101110100	111
00000101110101	197
00000101110110	62
00000101110111	172
00000101111000	114
00000101111001	299
00000101111010	87
00000101111011	241
00000101111100	92
00000101111101	195
00000101111110	109
00000101111111	236
00000110000000	266
00000110000001	339
00000110000010	186
00000110000011	292
00000110000100	215
00000110000101	404
00000110000110	211
00000110000111	279
00000110001000	382
00000110001001	361
00000110001010	235
00000110001011	253
00000110001100	236
00000110001101	330
00000110001110	218
00000110001111	292
00000110010000	153
00000110010001	241
00000110010010	62
00000110010011	239
00000110010100	147
00000110010101	222
00000110010110	90
00000110010111	192
00000110011000	185
00000110011001	238
00000110011010	172
00000110011011	201
00000110011100	194
00000110011101	249
00000110011110	176
00000110011111	237
00000110100000	304
00000110100001	440
00000110100010	181
00000110100011	276
00000110100100	333
00000110100101	351
00000110100110	227
00000110100111	299
00000110101000	406
00000110101001	422
00000110101010	230
00000110101011	341
00000110101100	346
00000110101101	360
00000110101110	271
00000110101111	270
00000110110000	160
00000110110001	312
00000110110010	110
00000110110011	314
00000110110100	179
00000110110101	528
00000110110110	124
00000110110111	266
00000110111000	244
00000110111001	435
00000110111010	137
00000110111011	248
00000110111100	249
00000110111101	239
00000110111110	212
00000110111111	225
00000111000000	182
00000111000001	230
00000111000010	121
00000111000011	198
00000111000100	193
00000111000101	293
00000111000110	131
00000111000111	388
00000111001000	201
00000111001001	247
00000111001010	233
00000111001011	283
00000111001100	244
00000111001101	247
00000111001110	183
00000111001111	287
00000111010000	87
00000111010001	263
00000111010010	87
00000111010011	193
00000111010100	68
00000111010101	261
00000111010110	100
00000111010111	218
00000111011000	129
00000111011001	209
00000111011010	144
00000111011011	199
00000111011100	168
00000111011101	237
00000111011110	170
00000111011111	268
00000111100000	218
00000111100001	319
00000111100010	153
00000111100011	235
00000111100100	241
00000111100101	395
00000111100110	200
00000111100111	248
00000111101000	284
00000111101001	299
00000111101010	187
00000111101011	301
00000111101100	218
00000111101101	395
00000111101110	183
00000111101111	207
00000111110000	113
00000111110001	295
00000111110010	73
00000111110011	189
00000111110100	135
00000111110101	295
00000111110110	120
00000111110111	188
00000111111000	185
00000111111001	262
00000111111010	153
00000111111011	227
00000111111100	138
00000111111101	365
00000111111110	133
00000111111111	194
00001000000000	349
00001000000001	514
00001000000010	322
00001000000011	499
00001000000100	392
00001000000101	496
00001000000110	264
00001000000111	426
00001000001000	493
00001000001001	709
00001000001010	396
00001000001011	357
00001000001100	415
00001000001101	496
00001000001110	297
00001000001111	443
00001000010000	190
00001000010001	376
00001000010010	137
00001000010011	347
00001000010100	156
00001000010101	323
00001000010110	198
00001000010111	286
00001000011000	320
00001000011001	464
00001000011010	256
00001000011011	356
00001000011100	214
00001000011101	529
00001000011110	181
00001000011111	208
00001000100000	465
00001000100001	596
00001000100010	361
00001000100011	432
00001000100100	447
00001000100101	557
00001000100110	279
00001000100111	490
00001000101000	495
00001000101001	639
00001000101010	387
00001000101011	563
00001000101100	495
00001000101101	537
00001000101110	395
00001000101111	418
00001000110000	229
00001000110001	517
00001000110010	189
00001000110011	346
00001000110100	254
00001000110101	482
00001000110110	163
00001000110111	328
00001000111000	359
00001000111001	538
00001000111010	266
00001000111011	457
00001000111100	314
00001000111101	429
00001000111110	230
00001000111111	458
00001001000000	179
00001001000001	330
00001001000010	173
00001001000011	281
00001001000100	197
00001001000101	358
00001001000110	160
00001001000111	377
00001001001000	228
00001001001001	329
00001001001010	261
00001001001011	331
00001001001100	240
00001001001101	389
00001001001110	181
00001001001111	355
00001001010000	117
00001001010001	246
00001001010010	115
00001001010011	257
00001001010100	125
00001001010101	394
00001001010110	118
00001001010111	229
00001001011000	146
00001001011001	310
00001001011010	112
00001001011011	310
00001001011100	186
00001001011101	419
00001001011110	169
00001001011111	264
00001001100000	243
00001001100001	406
00001001100010	186
00001001100011	379
00001001100100	246
00001001100101	529
00001001100110	131
00001001100111	402
00001001101000	357
00001001101001	422
00001001101010	266
00001001101011	341
00001001101100	313
00001001101101	488
00001001101110	206
00001001101111	372
00001001110000	143
00001001110001	353
00001001110010	86
00001001110011	292
00001001110100	158
00001001110101	345
00001001110110	135
00001001110111	284
00001001111000	209
00001001111001	366
00001001111010	156
00001001111011	260
00001001111100	206
00001001111101	509
00001001111110	203
00001001111111	239
00001010000000	326
00001010000001	413
00001010000010	272
00001010000011	449
00001010000100	307
00001010000101	490
00001010000110	347
00001010000111	491
00001010001000	410
00001010001001	513
00001010001010	314
00001010001011	404
00001010001100	380
00001010001101	523
00001010001110	277
00001010001111	300
00001010010000	183
00001010010001	348
00001010010010	158
00001010010011	330
00001010010100	160
00001010010101	355
00001010010110	141
00001010010111	317
00001010011000	262
00001010011001	360
00001010011010	192
00001010011011	354
00001010011100	209
00001010011101	429
00001010011110	250
00001010011111	348
00001010100000	402
00001010100001	708
00001010100010	263
00001010100011	463
00001010100100	470
00001010100101	630
00001010100110	285
00001010100111	470
00001010101000	462
00001010101001	563
00001010101010	354
00001010101011	391
00001010101100	575
00001010101101	616
00001010101110	377
00001010101111	550
00001010110000	230
00001010110001	493
00001010110010	116
00001010110011	402
00001010110100	245
00001010110101	479
00001010110110	173
00001010110111	354
00001010111000	411
00001010111001	588
00001010111010	255
00001010111011	498
00001010111100	304
00001010111101	470
00001010111110	185
00001010111111	418
00001011000000	173
00001011000001	382
00001011000010	227
00001011000011	300
00001011000100	213
00001011000101	357
00001011000110	213
00001011000111	394
00001011001000	256
00001011001001	404
00001011001010	296
00001011001011	357
00001011001100	257
00001011001101	330
00001011001110	237
00001011001111	345
00001011010000	88
00001011010001	317
00001011010010	107
00001011010011	288
00001011010100	128
00001011010101	275
00001011010110	103
00001011010111	321
00001011011000	211
00001011011001	398
00001011011010	167
00001011011011	338
00001011011100	186
00001011011101	347
00001011011110	197
00001011011111	358
00001011100000	268
00001011100001	436
00001011100010	195
00001011100011	312
00001011100100	321
00001011100101	507
00001011100110	301
00001011100111	395
00001011101000	417
00001011101001	582
00001011101010	281
00001011101011	417
00001011101100	386
00001011101101	426
00001011101110	308
00001011101111	390
00001011110000	151
00001011110001	318
00001011110010	127
00001011110011	243
00001011110100	159
00001011110101	282
00001011110110	119
00001011110111	277
00001011111000	235
00001011111001	360
00001011111010	153
00001011111011	307
00001011111100	234
00001011111101	360
00001011111110	167
00001011111111	330
00001100000000	401
00001100000001	461
00001100000010	246
00001100000011	319
00001100000100	312
00001100000101	405
00001100000110	247
00001100000111	393
00001100001000	376
00001100001001	472
00001100001010	311
00001100001011	367
00001100001100	340
00001100001101	421
00001100001110	283
00001100001111	333
00001100010000	116
00001100010001	307
00001100010010	119
00001100010011	216
00001100010100	199
00001100010101	264
00001100010110	121
00001100010111	297
00001100011000	247
00001100011001	303
00001100011010	175
00001100011011	371
00001100011100	254
00001100011101	322
00001100011110	212
00001100011111	248
00001100100000	332
00001100100001	473
00001100100010	269
00001100100011	422
00001100100100	417
00001100100101	545
00001100100110	268
00001100100111	408
00001100101000	462
00001100101001	509
00001100101010	313
00001100101011	404
00001100101100	441
00001100101101	488
00001100101110	300
00001100101111	311
00001100110000	214
00001100110001	311
00001100110010	150
00001100110011	222
00001100110100	186
00001100110101	379
00001100110110	120
00001100110111	416
00001100111000	313
00001100111001	409
00001100111010	219
00001100111011	287
00001100111100	341
00001100111101	676
00001100111110	191
00001100111111	404
00001101000000	143
00001101000001	231
00001101000010	133
00001101000011	279
00001101000100	192
00001101000101	324
00001101000110	146
00001101000111	299
00001101001000	184
00001101001001	274
00001101001010	205
00001101001011	283
00001101001100	166
00001101001101	275
00001101001110	180
00001101001111	250
00001101010000	90
00001101010001	206
00001101010010	96
00001101010011	211
00001101010100	103
00001101010101	254
00001101010110	79
00001101010111	240
00001101011000	102
00001101011001	265
00001101011010	86
00001101011011	209
00001101011100	116
00001101011101	256
00001101011110	115
00001101011111	213
00001101100000	163
00001101100001	332
00001101100010	148
00001101100011	282
00001101100100	209
00001101100101	491
00001101100110	208
00001101100111	328
00001101101000	283
00001101101001	515
00001101101010	182
00001101101011	276
00001101101100	228
00001101101101	292
00001101101110	212
00001101101111	345
00001101110000	114
00001101110001	225
00001101110010	86
00001101110011	230
00001101110100	118
00001101110101	280
00001101110110	106
00001101110111	313
00001101111000	137
00001101111001	321
00001101111010	140
00001101111011	225
00001101111100	146
00001101111101	331
00001101111110	112
00001101111111	289
00001110000000	349
00001110000001	443
00001110000010	252
00001110000011	429
00001110000100	336
00001110000101	691
00001110000110	356
00001110000111	448
00001110001000	395
00001110001001	560
00001110001010	358
00001110001011	312
00001110001100	450
00001110001101	619
00001110001110	363
00001110001111	467
00001110010000	157
00001110010001	494
00001110010010	169
00001110010011	319
00001110010100	216
00001110010101	529
00001110010110	100
00001110010111	350
00001110011000	245
00001110011001	549
00001110011010	237
00001110011011	349
00001110011100	243
00001110011101	401
00001110011110	242
00001110011111	289
00001110100000	420
00001110100001	750
00001110100010	253
00001110100011	508
00001110100100	452
00001110100101	631
00001110100110	336
00001110100111	438
00001110101000	548
00001110101001	845
00001110101010	393
00001110101011	552
00001110101100	593
00001110101101	771
00001110101110	369
00001110101111	488
00001110110000	225
00001110110001	597
00001110110010	191
00001110110011	354
00001110110100	255
00001110110101	530
00001110110110	164
00001110110111	329
00001110111000	390
00001110111001	635
00001110111010	240
00001110111011	555
00001110111100	279
00001110111101	565
00001110111110	296
00001110111111	480
00001111000000	256
00001111000001	375
00001111000010	207
00001111000011	372
00001111000100	245
00001111000101	429
00001111000110	233
00001111000111	445
00001111001000	285
00001111001001	410
00001111001010	276
00001111001011	400
00001111001100	302
00001111001101	445
00001111001110	245
00001111001111	367
00001111010000	109
00001111010001	245
00001111010010	97
00001111010011	258
00001111010100	142
00001111010101	392
00001111010110	122
00001111010111	334
00001111011000	170
00001111011001	298
00001111011010	144
00001111011011	324
00001111011100	193
00001111011101	397
00001111011110	241
00001111011111	399
00001111100000	287
00001111100001	514
00001111100010	250
00001111100011	418
00001111100100	314
00001111100101	532
00001111100110	254
00001111100111	400
00001111101000	334
00001111101001	435
00001111101010	283
00001111101011	340
00001111101100	406
00001111101101	580
00001111101110	270
00001111101111	374
00001111110000	126
00001111110001	382
00001111110010	146
00001111110011	298
00001111110100	186
00001111110101	490
00001111110110	140
00001111110111	330
00001111111000	226
00001111111001	501
00001111111010	178
00001111111011	380
00001111111100	184
00001111111101	454
00001111111110	197
00001111111111	284
00010000000000	336
00010000000001	486
00010000000010	377
00010000000011	474
00010000000100	458
00010000000101	595
00010000000110	259
00010000000111	463
00010000001000	621
00010000001001	532
00010000001010	468
00010000001011	542
00010000001100	459
00010000001101	652
00010000001110	463
00010000001111	485
00010000010000	224
00010000010001	448
00010000010010	195
00010000010011	341
00010000010100	232
00010000010101	502
00010000010110	217
00010000010111	298
00010000011000	308
00010000011001	406
00010000011010	305
00010000011011	508
00010000011100	285
00010000011101	476
00010000011110	292
00010000011111	413
00010000100000	491
00010000100001	789
00010000100010	360
00010000100011	444
00010000100100	518
00010000100101	707
00010000100110	343
00010000100111	499
00010000101000	676
00010000101001	897
00010000101010	495
00010000101011	558
00010000101100	631
00010000101101	819
00010000101110	472
00010000101111	487
00010000110000	294
00010000110001	519
00010000110010	224
00010000110011	390
00010000110100	260
00010000110101	645
00010000110110	172
00010000110111	409
00010000111000	404
00010000111001	642
00010000111010	315
00010000111011	603
00010000111100	445
00010000111101	643
00010000111110	248
00010000111111	579
00010001000000	207
00010001000001	392
00010001000010	262
00010001000011	297
00010001000100	360
00010001000101	510
00010001000110	245
00010001000111	405
00010001001000	221
00010001001001	444
00010001001010	236
00010001001011	404
00010001001100	298
00010001001101	462
00010001001110	225
00010001001111	448
00010001010000	155
00010001010001	343
00010001010010	98
00010001010011	368
00010001010100	188
00010001010101	311
00010001010110	105
00010001010111	353
00010001011000	185
00010001011001	359
00010001011010	205
00010001011011	305
00010001011100	199
00010001011101	325
00010001011110	182
00010001011111	445
00010001100000	331
00010001100001	618
00010001100010	238
00010001100011	413
00010001100100	346
00010001100101	544
00010001100110	291
00010001100111	424
00010001101000	335
00010001101001	593
00010001101010	299
00010001101011	425
00010001101100	366
00010001101101	514
00010001101110	194
00010001101111	394
00010001110000	174
00010001110001	371
00010001110010	109
00010001110011	403
00010001110100	188
00010001110101	422
00010001110110	146
00010001110111	390
00010001111000	281
00010001111001	492
00010001111010	163
00010001111011	321
00010001111100	263
00010001111101	535
00010001111110	216
00010001111111	390
00010010000000	321
00010010000001	473
00010010000010	308
00010010000011	475
00010010000100	388
00010010000101	692
00010010000110	316
00010010000111	554
00010010001000	478
00010010001001	758
00010010001010	342
00010010001011	650
00010010001100	481
00010010001101	584
00010010001110	364
00010010001111	422
00010010010000	216
00010010010001	380
00010010010010	128
00010010010011	426
00010010010100	204
00010010010101	596
00010010010110	215
00010010010111	321
00010010011000	311
00010010011001	511
00010010011010	269
00010010011011	428
00010010011100	291
00010010011101	516
00010010011110	221
00010010011111	404
00010010100000	422
00010010100001	786
00010010100010	390
00010010100011	512
00010010100100	493
00010010100101	747
00010010100110	372
00010010100111	550
00010010101000	562
00010010101001	822
00010010101010	444
00010010101011	609
00010010101100	635
00010010101101	798
00010010101110	445
00010010101111	477
00010010110000	233
00010010110001	545
00010010110010	179
00010010110011	318
00010010110100	234
00010010110101	528
00010010110110	155
00010010110111	373
00010010111000	385
00010010111001	639
00010010111010	269
00010010111011	533
00010010111100	352
00010010111101	508
00010010111110	247
00010010111111	546
00010011000000	198
00010011000001	347
00010011000010	173
00010011000011	328
00010011000100	293
00010011000101	465
00010011000110	227
00010011000111	351
00010011001000	300
00010011001001	481
00010011001010	280
00010011001011	433
00010011001100	242
00010011001101	312
00010011001110	232
00010011001111	357
00010011010000	143
00010011010001	356
00010011010010	95
00010011010011	303
00010011010100	175
00010011010101	371
00010011010110	144
00010011010111	376
00010011011000	199
00010011011001	470
00010011011010	208
00010011011011	335
00010011011100	165
00010011011101	431
00010011011110	149
00010011011111	340
00010011100000	305
00010011100001	625
00010011100010	269
00010011100011	487
00010011100100	337
00010011100101	391
00010011100110	302
00010011100111	297
00010011101000	439
00010011101001	621
00010011101010	328
00010011101011	385
00010011101100	311
00010011101101	414
00010011101110	274
00010011101111	364
00010011110000	172
00010011110001	483
00010011110010	135
00010011110011	336
00010011110100	215
00010011110101	539
00010011110110	180
00010011110111	373
00010011111000	255
00010011111001	578
00010011111010	226
00010011111011	396
00010011111100	247
00010011111101	433
00010011111110	217
00010011111111	434
00010100000000	363
00010100000001	401
00010100000010	291
00010100000011	466
00010100000100	316
00010100000101	592
00010100000110	300
00010100000111	432
00010100001000	569
00010100001001	651
00010100001010	379
00010100001011	390
00010100001100	438
00010100001101	550
00010100001110	295
00010100001111	366
00010100010000	166
00010100010001	563
00010100010010	193
00010100010011	296
00010100010100	187
00010100010101	451
00010100010110	171
00010100010111	327
00010100011000	271
00010100011001	410
00010100011010	261
00010100011011	394
00010100011100	325
00010100011101	499
00010100011110	288
00010100011111	455
00010100100000	447
00010100100001	654
00010100100010	252
00010100100011	425
00010100100100	520
00010100100101	673
00010100100110	319
00010100100111	505
00010100101000	539
00010100101001	512
00010100101010	350
00010100101011	520
00010100101100	476
00010100101101	519
00010100101110	381
00010100101111	359
00010100110000	314
00010100110001	405
00010100110010	151
00010100110011	373
00010100110100	214
00010100110101	580
00010100110110	203
00010100110111	368
00010100111000	321
00010100111001	583
00010100111010	304
00010100111011	354
00010100111100	354
00010100111101	557
00010100111110	220
00010100111111	361
00010101000000	185
00010101000001	317
00010101000010	177
00010101000011	377
00010101000100	321
00010101000101	419
00010101000110	201
00010101000111	362
00010101001000	257
00010101001001	293
00010101001010	200
00010101001011	352
00010101001100	242
00010101001101	472
00010101001110	225
00010101001111	273
00010101010000	96
00010101010001	390
00010101010010	93
00010101010011	308
00010101010100	140
00010101010101	309
00010101010110	111
00010101010111	258
00010101011000	167
00010101011001	289
00010101011010	141
00010101011011	367
00010101011100	194
00010101011101	299
00010101011110	157
00010101011111	357
00010101100000	241
00010101100001	567
00010101100010	189
00010101100011	359
00010101100100	301
00010101100101	528
00010101100110	266
00010101100111	389
00010101101000	351
00010101101001	505
00010101101010	265
00010101101011	329
00010101101100	355
00010101101101	431
00010101101110	223
00010101101111	358
00010101110000	159
00010101110001	352
00010101110010	85
00010101110011	351
00010101110100	190
00010101110101	473
00010101110110	163
00010101110111	350
00010101111000	183
00010101111001	519
00010101111010	187
00010101111011	365
00010101111100	257
00010101111101	564
00010101111110	156
00010101111111	348
00010110000000	566
00010110000001	745
00010110000010	337
00010110000011	489
00010110000100	464
00010110000101	591
00010110000110	374
00010110000111	561
00010110001000	592
00010110001001	690
00010110001010	550
00010110001011	488
00010110001100	663
00010110001101	685
00010110001110	425
00010110001111	559
00010110010000	248
00010110010001	561
00010110010010	170
00010110010011	416
00010110010100	267
00010110010101	554
00010110010110	187
00010110010111	477
00010110011000	307
00010110011001	547
00010110011010	280
00010110011011	647
00010110011100	369
00010110011101	554
00010110011110	229
00010110011111	452
00010110100000	673
00010110100001	1091
00010110100010	378
00010110100011	664
00010110100100	784
00010110100101	942
00010110100110	395
00010110100111	469
00010110101000	724
00010110101001	952
00010110101010	554
00010110101011	655
00010110101100	642
00010110101101	776
00010110101110	556
00010110101111	626
00010110110000	287
00010110110001	692
00010110110010	266
00010110110011	407
00010110110100	286
00010110110101	721
00010110110110	235
00010110110111	459
00010110111000	504
00010110111001	969
00010110111010	372
00010110111011	664
00010110111100	390
00010110111101	673
00010110111110	355
00010110111111	553
00010111000000	347
00010111000001	500
00010111000010	306
00010111000011	522
00010111000100	331
00010111000101	478
00010111000110	313
00010111000111	555
00010111001000	301
00010111001001	578
00010111001010	342
00010111001011	501
00010111001100	351
00010111001101	693
00010111001110	233
00010111001111	434
00010111010000	184
00010111010001	303
00010111010010	143
00010111010011	464
00010111010100	163
00010111010101	351
00010111010110	204
00010111010111	344
00010111011000	230
00010111011001	448
00010111011010	226
00010111011011	497
00010111011100	278
00010111011101	346
00010111011110	165
00010111011111	469
00010111100000	396
00010111100001	716
00010111100010	335
00010111100011	511
00010111100100	333
00010111100101	651
00010111100110	259
00010111100111	416
00010111101000	476
00010111101001	614
00010111101010	383
00010111101011	453
00010111101100	429
00010111101101	650
00010111101110	354
00010111101111	439
00010111110000	226
00010111110001	509
00010111110010	176
00010111110011	394
00010111110100	238
00010111110101	598
00010111110110	171
00010111110111	465
00010111111000	287
00010111111001	590
00010111111010	272
00010111111011	496
00010111111100	336
00010111111101	546
00010111111110	263
00010111111111	378
00011000000000	331
00011000000001	469
00011000000010	217
00011000000011	276
00011000000100	323
00011000000101	483
00011000000110	234
00011000000111	326
00011000001000	384
00011000001001	445
00011000001010	366
00011000001011	311
00011000001100	347
00011000001101	575
00011000001110	225
00011000001111	309
00011000010000	168
00011000010001	319
00011000010010	110
00011000010011	320
00011000010100	134
00011000010101	302
00011000010110	100
00011000010111	274
00011000011000	216
00011000011001	395
00011000011010	289
00011000011011	375
00011000011100	195
00011000011101	286
00011000011110	189
00011000011111	251
00011000100000	366
00011000100001	551
00011000100010	295
00011000100011	328
00011000100100	371
00011000100101	595
00011000100110	296
00011000100111	315
00011000101000	505
00011000101001	617
00011000101010	404
00011000101011	350
00011000101100	463
00011000101101	695
00011000101110	344
00011000101111	384
00011000110000	188
00011000110001	464
00011000110010	150
00011000110011	414
00011000110100	194
00011000110101	356
00011000110110	129
00011000110111	317
00011000111000	287
00011000111001	463
00011000111010	272
00011000111011	389
00011000111100	244
00011000111101	479
00011000111110	218
00011000111111	285
00011001000000	202
00011001000001	365
00011001000010	137
00011001000011	273
00011001000100	193
00011001000101	377
00011001000110	177
00011001000111	374
00011001001000	218
00011001001001	400
00011001001010	226
00011001001011	278
00011001001100	218
00011001001101	309
00011001001110	210
00011001001111	272
00011001010000	109
00011001010001	231
00011001010010	89
00011001010011	196
00011001010100	87
00011001010101	308
00011001010110	83
00011001010111	198
00011001011000	217
00011001011001	357
00011001011010	148
00011001011011	301
00011001011100	107
00011001011101	246
00011001011110	109
00011001011111	202
00011001100000	208
00011001100001	409
00011001100010	191
00011001100011	302
00011001100100	295
00011001100101	603
00011001100110	204
00011001100111	315
00011001101000	317
00011001101001	384
00011001101010	171
00011001101011	371
00011001101100	290
00011001101101	400
00011001101110	196
00011001101111	230
00011001110000	139
00011001110001	286
00011001110010	159
00011001110011	268
00011001110100	156
00011001110101	368
00011001110110	104
00011001110111	256
00011001111000	170
00011001111001	386
00011001111010	144
00011001111011	297
00011001111100	169
00011001111101	323
00011001111110	163
00011001111111	297
00011010000000	197
00011010000001	491
00011010000010	231
00011010000011	403
00011010000100	357
00011010000101	334
00011010000110	234
00011010000111	387
00011010001000	371
00011010001001	546
00011010001010	341
00011010001011	327
00011010001100	322
00011010001101	421
00011010001110	278
00011010001111	305
00011010010000	155
00011010010001	322
00011010010010	117
00011010010011	285
00011010010100	174
00011010010101	340
00011010010110	115
00011010010111	326
00011010011000	205
00011010011001	556
00011010011010	223
00011010011011	385
00011010011100	222
00011010011101	460
00011010011110	165
00011010011111	330
00011010100000	368
00011010100001	613
00011010100010	330
00011010100011	432
00011010100100	377
00011010100101	715
00011010100110	279
00011010100111	321
00011010101000	427
00011010101001	660
00011010101010	326
00011010101011	434
00011010101100	540
00011010101101	503
00011010101110	262
00011010101111	331
00011010110000	201
00011010110001	436
00011010110010	141
00011010110011	329
00011010110100	163
00011010110101	576
00011010110110	176
00011010110111	251
00011010111000	316
00011010111001	467
00011010111010	174
00011010111011	374
00011010111100	276
00011010111101	457
00011010111110	190
00011010111111	353
00011011000000	190
00011011000001	343
00011011000010	162
00011011000011	363
00011011000100	179
00011011000101	354
00011011000110	155
00011011000111	272
00011011001000	293
00011011001001	413
00011011001010	238
00011011001011	336
00011011001100	199
00011011001101	328
00011011001110	142
00011011001111	290
00011011010000	94
00011011010001	223
00011011010010	76
00011011010011	240
00011011010100	107
00011011010101	260
00011011010110	96
00011011010111	202
00011011011000	121
00011011011001	271
00011011011010	111
00011011011011	264
00011011011100	186
00011011011101	263
00011011011110	195
00011011011111	236
00011011100000	227
00011011100001	446
00011011100010	221
00011011100011	275
00011011100100	254
00011011100101	457
00011011100110	236
00011011100111	218
00011011101000	300
00011011101001	509
00011011101010	277
00011011101011	315
00011011101100	307
00011011101101	312
00011011101110	236
00011011101111	286
00011011110000	128
00011011110001	320
00011011110010	91
00011011110011	225
00011011110100	110
00011011110101	309
00011011110110	101
00011011110111	246
00011011111000	210
00011011111001	369
00011011111010	123
00011011111011	336
00011011111100	195
00011011111101	392
00011011111110	142
00011011111111	331
00011100000000	266
00011100000001	385
00011100000010	215
00011100000011	275
00011100000100	304
00011100000101	448
00011100000110	217
00011100000111	383
00011100001000	357
00011100001001	389
00011100001010	250
00011100001011	286
00011100001100	296
00011100001101	391
00011100001110	230
00011100001111	218
00011100010000	166
00011100010001	298
00011100010010	133
00011100010011	247
00011100010100	131
00011100010101	296
00011100010110	90
00011100010111	271
00011100011000	162
00011100011001	290
00011100011010	151
00011100011011	307
00011100011100	178
00011100011101	300
00011100011110	130
00011100011111	256
00011100100000	351
00011100100001	430
00011100100010	234
00011100100011	429
00011100100100	312
00011100100101	483
00011100100110	236
00011100100111	361
00011100101000	358
00011100101001	438
00011100101010	255
00011100101011	430
00011100101100	368
00011100101101	382
00011100101110	276
00011100101111	322
00011100110000	154
00011100110001	307
00011100110010	100
00011100110011	303
00011100110100	199
00011100110101	402
00011100110110	175
00011100110111	229
00011100111000	330
00011100111001	494
00011100111010	227
00011100111011	347
00011100111100	236
00011100111101	374
00011100111110	143
00011100111111	330
00011101000000	124
00011101000001	381
00011101000010	147
00011101000011	325
00011101000100	188
00011101000101	291
00011101000110	178
00011101000111	258
00011101001000	190
00011101001001	299
00011101001010	157
00011101001011	259
00011101001100	178
00011101001101	229
00011101001110	180
00011101001111	216
00011101010000	75
00011101010001	216
00011101010010	47
00011101010011	264
00011101010100	91
00011101010101	231
00011101010110	91
00011101010111	242
00011101011000	110
00011101011001	223
00011101011010	118
00011101011011	196
00011101011100	139
00011101011101	249
00011101011110	100
00011101011111	278
00011101100000	164
00011101100001	392
00011101100010	137
00011101100011	293
00011101100100	218
00011101100101	345
00011101100110	126
00011101100111	289
00011101101000	207
00011101101001	403
00011101101010	185
00011101101011	346
00011101101100	324
00011101101101	312
00011101101110	201
00011101101111	258
00011101110000	89
00011101110001	310
00011101110010	90
00011101110011	193
00011101110100	135
00011101110101	311
00011101110110	98
00011101110111	198
00011101111000	139
00011101111001	257
00011101111010	135
00011101111011	261
00011101111100	168
00011101111101	316
00011101111110	120
00011101111111	242
00011110000000	337
00011110000001	573
00011110000010	292
00011110000011	421
00011110000100	348
00011110000101	550
00011110000110	283
00011110000111	434
00011110001000	379
00011110001001	479
00011110001010	320
00011110001011	493
00011110001100	414
00011110001101	485
00011110001110	285
00011110001111	358
00011110010000	139
00011110010001	418
00011110010010	117
00011110010011	319
00011110010100	136
00011110010101	319
00011110010110	143
00011110010111	335
00011110011000	235
00011110011001	536
00011110011010	208
00011110011011	354
00011110011100	300
00011110011101	313
00011110011110	157
00011110011111	405
00011110100000	286
00011110100001	537
00011110100010	389
00011110100011	443
00011110100100	437
00011110100101	501
00011110100110	274
00011110100111	476
00011110101000	476
00011110101001	667
00011110101010	373
00011110101011	578
00011110101100	521
00011110101101	654
00011110101110	291
00011110101111	396
00011110110000	179
00011110110001	520
00011110110010	134
00011110110011	380
00011110110100	213
00011110110101	469
00011110110110	138
00011110110111	365
00011110111000	374
00011110111001	609
00011110111010	267
00011110111011	450
00011110111100	345
00011110111101	470
00011110111110	231
00011110111111	328
00011111000000	208
00011111000001	278
00011111000010	163
00011111000011	351
00011111000100	145
00011111000101	367
00011111000110	221
00011111000111	387
00011111001000	314
00011111001001	288
00011111001010	233
00011111001011	366
00011111001100	241
00011111001101	421
00011111001110	243
00011111001111	310
00011111010000	105
00011111010001	232
00011111010010	104
00011111010011	258
00011111010100	107
00011111010101	354
00011111010110	145
00011111010111	263
00011111011000	178
00011111011001	382
00011111011010	164
00011111011011	334
00011111011100	171
00011111011101	318
00011111011110	165
00011111011111	361
00011111100000	229
00011111100001	555
00011111100010	162
00011111100011	340
00011111100100	330
00011111100101	553
00011111100110	238
00011111100111	363
00011111101000	328
00011111101001	485
00011111101010	241
00011111101011	422
00011111101100	331
00011111101101	438
00011111101110	193
00011111101111	393
00011111110000	153
00011111110001	287
00011111110010	100
00011111110011	284
00011111110100	161
00011111110101	375
00011111110110	119
00011111110111	352
00011111111000	193
00011111111001	438
00011111111010	175
00011111111011	314
00011111111100	199
00011111111101	453
00011111111110	152
00011111111111	406
00100000000000	287
00100000000001	362
00100000000010	256
00100000000011	342
00100000000100	368
00100000000101	359
00100000000110	246
00100000000111	258
00100000001000	496
00100000001001	371
00100000001010	232
00100000001011	333
00100000001100	302
00100000001101	454
00100000001110	262
00100000001111	294
00100000010000	149
00100000010001	298
00100000010010	118
00100000010011	284
00100000010100	128
00100000010101	334
00100000010110	132
00100000010111	279
00100000011000	280
00100000011001	375
00100000011010	210
00100000011011	254
00100000011100	219
00100000011101	345
00100000011110	161
00100000011111	221
00100000100000	371
00100000100001	499
00100000100010	267
00100000100011	434
00100000100100	319
00100000100101	534
00100000100110	234
00100000100111	374
00100000101000	483
00100000101001	489
00100000101010	284
00100000101011	427
00100000101100	372
00100000101101	527
00100000101110	310
00100000101111	351
00100000110000	197
00100000110001	287
00100000110010	159
00100000110011	322
00100000110100	199
00100000110101	399
00100000110110	144
00100000110111	355
00100000111000	328
00100000111001	438
00100000111010	276
00100000111011	286
00100000111100	311
00100000111101	331
00100000111110	258
00100000111111	308
00100001000000	189
00100001000001	268
00100001000010	101
00100001000011	230
00100001000100	147
00100001000101	321
00100001000110	123
00100001000111	326
00100001001000	198
00100001001001	293
00100001001010	149
00100001001011	200
00100001001100	182
00100001001101	185
00100001001110	126
00100001001111	215
00100001010000	86
00100001010001	189
00100001010010	64
00100001010011	237
00100001010100	96
00100001010101	176
00100001010110	50
00100001010111	222
00100001011000	125
00100001011001	328
00100001011010	60
00100001011011	273
00100001011100	102
00100001011101	242
00100001011110	105
00100001011111	236
00100001100000	220
00100001100001	319
00100001100010	127
00100001100011	286
00100001100100	217
00100001100101	385
00100001100110	134
00100001100111	339
00100001101000	193
00100001101001	346
00100001101010	214
00100001101011	300
00100001101100	217
00100001101101	357
00100001101110	145
00100001101111	280
00100001110000	101
00100001110001	262
00100001110010	116
00100001110011	198
00100001110100	107
00100001110101	313
00100001110110	123
00100001110111	274
00100001111000	106
00100001111001	266
00100001111010	116
00100001111011	246
00100001111100	148
00100001111101	371
00100001111110	153
00100001111111	227
00100010000000	172
00100010000001	408
00100010000010	119
00100010000011	297
00100010000100	345
00100010000101	370
00100010000110	231
00100010000111	258
00100010001000	309
00100010001001	447
00100010001010	209
00100010001011	175
00100010001100	307
00100010001101	276
00100010001110	188
00100010001111	222
00100010010000	126
00100010010001	287
00100010010010	83
00100010010011	205
00100010010100	124
00100010010101	244
00100010010110	112
00100010010111	232
00100010011000	171
00100010011001	333
00100010011010	165
00100010011011	268
00100010011100	176
00100010011101	262
00100010011110	131
00100010011111	189
00100010100000	298
00100010100001	492
00100010100010	189
00100010100011	206
00100010100100	355
00100010100101	592
00100010100110	257
00100010100111	436
00100010101000	312
00100010101001	416
00100010101010	259
00100010101011	209
00100010101100	338
00100010101101	399
00100010101110	222
00100010101111	275
00100010110000	172
00100010110001	342
00100010110010	98
00100010110011	244
00100010110100	173
00100010110101	390
00100010110110	133
00100010110111	319
00100010111000	247
00100010111001	443
00100010111010	161
00100010111011	378
00100010111100	256
00100010111101	389
00100010111110	170
00100010111111	250
00100011000000	151
00100011000001	240
00100011000010	127
00100011000011	222
00100011000100	115
00100011000101	206
00100011000110	175
00100011000111	198
00100011001000	190
00100011001001	158
00100011001010	142
00100011001011	208
00100011001100	179
00100011001101	261
00100011001110	140
00100011001111	197
00100011010000	93
00100011010001	182
00100011010010	72
00100011010011	185
00100011010100	89
00100011010101	171
00100011010110	73
00100011010111	197
00100011011000	146
00100011011001	210
00100011011010	103
00100011011011	164
00100011011100	159
00100011011101	243
00100011011110	110
00100011011111	161
00100011100000	209
00100011100001	295
00100011100010	221
00100011100011	203
00100011100100	227
00100011100101	362
00100011100110	153
00100011100111	284
00100011101000	248
00100011101001	312
00100011101010	208
00100011101011	262
00100011101100	245
00100011101101	279
00100011101110	158
00100011101111	285
00100011110000	102
00100011110001	277
00100011110010	82
00100011110011	191
00100011110100	116
00100011110101	290
00100011110110	92
00100011110111	238
00100011111000	143
00100011111001	232
00100011111010	112
00100011111011	260
00100011111100	171
00100011111101	290
00100011111110	97
00100011111111	169
00100100000000	258
00100100000001	328
00100100000010	253
00100100000011	293
00100100000100	224
00100100000101	337
00100100000110	163
00100100000111	314
00100100001000	232
00100100001001	369
00100100001010	210
00100100001011	178
00100100001100	246
00100100001101	304
00100100001110	191
00100100001111	181
00100100010000	128
00100100010001	193
00100100010010	102
00100100010011	147
00100100010100	128
00100100010101	266
00100100010110	79
00100100010111	186
00100100011000	191
00100100011001	300
00100100011010	160
00100100011011	290
00100100011100	147
00100100011101	236
00100100011110	169
00100100011111	161
00100100100000	288
00100100100001	420
00100100100010	244
00100100100011	271
00100100100100	292
00100100100101	453
00100100100110	250
00100100100111	354
00100100101000	304
00100100101001	410
00100100101010	215
00100100101011	338
00100100101100	296
00100100101101	420
00100100101110	278
00100100101111	260
00100100110000	149
00100100110001	327
00100100110010	110
00100100110011	271
00100100110100	148
00100100110101	451
00100100110110	109
00100100110111	198
00100100111000	251
00100100111001	387
00100100111010	159
00100100111011	273
00100100111100	176
00100100111101	386
00100100111110	128
00100100111111	367
00100101000000	129
00100101000001	201
00100101000010	93
00100101000011	227
00100101000100	106
00100101000101	245
00100101000110	105
00100101000111	185
00100101001000	124
00100101001001	195
00100101001010	99
00100101001011	203
00100101001100	110
00100101001101	197
00100101001110	89
00100101001111	130
00100101010000	65
00100101010001	206
00100101010010	49
00100101010011	152
00100101010100	59
00100101010101	142
00100101010110	71
00100101010111	189
00100101011000	89
00100101011001	213
00100101011010	64
00100101011011	172
00100101011100	90
00100101011101	156
00100101011110	72
00100101011111	189
00100101100000	125
00100101100001	235
00100101100010	98
00100101100011	221
00100101100100	194
00100101100101	361
00100101100110	124
00100101100111	201
00100101101000	139
00100101101001	345
00100101101010	103
00100101101011	188
00100101101100	129
00100101101101	316
00100101101110	120
00100101101111	188
00100101110000	70
00100101110001	223
00100101110010	62
00100101110011	155
00100101110100	97
00100101110101	238
00100101110110	79
00100101110111	238
00100101111000	126
00100101111001	253
00100101111010	65
00100101111011	141
00100101111100	105
00100101111101	220
00100101111110	97
00100101111111	196
00100110000000	240
00100110000001	324
00100110000010	218
00100110000011	246
00100110000100	371
00100110000101	416
00100110000110	199
00100110000111	248
00100110001000	308
00100110001001	399
00100110001010	202
00100110001011	269
00100110001100	275
00100110001101	389
00100110001110	243
00100110001111	338
00100110010000	108
00100110010001	255
00100110010010	111
00100110010011	299
00100110010100	128
00100110010101	319
00100110010110	139
00100110010111	241
00100110011000	254
00100110011001	353
00100110011010	164
00100110011011	265
00100110011100	233
00100110011101	333
00100110011110	141
00100110011111	155
00100110100000	322
00100110100001	544
00100110100010	210
00100110100011	384
00100110100100	360
00100110100101	550
00100110100110	158
00100110100111	290
00100110101000	496
00100110101001	488
00100110101010	281
00100110101011	323
00100110101100	433
00100110101101	371
00100110101110	224
00100110101111	358
00100110110000	134
00100110110001	414
00100110110010	99
00100110110011	212
00100110110100	179
00100110110101	373
00100110110110	128
00100110110111	305
00100110111000	241
00100110111001	360
00100110111010	192
00100110111011	236
00100110111100	295
00100110111101	421
00100110111110	200
00100110111111	275
00100111000000	175
00100111000001	284
00100111000010	164
00100111000011	274
00100111000100	162
00100111000101	281
00100111000110	184
00100111000111	270
00100111001000	172
00100111001001	246
00100111001010	128
00100111001011	173
00100111001100	200
00100111001101	268
00100111001110	139
00100111001111	170
00100111010000	100
00100111010001	258
00100111010010	89
00100111010011	205
00100111010100	72
00100111010101	199
00100111010110	93
00100111010111	212
00100111011000	112
00100111011001	253
00100111011010	121
00100111011011	239
00100111011100	150
00100111011101	216
00100111011110	112
00100111011111	245
00100111100000	188
00100111100001	434
00100111100010	214
00100111100011	194
00100111100100	220
00100111100101	401
00100111100110	152
00100111100111	300
00100111101000	217
00100111101001	349
00100111101010	264
00100111101011	313
00100111101100	240
00100111101101	373
00100111101110	198
00100111101111	224
00100111110000	106
00100111110001	299
00100111110010	77
00100111110011	327
00100111110100	122
00100111110101	325
00100111110110	141
00100111110111	226
00100111111000	149
00100111111001	323
00100111111010	162
00100111111011	224
00100111111100	118
00100111111101	293
00100111111110	152
00100111111111	201
00101000000000	490
00101000000001	548
00101000000010	297
00101000000011	400
00101000000100	412
00101000000101	584
00101000000110	260
00101000000111	489
00101000001000	551
00101000001001	628
00101000001010	414
00101000001011	332
00101000001100	323
00101000001101	536
00101000001110	315
00101000001111	433
00101000010000	201
00101000010001	366
00101000010010	132
00101000010011	345
00101000010100	172
00101000010101	509
00101000010110	166
00101000010111	394
00101000011000	354
00101000011001	538
00101000011010	279
00101000011011	399
00101000011100	216
00101000011101	375
00101000011110	267
00101000011111	368
00101000100000	486
00101000100001	630
00101000100010	335
00101000100011	464
00101000100100	401
00101000100101	756
00101000100110	290
00101000100111	550
00101000101000	529
00101000101001	718
00101000101010	436
00101000101011	495
00101000101100	537
00101000101101	619
00101000101110	378
00101000101111	475
00101000110000	240
00101000110001	478
00101000110010	175
00101000110011	328
00101000110100	215
00101000110101	558
00101000110110	220
00101000110111	367
00101000111000	401
00101000111001	506
00101000111010	247
00101000111011	407
00101000111100	399
00101000111101	455
00101000111110	268
00101000111111	400
00101001000000	229
00101001000001	455
00101001000010	181
00101001000011	284
00101001000100	172
00101001000101	395
00101001000110	147
00101001000111	294
00101001001000	282
00101001001001	424
00101001001010	129
00101001001011	264
00101001001100	217
00101001001101	348
00101001001110	158
00101001001111	339
00101001010000	90
00101001010001	239
00101001010010	126
00101001010011	308
00101001010100	123
00101001010101	303
00101001010110	126
00101001010111	287
00101001011000	188
00101001011001	263
00101001011010	150
00101001011011	258
00101001011100	155
00101001011101	315
00101001011110	130
00101001011111	292
00101001100000	217
00101001100001	497
00101001100010	233
00101001100011	359
00101001100100	288
00101001100101	510
00101001100110	254
00101001100111	412
00101001101000	311
00101001101001	428
00101001101010	229
00101001101011	418
00101001101100	281
00101001101101	542
00101001101110	333
00101001101111	345
00101001110000	151
00101001110001	312
00101001110010	101
00101001110011	247
00101001110100	185
00101001110101	435
00101001110110	126
00101001110111	306
00101001111000	143
00101001111001	366
00101001111010	158
00101001111011	279
00101001111100	208
00101001111101	388
00101001111110	132
00101001111111	392
00101010000000	409
00101010000001	552
00101010000010	283
00101010000011	285
00101010000100	418
00101010000101	534
00101010000110	293
00101010000111	445
00101010001000	398
00101010001001	460
00101010001010	294
00101010001011	538
00101010001100	377
00101010001101	441
00101010001110	318
00101010001111	432
00101010010000	195
00101010010001	296
00101010010010	127
00101010010011	330
00101010010100	197
00101010010101	419
00101010010110	154
00101010010111	458
00101010011000	300
00101010011001	604
00101010011010	203
00101010011011	401
00101010011100	293
00101010011101	387
00101010011110	230
00101010011111	350
00101010100000	439
00101010100001	696
00101010100010	320
00101010100011	495
00101010100100	519
00101010100101	834
00101010100110	303
00101010100111	427
00101010101000	618
00101010101001	895
00101010101010	505
00101010101011	503
00101010101100	525
00101010101101	784
00101010101110	353
00101010101111	474
00101010110000	165
00101010110001	556
00101010110010	140
00101010110011	311
00101010110100	215
00101010110101	551
00101010110110	153
00101010110111	423
00101010111000	407
00101010111001	532
00101010111010	178
00101010111011	505
00101010111100	363
00101010111101	573
00101010111110	238
00101010111111	420
00101011000000	214
00101011000001	360
00101011000010	200
00101011000011	296
00101011000100	211
00101011000101	448
00101011000110	206
00101011000111	348
00101011001000	268
00101011001001	451
00101011001010	189
00101011001011	373
00101011001100	230
00101011001101	364
00101011001110	197
00101011001111	253
00101011010000	114
00101011010001	234
00101011010010	111
00101011010011	196
00101011010100	124
00101011010101	335
00101011010110	147
00101011010111	263
00101011011000	236
00101011011001	363
00101011011010	138
00101011011011	263
00101011011100	132
00101011011101	390
00101011011110	183
00101011011111	273
00101011100000	314
00101011100001	455
00101011100010	194
00101011100011	359
00101011100100	321
00101011100101	595
00101011100110	254
00101011100111	432
00101011101000	383
00101011101001	508
00101011101010	264
00101011101011	397
00101011101100	364
00101011101101	492
00101011101110	294
00101011101111	292
00101011110000	177
00101011110001	435
00101011110010	135
00101011110011	340
00101011110100	213
00101011110101	437
00101011110110	138
00101011110111	335
00101011111000	206
00101011111001	417
00101011111010	204
00101011111011	310
00101011111100	249
00101011111101	393
00101011111110	150
00101011111111	299
00101100000000	291
00101100000001	335
00101100000010	201
00101100000011	359
00101100000100	300
00101100000101	351
00101100000110	258
00101100000111	348
00101100001000	446
00101100001001	414
00101100001010	331
00101100001011	341
00101100001100	341
00101100001101	455
00101100001110	243
00101100001111	275
00101100010000	125
00101100010001	343
00101100010010	147
00101100010011	272
00101100010100	151
00101100010101	410
00101100010110	119
00101100010111	221
00101100011000	233
00101100011001	404
00101100011010	231
00101100011011	265
00101100011100	231
00101100011101	481
00101100011110	194
00101100011111	325
00101100100000	377
00101100100001	476
00101100100010	265
00101100100011	369
00101100100100	306
00101100100101	579
00101100100110	282
00101100100111	448
00101100101000	491
00101100101001	514
00101100101010	411
00101100101011	469
00101100101100	502
00101100101101	588
00101100101110	396
00101100101111	344
00101100110000	212
00101100110001	383
00101100110010	130
00101100110011	284
00101100110100	232
00101100110101	401
00101100110110	178
00101100110111	364
00101100111000	382
00101100111001	643
00101100111010	249
00101100111011	373
00101100111100	310
00101100111101	446
00101100111110	273
00101100111111	355
00101101000000	131
00101101000001	312
00101101000010	136
00101101000011	210
00101101000100	144
00101101000101	277
00101101000110	152
00101101000111	229
00101101001000	134
00101101001001	249
00101101001010	152
00101101001011	273
00101101001100	190
00101101001101	296
00101101001110	147
00101101001111	224
00101101010000	76
00101101010001	242
00101101010010	53
00101101010011	180
00101101010100	113
00101101010101	181
00101101010110	87
00101101010111	202
00101101011000	121
00101101011001	309
00101101011010	92
00101101011011	243
00101101011100	142
00101101011101	253
00101101011110	136
00101101011111	220
00101101100000	184
00101101100001	378
00101101100010	134
00101101100011	302
00101101100100	185
00101101100101	405
00101101100110	148
00101101100111	390
00101101101000	197
00101101101001	308
00101101101010	188
00101101101011	358
00101101101100	165
00101101101101	453
00101101101110	189
00101101101111	353
00101101110000	84
00101101110001	315
00101101110010	93
00101101110011	261
00101101110100	121
00101101110101	355
00101101110110	84
00101101110111	312
00101101111000	156
00101101111001	356
00101101111010	136
00101101111011	249
00101101111100	170
00101101111101	295
00101101111110	118
00101101111111	256
00101110000000	325
00101110000001	605
00101110000010	247
00101110000011	431
00101110000100	455
00101110000101	677
00101110000110	280
00101110000111	467
00101110001000	379
00101110001001	471
00101110001010	314
00101110001011	426
00101110001100	482
00101110001101	693
00101110001110	257
00101110001111	378
00101110010000	173
00101110010001	464
00101110010010	145
00101110010011	339
00101110010100	196
00101110010101	632
00101110010110	147
00101110010111	311
00101110011000	283
00101110011001	479
00101110011010	225
00101110011011	408
00101110011100	273
00101110011101	494
00101110011110	203
00101110011111	359
00101110100000	389
00101110100001	864
00101110100010	304
00101110100011	485
00101110100100	528
00101110100101	804
00101110100110	392
00101110100111	494
00101110101000	656
00101110101001	874
00101110101010	369
00101110101011	548
00101110101100	587
00101110101101	788
00101110101110	414
00101110101111	526
00101110110000	232
00101110110001	489
00101110110010	172
00101110110011	353
00101110110100	213
00101110110101	521
00101110110110	232
00101110110111	382
00101110111000	330
00101110111001	625
00101110111010	241
00101110111011	511
00101110111100	335
00101110111101	605
00101110111110	285
00101110111111	378
00101111000000	232
00101111000001	299
00101111000010	219
00101111000011	318
00101111000100	271
00101111000101	449
00101111000110	172
00101111000111	353
00101111001000	315
00101111001001	389
00101111001010	221
00101111001011	321
00101111001100	236
00101111001101	345
00101111001110	244
00101111001111	351
00101111010000	104
00101111010001	285
00101111010010	116
00101111010011	274
00101111010100	117
00101111010101	376
00101111010110	143
00101111010111	346
00101111011000	193
00101111011001	385
00101111011010	194
00101111011011	304
00101111011100	235
00101111011101	374
00101111011110	159
00101111011111	321
00101111100000	323
00101111100001	410
00101111100010	246
00101111100011	407
00101111100100	335
00101111100101	507
00101111100110	267
00101111100111	552
00101111101000	334
00101111101001	488
00101111101010	309
00101111101011	436
00101111101100	486
00101111101101	542
00101111101110	288
00101111101111	397
00101111110000	149
00101111110001	383
00101111110010	92
00101111110011	284
00101111110100	157
00101111110101	450
00101111110110	121
00101111110111	307
00101111111000	205
00101111111001	465
00101111111010	186
00101111111011	381
00101111111100	256
00101111111101	468
00101111111110	211
00101111111111	388
00110000000000	379
00110000000001	664
00110000000010	337
00110000000011	433
00110000000100	391
00110000000101	416
00110000000110	340
00110000000111	445
00110000001000	580
00110000001001	576
00110000001010	451
00110000001011	385
00110000001100	488
00110000001101	665
00110000001110	368
00110000001111	353
00110000010000	245
00110000010001	423
00110000010010	204
00110000010011	471
00110000010100	269
00110000010101	551
00110000010110	153
00110000010111	403
00110000011000	385
00110000011001	556
00110000011010	330
00110000011011	459
00110000011100	301
00110000011101	347
00110000011110	278
00110000011111	288
00110000100000	592
00110000100001	865
00110000100010	447
00110000100011	677
00110000100100	564
00110000100101	645
00110000100110	350
00110000100111	569
00110000101000	810
00110000101001	792
00110000101010	526
00110000101011	457
00110000101100	623
00110000101101	613
00110000101110	504
00110000101111	484
00110000110000	265
00110000110001	655
00110000110010	199
00110000110011	411
00110000110100	322
00110000110101	701
00110000110110	199
00110000110111	487
00110000111000	452
00110000111001	627
00110000111010	330
00110000111011	452
00110000111100	426
00110000111101	693
00110000111110	270
00110000111111	556
00110001000000	290
00110001000001	349
00110001000010	255
00110001000011	390
00110001000100	227
00110001000101	394
00110001000110	148
00110001000111	304
00110001001000	284
00110001001001	528
00110001001010	267
00110001001011	288
00110001001100	229
00110001001101	427
00110001001110	122
00110001001111	167
00110001010000	147
00110001010001	381
00110001010010	161
00110001010011	306
00110001010100	132
00110001010101	383
00110001010110	109
00110001010111	344
00110001011000	188
00110001011001	345
00110001011010	139
00110001011011	382
00110001011100	181
00110001011101	348
00110001011110	168
00110001011111	296
00110001100000	314
00110001100001	422
00110001100010	239
00110001100011	404
00110001100100	280
00110001100101	595
00110001100110	227
00110001100111	318
00110001101000	335
00110001101001	500
00110001101010	355
00110001101011	439
00110001101100	345
00110001101101	552
00110001101110	234
00110001101111	272
00110001110000	140
00110001110001	387
00110001110010	121
00110001110011	315
00110001110100	165
00110001110101	649
00110001110110	116
00110001110111	412
00110001111000	253
00110001111001	576
00110001111010	198
00110001111011	400
00110001111100	253
00110001111101	362
00110001111110	192
00110001111111	427
00110010000000	520
00110010000001	708
00110010000010	292
00110010000011	550
00110010000100	358
00110010000101	500
00110010000110	290
00110010000111	468
00110010001000	473
00110010001001	750
00110010001010	286
00110010001011	490
00110010001100	547
00110010001101	428
00110010001110	280
00110010001111	376
00110010010000	208
00110010010001	499
00110010010010	142
00110010010011	303
00110010010100	288
00110010010101	393
00110010010110	175
00110010010111	328
00110010011000	358
00110010011001	527
00110010011010	251
00110010011011	544
00110010011100	284
00110010011101	564
00110010011110	255
00110010011111	340
00110010100000	500
00110010100001	966
00110010100010	294
00110010100011	585
00110010100100	550
00110010100101	711
00110010100110	460
00110010100111	435
00110010101000	671
00110010101001	786
00110010101010	498
00110010101011	539
00110010101100	610
00110010101101	730
00110010101110	427
00110010101111	510
00110010110000	256
00110010110001	601
00110010110010	139
00110010110011	278
00110010110100	335
00110010110101	592
00110010110110	179
00110010110111	396
00110010111000	447
00110010111001	767
00110010111010	271
00110010111011	561
00110010111100	347
00110010111101	566
00110010111110	230
00110010111111	501
00110011000000	294
00110011000001	394
00110011000010	202
00110011000011	372
00110011000100	235
00110011000101	377
00110011000110	205
00110011000111	280
00110011001000	275
00110011001001	619
00110011001010	230
00110011001011	334
00110011001100	255
00110011001101	281
00110011001110	203
00110011001111	265
00110011010000	132
00110011010001	312
00110011010010	132
00110011010011	311
00110011010100	163
00110011010101	304
00110011010110	91
00110011010111	400
00110011011000	195
00110011011001	365
00110011011010	143
00110011011011	282
00110011011100	171
00110011011101	294
00110011011110	169
00110011011111	284
00110011100000	333
00110011100001	528
00110011100010	228
00110011100011	446
00110011100100	336
00110011100101	465
00110011100110	276
00110011100111	397
00110011101000	339
00110011101001	589
00110011101010	331
00110011101011	420
00110011101100	483
00110011101101	473
00110011101110	342
00110011101111	420
00110011110000	190
00110011110001	411
00110011110010	109
00110011110011	310
00110011110100	192
00110011110101	557
00110011110110	157
00110011110111	280
00110011111000	265
00110011111001	428
00110011111010	206
00110011111011	464
00110011111100	227
00110011111101	442
00110011111110	211
00110011111111	428
00110100000000	364
00110100000001	606
00110100000010	260
00110100000011	372
00110100000100	325
00110100000101	506
00110100000110	199
00110100000111	304
00110100001000	368
00110100001001	649
00110100001010	265
00110100001011	391
00110100001100	447
00110100001101	594
00110100001110	233
00110100001111	336
00110100010000	130
00110100010001	416
00110100010010	135
00110100010011	384
00110100010100	221
00110100010101	379
00110100010110	146
00110100010111	433
00110100011000	321
00110100011001	379
00110100011010	290
00110100011011	327
00110100011100	248
00110100011101	465
00110100011110	210
00110100011111	365
00110100100000	572
00110100100001	749
00110100100010	278
00110100100011	514
00110100100100	485
00110100100101	779
00110100100110	270
00110100100111	345
00110100101000	524
00110100101001	695
00110100101010	476
00110100101011	388
00110100101100	525
00110100101101	693
00110100101110	329
00110100101111	533
00110100110000	260
00110100110001	427
00110100110010	177
00110100110011	360
00110100110100	290
00110100110101	462
00110100110110	216
00110100110111	447
00110100111000	392
00110100111001	538
00110100111010	307
00110100111011	373
00110100111100	389
00110100111101	534
00110100111110	329
00110100111111	397
00110101000000	160
00110101000001	393
00110101000010	146
00110101000011	394
00110101000100	192
00110101000101	316
00110101000110	130
00110101000111	313
00110101001000	208
00110101001001	337
00110101001010	167
00110101001011	234
00110101001100	227
00110101001101	279
00110101001110	118
00110101001111	272
00110101010000	75
00110101010001	417
00110101010010	134
00110101010011	246
00110101010100	85
00110101010101	281
00110101010110	91
00110101010111	319
00110101011000	134
00110101011001	293
00110101011010	157
00110101011011	358
00110101011100	165
00110101011101	299
00110101011110	110
00110101011111	275
00110101100000	271
00110101100001	530
00110101100010	182
00110101100011	408
00110101100100	222
00110101100101	544
00110101100110	258
00110101100111	339
00110101101000	307
00110101101001	366
00110101101010	241
00110101101011	332
00110101101100	273
00110101101101	503
00110101101110	231
00110101101111	298
00110101110000	156
00110101110001	400
00110101110010	105
00110101110011	361
00110101110100	140
00110101110101	364
00110101110110	103
00110101110111	427
00110101111000	165
00110101111001	453
00110101111010	178
00110101111011	305
00110101111100	208
00110101111101	461
00110101111110	163
00110101111111	397
00110110000000	425
00110110000001	685
00110110000010	302
00110110000011	496
00110110000100	497
00110110000101	736
00110110000110	394
00110110000111	521
00110110001000	525
00110110001001	707
00110110001010	409
00110110001011	404
00110110001100	523
00110110001101	689
00110110001110	335
00110110001111	401
00110110010000	264
00110110010001	462
00110110010010	173
00110110010011	369
00110110010100	250
00110110010101	581
00110110010110	203
00110110010111	439
00110110011000	326
00110110011001	504
00110110011010	238
00110110011011	482
00110110011100	418
00110110011101	620
00110110011110	293
00110110011111	474
00110110100000	664
00110110100001	781
00110110100010	386
00110110100011	637
00110110100100	666
00110110100101	877
00110110100110	434
00110110100111	639
00110110101000	719
00110110101001	991
00110110101010	480
00110110101011	575
00110110101100	713
00110110101101	914
00110110101110	468
00110110101111	531
00110110110000	283
00110110110001	786
00110110110010	210
00110110110011	437
00110110110100	299
00110110110101	657
00110110110110	236
00110110110111	515
00110110111000	439
00110110111001	904
00110110111010	337
00110110111011	638
00110110111100	409
00110110111101	853
00110110111110	342
00110110111111	576
00110111000000	268
00110111000001	462
00110111000010	203
00110111000011	435
00110111000100	292
00110111000101	532
00110111000110	232
00110111000111	359
00110111001000	333
00110111001001	521
00110111001010	291
00110111001011	322
00110111001100	254
00110111001101	374
00110111001110	221
00110111001111	298
00110111010000	176
00110111010001	394
00110111010010	113
00110111010011	336
00110111010100	156
00110111010101	398
00110111010110	130
00110111010111	336
00110111011000	268
00110111011001	486
00110111011010	173
00110111011011	393
00110111011100	192
00110111011101	371
00110111011110	176
00110111011111	440
00110111100000	432
00110111100001	555
00110111100010	219
00110111100011	468
00110111100100	416
00110111100101	652
00110111100110	329
00110111100111	563
00110111101000	443
00110111101001	680
00110111101010	335
00110111101011	396
00110111101100	421
00110111101101	748
00110111101110	299
00110111101111	445
00110111110000	192
00110111110001	522
00110111110010	145
00110111110011	367
00110111110100	205
00110111110101	504
00110111110110	205
00110111110111	330
00110111111000	294
00110111111001	503
00110111111010	276
00110111111011	439
00110111111100	329
00110111111101	499
00110111111110	197
00110111111111	381
00111000000000	270
00111000000001	471
00111000000010	250
00111000000011	250
00111000000100	349
00111000000101	524
00111000000110	201
00111000000111	301
00111000001000	447
00111000001001	434
00111000001010	354
00111000001011	340
00111000001100	357
00111000001101	575
00111000001110	240
00111000001111	232
00111000010000	205
00111000010001	350
00111000010010	100
00111000010011	244
00111000010100	130
00111000010101	272
00111000010110	187
00111000010111	305
00111000011000	320
00111000011001	277
00111000011010	250
00111000011011	434
00111000011100	238
00111000011101	374
00111000011110	138
00111000011111	348
00111000100000	432
00111000100001	713
00111000100010	238
00111000100011	386
00111000100100	340
00111000100101	599
00111000100110	295
00111000100111	459
00111000101000	607
00111000101001	775
00111000101010	345
00111000101011	540
00111000101100	438
00111000101101	717
00111000101110	285
00111000101111	402
00111000110000	212
00111000110001	480
00111000110010	174
00111000110011	287
00111000110100	237
00111000110101	492
00111000110110	182
00111000110111	331
00111000111000	335
00111000111001	538
00111000111010	243
00111000111011	399
00111000111100	271
00111000111101	684
00111000111110	219
00111000111111	333
00111001000000	261
00111001000001	291
00111001000010	174
00111001000011	337
00111001000100	160
00111001000101	321
00111001000110	157
00111001000111	245
00111001001000	265
00111001001001	362
00111001001010	184
00111001001011	246
00111001001100	189
00111001001101	317
00111001001110	157
00111001001111	208
00111001010000	119
00111001010001	234
00111001010010	61
00111001010011	251
00111001010100	119
00111001010101	272
00111001010110	70
00111001010111	232
00111001011000	187
00111001011001	318
00111001011010	144
00111001011011	304
00111001011100	180
00111001011101	312
00111001011110	121
00111001011111	257
00111001100000	210
00111001100001	396
00111001100010	165
00111001100011	245
00111001100100	309
00111001100101	533
00111001100110	221
00111001100111	388
00111001101000	241
00111001101001	452
00111001101010	227
00111001101011	321
00111001101100	344
00111001101101	506
00111001101110	239
00111001101111	305
00111001110000	104
00111001110001	267
00111001110010	81
00111001110011	211
00111001110100	131
00111001110101	483
00111001110110	111
00111001110111	307
00111001111000	170
00111001111001	300
00111001111010	162
00111001111011	292
00111001111100	174
00111001111101	278
00111001111110	192
00111001111111	249
00111010000000	294
00111010000001	554
00111010000010	256
00111010000011	340
00111010000100	342
00111010000101	456
00111010000110	317
00111010000111	277
00111010001000	335
00111010001001	417
00111010001010	216
00111010001011	343
00111010001100	384
00111010001101	497
00111010001110	226
00111010001111	391
00111010010000	176
00111010010001	310
00111010010010	122
00111010010011	230
00111010010100	156
00111010010101	362
00111010010110	126
00111010010111	357
00111010011000	240
00111010011001	422
00111010011010	185
00111010011011	276
00111010011100	211
00111010011101	422
00111010011110	164
00111010011111	204
00111010100000	384
00111010100001	466
00111010100010	291
00111010100011	422
00111010100100	362
00111010100101	573
00111010100110	344
00111010100111	480
00111010101000	612
00111010101001	478
00111010101010	292
00111010101011	511
00111010101100	436
00111010101101	476
00111010101110	299
00111010101111	386
00111010110000	192
00111010110001	429
00111010110010	137
00111010110011	274
00111010110100	209
00111010110101	514
00111010110110	116
00111010110111	288
00111010111000	275
00111010111001	483
00111010111010	196
00111010111011	410
00111010111100	241
00111010111101	355
00111010111110	200
00111010111111	314
00111011000000	203
00111011000001	325
00111011000010	156
00111011000011	325
00111011000100	226
00111011000101	435
00111011000110	188
00111011000111	231
00111011001000	253
00111011001001	264
00111011001010	244
00111011001011	250
00111011001100	230
00111011001101	362
00111011001110	129
00111011001111	247
00111011010000	60
00111011010001	266
00111011010010	92
00111011010011	270
00111011010100	150
00111011010101	214
00111011010110	71
00111011010111	234
00111011011000	137
00111011011001	307
00111011011010	145
00111011011011	324
00111011011100	137
00111011011101	200
00111011011110	125
00111011011111	248
00111011100000	238
00111011100001	380
00111011100010	230
00111011100011	371
00111011100100	292
00111011100101	407
00111011100110	191
00111011100111	362
00111011101000	276
00111011101001	400
00111011101010	257
00111011101011	245
00111011101100	300
00111011101101	385
00111011101110	207
00111011101111	231
00111011110000	119
00111011110001	323
00111011110010	111
00111011110011	282
00111011110100	152
00111011110101	280
00111011110110	97
00111011110111	292
00111011111000	191
00111011111001	354
00111011111010	179
00111011111011	343
00111011111100	245
00111011111101	358
00111011111110	172
00111011111111	307
00111100000000	258
00111100000001	361
00111100000010	191
00111100000011	299
00111100000100	228
00111100000101	370
00111100000110	213
00111100000111	292
00111100001000	293
00111100001001	342
00111100001010	218
00111100001011	349
00111100001100	372
00111100001101	373
00111100001110	177
00111100001111	316
00111100010000	163
00111100010001	274
00111100010010	136
00111100010011	222
00111100010100	166
00111100010101	192
00111100010110	99
00111100010111	337
00111100011000	216
00111100011001	327
00111100011010	185
00111100011011	374
00111100011100	226
00111100011101	305
00111100011110	213
00111100011111	323
00111100100000	284
00111100100001	567
00111100100010	308
00111100100011	324
00111100100100	367
00111100100101	453
00111100100110	327
00111100100111	396
00111100101000	418
00111100101001	528
00111100101010	320
00111100101011	410
00111100101100	471
00111100101101	469
00111100101110	230
00111100101111	333
00111100110000	145
00111100110001	360
00111100110010	135
00111100110011	341
00111100110100	220
00111100110101	470
00111100110110	123
00111100110111	324
00111100111000	319
00111100111001	495
00111100111010	229
00111100111011	338
00111100111100	229
00111100111101	547
00111100111110	208
00111100111111	245
00111101000000	171
00111101000001	278
00111101000010	115
00111101000011	201
00111101000100	211
00111101000101	295
00111101000110	114
00111101000111	236
00111101001000	148
00111101001001	326
00111101001010	141
00111101001011	236
00111101001100	174
00111101001101	339
00111101001110	119
00111101001111	180
00111101010000	82
00111101010001	263
00111101010010	72
00111101010011	252
00111101010100	104
00111101010101	173
00111101010110	67
00111101010111	252
00111101011000	127
00111101011001	253
00111101011010	128
00111101011011	302
00111101011100	125
00111101011101	167
00111101011110	96
00111101011111	190
00111101100000	164
00111101100001	403
00111101100010	157
00111101100011	259
00111101100100	217
00111101100101	353
00111101100110	150
00111101100111	298
00111101101000	187
00111101101001	408
00111101101010	155
00111101101011	235
00111101101100	251
00111101101101	239
00111101101110	175
00111101101111	280
00111101110000	82
00111101110001	235
00111101110010	103
00111101110011	233
00111101110100	90
00111101110101	316
00111101110110	87
00111101110111	257
00111101111000	198
00111101111001	288
00111101111010	122
00111101111011	280
00111101111100	116
00111101111101	251
00111101111110	144
00111101111111	287
00111110000000	431
00111110000001	529
00111110000010	278
00111110000011	432
00111110000100	393
00111110000101	561
00111110000110	241
00111110000111	286
00111110001000	438
00111110001001	562
00111110001010	252
00111110001011	414
00111110001100	452
00111110001101	416
00111110001110	319
00111110001111	261
00111110010000	141
00111110010001	368
00111110010010	105
00111110010011	343
00111110010100	191
00111110010101	426
00111110010110	189
00111110010111	323
00111110011000	317
00111110011001	481
00111110011010	232
00111110011011	385
00111110011100	282
00111110011101	452
00111110011110	201
00111110011111	293
00111110100000	393
00111110100001	743
00111110100010	337
00111110100011	435
00111110100100	407
00111110100101	652
00111110100110	281
00111110100111	428
00111110101000	600
00111110101001	855
00111110101010	332
00111110101011	522
00111110101100	682
00111110101101	497
00111110101110	311
00111110101111	463
00111110110000	219
00111110110001	567
00111110110010	162
00111110110011	368
00111110110100	255
00111110110101	456
00111110110110	142
00111110110111	418
00111110111000	384
00111110111001	538
00111110111010	249
00111110111011	462
00111110111100	283
00111110111101	487
00111110111110	244
00111110111111	316
00111111000000	211
00111111000001	306
00111111000010	201
00111111000011	300
00111111000100	240
00111111000101	398
00111111000110	161
00111111000111	354
00111111001000	261
00111111001001	360
00111111001010	177
00111111001011	350
00111111001100	200
00111111001101	363
00111111001110	189
00111111001111	246
00111111010000	124
00111111010001	267
00111111010010	81
00111111010011	229
00111111010100	118
00111111010101	330
00111111010110	126
00111111010111	251
00111111011000	164
00111111011001	376
00111111011010	184
00111111011011	248
00111111011100	162
00111111011101	265
00111111011110	142
00111111011111	295
00111111100000	275
00111111100001	504
00111111100010	246
00111111100011	306
00111111100100	298
00111111100101	424
00111111100110	205
00111111100111	353
00111111101000	338
00111111101001	437
00111111101010	283
00111111101011	341
00111111101100	269
00111111101101	343
00111111101110	256
00111111101111	401
00111111110000	113
00111111110001	311
00111111110010	136
00111111110011	301
00111111110100	183
00111111110101	390
00111111110110	129
00111111110111	334
00111111111000	244
00111111111001	431
00111111111010	144
00111111111011	302
00111111111100	255
00111111111101	407
00111111111110	183
00111111111111	341
01000000000000	297
01000000000001	338
01000000000010	203
01000000000011	359
01000000000100	265
01000000000101	281
01000000000110	242
01000000000111	263
01000000001000	406
01000000001001	285
01000000001010	335
01000000001011	164
01000000001100	325
01000000001101	336
01000000001110	161
01000000001111	301
01000000010000	111
01000000010001	219
01000000010010	91
01000000010011	186
01000000010100	154
01000000010101	230
01000000010110	127
01000000010111	159
01000000011000	225
01000000011001	297
01000000011010	170
01000000011011	194
01000000011100	202
01000000011101	214
01000000011110	158
01000000011111	180
01000000100000	327
01000000100001	333
01000000100010	248
01000000100011	327
01000000100100	344
01000000100101	408
01000000100110	195
01000000100111	277
01000000101000	330
01000000101001	466
01000000101010	263
01000000101011	244
01000000101100	328
01000000101101	442
01000000101110	186
01000000101111	227
01000000110000	185
01000000110001	301
01000000110010	126
01000000110011	230
01000000110100	189
01000000110101	291
01000000110110	118
01000000110111	240
01000000111000	270
01000000111001	318
01000000111010	204
01000000111011	302
01000000111100	233
01000000111101	320
01000000111110	161
01000000111111	258
01000001000000	186
01000001000001	281
01000001000010	163
01000001000011	215
01000001000100	149
01000001000101	238
01000001000110	106
01000001000111	227
01000001001000	173
01000001001001	294
01000001001010	146
01000001001011	248
01000001001100	156
01000001001101	234
01000001001110	116
01000001001111	223
01000001010000	87
01000001010001	157
01000001010010	67
01000001010011	150
01000001010100	91
01000001010101	267
01000001010110	59
01000001010111	243
01000001011000	135
01000001011001	201
01000001011010	92
01000001011011	214
01000001011100	108
01000001011101	305
01000001011110	79
01000001011111	177
01000001100000	197
01000001100001	297
01000001100010	131
01000001100011	217
01000001100100	151
01000001100101	351
01000001100110	96
01000001100111	225
01000001101000	214
01000001101001	365
01000001101010	139
01000001101011	199
01000001101100	193
01000001101101	301
01000001101110	122
01000001101111	159
01000001110000	58
01000001110001	210
01000001110010	74
01000001110011	155
01000001110100	109
01000001110101	283
01000001110110	81
01000001110111	172
01000001111000	164
01000001111001	281
01000001111010	56
01000001111011	254
01000001111100	138
01000001111101	265
01000001111110	146
01000001111111	199
01000010000000	228
01000010000001	337
01000010000010	125
01000010000011	251
01000010000100	226
01000010000101	247
01000010000110	157
01000010000111	294
01000010001000	217
01000010001001	276
01000010001010	204
01000010001011	311
01000010001100	190
01000010001101	224
01000010001110	153
01000010001111	214
01000010010000	136
01000010010001	189
01000010010010	76
01000010010011	160
01000010010100	95
01000010010101	171
01000010010110	89
01000010010111	166
01000010011000	115
01000010011001	281
01000010011010	82
01000010011011	263
01000010011100	157
01000010011101	228
01000010011110	139
01000010011111	187
01000010100000	254
01000010100001	498
01000010100010	132
01000010100011	179
01000010100100	269
01000010100101	261
01000010100110	163
01000010100111	213
01000010101000	387
01000010101001	254
01000010101010	229
01000010101011	208
01000010101100	250
01000010101101	257
01000010101110	216
01000010101111	265
01000010110000	103
01000010110001	286
01000010110010	94
01000010110011	200
01000010110100	115
01000010110101	270
01000010110110	97
01000010110111	258
01000010111000	231
01000010111001	347
01000010111010	122
01000010111011	263
01000010111100	191
01000010111101	337
01000010111110	117
01000010111111	204
01000011000000	132
01000011000001	182
01000011000010	132
01000011000011	165
01000011000100	103
01000011000101	184
01000011000110	120
01000011000111	179
01000011001000	196
01000011001001	191
01000011001010	167
01000011001011	148
01000011001100	227
01000011001101	198
01000011001110	141
01000011001111	260
01000011010000	76
01000011010001	153
01000011010010	75
01000011010011	186
01000011010100	75
01000011010101	227
01000011010110	77
01000011010111	215
01000011011000	104
01000011011001	166
01000011011010	106
01000011011011	204
01000011011100	92
01000011011101	190
01000011011110	126
01000011011111	214
01000011100000	148
01000011100001	266
01000011100010	137
01000011100011	203
01000011100100	198
01000011100101	224
01000011100110	172
01000011100111	189
01000011101000	164
01000011101001	210
01000011101010	137
01000011101011	193
01000011101100	136
01000011101101	224
01000011101110	138
01000011101111	237
01000011110000	83
01000011110001	193
01000011110010	71
01000011110011	103
01000011110100	92
01000011110101	281
01000011110110	78
01000011110111	174
01000011111000	112
01000011111001	268
01000011111010	93
01000011111011	179
01000011111100	99
01000011111101	228
01000011111110	134
01000011111111	248
01000100000000	183
01000100000001	233
01000100000010	177
01000100000011	217
01000100000100	174
01000100000101	333
01000100000110	178
01000100000111	267
01000100001000	244
01000100001001	322
01000100001010	169
01000100001011	236
01000100001100	208
01000100001101	265
01000100001110	177
01000100001111	246
01000100010000	85
01000100010001	235
01000100010010	70
01000100010011	164
01000100010100	89
01000100010101	228
01000100010110	77
01000100010111	208
01000100011000	152
01000100011001	320
01000100011010	134
01000100011011	217
01000100011100	162
01000100011101	291
01000100011110	125
01000100011111	208
01000100100000	224
01000100100001	348
01000100100010	139
01000100100011	257
01000100100100	259
01000100100101	331
01000100100110	167
01000100100111	276
01000100101000	336
01000100101001	259
01000100101010	229
01000100101011	232
01000100101100	250
01000100101101	366
01000100101110	184
01000100101111	233
01000100110000	141
01000100110001	292
01000100110010	87
01000100110011	168
01000100110100	113
01000100110101	229
01000100110110	74
01000100110111	184
01000100111000	185
01000100111001	301
01000100111010	137
01000100111011	174
01000100111100	178
01000100111101	278
01000100111110	145
01000100111111	234
01000101000000	104
01000101000001	193
01000101000010	118
01000101000011	157
01000101000100	116
01000101000101	217
01000101000110	71
01000101000111	175
01000101001000	140
01000101001001	240
01000101001010	141
01000101001011	184
01000101001100	159
01000101001101	182
01000101001110	79
01000101001111	148
01000101010000	57
01000101010001	117
01000101010010	54
01000101010011	148
01000101010100	102
01000101010101	189
01000101010110	48
01000101010111	128
01000101011000	69
01000101011001	162
01000101011010	76
01000101011011	150
01000101011100	86
01000101011101	239
01000101011110	53
01000101011111	236
01000101100000	123
01000101100001	276
01000101100010	128
01000101100011	211
01000101100100	115
01000101100101	278
01000101100110	127
01000101100111	211
01000101101000	263
01000101101001	199
01000101101010	82
01000101101011	237
01000101101100	160
01000101101101	289
01000101101110	136
01000101101111	127
01000101110000	66
01000101110001	177
01000101110010	46
01000101110011	196
01000101110100	106
01000101110101	256
01000101110110	77
01000101110111	179
01000101111000	79
01000101111001	232
01000101111010	76
01000101111011	171
01000101111100	119
01000101111101	192
01000101111110	79
01000101111111	169
01000110000000	217
01000110000001	296
01000110000010	137
01000110000011	323
01000110000100	344
01000110000101	400
01000110000110	145
01000110000111	255
01000110001000	230
01000110001001	320
01000110001010	201
01000110001011	239
01000110001100	296
01000110001101	312
01000110001110	239
01000110001111	243
01000110010000	119
01000110010001	212
01000110010010	102
01000110010011	185
01000110010100	110
01000110010101	305
01000110010110	82
01000110010111	250
01000110011000	164
01000110011001	249
01000110011010	164
01000110011011	224
01000110011100	172
01000110011101	261
01000110011110	148
01000110011111	294
01000110100000	281
01000110100001	395
01000110100010	183
01000110100011	280
01000110100100	302
01000110100101	454
01000110100110	196
01000110100111	293
01000110101000	335
01000110101001	392
01000110101010	207
01000110101011	273
01000110101100	363
01000110101101	336
01000110101110	251
01000110101111	304
01000110110000	164
01000110110001	305
01000110110010	90
01000110110011	225
01000110110100	166
01000110110101	218
01000110110110	152
01000110110111	209
01000110111000	268
01000110111001	442
01000110111010	118
01000110111011	234
01000110111100	216
01000110111101	393
01000110111110	171
01000110111111	166
01000111000000	140
01000111000001	222
01000111000010	111
01000111000011	214
01000111000100	147
01000111000101	298
01000111000110	164
01000111000111	271
01000111001000	191
01000111001001	206
01000111001010	149
01000111001011	224
01000111001100	164
01000111001101	319
01000111001110	181
01000111001111	210
01000111010000	69
01000111010001	239
01000111010010	73
01000111010011	157
01000111010100	77
01000111010101	159
01000111010110	103
01000111010111	197
01000111011000	114
01000111011001	241
01000111011010	105
01000111011011	194
01000111011100	149
01000111011101	260
01000111011110	134
01000111011111	237
01000111100000	171
01000111100001	206
01000111100010	143
01000111100011	235
01000111100100	177
01000111100101	355
01000111100110	189
01000111100111	264
01000111101000	258
01000111101001	283
01000111101010	155
01000111101011	216
01000111101100	220
01000111101101	363
01000111101110	192
01000111101111	224
01000111110000	76
01000111110001	217
01000111110010	88
01000111110011	167
01000111110100	165
01000111110101	278
01000111110110	83
01000111110111	202
01000111111000	127
01000111111001	254
01000111111010	109
01000111111011	202
01000111111100	163
01000111111101	290
01000111111110	132
01000111111111	271
01001000000000	330
01001000000001	403
01001000000010	217
01001000000011	394
01001000000100	305
01001000000101	392
01001000000110	270
01001000000111	319
01001000001000	377
01001000001001	375
01001000001010	320
01001000001011	428
01001000001100	296
01001000001101	336
01001000001110	267
01001000001111	275
01001000010000	140
01001000010001	369
01001000010010	135
01001000010011	282
01001000010100	132
01001000010101	392
01001000010110	126
01001000010111	321
01001000011000	230
01001000011001	367
01001000011010	205
01001000011011	278
01001000011100	198
01001000011101	365
01001000011110	149
01001000011111	271
01001000100000	400
01001000100001	460
01001000100010	283
01001000100011	424
01001000100100	371
01001000100101	654
01001000100110	258
01001000100111	395
01001000101000	518
01001000101001	620
01001000101010	327
01001000101011	361
01001000101100	448
01001000101101	425
01001000101110	314
01001000101111	322
01001000110000	165
01001000110001	345
01001000110010	115
01001000110011	294
01001000110100	214
01001000110101	471
01001000110110	152
01001000110111	256
01001000111000	321
01001000111001	490
01001000111010	244
01001000111011	385
01001000111100	306
01001000111101	424
01001000111110	195
01001000111111	348
01001001000000	159
01001001000001	284
01001001000010	162
01001001000011	321
01001001000100	213
01001001000101	373
01001001000110	153
01001001000111	299
01001001001000	323
01001001001001	320
01001001001010	176
01001001001011	252
01001001001100	184
01001001001101	320
01001001001110	182
01001001001111	283
01001001010000	92
01001001010001	310
01001001010010	110
01001001010011	244
01001001010100	95
01001001010101	237
01001001010110	74
01001001010111	254
01001001011000	135
01001001011001	272
01001001011010	146
01001001011011	313
01001001011100	135
01001001011101	316
01001001011110	128
01001001011111	234
01001001100000	267
01001001100001	344
01001001100010	134
01001001100011	339
01001001100100	248
01001001100101	418
01001001100110	191
01001001100111	347
01001001101000	245
01001001101001	410
01001001101010	242
01001001101011	251
01001001101100	257
01001001101101	408
01001001101110	179
01001001101111	359
01001001110000	92
01001001110001	324
01001001110010	84
01001001110011	278
01001001110100	112
01001001110101	293
01001001110110	134
01001001110111	333
01001001111000	167
01001001111001	320
01001001111010	120
01001001111011	244
01001001111100	229
01001001111101	258
01001001111110	118
01001001111111	206
01001010000000	398
01001010000001	477
01001010000010	255
01001010000011	333
01001010000100	263
01001010000101	395
01001010000110	235
01001010000111	384
01001010001000	385
01001010001001	496
01001010001010	262
01001010001011	360
01001010001100	322
01001010001101	558
01001010001110	270
01001010001111	353
01001010010000	155
01001010010001	378
01001010010010	105
01001010010011	204
01001010010100	144
01001010010101	288
01001010010110	98
01001010010111	305
01001010011000	256
01001010011001	380
01001010011010	214
01001010011011	341
01001010011100	214
01001010011101	330
01001010011110	170
01001010011111	328
01001010100000	386
01001010100001	459
01001010100010	201
01001010100011	388
01001010100100	415
01001010100101	624
01001010100110	262
01001010100111	398
01001010101000	479
01001010101001	694
01001010101010	301
01001010101011	376
01001010101100	487
01001010101101	623
01001010101110	316
01001010101111	334
01001010110000	211
01001010110001	463
01001010110010	147
01001010110011	258
01001010110100	207
01001010110101	387
01001010110110	112
01001010110111	291
01001010111000	294
01001010111001	511
01001010111010	269
01001010111011	411
01001010111100	343
01001010111101	374
01001010111110	190
01001010111111	312
01001011000000	237
01001011000001	342
01001011000010	195
01001011000011	329
01001011000100	196
01001011000101	345
01001011000110	238
01001011000111	300
01001011001000	244
01001011001001	347
01001011001010	206
01001011001011	366
01001011001100	231
01001011001101	446
01001011001110	202
01001011001111	267
01001011010000	98
01001011010001	206
01001011010010	104
01001011010011	287
01001011010100	134
01001011010101	275
01001011010110	112
01001011010111	244
01001011011000	136
01001011011001	369
01001011011010	128
01001011011011	291
01001011011100	164
01001011011101	307
01001011011110	150
01001011011111	311
01001011100000	278
01001011100001	375
01001011100010	212
01001011100011	377
01001011100100	268
01001011100101	404
01001011100110	196
01001011100111	270
01001011101000	320
01001011101001	437
01001011101010	231
01001011101011	379
01001011101100	301
01001011101101	451
01001011101110	258
01001011101111	297
01001011110000	109
01001011110001	423
01001011110010	85
01001011110011	239
01001011110100	176
01001011110101	326
01001011110110	113
01001011110111	392
01001011111000	215
01001011111001	354
01001011111010	154
01001011111011	313
01001011111100	197
01001011111101	372
01001011111110	204
01001011111111	275
01001100000000	217
01001100000001	419
01001100000010	229
01001100000011	310
01001100000100	269
01001100000101	304
01001100000110	161
01001100000111	250
01001100001000	362
01001100001001	355
01001100001010	279
01001100001011	274
01001100001100	308
01001100001101	340
01001100001110	238
01001100001111	245
01001100010000	110
01001100010001	277
01001100010010	85
01001100010011	210
01001100010100	150
01001100010101	288
01001100010110	113
01001100010111	205
01001100011000	224
01001100011001	301
01001100011010	169
01001100011011	239
01001100011100	185
01001100011101	290
01001100011110	158
01001100011111	263
01001100100000	319
01001100100001	451
01001100100010	213
01001100100011	291
01001100100100	336
01001100100101	460
01001100100110	194
01001100100111	275
01001100101000	317
01001100101001	461
01001100101010	313
01001100101011	345
01001100101100	368
01001100101101	555
01001100101110	307
01001100101111	327
01001100110000	189
01001100110001	394
01001100110010	134
01001100110011	259
01001100110100	199
01001100110101	286
01001100110110	120
01001100110111	261
01001100111000	259
01001100111001	348
01001100111010	171
01001100111011	311
01001100111100	274
01001100111101	391
01001100111110	161
01001100111111	263
01001101000000	110
01001101000001	246
01001101000010	150
01001101000011	243
01001101000100	158
01001101000101	268
01001101000110	117
01001101000111	280
01001101001000	154
01001101001001	226
01001101001010	185
01001101001011	251
01001101001100	176
01001101001101	207
01001101001110	132
01001101001111	233
01001101010000	77
01001101010001	167
01001101010010	54
01001101010011	253
01001101010100	59
01001101010101	210
01001101010110	57
01001101010111	203
01001101011000	135
01001101011001	175
01001101011010	85
01001101011011	254
01001101011100	139
01001101011101	273
01001101011110	122
01001101011111	194
01001101100000	152
01001101100001	363
01001101100010	117
01001101100011	225
01001101100100	150
01001101100101	280
01001101100110	142
01001101100111	280
01001101101000	226
01001101101001	345
01001101101010	164
01001101101011	296
01001101101100	230
01001101101101	374
01001101101110	204
01001101101111	273
01001101110000	98
01001101110001	226
01001101110010	79
01001101110011	223
01001101110100	113
01001101110101	219
01001101110110	115
01001101110111	227
01001101111000	112
01001101111001	304
01001101111010	78
01001101111011	332
01001101111100	164
01001101111101	301
01001101111110	145
01001101111111	201
01001110000000	275
01001110000001	462
01001110000010	260
01001110000011	362
01001110000100	394
01001110000101	432
01001110000110	274
01001110000111	377
01001110001000	357
01001110001001	464
01001110001010	324
01001110001011	445
01001110001100	281
01001110001101	533
01001110001110	276
01001110001111	418
01001110010000	184
01001110010001	371
01001110010010	131
01001110010011	294
01001110010100	179
01001110010101	327
01001110010110	134
01001110010111	293
01001110011000	225
01001110011001	503
01001110011010	198
01001110011011	287
01001110011100	222
01001110011101	470
01001110011110	204
01001110011111	281
01001110100000	406
01001110100001	645
01001110100010	296
01001110100011	403
01001110100100	490
01001110100101	675
01001110100110	238
01001110100111	500
01001110101000	621
01001110101001	661
01001110101010	333
01001110101011	396
01001110101100	471
01001110101101	662
01001110101110	334
01001110101111	364
01001110110000	211
01001110110001	479
01001110110010	138
01001110110011	288
01001110110100	224
01001110110101	521
01001110110110	128
01001110110111	330
01001110111000	353
01001110111001	504
01001110111010	198
01001110111011	342
01001110111100	301
01001110111101	462
01001110111110	205
01001110111111	406
01001111000000	186
01001111000001	372
01001111000010	207
01001111000011	334
01001111000100	198
01001111000101	413
01001111000110	275
01001111000111	401
01001111001000	240
01001111001001	373
01001111001010	255
01001111001011	402
01001111001100	252
01001111001101	273
01001111001110	266
01001111001111	320
01001111010000	98
01001111010001	303
01001111010010	123
01001111010011	217
01001111010100	100
01001111010101	248
01001111010110	132
01001111010111	305
01001111011000	173
01001111011001	260
01001111011010	139
01001111011011	246
01001111011100	157
01001111011101	293
01001111011110	173
01001111011111	309
01001111100000	310
01001111100001	456
01001111100010	247
01001111100011	420
01001111100100	342
01001111100101	499
01001111100110	232
01001111100111	391
01001111101000	373
01001111101001	431
01001111101010	236
01001111101011	318
01001111101100	224
01001111101101	465
01001111101110	279
01001111101111	284
01001111110000	110
01001111110001	309
01001111110010	83
01001111110011	284
01001111110100	145
01001111110101	374
01001111110110	118
01001111110111	284
01001111111000	192
01001111111001	419
01001111111010	186
01001111111011	317
01001111111100	233
01001111111101	459
01001111111110	177
01001111111111	404
01010000000000	319
01010000000001	423
01010000000010	297
01010000000011	365
01010000000100	364
01010000000101	534
01010000000110	288
01010000000111	459
01010000001000	444
01010000001001	680
01010000001010	401
01010000001011	357
01010000001100	476
01010000001101	435
01010000001110	355
01010000001111	434
01010000010000	191
01010000010001	363
01010000010010	160
01010000010011	325
01010000010100	171
01010000010101	426
01010000010110	133
01010000010111	328
01010000011000	313
01010000011001	442
01010000011010	312
01010000011011	417
01010000011100	283
01010000011101	456
01010000011110	192
01010000011111	356
01010000100000	490
01010000100001	535
01010000100010	299
01010000100011	336
01010000100100	443
01010000100101	645
01010000100110	261
01010000100111	415
01010000101000	571
01010000101001	732
01010000101010	355
01010000101011	426
01010000101100	503
01010000101101	497
01010000101110	319
01010000101111	382
01010000110000	321
01010000110001	482
01010000110010	173
01010000110011	465
01010000110100	256
01010000110101	526
01010000110110	169
01010000110111	409
01010000111000	355
01010000111001	542
01010000111010	258
01010000111011	368
01010000111100	468
01010000111101	511
01010000111110	225
01010000111111	392
01010001000000	246
01010001000001	428
01010001000010	171
01010001000011	414
01010001000100	219
01010001000101	477
01010001000110	206
01010001000111	348
01010001001000	292
01010001001001	398
01010001001010	292
01010001001011	376
01010001001100	233
01010001001101	415
01010001001110	218
01010001001111	345
01010001010000	117
01010001010001	350
01010001010010	135
01010001010011	295
01010001010100	127
01010001010101	263
01010001010110	145
01010001010111	328
01010001011000	175
01010001011001	393
01010001011010	181
01010001011011	315
01010001011100	166
01010001011101	358
01010001011110	137
01010001011111	328
01010001100000	246
01010001100001	512
01010001100010	201
01010001100011	363
01010001100100	366
01010001100101	413
01010001100110	179
01010001100111	314
01010001101000	336
01010001101001	463
01010001101010	215
01010001101011	404
01010001101100	325
01010001101101	445
01010001101110	120
01010001101111	361
01010001110000	116
01010001110001	372
01010001110010	97
01010001110011	276
01010001110100	171
01010001110101	452
01010001110110	119
01010001110111	466
01010001111000	169
01010001111001	337
01010001111010	210
01010001111011	377
01010001111100	235
01010001111101	402
01010001111110	138
01010001111111	378
01010010000000	291
01010010000001	625
01010010000010	258
01010010000011	385
01010010000100	360
01010010000101	498
01010010000110	254
01010010000111	533
01010010001000	482
01010010001001	498
01010010001010	348
01010010001011	464
01010010001100	387
01010010001101	570
01010010001110	322
01010010001111	477
01010010010000	186
01010010010001	359
01010010010010	121
01010010010011	361
01010010010100	264
01010010010101	491
01010010010110	122
01010010010111	412
01010010011000	261
01010010011001	584
01010010011010	226
01010010011011	523
01010010011100	282
01010010011101	488
01010010011110	210
01010010011111	399
01010010100000	425
01010010100001	707
01010010100010	283
01010010100011	415
01010010100100	418
01010010100101	649
01010010100110	247
01010010100111	434
01010010101000	601
01010010101001	698
01010010101010	389
01010010101011	420
01010010101100	453
01010010101101	577
01010010101110	334
01010010101111	356
01010010110000	232
01010010110001	518
01010010110010	165
01010010110011	361
01010010110100	242
01010010110101	532
01010010110110	159
01010010110111	357
01010010111000	388
01010010111001	517
01010010111010	214
01010010111011	408
01010010111100	304
01010010111101	522
01010010111110	267
01010010111111	415
01010011000000	237
01010011000001	461
01010011000010	131
01010011000011	393
01010011000100	207
01010011000101	362
01010011000110	194
01010011000111	366
01010011001000	297
01010011001001	393
01010011001010	267
01010011001011	428
01010011001100	222
01010011001101	443
01010011001110	170
01010011001111	329
01010011010000	114
01010011010001	286
01010011010010	96
01010011010011	346
01010011010100	144
01010011010101	288
01010011010110	89
01010011010111	306
01010011011000	160
01010011011001	329
01010011011010	198
01010011011011	357
01010011011100	212
01010011011101	328
01010011011110	161
01010011011111	258
01010011100000	269
01010011100001	423
01010011100010	225
01010011100011	381
01010011100100	295
01010011100101	365
01010011100110	188
01010011100111	317
01010011101000	314
01010011101001	501
01010011101010	264
01010011101011	351
01010011101100	251
01010011101101	451
01010011101110	220
01010011101111	333
01010011110000	142
01010011110001	359
01010011110010	116
01010011110011	239
01010011110100	156
01010011110101	361
01010011110110	143
01010011110111	383
01010011111000	271
01010011111001	416
01010011111010	155
01010011111011	370
01010011111100	206
01010011111101	392
01010011111110	181
01010011111111	383
01010100000000	399
01010100000001	427
01010100000010	282
01010100000011	397
01010100000100	401
01010100000101	587
01010100000110	253
01010100000111	370
01010100001000	396
01010100001001	398
01010100001010	313
01010100001011	431
01010100001100	385
01010100001101	454
01010100001110	375
01010100001111	269
01010100010000	178
01010100010001	300
01010100010010	151
01010100010011	356
01010100010100	183
01010100010101	464
01010100010110	170
01010100010111	337
01010100011000	264
01010100011001	375
01010100011010	236
01010100011011	454
01010100011100	175
01010100011101	402
01010100011110	160
01010100011111	325
01010100100000	454
01010100100001	597
01010100100010	246
01010100100011	306
01010100100100	404
01010100100101	571
01010100100110	305
01010100100111	378
01010100101000	552
01010100101001	530
01010100101010	303
01010100101011	354
01010100101100	439
01010100101101	612
01010100101110	315
01010100101111	318
01010100110000	186
01010100110001	478
01010100110010	161
01010100110011	280
01010100110100	215
01010100110101	406
01010100110110	137
01010100110111	297
01010100111000	295
01010100111001	524
01010100111010	241
01010100111011	286
01010100111100	350
01010100111101	509
01010100111110	226
01010100111111	336
01010101000000	185
01010101000001	404
01010101000010	186
01010101000011	419
01010101000100	222
01010101000101	372
01010101000110	176
01010101000111	374
01010101001000	226
01010101001001	368
01010101001010	180
01010101001011	294
01010101001100	170
01010101001101	378
01010101001110	175
01010101001111	279
01010101010000	134
01010101010001	323
01010101010010	102
01010101010011	243
01010101010100	114
01010101010101	342
01010101010110	76
01010101010111	254
01010101011000	149
01010101011001	281
01010101011010	182
01010101011011	218
01010101011100	128
01010101011101	303
01010101011110	162
01010101011111	311
01010101100000	224
01010101100001	536
01010101100010	154
01010101100011	307
01010101100100	313
01010101100101	501
01010101100110	186
01010101100111	348
01010101101000	257
01010101101001	576
01010101101010	220
01010101101011	371
01010101101100	279
01010101101101	443
01010101101110	156
01010101101111	310
01010101110000	95
01010101110001	301
01010101110010	83
01010101110011	246
01010101110100	134
01010101110101	340
01010101110110	96
01010101110111	343
01010101111000	182
01010101111001	411
01010101111010	115
01010101111011	389
01010101111100	241
01010101111101	467
01010101111110	177
01010101111111	320
01010110000000	485
01010110000001	573
01010110000010	336
01010110000011	483
01010110000100	342
01010110000101	743
01010110000110	263
01010110000111	510
01010110001000	577
01010110001001	558
01010110001010	393
01010110001011	515
01010110001100	566
01010110001101	573
01010110001110	361
01010110001111	441
01010110010000	234
01010110010001	422
01010110010010	169
01010110010011	399
01010110010100	244
01010110010101	471
01010110010110	173
01010110010111	308
01010110011000	296
01010110011001	555
01010110011010	231
01010110011011	420
01010110011100	355
01010110011101	568
01010110011110	279
01010110011111	449
01010110100000	469
01010110100001	566
01010110100010	439
01010110100011	526
01010110100100	584
01010110100101	902
01010110100110	391
01010110100111	462
01010110101000	726
01010110101001	816
01010110101010	377
01010110101011	479
01010110101100	646
01010110101101	868
01010110101110	353
01010110101111	383
01010110110000	241
01010110110001	514
01010110110010	150
01010110110011	369
01010110110100	232
01010110110101	450
01010110110110	167
01010110110111	459
01010110111000	395
01010110111001	646
01010110111010	253
01010110111011	376
01010110111100	440
01010110111101	717
01010110111110	250
01010110111111	460
01010111000000	290
01010111000001	458
01010111000010	262
01010111000011	391
01010111000100	283
01010111000101	565
01010111000110	228
01010111000111	346
01010111001000	317
01010111001001	381
01010111001010	287
01010111001011	471
01010111001100	294
01010111001101	419
01010111001110	258
01010111001111	478
01010111010000	138
01010111010001	357
01010111010010	171
01010111010011	304
01010111010100	151
01010111010101	430
01010111010110	144
01010111010111	322
01010111011000	208
01010111011001	336
01010111011010	218
01010111011011	352
01010111011100	176
01010111011101	350
01010111011110	194
01010111011111	349
01010111100000	313
01010111100001	582
01010111100010	261
01010111100011	345
01010111100100	285
01010111100101	524
01010111100110	232
01010111100111	383
01010111101000	383
01010111101001	563
01010111101010	273
01010111101011	423
01010111101100	364
01010111101101	532
01010111101110	266
01010111101111	335
01010111110000	166
01010111110001	389
01010111110010	146
01010111110011	372
01010111110100	216
01010111110101	566
01010111110110	159
01010111110111	326
01010111111000	288
01010111111001	383
01010111111010	210
01010111111011	388
01010111111100	285
01010111111101	470
01010111111110	241
01010111111111	438
01011000000000	273
01011000000001	308
01011000000010	259
01011000000011	362
01011000000100	285
01011000000101	404
01011000000110	240
01011000000111	393
01011000001000	411
01011000001001	512
01011000001010	259
01011000001011	333
01011000001100	307
01011000001101	354
01011000001110	169
01011000001111	290
01011000010000	159
01011000010001	226
01011000010010	157
01011000010011	238
01011000010100	155
01011000010101	291
01011000010110	111
01011000010111	253
01011000011000	174
01011000011001	336
01011000011010	232
01011000011011	294
01011000011100	182
01011000011101	313
01011000011110	178
01011000011111	242
01011000100000	327
01011000100001	362
01011000100010	268
01011000100011	256
01011000100100	345
01011000100101	533
01011000100110	234
01011000100111	274
01011000101000	449
01011000101001	508
01011000101010	271
01011000101011	404
01011000101100	325
01011000101101	540
01011000101110	287
01011000101111	234
01011000110000	198
01011000110001	403
01011000110010	137
01011000110011	260
01011000110100	201
01011000110101	397
01011000110110	130
01011000110111	290
01011000111000	312
01011000111001	467
01011000111010	197
01011000111011	248
01011000111100	235
01011000111101	449
01011000111110	142
01011000111111	252
01011001000000	165
01011001000001	295
01011001000010	210
01011001000011	265
01011001000100	153
01011001000101	329
01011001000110	181
01011001000111	203
01011001001000	203
01011001001001	308
01011001001010	148
01011001001011	384
01011001001100	196
01011001001101	326
01011001001110	154
01011001001111	253
01011001010000	59
01011001010001	248
01011001010010	90
01011001010011	195
01011001010100	95
01011001010101	221
01011001010110	73
01011001010111	271
01011001011000	158
01011001011001	246
01011001011010	104
01011001011011	200
01011001011100	132
01011001011101	233
01011001011110	114
01011001011111	179
01011001100000	187
01011001100001	304
01011001100010	154
01011001100011	311
01011001100100	208
01011001100101	402
01011001100110	134
01011001100111	204
01011001101000	247
01011001101001	379
01011001101010	214
01011001101011	339
01011001101100	213
01011001101101	369
01011001101110	130
01011001101111	207
01011001110000	112
01011001110001	267
01011001110010	50
01011001110011	220
01011001110100	107
01011001110101	326
01011001110110	90
01011001110111	265
01011001111000	172
01011001111001	368
01011001111010	118
01011001111011	253
01011001111100	142
01011001111101	365
01011001111110	135
01011001111111	266
01011010000000	287
01011010000001	295
01011010000010	249
01011010000011	315
01011010000100	271
01011010000101	408
01011010000110	185
01011010000111	257
01011010001000	340
01011010001001	329
01011010001010	306
01011010001011	308
01011010001100	316
01011010001101	342
01011010001110	179
01011010001111	307
01011010010000	125
01011010010001	289
01011010010010	102
01011010010011	233
01011010010100	141
01011010010101	231
01011010010110	104
01011010010111	226
01011010011000	251
01011010011001	373
01011010011010	181
01011010011011	269
01011010011100	205
01011010011101	214
01011010011110	140
01011010011111	281
01011010100000	327
01011010100001	593
01011010100010	198
01011010100011	333
01011010100100	366
01011010100101	385
01011010100110	192
01011010100111	332
01011010101000	442
01011010101001	487
01011010101010	214
01011010101011	232
01011010101100	414
01011010101101	428
01011010101110	264
01011010101111	369
01011010110000	162
01011010110001	372
01011010110010	107
01011010110011	222
01011010110100	202
01011010110101	377
01011010110110	103
01011010110111	233
01011010111000	271
01011010111001	468
01011010111010	169
01011010111011	327
01011010111100	231
01011010111101	491
01011010111110	187
01011010111111	232
01011011000000	170
01011011000001	211
01011011000010	163
01011011000011	230
01011011000100	179
01011011000101	330
01011011000110	137
01011011000111	244
01011011001000	206
01011011001001	375
01011011001010	197
01011011001011	238
01011011001100	183
01011011001101	342
01011011001110	175
01011011001111	310
01011011010000	57
01011011010001	193
01011011010010	80
01011011010011	168
01011011010100	103
01011011010101	291
01011011010110	76
01011011010111	191
01011011011000	137
01011011011001	388
01011011011010	115
01011011011011	258
01011011011100	108
01011011011101	231
01011011011110	120
01011011011111	236
01011011100000	258
01011011100001	337
01011011100010	166
01011011100011	294
01011011100100	180
01011011100101	406
01011011100110	153
01011011100111	235
01011011101000	279
01011011101001	334
01011011101010	186
01011011101011	299
01011011101100	240
01011011101101	323
01011011101110	176
01011011101111	303
01011011110000	112
01011011110001	299
01011011110010	61
01011011110011	224
01011011110100	94
01011011110101	230
01011011110110	100
01011011110111	271
01011011111000	215
01011011111001	274
01011011111010	188
01011011111011	301
01011011111100	195
01011011111101	377
01011011111110	106
01011011111111	286
01011100000000	217
01011100000001	285
01011100000010	194
01011100000011	232
01011100000100	213
01011100000101	349
01011100000110	235
01011100000111	277
01011100001000	286
01011100001001	483
01011100001010	227
01011100001011	240
01011100001100	246
01011100001101	380
01011100001110	237
01011100001111	268
01011100010000	109
01011100010001	316
01011100010010	96
01011100010011	206
01011100010100	160
01011100010101	332
01011100010110	122
01011100010111	252
01011100011000	210
01011100011001	342
01011100011010	179
01011100011011	330
01011100011100	191
01011100011101	283
01011100011110	132
01011100011111	206
01011100100000	301
01011100100001	467
01011100100010	238
01011100100011	233
01011100100100	291
01011100100101	355
01011100100110	221
01011100100111	274
01011100101000	325
01011100101001	457
01011100101010	316
01011100101011	333
01011100101100	382
01011100101101	427
01011100101110	227
01011100101111	321
01011100110000	185
01011100110001	316
01011100110010	85
01011100110011	244
01011100110100	164
01011100110101	318
01011100110110	103
01011100110111	246
01011100111000	259
01011100111001	342
01011100111010	178
01011100111011	256
01011100111100	201
01011100111101	338
01011100111110	144
01011100111111	225
01011101000000	103
01011101000001	302
01011101000010	97
01011101000011	263
01011101000100	128
01011101000101	227
01011101000110	169
01011101000111	225
01011101001000	243
01011101001001	193
01011101001010	140
01011101001011	267
01011101001100	211
01011101001101	214
01011101001110	106
01011101001111	270
01011101010000	80
01011101010001	166
01011101010010	57
01011101010011	237
01011101010100	103
01011101010101	255
01011101010110	76
01011101010111	204
01011101011000	112
01011101011001	240
01011101011010	110
01011101011011	260
01011101011100	123
01011101011101	272
01011101011110	117
01011101011111	247
01011101100000	248
01011101100001	347
01011101100010	163
01011101100011	247
01011101100100	198
01011101100101	356
01011101100110	117
01011101100111	264
01011101101000	214
01011101101001	298
01011101101010	160
01011101101011	230
01011101101100	188
01011101101101	384
01011101101110	140
01011101101111	242
01011101110000	91
01011101110001	247
01011101110010	82
01011101110011	186
01011101110100	90
01011101110101	316
01011101110110	83
01011101110111	237
01011101111000	124
01011101111001	318
01011101111010	95
01011101111011	206
01011101111100	146
01011101111101	254
01011101111110	90
01011101111111	191
01011110000000	288
01011110000001	455
01011110000010	168
01011110000011	473
01011110000100	327
01011110000101	406
01011110000110	229
01011110000111	264
01011110001000	362
01011110001001	442
01011110001010	208
01011110001011	332
01011110001100	361
01011110001101	436
01011110001110	257
01011110001111	375
01011110010000	172
01011110010001	262
01011110010010	101
01011110010011	300
01011110010100	160
01011110010101	310
01011110010110	144
01011110010111	355
01011110011000	209
01011110011001	381
01011110011010	212
01011110011011	390
01011110011100	251
01011110011101	446
01011110011110	175
01011110011111	278
01011110100000	394
01011110100001	599
01011110100010	261
01011110100011	319
01011110100100	387
01011110100101	535
01011110100110	230
01011110100111	462
01011110101000	474
01011110101001	568
01011110101010	283
01011110101011	338
01011110101100	473
01011110101101	643
01011110101110	272
01011110101111	342
01011110110000	213
01011110110001	353
01011110110010	109
01011110110011	230
01011110110100	249
01011110110101	540
01011110110110	119
01011110110111	302
01011110111000	302
01011110111001	471
01011110111010	248
01011110111011	337
01011110111100	284
01011110111101	470
01011110111110	202
01011110111111	262
01011111000000	196
01011111000001	276
01011111000010	188
01011111000011	359
01011111000100	139
01011111000101	335
01011111000110	200
01011111000111	302
01011111001000	212
01011111001001	355
01011111001010	173
01011111001011	283
01011111001100	227
01011111001101	412
01011111001110	158
01011111001111	310
01011111010000	57
01011111010001	254
01011111010010	130
01011111010011	311
01011111010100	117
01011111010101	238
01011111010110	92
01011111010111	244
01011111011000	126
01011111011001	325
01011111011010	165
01011111011011	234
01011111011100	138
01011111011101	262
01011111011110	147
01011111011111	254
01011111100000	233
01011111100001	433
01011111100010	169
01011111100011	285
01011111100100	295
01011111100101	315
01011111100110	200
01011111100111	269
01011111101000	313
01011111101001	450
01011111101010	210
01011111101011	347
01011111101100	219
01011111101101	363
01011111101110	216
01011111101111	308
01011111110000	99
01011111110001	269
01011111110010	112
01011111110011	252
01011111110100	150
01011111110101	367
01011111110110	85
01011111110111	276
01011111111000	165
01011111111001	332
01011111111010	125
01011111111011	302
01011111111100	144
01011111111101	256
01011111111110	139
01011111111111	255
01100000000000	229
01100000000001	497
01100000000010	191
01100000000011	250
01100000000100	264
01100000000101	427
01100000000110	202
01100000000111	277
01100000001000	314
01100000001001	270
01100000001010	263
01100000001011	237
01100000001100	230
01100000001101	251
01100000001110	179
01100000001111	198
01100000010000	129
01100000010001	240
01100000010010	146
01100000010011	195
01100000010100	148
01100000010101	233
01100000010110	91
01100000010111	231
01100000011000	179
01100000011001	343
01100000011010	175
01100000011011	265
01100000011100	199
01100000011101	238
01100000011110	155
01100000011111	346
01100000100000	302
01100000100001	356
01100000100010	303
01100000100011	286
01100000100100	279
01100000100101	440
01100000100110	244
01100000100111	316
01100000101000	455
01100000101001	442
01100000101010	322
01100000101011	297
01100000101100	374
01100000101101	366
01100000101110	258
01100000101111	344
01100000110000	154
01100000110001	331
01100000110010	108
01100000110011	239
01100000110100	164
01100000110101	287
01100000110110	144
01100000110111	263
01100000111000	268
01100000111001	344
01100000111010	164
01100000111011	283
01100000111100	194
01100000111101	274
01100000111110	179
01100000111111	242
01100001000000	91
01100001000001	155
01100001000010	125
01100001000011	250
01100001000100	85
01100001000101	220
01100001000110	80
01100001000111	183
01100001001000	144
01100001001001	281
01100001001010	104
01100001001011	160
01100001001100	138
01100001001101	193
01100001001110	86
01100001001111	162
01100001010000	66
01100001010001	221
01100001010010	91
01100001010011	173
01100001010100	82
01100001010101	142
01100001010110	68
01100001010111	159
01100001011000	156
01100001011001	178
01100001011010	91
01100001011011	218
01100001011100	71
01100001011101	204
01100001011110	95
01100001011111	168
01100001100000	125
01100001100001	291
01100001100010	132
01100001100011	230
01100001100100	144
01100001100101	290
01100001100110	128
01100001100111	178
01100001101000	203
01100001101001	296
01100001101010	131
01100001101011	237
01100001101100	169
01100001101101	201
01100001101110	128
01100001101111	262
01100001110000	83
01100001110001	197
01100001110010	80
01100001110011	195
01100001110100	91
01100001110101	236
01100001110110	77
01100001110111	280
01100001111000	132
01100001111001	232
01100001111010	122
01100001111011	257
01100001111100	140
01100001111101	289
01100001111110	84
01100001111111	195
01100010000000	231
01100010000001	301
01100010000010	94
01100010000011	204
01100010000100	203
01100010000101	274
01100010000110	175
01100010000111	223
01100010001000	239
01100010001001	280
01100010001010	152
01100010001011	231
01100010001100	157
01100010001101	227
01100010001110	139
01100010001111	232
01100010010000	93
01100010010001	172
01100010010010	93
01100010010011	180
01100010010100	110
01100010010101	242
01100010010110	97
01100010010111	228
01100010011000	137
01100010011001	205
01100010011010	119
01100010011011	161
01100010011100	148
01100010011101	270
01100010011110	108
01100010011111	138
01100010100000	262
01100010100001	395
01100010100010	112
01100010100011	203
01100010100100	204
01100010100101	343
01100010100110	166
01100010100111	288
01100010101000	284
01100010101001	358
01100010101010	132
01100010101011	239
01100010101100	291
01100010101101	328
01100010101110	183
01100010101111	199
01100010110000	104
01100010110001	267
01100010110010	50
01100010110011	206
01100010110100	113
01100010110101	247
01100010110110	81
01100010110111	168
01100010111000	180
01100010111001	344
01100010111010	123
01100010111011	153
01100010111100	152
01100010111101	261
01100010111110	133
01100010111111	172
01100011000000	88
01100011000001	222
01100011000010	118
01100011000011	221
01100011000100	152
01100011000101	249
01100011000110	104
01100011000111	176
01100011001000	131
01100011001001	234
01100011001010	154
01100011001011	126
01100011001100	162
01100011001101	186
01100011001110	120
01100011001111	132
01100011010000	64
01100011010001	166
01100011010010	57
01100011010011	125
01100011010100	76
01100011010101	149
01100011010110	44
01100011010111	167
01100011011000	105
01100011011001	144
01100011011010	87
01100011011011	167
01100011011100	99
01100011011101	130
01100011011110	118
01100011011111	116
01100011100000	129
01100011100001	307
01100011100010	121
01100011100011	199
01100011100100	143
01100011100101	237
01100011100110	138
01100011100111	216
01100011101000	181
01100011101001	272
01100011101010	158
01100011101011	184
01100011101100	203
01100011101101	174
01100011101110	161
01100011101111	178
01100011110000	115
01100011110001	166
01100011110010	56
01100011110011	171
01100011110100	115
01100011110101	270
01100011110110	86
01100011110111	235
01100011111000	123
01100011111001	276
01100011111010	88
01100011111011	172
01100011111100	72
01100011111101	172
01100011111110	94
01100011111111	216
01100100000000	217
01100100000001	281
01100100000010	191
01100100000011	200
01100100000100	176
01100100000101	250
01100100000110	172
01100100000111	153
01100100001000	215
01100100001001	325
01100100001010	208
01100100001011	162
01100100001100	202
01100100001101	216
01100100001110	147
01100100001111	114
01100100010000	97
01100100010001	208
01100100010010	83
01100100010011	162
01100100010100	108
01100100010101	185
01100100010110	94
01100100010111	224
01100100011000	150
01100100011001	262
01100100011010	139
01100100011011	191
01100100011100	139
01100100011101	199
01100100011110	84
01100100011111	180
01100100100000	245
01100100100001	292
01100100100010	154
01100100100011	208
01100100100100	214
01100100100101	289
01100100100110	178
01100100100111	210
01100100101000	235
01100100101001	293
01100100101010	216
01100100101011	231
01100100101100	236
01100100101101	317
01100100101110	195
01100100101111	255
01100100110000	159
01100100110001	252
01100100110010	94
01100100110011	154
01100100110100	128
01100100110101	296
01100100110110	105
01100100110111	170
01100100111000	183
01100100111001	288
01100100111010	101
01100100111011	208
01100100111100	210
01100100111101	340
01100100111110	105
01100100111111	210
01100101000000	99
01100101000001	150
01100101000010	91
01100101000011	117
01100101000100	94
01100101000101	200
01100101000110	70
01100101000111	167
01100101001000	79
01100101001001	161
01100101001010	128
01100101001011	102
01100101001100	66
01100101001101	171
01100101001110	67
01100101001111	68
01100101010000	49
01100101010001	92
01100101010010	56
01100101010011	156
01100101010100	63
01100101010101	130
01100101010110	55
01100101010111	133
01100101011000	62
01100101011001	195
01100101011010	87
01100101011011	199
01100101011100	86
01100101011101	114
01100101011110	59
01100101011111	128
01100101100000	96
01100101100001	247
01100101100010	78
01100101100011	219
01100101100100	104
01100101100101	329
01100101100110	97
01100101100111	179
01100101101000	145
01100101101001	269
01100101101010	115
01100101101011	207
01100101101100	140
01100101101101	154
01100101101110	117
01100101101111	211
01100101110000	69
01100101110001	245
01100101110010	62
01100101110011	191
01100101110100	105
01100101110101	240
01100101110110	48
01100101110111	180
01100101111000	88
01100101111001	253
01100101111010	94
01100101111011	180
01100101111100	82
01100101111101	200
01100101111110	62
01100101111111	132
01100110000000	230
01100110000001	276
01100110000010	189
01100110000011	191
01100110000100	211
01100110000101	392
01100110000110	148
01100110000111	265
01100110001000	274
01100110001001	331
01100110001010	162
01100110001011	235
01100110001100	227
01100110001101	418
01100110001110	144
01100110001111	216
01100110010000	126
01100110010001	287
01100110010010	99
01100110010011	234
01100110010100	132
01100110010101	251
01100110010110	72
01100110010111	173
01100110011000	156
01100110011001	250
01100110011010	89
01100110011011	211
01100110011100	189
01100110011101	335
01100110011110	134
01100110011111	189
01100110100000	206
01100110100001	303
01100110100010	167
01100110100011	231
01100110100100	286
01100110100101	420
01100110100110	227
01100110100111	295
01100110101000	314
01100110101001	377
01100110101010	199
01100110101011	210
01100110101100	284
01100110101101	347
01100110101110	172
01100110101111	233
01100110110000	109
01100110110001	306
01100110110010	94
01100110110011	157
01100110110100	177
01100110110101	302
01100110110110	113
01100110110111	203
01100110111000	201
01100110111001	310
01100110111010	138
01100110111011	178
01100110111100	234
01100110111101	338
01100110111110	190
01100110111111	294
01100111000000	97
01100111000001	225
01100111000010	146
01100111000011	231
01100111000100	139
01100111000101	286
01100111000110	126
01100111000111	198
01100111001000	136
01100111001001	171
01100111001010	132
01100111001011	205
01100111001100	135
01100111001101	160
01100111001110	85
01100111001111	194
01100111010000	61
01100111010001	203
01100111010010	91
01100111010011	201
01100111010100	60
01100111010101	206
01100111010110	97
01100111010111	251
01100111011000	118
01100111011001	204
01100111011010	107
01100111011011	236
01100111011100	91
01100111011101	246
01100111011110	86
01100111011111	215
01100111100000	189
01100111100001	257
01100111100010	114
01100111100011	217
01100111100100	178
01100111100101	236
01100111100110	164
01100111100111	263
01100111101000	212
01100111101001	205
01100111101010	161
01100111101011	169
01100111101100	193
01100111101101	341
01100111101110	163
01100111101111	211
01100111110000	104
01100111110001	167
01100111110010	74
01100111110011	185
01100111110100	78
01100111110101	232
01100111110110	83
01100111110111	184
01100111111000	134
01100111111001	309
01100111111010	144
01100111111011	310
01100111111100	172
01100111111101	215
01100111111110	125
01100111111111	210
01101000000000	267
01101000000001	584
01101000000010	251
01101000000011	377
01101000000100	259
01101000000101	484
01101000000110	224
01101000000111	377
01101000001000	386
01101000001001	443
01101000001010	344
01101000001011	403
01101000001100	375
01101000001101	415
01101000001110	248
01101000001111	362
01101000010000	157
01101000010001	287
01101000010010	100
01101000010011	269
01101000010100	182
01101000010101	307
01101000010110	140
01101000010111	377
01101000011000	252
01101000011001	395
01101000011010	214
01101000011011	322
01101000011100	188
01101000011101	388
01101000011110	189
01101000011111	395
01101000100000	460
01101000100001	556
01101000100010	230
01101000100011	373
01101000100100	452
01101000100101	550
01101000100110	281
01101000100111	348
01101000101000	501
01101000101001	549
01101000101010	375
01101000101011	451
01101000101100	471
01101000101101	538
01101000101110	379
01101000101111	409
01101000110000	178
01101000110001	440
01101000110010	134
01101000110011	290
01101000110100	220
01101000110101	487
01101000110110	130
01101000110111	346
01101000111000	281
01101000111001	480
01101000111010	251
01101000111011	383
01101000111100	297
01101000111101	439
01101000111110	187
01101000111111	317
01101001000000	134
01101001000001	327
01101001000010	154
01101001000011	275
01101001000100	168
01101001000101	222
01101001000110	148
01101001000111	290
01101001001000	200
01101001001001	326
01101001001010	166
01101001001011	341
01101001001100	176
01101001001101	257
01101001001110	195
01101001001111	203
01101001010000	80
01101001010001	223
01101001010010	75
01101001010011	231
01101001010100	101
01101001010101	272
01101001010110	121
01101001010111	238
01101001011000	139
01101001011001	413
01101001011010	118
01101001011011	294
01101001011100	111
01101001011101	254
01101001011110	105
01101001011111	376
01101001100000	207
01101001100001	370
01101001100010	149
01101001100011	245
01101001100100	208
01101001100101	409
01101001100110	202
01101001100111	351
01101001101000	255
01101001101001	500
01101001101010	181
01101001101011	332
01101001101100	301
01101001101101	436
01101001101110	150
01101001101111	199
01101001110000	117
01101001110001	289
01101001110010	104
01101001110011	195
01101001110100	115
01101001110101	314
01101001110110	94
01101001110111	282
01101001111000	144
01101001111001	301
01101001111010	133
01101001111011	293
01101001111100	160
01101001111101	369
01101001111110	127
01101001111111	322
01101010000000	314
01101010000001	509
01101010000010	216
01101010000011	317
01101010000100	416
01101010000101	546
01101010000110	194
01101010000111	486
01101010001000	328
01101010001001	463
01101010001010	256
01101010001011	420
01101010001100	376
01101010001101	482
01101010001110	236
01101010001111	415
01101010010000	150
01101010010001	327
01101010010010	131
01101010010011	280
01101010010100	115
01101010010101	448
01101010010110	138
01101010010111	394
01101010011000	294
01101010011001	382
01101010011010	170
01101010011011	317
01101010011100	228
01101010011101	393
01101010011110	195
01101010011111	365
01101010100000	363
01101010100001	665
01101010100010	205
01101010100011	447
01101010100100	425
01101010100101	726
01101010100110	197
01101010100111	437
01101010101000	462
01101010101001	674
01101010101010	283
01101010101011	449
01101010101100	419
01101010101101	676
01101010101110	283
01101010101111	363
01101010110000	238
01101010110001	421
01101010110010	103
01101010110011	347
01101010110100	202
01101010110101	460
01101010110110	174
01101010110111	325
01101010111000	280
01101010111001	643
01101010111010	185
01101010111011	364
01101010111100	297
01101010111101	490
01101010111110	242
01101010111111	346
01101011000000	179
01101011000001	311
01101011000010	151
01101011000011	324
01101011000100	177
01101011000101	306
01101011000110	175
01101011000111	274
01101011001000	252
01101011001001	338
01101011001010	219
01101011001011	218
01101011001100	245
01101011001101	348
01101011001110	174
01101011001111	213
01101011010000	114
01101011010001	270
01101011010010	122
01101011010011	291
01101011010100	107
01101011010101	308
01101011010110	114
01101011010111	253
01101011011000	122
01101011011001	346
01101011011010	130
01101011011011	273
01101011011100	138
01101011011101	227
01101011011110	114
01101011011111	313
01101011100000	251
01101011100001	378
01101011100010	172
01101011100011	281
01101011100100	193
01101011100101	460
01101011100110	183
01101011100111	371
01101011101000	235
01101011101001	312
01101011101010	195
01101011101011	380
01101011101100	258
01101011101101	395
01101011101110	276
01101011101111	258
01101011110000	139
01101011110001	341
01101011110010	69
01101011110011	234
01101011110100	117
01101011110101	384
01101011110110	105
01101011110111	350
01101011111000	127
01101011111001	382
01101011111010	113
01101011111011	286
01101011111100	153
01101011111101	306
01101011111110	158
01101011111111	358
01101100000000	264
01101100000001	362
01101100000010	165
01101100000011	381
01101100000100	290
01101100000101	405
01101100000110	260
01101100000111	218
01101100001000	340
01101100001001	320
01101100001010	238
01101100001011	286
01101100001100	262
01101100001101	325
01101100001110	249
01101100001111	285
01101100010000	161
01101100010001	254
01101100010010	125
01101100010011	303
01101100010100	118
01101100010101	346
01101100010110	105
01101100010111	278
01101100011000	231
01101100011001	361
01101100011010	165
01101100011011	221
01101100011100	213
01101100011101	342
01101100011110	164
01101100011111	305
01101100100000	275
01101100100001	463
01101100100010	214
01101100100011	342
01101100100100	354
01101100100101	425
01101100100110	214
01101100100111	402
01101100101000	430
01101100101001	632
01101100101010	318
01101100101011	329
01101100101100	382
01101100101101	407
01101100101110	242
01101100101111	371
01101100110000	167
01101100110001	327
01101100110010	108
01101100110011	207
01101100110100	217
01101100110101	441
01101100110110	117
01101100110111	268
01101100111000	268
01101100111001	421
01101100111010	144
01101100111011	241
01101100111100	292
01101100111101	348
01101100111110	183
01101100111111	271
01101101000000	97
01101101000001	195
01101101000010	124
01101101000011	204
01101101000100	138
01101101000101	267
01101101000110	115
01101101000111	255
01101101001000	185
01101101001001	268
01101101001010	111
01101101001011	235
01101101001100	157
01101101001101	195
01101101001110	97
01101101001111	214
01101101010000	81
01101101010001	171
01101101010010	81
01101101010011	193
01101101010100	97
01101101010101	239
01101101010110	82
01101101010111	180
01101101011000	97
01101101011001	228
01101101011010	94
01101101011011	197
01101101011100	92
01101101011101	321
01101101011110	82
01101101011111	221
01101101100000	154
01101101100001	357
01101101100010	142
01101101100011	207
01101101100100	147
01101101100101	403
01101101100110	168
01101101100111	280
01101101101000	238
01101101101001	282
01101101101010	163
01101101101011	249
01101101101100	253
01101101101101	446
01101101101110	178
01101101101111	335
01101101110000	87
01101101110001	217
01101101110010	106
01101101110011	227
01101101110100	127
01101101110101	279
01101101110110	105
01101101110111	236
01101101111000	105
01101101111001	223
01101101111010	106
01101101111011	244
01101101111100	186
01101101111101	273
01101101111110	107
01101101111111	233
01101110000000	280
01101110000001	461
01101110000010	171
01101110000011	440
01101110000100	296
01101110000101	493
01101110000110	234
01101110000111	392
01101110001000	323
01101110001001	443
01101110001010	256
01101110001011	374
01101110001100	415
01101110001101	524
01101110001110	272
01101110001111	359
01101110010000	142
01101110010001	395
01101110010010	113
01101110010011	317
01101110010100	175
01101110010101	396
01101110010110	180
01101110010111	368
01101110011000	277
01101110011001	391
01101110011010	185
01101110011011	307
01101110011100	229
01101110011101	451
01101110011110	236
01101110011111	378
01101110100000	325
01101110100001	651
01101110100010	242
01101110100011	368
01101110100100	355
01101110100101	638
01101110100110	281
01101110100111	496
01101110101000	446
01101110101001	753
01101110101010	300
01101110101011	563
01101110101100	510
01101110101101	859
01101110101110	333
01101110101111	374
01101110110000	165
01101110110001	522
01101110110010	136
01101110110011	401
01101110110100	238
01101110110101	507
01101110110110	139
01101110110111	322
01101110111000	321
01101110111001	535
01101110111010	216
01101110111011	337
01101110111100	288
01101110111101	600
01101110111110	214
01101110111111	445
01101111000000	187
01101111000001	332
01101111000010	186
01101111000011	287
01101111000100	164
01101111000101	279
01101111000110	157
01101111000111	326
01101111001000	257
01101111001001	402
01101111001010	197
01101111001011	353
01101111001100	181
01101111001101	248
01101111001110	186
01101111001111	302
01101111010000	83
01101111010001	262
01101111010010	92
01101111010011	270
01101111010100	122
01101111010101	315
01101111010110	117
01101111010111	266
01101111011000	133
01101111011001	290
01101111011010	126
01101111011011	325
01101111011100	165
01101111011101	299
01101111011110	143
01101111011111	309
01101111100000	299
01101111100001	350
01101111100010	174
01101111100011	335
01101111100100	253
01101111100101	441
01101111100110	221
01101111100111	280
01101111101000	284
01101111101001	342
01101111101010	258
01101111101011	329
01101111101100	280
01101111101101	518
01101111101110	204
01101111101111	342
01101111110000	142
01101111110001	297
01101111110010	87
01101111110011	263
01101111110100	135
01101111110101	337
01101111110110	138
01101111110111	315
01101111111000	192
01101111111001	433
01101111111010	165
01101111111011	348
01101111111100	225
01101111111101	426
01101111111110	186
01101111111111	303
01110000000000	363
01110000000001	405
01110000000010	233
01110000000011	349
01110000000100	374
01110000000101	438
01110000000110	283
01110000000111	390
01110000001000	448
01110000001001	584
01110000001010	345
01110000001011	345
01110000001100	303
01110000001101	478
01110000001110	235
01110000001111	366
01110000010000	188
01110000010001	341
01110000010010	159
01110000010011	260
01110000010100	166
01110000010101	388
01110000010110	129
01110000010111	303
01110000011000	291
01110000011001	426
01110000011010	226
01110000011011	367
01110000011100	289
01110000011101	493
01110000011110	213
01110000011111	351
01110000100000	522
01110000100001	623
01110000100010	371
01110000100011	452
01110000100100	419
01110000100101	508
01110000100110	350
01110000100111	438
01110000101000	549
01110000101001	617
01110000101010	427
01110000101011	387
01110000101100	497
01110000101101	520
01110000101110	305
01110000101111	396
01110000110000	251
01110000110001	447
01110000110010	188
01110000110011	373
01110000110100	309
01110000110101	533
01110000110110	178
01110000110111	394
01110000111000	395
01110000111001	556
01110000111010	286
01110000111011	457
01110000111100	393
01110000111101	543
01110000111110	232
01110000111111	291
01110001000000	190
01110001000001	284
01110001000010	120
01110001000011	420
01110001000100	211
01110001000101	296
01110001000110	111
01110001000111	268
01110001001000	229
01110001001001	259
01110001001010	181
01110001001011	307
01110001001100	155
01110001001101	270
01110001001110	99
01110001001111	257
01110001010000	94
01110001010001	285
01110001010010	91
01110001010011	225
01110001010100	132
01110001010101	345
01110001010110	106
01110001010111	264
01110001011000	204
01110001011001	283
01110001011010	168
01110001011011	393
01110001011100	158
01110001011101	298
01110001011110	118
01110001011111	225
01110001100000	206
01110001100001	472
01110001100010	149
01110001100011	339
01110001100100	207
01110001100101	474
01110001100110	161
01110001100111	259
01110001101000	292
01110001101001	522
01110001101010	166
01110001101011	361
01110001101100	295
01110001101101	433
01110001101110	193
01110001101111	241
01110001110000	103
01110001110001	383
01110001110010	107
01110001110011	308
01110001110100	142
01110001110101	382
01110001110110	127
01110001110111	299
01110001111000	169
01110001111001	497
01110001111010	163
01110001111011	274
01110001111100	245
01110001111101	433
01110001111110	162
01110001111111	322
01110010000000	298
01110010000001	652
01110010000010	259
01110010000011	416
01110010000100	310
01110010000101	473
01110010000110	284
01110010000111	282
01110010001000	303
01110010001001	512
01110010001010	292
01110010001011	405
01110010001100	391
01110010001101	426
01110010001110	247
01110010001111	271
01110010010000	131
01110010010001	407
01110010010010	126
01110010010011	397
01110010010100	180
01110010010101	449
01110010010110	152
01110010010111	322
01110010011000	205
01110010011001	422
01110010011010	231
01110010011011	382
01110010011100	311
01110010011101	516
01110010011110	158
01110010011111	342
01110010100000	367
01110010100001	564
01110010100010	245
01110010100011	399
01110010100100	384
01110010100101	729
01110010100110	232
01110010100111	371
01110010101000	478
01110010101001	741
01110010101010	286
01110010101011	418
01110010101100	433
01110010101101	621
01110010101110	238
01110010101111	432
01110010110000	173
01110010110001	539
01110010110010	106
01110010110011	381
01110010110100	216
01110010110101	511
01110010110110	171
01110010110111	401
01110010111000	243
01110010111001	574
01110010111010	231
01110010111011	362
01110010111100	304
01110010111101	570
01110010111110	179
01110010111111	330
01110011000000	185
01110011000001	349
01110011000010	196
01110011000011	360
01110011000100	211
01110011000101	364
01110011000110	145
01110011000111	206
01110011001000	250
01110011001001	427
01110011001010	153
01110011001011	287
01110011001100	129
01110011001101	253
01110011001110	121
01110011001111	248
01110011010000	88
01110011010001	213
01110011010010	101
01110011010011	288
01110011010100	78
01110011010101	313
01110011010110	113
01110011010111	286
01110011011000	147
01110011011001	331
01110011011010	153
01110011011011	327
01110011011100	126
01110011011101	252
01110011011110	124
01110011011111	249
01110011100000	208
01110011100001	427
01110011100010	185
01110011100011	333
01110011100100	220
01110011100101	387
01110011100110	216
01110011100111	281
01110011101000	267
01110011101001	389
01110011101010	265
01110011101011	322
01110011101100	308
01110011101101	348
01110011101110	171
01110011101111	253
01110011110000	155
01110011110001	369
01110011110010	92
01110011110011	344
01110011110100	147
01110011110101	372
01110011110110	121
01110011110111	284
01110011111000	216
01110011111001	408
01110011111010	139
01110011111011	371
01110011111100	199
01110011111101	313
01110011111110	195
01110011111111	282
01110100000000	324
01110100000001	374
01110100000010	260
01110100000011	320
01110100000100	269
01110100000101	458
01110100000110	175
01110100000111	323
01110100001000	378
01110100001001	327
01110100001010	256
01110100001011	281
01110100001100	278
01110100001101	411
01110100001110	256
01110100001111	204
01110100010000	131
01110100010001	345
01110100010010	144
01110100010011	206
01110100010100	141
01110100010101	387
01110100010110	111
01110100010111	312
01110100011000	297
01110100011001	379
01110100011010	256
01110100011011	308
01110100011100	182
01110100011101	294
01110100011110	187
01110100011111	252
01110100100000	373
01110100100001	569
01110100100010	209
01110100100011	400
01110100100100	441
01110100100101	658
01110100100110	263
01110100100111	355
01110100101000	471
01110100101001	651
01110100101010	282
01110100101011	293
01110100101100	431
01110100101101	526
01110100101110	257
01110100101111	284
01110100110000	204
01110100110001	344
01110100110010	150
01110100110011	208
01110100110100	169
01110100110101	408
01110100110110	99
01110100110111	294
01110100111000	272
01110100111001	504
01110100111010	220
01110100111011	349
01110100111100	391
01110100111101	452
01110100111110	207
01110100111111	411
01110101000000	113
01110101000001	331
01110101000010	122
01110101000011	237
01110101000100	153
01110101000101	249
01110101000110	74
01110101000111	181
01110101001000	190
01110101001001	321
01110101001010	114
01110101001011	203
01110101001100	138
01110101001101	344
01110101001110	81
01110101001111	237
01110101010000	90
01110101010001	215
01110101010010	66
01110101010011	284
01110101010100	88
01110101010101	352
01110101010110	53
01110101010111	226
01110101011000	123
01110101011001	276
01110101011010	121
01110101011011	290
01110101011100	119
01110101011101	343
01110101011110	126
01110101011111	215
01110101100000	183
01110101100001	440
01110101100010	126
01110101100011	435
01110101100100	183
01110101100101	473
01110101100110	110
01110101100111	281
01110101101000	249
01110101101001	404
01110101101010	139
01110101101011	283
01110101101100	263
01110101101101	530
01110101101110	136
01110101101111	229
01110101110000	103
01110101110001	296
01110101110010	82
01110101110011	352
01110101110100	163
01110101110101	386
01110101110110	94
01110101110111	262
01110101111000	118
01110101111001	437
01110101111010	154
01110101111011	275
01110101111100	175
01110101111101	482
01110101111110	159
01110101111111	280
01110110000000	348
01110110000001	569
01110110000010	281
01110110000011	345
01110110000100	410
01110110000101	761
01110110000110	207
01110110000111	445
01110110001000	433
01110110001001	593
01110110001010	186
01110110001011	467
01110110001100	395
01110110001101	462
01110110001110	256
01110110001111	347
01110110010000	165
01110110010001	455
01110110010010	122
01110110010011	368
01110110010100	216
01110110010101	471
01110110010110	116
01110110010111	458
01110110011000	257
01110110011001	406
01110110011010	245
01110110011011	390
01110110011100	337
01110110011101	552
01110110011110	181
01110110011111	439
01110110100000	463
01110110100001	760
01110110100010	306
01110110100011	427
01110110100100	445
01110110100101	647
01110110100110	310
01110110100111	530
01110110101000	485
01110110101001	792
01110110101010	356
01110110101011	404
01110110101100	675
01110110101101	887
01110110101110	329
01110110101111	481
01110110110000	265
01110110110001	548
01110110110010	162
01110110110011	340
01110110110100	262
01110110110101	722
01110110110110	166
01110110110111	301
01110110111000	417
01110110111001	650
01110110111010	212
01110110111011	442
01110110111100	343
01110110111101	638
01110110111110	218
01110110111111	475
01110111000000	241
01110111000001	337
01110111000010	183
01110111000011	342
01110111000100	214
01110111000101	440
01110111000110	149
01110111000111	321
01110111001000	239
01110111001001	362
01110111001010	220
01110111001011	269
01110111001100	221
01110111001101	291
01110111001110	195
01110111001111	286
01110111010000	149
01110111010001	267
01110111010010	144
01110111010011	253
01110111010100	122
01110111010101	343
01110111010110	152
01110111010111	320
01110111011000	160
01110111011001	325
01110111011010	140
01110111011011	258
01110111011100	212
01110111011101	311
01110111011110	161
01110111011111	334
01110111100000	280
01110111100001	516
01110111100010	241
01110111100011	330
01110111100100	264
01110111100101	506
01110111100110	245
01110111100111	349
01110111101000	348
01110111101001	487
01110111101010	272
01110111101011	428
01110111101100	310
01110111101101	447
01110111101110	217
01110111101111	352
01110111110000	152
01110111110001	361
01110111110010	92
01110111110011	347
01110111110100	161
01110111110101	364
01110111110110	185
01110111110111	336
01110111111000	252
01110111111001	498
01110111111010	171
01110111111011	367
01110111111100	232
01110111111101	391
01110111111110	191
01110111111111	372
01111000000000	241
01111000000001	347
01111000000010	218
01111000000011	372
01111000000100	227
01111000000101	392
01111000000110	162
01111000000111	289
01111000001000	310
01111000001001	378
01111000001010	288
01111000001011	319
01111000001100	306
01111000001101	412
01111000001110	226
01111000001111	218
01111000010000	134
01111000010001	315
01111000010010	118
01111000010011	261
01111000010100	127
01111000010101	457
01111000010110	149
01111000010111	255
01111000011000	203
01111000011001	380
01111000011010	219
01111000011011	292
01111000011100	171
01111000011101	352
01111000011110	125
01111000011111	348
01111000100000	331
01111000100001	419
01111000100010	173
01111000100011	401
01111000100100	298
01111000100101	544
01111000100110	218
01111000100111	318
01111000101000	427
01111000101001	544
01111000101010	237
01111000101011	327
01111000101100	362
01111000101101	468
01111000101110	288
01111000101111	284
01111000110000	165
01111000110001	298
01111000110010	118
01111000110011	216
01111000110100	208
01111000110101	456
01111000110110	120
01111000110111	259
01111000111000	324
01111000111001	438
01111000111010	192
01111000111011	367
01111000111100	271
01111000111101	389
01111000111110	148
01111000111111	295
01111001000000	179
01111001000001	257
01111001000010	93
01111001000011	273
01111001000100	134
01111001000101	269
01111001000110	121
01111001000111	195
01111001001000	139
01111001001001	409
01111001001010	139
01111001001011	180
01111001001100	164
01111001001101	292
01111001001110	127
01111001001111	155
01111001010000	75
01111001010001	187
01111001010010	82
01111001010011	200
01111001010100	63
01111001010101	261
01111001010110	73
01111001010111	189
01111001011000	136
01111001011001	206
01111001011010	110
01111001011011	184
01111001011100	125
01111001011101	247
01111001011110	128
01111001011111	188
01111001100000	207
01111001100001	398
01111001100010	130
01111001100011	246
01111001100100	260
01111001100101	355
01111001100110	98
01111001100111	303
01111001101000	244
01111001101001	293
01111001101010	200
01111001101011	256
01111001101100	170
01111001101101	241
01111001101110	161
01111001101111	239
01111001110000	129
01111001110001	202
01111001110010	70
01111001110011	172
01111001110100	104
01111001110101	335
01111001110110	89
01111001110111	262
01111001111000	176
01111001111001	276
01111001111010	130
01111001111011	245
01111001111100	165
01111001111101	287
01111001111110	95
01111001111111	232
01111010000000	225
01111010000001	350
01111010000010	151
01111010000011	289
01111010000100	219
01111010000101	460
01111010000110	176
01111010000111	206
01111010001000	299
01111010001001	557
01111010001010	203
01111010001011	251
01111010001100	262
01111010001101	389
01111010001110	252
01111010001111	274
01111010010000	125
01111010010001	357
01111010010010	100
01111010010011	260
01111010010100	130
01111010010101	341
01111010010110	98
01111010010111	347
01111010011000	189
01111010011001	349
01111010011010	151
01111010011011	236
01111010011100	173
01111010011101	344
01111010011110	173
01111010011111	251
01111010100000	321
01111010100001	417
01111010100010	246
01111010100011	304
01111010100100	307
01111010100101	498
01111010100110	199
01111010100111	288
01111010101000	331
01111010101001	485
01111010101010	245
01111010101011	405
01111010101100	305
01111010101101	572
01111010101110	213
01111010101111	302
01111010110000	122
01111010110001	397
01111010110010	115
01111010110011	225
01111010110100	212
01111010110101	460
01111010110110	96
01111010110111	291
01111010111000	230
01111010111001	465
01111010111010	162
01111010111011	319
01111010111100	274
01111010111101	443
01111010111110	154
01111010111111	333
01111011000000	185
01111011000001	254
01111011000010	140
01111011000011	218
01111011000100	139
01111011000101	246
01111011000110	111
01111011000111	217
01111011001000	210
01111011001001	242
01111011001010	156
01111011001011	251
01111011001100	148
01111011001101	225
01111011001110	133
01111011001111	262
01111011010000	89
01111011010001	195
01111011010010	90
01111011010011	188
01111011010100	89
01111011010101	179
01111011010110	73
01111011010111	204
01111011011000	96
01111011011001	260
01111011011010	70
01111011011011	301
01111011011100	125
01111011011101	174
01111011011110	121
01111011011111	245
01111011100000	203
01111011100001	304
01111011100010	150
01111011100011	275
01111011100100	129
01111011100101	370
01111011100110	124
01111011100111	272
01111011101000	188
01111011101001	363
01111011101010	226
01111011101011	248
01111011101100	270
01111011101101	322
01111011101110	124
01111011101111	278
01111011110000	104
01111011110001	250
01111011110010	92
01111011110011	261
01111011110100	119
01111011110101	253
01111011110110	109
01111011110111	206
01111011111000	145
01111011111001	289
01111011111010	105
01111011111011	240
01111011111100	150
01111011111101	310
01111011111110	88
01111011111111	198
01111100000000	207
01111100000001	358
01111100000010	119
01111100000011	141
01111100000100	180
01111100000101	314
01111100000110	157
01111100000111	305
01111100001000	237
01111100001001	281
01111100001010	180
01111100001011	190
01111100001100	223
01111100001101	282
01111100001110	196
01111100001111	211
01111100010000	83
01111100010001	294
01111100010010	96
01111100010011	280
01111100010100	145
01111100010101	271
01111100010110	96
01111100010111	344
01111100011000	125
01111100011001	316
01111100011010	149
01111100011011	227
01111100011100	188
01111100011101	290
01111100011110	111
01111100011111	242
01111100100000	351
01111100100001	450
01111100100010	213
01111100100011	362
01111100100100	325
01111100100101	453
01111100100110	162
01111100100111	257
01111100101000	374
01111100101001	411
01111100101010	293
01111100101011	291
01111100101100	332
01111100101101	446
01111100101110	195
01111100101111	309
01111100110000	149
01111100110001	317
01111100110010	113
01111100110011	319
01111100110100	152
01111100110101	333
01111100110110	159
01111100110111	231
01111100111000	286
01111100111001	447
01111100111010	170
01111100111011	275
01111100111100	224
01111100111101	421
01111100111110	152
01111100111111	302
01111101000000	108
01111101000001	223
01111101000010	111
01111101000011	203
01111101000100	123
01111101000101	189
01111101000110	91
01111101000111	192
01111101001000	169
01111101001001	241
01111101001010	119
01111101001011	227
01111101001100	78
01111101001101	227
01111101001110	79
01111101001111	147
01111101010000	59
01111101010001	193
01111101010010	82
01111101010011	143
01111101010100	56
01111101010101	197
01111101010110	48
01111101010111	175
01111101011000	85
01111101011001	315
01111101011010	106
01111101011011	247
01111101011100	85
01111101011101	257
01111101011110	58
01111101011111	189
01111101100000	115
01111101100001	298
01111101100010	114
01111101100011	185
01111101100100	158
01111101100101	333
01111101100110	88
01111101100111	200
01111101101000	185
01111101101001	274
01111101101010	117
01111101101011	237
01111101101100	163
01111101101101	328
01111101101110	132
01111101101111	199
01111101110000	65
01111101110001	241
01111101110010	78
01111101110011	251
01111101110100	56
01111101110101	226
01111101110110	70
01111101110111	209
01111101111000	153
01111101111001	223
01111101111010	126
01111101111011	249
01111101111100	136
01111101111101	215
01111101111110	93
01111101111111	262
01111110000000	253
01111110000001	499
01111110000010	181
01111110000011	343
01111110000100	402
01111110000101	323
01111110000110	180
01111110000111	281
01111110001000	350
01111110001001	388
01111110001010	237
01111110001011	311
01111110001100	298
01111110001101	342
01111110001110	209
01111110001111	324
01111110010000	113
01111110010001	324
01111110010010	105
01111110010011	212
01111110010100	143
01111110010101	282
01111110010110	97
01111110010111	289
01111110011000	184
01111110011001	386
01111110011010	171
01111110011011	309
01111110011100	190
01111110011101	303
01111110011110	164
01111110011111	240
01111110100000	317
01111110100001	551
01111110100010	233
01111110100011	381
01111110100100	341
01111110100101	639
01111110100110	260
01111110100111	341
01111110101000	419
01111110101001	661
01111110101010	198
01111110101011	390
01111110101100	409
01111110101101	523
01111110101110	304
01111110101111	271
01111110110000	164
01111110110001	432
01111110110010	123
01111110110011	300
01111110110100	201
01111110110101	408
01111110110110	167
01111110110111	291
01111110111000	344
01111110111001	488
01111110111010	161
01111110111011	347
01111110111100	300
01111110111101	393
01111110111110	167
01111110111111	350
01111111000000	137
01111111000001	308
01111111000010	120
01111111000011	249
01111111000100	157
01111111000101	332
01111111000110	143
01111111000111	255
01111111001000	222
01111111001001	287
01111111001010	145
01111111001011	248
01111111001100	177
01111111001101	217
01111111001110	158
01111111001111	223
01111111010000	79
01111111010001	269
01111111010010	79
01111111010011	235
01111111010100	98
01111111010101	172
01111111010110	96
01111111010111	249
01111111011000	161
01111111011001	266
01111111011010	142
01111111011011	330
01111111011100	139
01111111011101	259
01111111011110	117
01111111011111	183
01111111100000	197
01111111100001	359
01111111100010	165
01111111100011	340
01111111100100	256
01111111100101	412
01111111100110	181
01111111100111	307
01111111101000	253
01111111101001	409
01111111101010	217
01111111101011	263
01111111101100	219
01111111101101	299
01111111101110	151
01111111101111	250
01111111110000	125
01111111110001	221
01111111110010	97
01111111110011	293
01111111110100	112
01111111110101	248
01111111110110	87
01111111110111	279
01111111111000	143
01111111111001	360
01111111111010	153
01111111111011	297
01111111111100	176
01111111111101	309
01111111111110	160
01111111111111	256
10000000000000	248
10000000000001	387
10000000000010	171
10000000000011	284
10000000000100	234
10000000000101	370
10000000000110	185
10000000000111	207
10000000001000	254
10000000001001	307
10000000001010	222
10000000001011	264
10000000001100	292
10000000001101	379
10000000001110	145
10000000001111	271
10000000010000	163
10000000010001	209
10000000010010	57
10000000010011	210
10000000010100	107
10000000010101	176
10000000010110	107
10000000010111	248
10000000011000	169
10000000011001	295
10000000011010	154
10000000011011	225
10000000011100	202
10000000011101	292
10000000011110	92
10000000011111	162
10000000100000	290
10000000100001	326
10000000100010	159
10000000100011	270
10000000100100	335
10000000100101	338
10000000100110	176
10000000100111	280
10000000101000	286
10000000101001	385
10000000101010	198
10000000101011	259
10000000101100	300
10000000101101	296
10000000101110	163
10000000101111	207
10000000110000	145
10000000110001	256
10000000110010	87
10000000110011	198
10000000110100	168
10000000110101	338
10000000110110	97
10000000110111	242
10000000111000	284
10000000111001	353
10000000111010	170
10000000111011	222
10000000111100	204
10000000111101	337
10000000111110	124
10000000111111	184
10000001000000	151
10000001000001	265
10000001000010	87
10000001000011	260
10000001000100	133
10000001000101	217
10000001000110	121
10000001000111	214
10000001001000	129
10000001001001	319
10000001001010	86
10000001001011	189
10000001001100	115
10000001001101	175
10000001001110	83
10000001001111	168
10000001010000	32
10000001010001	260
10000001010010	51
10000001010011	139
10000001010100	51
10000001010101	187
10000001010110	82
10000001010111	190
10000001011000	91
10000001011001	212
10000001011010	49
10000001011011	149
10000001011100	98
10000001011101	154
10000001011110	53
10000001011111	119
10000001100000	104
10000001100001	296
10000001100010	97
10000001100011	217
10000001100100	125
10000001100101	261
10000001100110	94
10000001100111	185
10000001101000	199
10000001101001	290
10000001101010	86
10000001101011	200
10000001101100	146
10000001101101	314
10000001101110	133
10000001101111	154
10000001110000	65
10000001110001	180
10000001110010	53
10000001110011	161
10000001110100	96
10000001110101	242
10000001110110	71
10000001110111	147
10000001111000	107
10000001111001	230
10000001111010	83
10000001111011	167
10000001111100	119
10000001111101	221
10000001111110	66
10000001111111	193
10000010000000	140
10000010000001	283
10000010000010	115
10000010000011	171
10000010000100	157
10000010000101	204
10000010000110	129
10000010000111	167
10000010001000	202
10000010001001	350
10000010001010	190
10000010001011	175
10000010001100	177
10000010001101	281
10000010001110	144
10000010001111	247
10000010010000	108
10000010010001	220
10000010010010	40
10000010010011	118
10000010010100	88
10000010010101	221
10000010010110	72
10000010010111	147
10000010011000	114
10000010011001	218
10000010011010	99
10000010011011	152
10000010011100	117
10000010011101	231
10000010011110	102
10000010011111	141
10000010100000	230
10000010100001	289
10000010100010	85
10000010100011	239
10000010100100	190
10000010100101	317
10000010100110	132
10000010100111	163
10000010101000	233
10000010101001	323
10000010101010	161
10000010101011	180
10000010101100	214
10000010101101	315
10000010101110	143
10000010101111	176
10000010110000	103
10000010110001	236
10000010110010	84
10000010110011	143
10000010110100	131
10000010110101	194
10000010110110	71
10000010110111	115
10000010111000	104
10000010111001	291
10000010111010	76
10000010111011	214
10000010111100	143
10000010111101	182
10000010111110	70
10000010111111	137
10000011000000	81
10000011000001	213
10000011000010	81
10000011000011	115
10000011000100	101
10000011000101	202
10000011000110	59
10000011000111	207
10000011001000	77
10000011001001	163
10000011001010	90
10000011001011	98
10000011001100	107
10000011001101	208
10000011001110	68
10000011001111	127
10000011010000	52
10000011010001	137
10000011010010	44
10000011010011	76
10000011010100	42
10000011010101	109
10000011010110	27
10000011010111	157
10000011011000	80
10000011011001	120
10000011011010	34
10000011011011	159
10000011011100	50
10000011011101	125
10000011011110	44
10000011011111	102
10000011100000	108
10000011100001	203
10000011100010	84
10000011100011	130
10000011100100	129
10000011100101	183
10000011100110	96
10000011100111	117
10000011101000	136
10000011101001	220
10000011101010	94
10000011101011	185
10000011101100	81
10000011101101	181
10000011101110	79
10000011101111	150
10000011110000	29
10000011110001	154
10000011110010	42
10000011110011	88
10000011110100	49
10000011110101	142
10000011110110	46
10000011110111	130
10000011111000	75
10000011111001	204
10000011111010	58
10000011111011	127
10000011111100	89
10000011111101	148
10000011111110	49
10000011111111	105
10000100000000	197
10000100000001	314
10000100000010	152
10000100000011	234
10000100000100	151
10000100000101	224
10000100000110	145
10000100000111	190
10000100001000	193
10000100001001	303
10000100001010	144
10000100001011	184
10000100001100	153
10000100001101	241
10000100001110	133
10000100001111	205
10000100010000	117
10000100010001	206
10000100010010	75
10000100010011	182
10000100010100	102
10000100010101	234
10000100010110	59
10000100010111	126
10000100011000	139
10000100011001	276
10000100011010	116
10000100011011	175
10000100011100	126
10000100011101	272
10000100011110	120
10000100011111	162
10000100100000	218
10000100100001	287
10000100100010	147
10000100100011	221
10000100100100	220
10000100100101	320
10000100100110	158
10000100100111	249
10000100101000	319
10000100101001	306
10000100101010	147
10000100101011	132
10000100101100	264
10000100101101	342
10000100101110	139
10000100101111	149
10000100110000	96
10000100110001	237
10000100110010	72
10000100110011	139
10000100110100	110
10000100110101	348
10000100110110	105
10000100110111	166
10000100111000	164
10000100111001	306
10000100111010	120
10000100111011	250
10000100111100	215
10000100111101	260
10000100111110	115
10000100111111	182
10000101000000	68
10000101000001	127
10000101000010	78
10000101000011	145
10000101000100	75
10000101000101	187
10000101000110	69
10000101000111	179
10000101001000	112
10000101001001	211
10000101001010	60
10000101001011	102
10000101001100	35
10000101001101	185
10000101001110	86
10000101001111	105
10000101010000	67
10000101010001	215
10000101010010	29
10000101010011	156
10000101010100	74
10000101010101	161
10000101010110	36
10000101010111	121
10000101011000	80
10000101011001	206
10000101011010	68
10000101011011	153
10000101011100	69
10000101011101	121
10000101011110	34
10000101011111	151
10000101100000	59
10000101100001	196
10000101100010	84
10000101100011	209
10000101100100	125
10000101100101	260
10000101100110	95
10000101100111	148
10000101101000	127
10000101101001	241
10000101101010	62
10000101101011	117
10000101101100	126
10000101101101	232
10000101101110	71
10000101101111	148
10000101110000	65
10000101110001	156
10000101110010	29
10000101110011	124
10000101110100	52
10000101110101	171
10000101110110	65
10000101110111	96
10000101111000	68
10000101111001	232
10000101111010	58
10000101111011	153
10000101111100	80
10000101111101	143
10000101111110	86
10000101111111	135
10000110000000	155
10000110000001	281
10000110000010	120
10000110000011	230
10000110000100	165
10000110000101	251
10000110000110	128
10000110000111	210
10000110001000	275
10000110001001	298
10000110001010	136
10000110001011	147
10000110001100	207
10000110001101	345
10000110001110	147
10000110001111	192
10000110010000	103
10000110010001	171
10000110010010	74
10000110010011	170
10000110010100	103
10000110010101	293
10000110010110	62
10000110010111	193
10000110011000	148
10000110011001	195
10000110011010	97
10000110011011	267
10000110011100	178
10000110011101	242
10000110011110	95
10000110011111	147
10000110100000	237
10000110100001	343
10000110100010	129
10000110100011	261
10000110100100	246
10000110100101	298
10000110100110	117
10000110100111	231
10000110101000	266
10000110101001	481
10000110101010	145
10000110101011	208
10000110101100	233
10000110101101	387
10000110101110	137
10000110101111	188
10000110110000	110
10000110110001	270
10000110110010	65
10000110110011	219
10000110110100	110
10000110110101	294
10000110110110	78
10000110110111	184
10000110111000	201
10000110111001	234
10000110111010	85
10000110111011	234
10000110111100	221
10000110111101	318
10000110111110	101
10000110111111	163
10000111000000	77
10000111000001	161
10000111000010	68
10000111000011	158
10000111000100	86
10000111000101	188
10000111000110	57
10000111000111	174
10000111001000	151
10000111001001	175
10000111001010	94
10000111001011	186
10000111001100	136
10000111001101	158
10000111001110	78
10000111001111	135
10000111010000	40
10000111010001	129
10000111010010	55
10000111010011	92
10000111010100	46
10000111010101	157
10000111010110	68
10000111010111	156
10000111011000	59
10000111011001	131
10000111011010	53
10000111011011	155
10000111011100	68
10000111011101	120
10000111011110	67
10000111011111	145
10000111100000	100
10000111100001	235
10000111100010	80
10000111100011	182
10000111100100	122
10000111100101	216
10000111100110	84
10000111100111	122
10000111101000	141
10000111101001	178
10000111101010	131
10000111101011	166
10000111101100	125
10000111101101	180
10000111101110	101
10000111101111	169
10000111110000	50
10000111110001	175
10000111110010	41
10000111110011	127
10000111110100	66
10000111110101	218
10000111110110	61
10000111110111	121
10000111111000	58
10000111111001	165
10000111111010	59
10000111111011	145
10000111111100	77
10000111111101	175
10000111111110	75
10000111111111	161
10001000000000	270
10001000000001	464
10001000000010	164
10001000000011	287
10001000000100	248
10001000000101	483
10001000000110	233
10001000000111	290
10001000001000	423
10001000001001	437
10001000001010	287
10001000001011	347
10001000001100	322
10001000001101	441
10001000001110	311
10001000001111	263
10001000010000	113
10001000010001	293
10001000010010	106
10001000010011	304
10001000010100	150
10001000010101	449
10001000010110	119
10001000010111	299
10001000011000	293
10001000011001	399
10001000011010	183
10001000011011	349
10001000011100	236
10001000011101	415
10001000011110	147
10001000011111	262
10001000100000	392
10001000100001	572
10001000100010	297
10001000100011	344
10001000100100	344
10001000100101	591
10001000100110	268
10001000100111	339
10001000101000	494
10001000101001	616
10001000101010	384
10001000101011	374
10001000101100	507
10001000101101	539
10001000101110	288
10001000101111	370
10001000110000	192
10001000110001	399
10001000110010	117
10001000110011	309
10001000110100	226
10001000110101	386
10001000110110	155
10001000110111	303
10001000111000	301
10001000111001	589
10001000111010	194
10001000111011	419
10001000111100	328
10001000111101	485
10001000111110	202
10001000111111	254
10001001000000	135
10001001000001	275
10001001000010	129
10001001000011	282
10001001000100	180
10001001000101	361
10001001000110	149
10001001000111	233
10001001001000	181
10001001001001	335
10001001001010	182
10001001001011	196
10001001001100	171
10001001001101	312
10001001001110	130
10001001001111	188
10001001010000	70
10001001010001	223
10001001010010	66
10001001010011	286
10001001010100	97
10001001010101	292
10001001010110	60
10001001010111	216
10001001011000	94
10001001011001	282
10001001011010	136
10001001011011	261
10001001011100	87
10001001011101	282
10001001011110	114
10001001011111	265
10001001100000	183
10001001100001	445
10001001100010	141
10001001100011	247
10001001100100	181
10001001100101	312
10001001100110	120
10001001100111	303
10001001101000	200
10001001101001	387
10001001101010	148
10001001101011	241
10001001101100	243
10001001101101	416
10001001101110	143
10001001101111	251
10001001110000	98
10001001110001	250
10001001110010	85
10001001110011	219
10001001110100	117
10001001110101	241
10001001110110	96
10001001110111	261
10001001111000	168
10001001111001	244
10001001111010	125
10001001111011	245
10001001111100	148
10001001111101	276
10001001111110	113
10001001111111	245
10001010000000	290
10001010000001	389
10001010000010	240
10001010000011	326
10001010000100	338
10001010000101	407
10001010000110	206
10001010000111	356
10001010001000	319
10001010001001	359
10001010001010	219
10001010001011	341
10001010001100	267
10001010001101	384
10001010001110	254
10001010001111	311
10001010010000	159
10001010010001	263
10001010010010	97
10001010010011	241
10001010010100	176
10001010010101	370
10001010010110	106
10001010010111	202
10001010011000	250
10001010011001	466
10001010011010	139
10001010011011	265
10001010011100	178
10001010011101	329
10001010011110	189
10001010011111	230
10001010100000	311
10001010100001	460
10001010100010	162
10001010100011	265
10001010100100	306
10001010100101	459
10001010100110	199
10001010100111	303
10001010101000	522
10001010101001	502
10001010101010	243
10001010101011	291
10001010101100	437
10001010101101	410
10001010101110	226
10001010101111	260
10001010110000	168
10001010110001	424
10001010110010	87
10001010110011	205
10001010110100	209
10001010110101	467
10001010110110	122
10001010110111	248
10001010111000	246
10001010111001	381
10001010111010	137
10001010111011	264
10001010111100	257
10001010111101	341
10001010111110	109
10001010111111	214
10001011000000	123
10001011000001	309
10001011000010	92
10001011000011	180
10001011000100	129
10001011000101	230
10001011000110	121
10001011000111	283
10001011001000	144
10001011001001	250
10001011001010	162
10001011001011	257
10001011001100	145
10001011001101	186
10001011001110	175
10001011001111	200
10001011010000	68
10001011010001	141
10001011010010	64
10001011010011	136
10001011010100	52
10001011010101	199
10001011010110	44
10001011010111	232
10001011011000	101
10001011011001	235
10001011011010	138
10001011011011	267
10001011011100	81
10001011011101	243
10001011011110	87
10001011011111	178
10001011100000	168
10001011100001	262
10001011100010	136
10001011100011	165
10001011100100	189
10001011100101	307
10001011100110	126
10001011100111	281
10001011101000	186
10001011101001	342
10001011101010	117
10001011101011	245
10001011101100	236
10001011101101	254
10001011101110	146
10001011101111	255
10001011110000	54
10001011110001	249
10001011110010	55
10001011110011	155
10001011110100	100
10001011110101	313
10001011110110	67
10001011110111	277
10001011111000	115
10001011111001	307
10001011111010	100
10001011111011	230
10001011111100	103
10001011111101	272
10001011111110	130
10001011111111	190
10001100000000	223
10001100000001	332
10001100000010	174
10001100000011	295
10001100000100	244
10001100000101	260
10001100000110	170
10001100000111	327
10001100001000	299
10001100001001	407
10001100001010	209
10001100001011	267
10001100001100	291
10001100001101	471
10001100001110	182
10001100001111	191
10001100010000	151
10001100010001	311
10001100010010	92
10001100010011	216
10001100010100	107
10001100010101	418
10001100010110	114
10001100010111	301
10001100011000	205
10001100011001	359
10001100011010	171
10001100011011	322
10001100011100	188
10001100011101	291
10001100011110	129
10001100011111	269
10001100100000	332
10001100100001	332
10001100100010	192
10001100100011	347
10001100100100	366
10001100100101	529
10001100100110	175
10001100100111	287
10001100101000	368
10001100101001	401
10001100101010	208
10001100101011	329
10001100101100	326
10001100101101	499
10001100101110	255
10001100101111	291
10001100110000	157
10001100110001	426
10001100110010	130
10001100110011	260
10001100110100	223
10001100110101	408
10001100110110	129
10001100110111	250
10001100111000	267
10001100111001	425
10001100111010	180
10001100111011	352
10001100111100	242
10001100111101	433
10001100111110	163
10001100111111	230
10001101000000	110
10001101000001	264
10001101000010	114
10001101000011	273
10001101000100	96
10001101000101	297
10001101000110	128
10001101000111	272
10001101001000	155
10001101001001	293
10001101001010	137
10001101001011	245
10001101001100	147
10001101001101	314
10001101001110	133
10001101001111	200
10001101010000	80
10001101010001	298
10001101010010	51
10001101010011	225
10001101010100	55
10001101010101	256
10001101010110	69
10001101010111	195
10001101011000	83
10001101011001	256
10001101011010	94
10001101011011	212
10001101011100	112
10001101011101	276
10001101011110	93
10001101011111	194
10001101100000	194
10001101100001	329
10001101100010	99
10001101100011	221
10001101100100	207
10001101100101	351
10001101100110	99
10001101100111	289
10001101101000	153
10001101101001	315
10001101101010	133
10001101101011	283
10001101101100	224
10001101101101	320
10001101101110	171
10001101101111	241
10001101110000	82
10001101110001	270
10001101110010	51
10001101110011	215
10001101110100	70
10001101110101	249
10001101110110	90
10001101110111	214
10001101111000	120
10001101111001	216
10001101111010	86
10001101111011	195
10001101111100	137
10001101111101	185
10001101111110	82
10001101111111	201
10001110000000	350
10001110000001	416
10001110000010	233
10001110000011	308
10001110000100	349
10001110000101	407
10001110000110	183
10001110000111	360
10001110001000	340
10001110001001	505
10001110001010	250
10001110001011	264
10001110001100	342
10001110001101	448
10001110001110	185
10001110001111	359
10001110010000	136
10001110010001	443
10001110010010	94
10001110010011	296
10001110010100	176
10001110010101	318
10001110010110	122
10001110010111	360
10001110011000	193
10001110011001	404
10001110011010	136
10001110011011	351
10001110011100	301
10001110011101	426
10001110011110	152
10001110011111	344
10001110100000	301
10001110100001	562
10001110100010	174
10001110100011	278
10001110100100	383
10001110100101	582
10001110100110	225
10001110100111	327
10001110101000	362
10001110101001	672
10001110101010	275
10001110101011	325
10001110101100	410
10001110101101	602
10001110101110	240
10001110101111	334
10001110110000	145
10001110110001	363
10001110110010	84
10001110110011	302
10001110110100	207
10001110110101	466
10001110110110	136
10001110110111	238
10001110111000	276
10001110111001	498
10001110111010	168
10001110111011	267
10001110111100	287
10001110111101	436
10001110111110	146
10001110111111	374
10001111000000	151
10001111000001	261
10001111000010	139
10001111000011	269
10001111000100	105
10001111000101	244
10001111000110	145
10001111000111	267
10001111001000	150
10001111001001	283
10001111001010	169
10001111001011	219
10001111001100	147
10001111001101	259
10001111001110	143
10001111001111	149
10001111010000	71
10001111010001	245
10001111010010	57
10001111010011	148
10001111010100	70
10001111010101	210
10001111010110	70
10001111010111	179
10001111011000	93
10001111011001	211
10001111011010	94
10001111011011	228
10001111011100	92
10001111011101	199
10001111011110	105
10001111011111	247
10001111100000	131
10001111100001	267
10001111100010	97
10001111100011	256
10001111100100	140
10001111100101	308
10001111100110	146
10001111100111	257
10001111101000	198
10001111101001	301
10001111101010	143
10001111101011	271
10001111101100	160
10001111101101	279
10001111101110	136
10001111101111	239
10001111110000	110
10001111110001	246
10001111110010	78
10001111110011	198
10001111110100	108
10001111110101	276
10001111110110	76
10001111110111	213
10001111111000	124
10001111111001	244
10001111111010	109
10001111111011	227
10001111111100	130
10001111111101	230
10001111111110	70
10001111111111	253
10010000000000	295
10010000000001	528
10010000000010	286
10010000000011	397
10010000000100	380
10010000000101	600
10010000000110	324
10010000000111	408
10010000001000	462
10010000001001	453
10010000001010	360
10010000001011	354
10010000001100	374
10010000001101	489
10010000001110	284
10010000001111	308
10010000010000	210
10010000010001	473
10010000010010	126
10010000010011	340
10010000010100	198
10010000010101	412
10010000010110	150
10010000010111	328
10010000011000	284
10010000011001	421
10010000011010	319
10010000011011	363
10010000011100	237
10010000011101	567
10010000011110	223
10010000011111	417
10010000100000	469
10010000100001	680
10010000100010	301
10010000100011	412
10010000100100	460
10010000100101	706
10010000100110	255
10010000100111	470
10010000101000	553
10010000101001	718
10010000101010	294
10010000101011	363
10010000101100	508
10010000101101	572
10010000101110	262
10010000101111	282
10010000110000	228
10010000110001	514
10010000110010	150
10010000110011	256
10010000110100	215
10010000110101	514
10010000110110	119
10010000110111	385
10010000111000	403
10010000111001	464
10010000111010	231
10010000111011	449
10010000111100	329
10010000111101	552
10010000111110	284
10010000111111	349
10010001000000	206
10010001000001	426
10010001000010	164
10010001000011	383
10010001000100	174
10010001000101	408
10010001000110	109
10010001000111	247
10010001001000	201
10010001001001	432
10010001001010	208
10010001001011	295
10010001001100	185
10010001001101	319
10010001001110	164
10010001001111	265
10010001010000	102
10010001010001	358
10010001010010	111
10010001010011	277
10010001010100	118
10010001010101	322
10010001010110	66
10010001010111	310
10010001011000	140
10010001011001	376
10010001011010	103
10010001011011	282
10010001011100	155
10010001011101	365
10010001011110	131
10010001011111	277
10010001100000	184
10010001100001	460
10010001100010	157
10010001100011	308
10010001100100	245
10010001100101	472
10010001100110	154
10010001100111	294
10010001101000	271
10010001101001	416
10010001101010	190
10010001101011	278
10010001101100	211
10010001101101	412
10010001101110	147
10010001101111	219
10010001110000	96
10010001110001	379
10010001110010	66
10010001110011	259
10010001110100	106
10010001110101	393
10010001110110	112
10010001110111	335
10010001111000	177
10010001111001	365
10010001111010	177
10010001111011	307
10010001111100	159
10010001111101	407
10010001111110	141
10010001111111	297
10010010000000	349
10010010000001	463
10010010000010	180
10010010000011	381
10010010000100	396
10010010000101	456
10010010000110	210
10010010000111	309
10010010001000	348
10010010001001	581
10010010001010	262
10010010001011	375
10010010001100	351
10010010001101	501
10010010001110	307
10010010001111	306
10010010010000	155
10010010010001	396
10010010010010	109
10010010010011	234
10010010010100	166
10010010010101	317
10010010010110	122
10010010010111	299
10010010011000	250
10010010011001	408
10010010011010	176
10010010011011	316
10010010011100	235
10010010011101	351
10010010011110	158
10010010011111	327
10010010100000	355
10010010100001	665
10010010100010	140
10010010100011	295
10010010100100	340
10010010100101	613
10010010100110	173
10010010100111	367
10010010101000	463
10010010101001	535
10010010101010	263
10010010101011	302
10010010101100	472
10010010101101	500
10010010101110	259
10010010101111	337
10010010110000	192
10010010110001	342
10010010110010	85
10010010110011	326
10010010110100	182
10010010110101	506
10010010110110	123
10010010110111	263
10010010111000	285
10010010111001	697
10010010111010	184
10010010111011	304
10010010111100	344
10010010111101	522
10010010111110	241
10010010111111	376
10010011000000	149
10010011000001	253
10010011000010	130
10010011000011	234
10010011000100	153
10010011000101	265
10010011000110	104
10010011000111	275
10010011001000	179
10010011001001	309
10010011001010	122
10010011001011	237
10010011001100	172
10010011001101	265
10010011001110	116
10010011001111	269
10010011010000	84
10010011010001	230
10010011010010	63
10010011010011	265
10010011010100	88
10010011010101	235
10010011010110	70
10010011010111	237
10010011011000	95
10010011011001	238
10010011011010	95
10010011011011	237
10010011011100	75
10010011011101	244
10010011011110	94
10010011011111	238
10010011100000	202
10010011100001	365
10010011100010	98
10010011100011	242
10010011100100	180
10010011100101	290
10010011100110	158
10010011100111	246
10010011101000	213
10010011101001	376
10010011101010	122
10010011101011	333
10010011101100	209
10010011101101	303
10010011101110	145
10010011101111	210
10010011110000	108
10010011110001	264
10010011110010	83
10010011110011	181
10010011110100	129
10010011110101	311
10010011110110	93
10010011110111	220
10010011111000	115
10010011111001	240
10010011111010	131
10010011111011	248
10010011111100	121
10010011111101	220
10010011111110	103
10010011111111	201
10010100000000	388
10010100000001	369
10010100000010	215
10010100000011	316
10010100000100	331
10010100000101	700
10010100000110	227
10010100000111	396
10010100001000	366
10010100001001	542
10010100001010	225
10010100001011	378
10010100001100	446
10010100001101	386
10010100001110	194
10010100001111	266
10010100010000	159
10010100010001	407
10010100010010	141
10010100010011	244
10010100010100	178
10010100010101	476
10010100010110	89
10010100010111	323
10010100011000	217
10010100011001	399
10010100011010	163
10010100011011	333
10010100011100	307
10010100011101	551
10010100011110	170
10010100011111	331
10010100100000	423
10010100100001	613
10010100100010	238
10010100100011	387
10010100100100	417
10010100100101	528
10010100100110	307
10010100100111	384
10010100101000	540
10010100101001	685
10010100101010	288
10010100101011	435
10010100101100	432
10010100101101	618
10010100101110	224
10010100101111	268
10010100110000	214
10010100110001	461
10010100110010	133
10010100110011	311
10010100110100	229
10010100110101	616
10010100110110	162
10010100110111	336
10010100111000	360
10010100111001	618
10010100111010	247
10010100111011	295
10010100111100	264
10010100111101	574
10010100111110	193
10010100111111	279
10010101000000	144
10010101000001	364
10010101000010	86
10010101000011	281
10010101000100	182
10010101000101	496
10010101000110	110
10010101000111	334
10010101001000	210
10010101001001	294
10010101001010	133
10010101001011	312
10010101001100	194
10010101001101	360
10010101001110	129
10010101001111	220
10010101010000	87
10010101010001	335
10010101010010	103
10010101010011	289
10010101010100	106
10010101010101	322
10010101010110	88
10010101010111	248
10010101011000	123
10010101011001	198
10010101011010	93
10010101011011	268
10010101011100	113
10010101011101	338
10010101011110	95
10010101011111	258
10010101100000	170
10010101100001	491
10010101100010	133
10010101100011	281
10010101100100	263
10010101100101	494
10010101100110	132
10010101100111	309
10010101101000	206
10010101101001	418
10010101101010	101
10010101101011	333
10010101101100	196
10010101101101	306
10010101101110	106
10010101101111	273
10010101110000	114
10010101110001	466
10010101110010	69
10010101110011	280
10010101110100	126
10010101110101	397
10010101110110	94
10010101110111	257
10010101111000	132
10010101111001	442
10010101111010	123
10010101111011	283
10010101111100	153
10010101111101	463
10010101111110	133
10010101111111	253
10010110000000	344
10010110000001	629
10010110000010	295
10010110000011	395
10010110000100	493
10010110000101	609
10010110000110	229
10010110000111	391
10010110001000	413
10010110001001	546
10010110001010	219
10010110001011	424
10010110001100	348
10010110001101	688
10010110001110	265
10010110001111	390
10010110010000	224
10010110010001	456
10010110010010	118
10010110010011	290
10010110010100	198
10010110010101	584
10010110010110	179
10010110010111	322
10010110011000	341
10010110011001	502
10010110011010	200
10010110011011	413
10010110011100	275
10010110011101	411
10010110011110	244
10010110011111	375
10010110100000	371
10010110100001	595
10010110100010	272
10010110100011	430
10010110100100	543
10010110100101	598
10010110100110	234
10010110100111	436
10010110101000	562
10010110101001	677
10010110101010	271
10010110101011	378
10010110101100	529
10010110101101	581
10010110101110	182
10010110101111	295
10010110110000	196
10010110110001	468
10010110110010	124
10010110110011	422
10010110110100	284
10010110110101	558
10010110110110	132
10010110110111	283
10010110111000	349
10010110111001	507
10010110111010	178
10010110111011	437
10010110111100	332
10010110111101	583
10010110111110	207
10010110111111	356
10010111000000	145
10010111000001	357
10010111000010	127
10010111000011	261
10010111000100	213
10010111000101	288
10010111000110	149
10010111000111	333
10010111001000	150
10010111001001	348
10010111001010	195
10010111001011	237
10010111001100	155
10010111001101	306
10010111001110	138
10010111001111	242
10010111010000	106
10010111010001	305
10010111010010	69
10010111010011	251
10010111010100	65
10010111010101	293
10010111010110	93
10010111010111	271
10010111011000	94
10010111011001	358
10010111011010	132
10010111011011	230
10010111011100	87
10010111011101	327
10010111011110	105
10010111011111	284
10010111100000	168
10010111100001	386
10010111100010	112
10010111100011	280
10010111100100	197
10010111100101	338
10010111100110	154
10010111100111	337
10010111101000	214
10010111101001	358
10010111101010	167
10010111101011	262
10010111101100	233
10010111101101	296
10010111101110	139
10010111101111	241
10010111110000	103
10010111110001	293
10010111110010	77
10010111110011	249
10010111110100	85
10010111110101	321
10010111110110	83
10010111110111	311
10010111111000	159
10010111111001	358
10010111111010	103
10010111111011	310
10010111111100	182
10010111111101	341
10010111111110	133
10010111111111	268
10011000000000	313
10011000000001	341
10011000000010	212
10011000000011	288
10011000000100	214
10011000000101	383
10011000000110	235
10011000000111	203
10011000001000	298
10011000001001	324
10011000001010	278
10011000001011	278
10011000001100	288
10011000001101	334
10011000001110	157
10011000001111	155
10011000010000	128
10011000010001	243
10011000010010	123
10011000010011	288
10011000010100	145
10011000010101	272
10011000010110	87
10011000010111	261
10011000011000	243
10011000011001	357
10011000011010	113
10011000011011	268
10011000011100	204
10011000011101	314
10011000011110	189
10011000011111	258
10011000100000	340
10011000100001	390
10011000100010	237
10011000100011	304
10011000100100	290
10011000100101	538
10011000100110	235
10011000100111	274
10011000101000	417
10011000101001	393
10011000101010	206
10011000101011	327
10011000101100	454
10011000101101	399
10011000101110	245
10011000101111	232
10011000110000	178
10011000110001	256
10011000110010	121
10011000110011	246
10011000110100	210
10011000110101	366
10011000110110	117
10011000110111	331
10011000111000	253
10011000111001	473
10011000111010	214
10011000111011	255
10011000111100	300
10011000111101	300
10011000111110	148
10011000111111	249
10011001000000	159
10011001000001	324
10011001000010	105
10011001000011	348
10011001000100	170
10011001000101	314
10011001000110	94
10011001000111	251
10011001001000	151
10011001001001	300
10011001001010	161
10011001001011	279
10011001001100	132
10011001001101	293
10011001001110	125
10011001001111	161
10011001010000	74
10011001010001	244
10011001010010	51
10011001010011	282
10011001010100	79
10011001010101	216
10011001010110	61
10011001010111	171
10011001011000	131
10011001011001	260
10011001011010	87
10011001011011	197
10011001011100	90
10011001011101	186
10011001011110	85
10011001011111	191
10011001100000	143
10011001100001	260
10011001100010	126
10011001100011	223
10011001100100	218
10011001100101	470
10011001100110	128
10011001100111	260
10011001101000	185
10011001101001	338
10011001101010	120
10011001101011	344
10011001101100	215
10011001101101	355
10011001101110	99
10011001101111	255
10011001110000	92
10011001110001	240
10011001110010	65
10011001110011	214
10011001110100	90
10011001110101	285
10011001110110	69
10011001110111	216
10011001111000	152
10011001111001	354
10011001111010	120
10011001111011	288
10011001111100	136
10011001111101	282
10011001111110	114
10011001111111	224
10011010000000	237
10011010000001	420
10011010000010	158
10011010000011	239
10011010000100	218
10011010000101	305
10011010000110	173
10011010000111	284
10011010001000	295
10011010001001	381
10011010001010	203
10011010001011	274
10011010001100	278
10011010001101	245
10011010001110	212
10011010001111	186
10011010010000	118
10011010010001	358
10011010010010	81
10011010010011	265
10011010010100	134
10011010010101	324
10011010010110	74
10011010010111	245
10011010011000	183
10011010011001	346
10011010011010	139
10011010011011	379
10011010011100	150
10011010011101	207
10011010011110	124
10011010011111	167
10011010100000	233
10011010100001	420
10011010100010	125
10011010100011	201
10011010100100	270
10011010100101	438
10011010100110	158
10011010100111	232
10011010101000	334
10011010101001	545
10011010101010	213
10011010101011	202
10011010101100	331
10011010101101	327
10011010101110	183
10011010101111	283
10011010110000	139
10011010110001	282
10011010110010	77
10011010110011	208
10011010110100	186
10011010110101	290
10011010110110	81
10011010110111	176
10011010111000	270
10011010111001	394
10011010111010	160
10011010111011	179
10011010111100	226
10011010111101	398
10011010111110	139
10011010111111	230
10011011000000	86
10011011000001	185
10011011000010	92
10011011000011	215
10011011000100	114
10011011000101	226
10011011000110	102
10011011000111	162
10011011001000	113
10011011001001	217
10011011001010	120
10011011001011	204
10011011001100	143
10011011001101	263
10011011001110	114
10011011001111	180
10011011010000	38
10011011010001	166
10011011010010	51
10011011010011	123
10011011010100	42
10011011010101	174
10011011010110	51
10011011010111	150
10011011011000	89
10011011011001	207
10011011011010	104
10011011011011	188
10011011011100	60
10011011011101	136
10011011011110	68
10011011011111	136
10011011100000	138
10011011100001	188
10011011100010	80
10011011100011	225
10011011100100	112
10011011100101	272
10011011100110	98
10011011100111	181
10011011101000	130
10011011101001	251
10011011101010	114
10011011101011	164
10011011101100	150
10011011101101	180
10011011101110	78
10011011101111	164
10011011110000	51
10011011110001	160
10011011110010	69
10011011110011	132
10011011110100	57
10011011110101	210
10011011110110	62
10011011110111	135
10011011111000	131
10011011111001	255
10011011111010	69
10011011111011	171
10011011111100	79
10011011111101	206
10011011111110	77
10011011111111	119
10011100000000	186
10011100000001	415
10011100000010	170
10011100000011	175
10011100000100	203
10011100000101	407
10011100000110	134
10011100000111	197
10011100001000	278
10011100001001	404
10011100001010	239
10011100001011	222
10011100001100	256
10011100001101	384
10011100001110	188
10011100001111	248
10011100010000	123
10011100010001	260
10011100010010	67
10011100010011	245
10011100010100	122
10011100010101	312
10011100010110	113
10011100010111	149
10011100011000	210
10011100011001	332
10011100011010	199
10011100011011	203
10011100011100	202
10011100011101	287
10011100011110	139
10011100011111	258
10011100100000	315
10011100100001	400
10011100100010	157
10011100100011	260
10011100100100	344
10011100100101	442
10011100100110	222
10011100100111	205
10011100101000	424
10011100101001	427
10011100101010	274
10011100101011	208
10011100101100	298
10011100101101	299
10011100101110	196
10011100101111	204
10011100110000	134
10011100110001	265
10011100110010	76
10011100110011	172
10011100110100	162
10011100110101	458
10011100110110	143
10011100110111	224
10011100111000	247
10011100111001	484
10011100111010	209
10011100111011	255
10011100111100	267
10011100111101	426
10011100111110	142
10011100111111	219
10011101000000	102
10011101000001	208
10011101000010	111
10011101000011	230
10011101000100	129
10011101000101	248
10011101000110	130
10011101000111	177
10011101001000	123
10011101001001	329
10011101001010	114
10011101001011	211
10011101001100	131
10011101001101	265
10011101001110	115
10011101001111	172
10011101010000	69
10011101010001	169
10011101010010	51
10011101010011	193
10011101010100	87
10011101010101	222
10011101010110	91
10011101010111	176
10011101011000	108
10011101011001	166
10011101011010	85
10011101011011	246
10011101011100	97
10011101011101	206
10011101011110	89
10011101011111	158
10011101100000	129
10011101100001	224
10011101100010	111
10011101100011	243
10011101100100	164
10011101100101	273
10011101100110	103
10011101100111	272
10011101101000	133
10011101101001	329
10011101101010	138
10011101101011	222
10011101101100	179
10011101101101	348
10011101101110	130
10011101101111	210
10011101110000	80
10011101110001	265
10011101110010	45
10011101110011	173
10011101110100	70
10011101110101	312
10011101110110	61
10011101110111	227
10011101111000	104
10011101111001	321
10011101111010	101
10011101111011	164
10011101111100	114
10011101111101	312
10011101111110	79
10011101111111	162
10011110000000	303
10011110000001	478
10011110000010	232
10011110000011	229
10011110000100	324
10011110000101	473
10011110000110	159
10011110000111	234
10011110001000	279
10011110001001	433
10011110001010	186
10011110001011	279
10011110001100	325
10011110001101	422
10011110001110	202
10011110001111	257
10011110010000	146
10011110010001	361
10011110010010	129
10011110010011	187
10011110010100	134
10011110010101	383
10011110010110	76
10011110010111	211
10011110011000	192
10011110011001	427
10011110011010	180
10011110011011	299
10011110011100	184
10011110011101	383
10011110011110	175
10011110011111	290
10011110100000	322
10011110100001	468
10011110100010	189
10011110100011	281
10011110100100	290
10011110100101	453
10011110100110	193
10011110100111	258
10011110101000	402
10011110101001	533
10011110101010	230
10011110101011	330
10011110101100	415
10011110101101	434
10011110101110	200
10011110101111	305
10011110110000	173
10011110110001	422
10011110110010	115
10011110110011	218
10011110110100	173
10011110110101	458
10011110110110	105
10011110110111	352
10011110111000	270
10011110111001	446
10011110111010	139
10011110111011	275
10011110111100	285
10011110111101	430
10011110111110	144
10011110111111	194
10011111000000	119
10011111000001	269
10011111000010	111
10011111000011	223
10011111000100	148
10011111000101	245
10011111000110	101
10011111000111	177
10011111001000	123
10011111001001	219
10011111001010	103
10011111001011	246
10011111001100	122
10011111001101	184
10011111001110	100
10011111001111	183
10011111010000	60
10011111010001	173
10011111010010	42
10011111010011	168
10011111010100	76
10011111010101	201
10011111010110	70
10011111010111	182
10011111011000	96
10011111011001	218
10011111011010	85
10011111011011	226
10011111011100	61
10011111011101	212
10011111011110	64
10011111011111	182
10011111100000	146
10011111100001	313
10011111100010	115
10011111100011	189
10011111100100	195
10011111100101	247
10011111100110	133
10011111100111	247
10011111101000	153
10011111101001	252
10011111101010	114
10011111101011	218
10011111101100	162
10011111101101	316
10011111101110	90
10011111101111	192
10011111110000	95
10011111110001	197
10011111110010	59
10011111110011	204
10011111110100	67
10011111110101	306
10011111110110	83
10011111110111	166
10011111111000	111
10011111111001	231
10011111111010	111
10011111111011	214
10011111111100	91
10011111111101	317
10011111111110	68
10011111111111	180
10100000000000	286
10100000000001	321
10100000000010	115
10100000000011	188
10100000000100	242
10100000000101	333
10100000000110	196
10100000000111	213
10100000001000	270
10100000001001	339
10100000001010	188
10100000001011	210
10100000001100	259
10100000001101	297
10100000001110	149
10100000001111	165
10100000010000	107
10100000010001	314
10100000010010	89
10100000010011	195
10100000010100	103
10100000010101	281
10100000010110	112
10100000010111	181
10100000011000	211
10100000011001	320
10100000011010	139
10100000011011	195
10100000011100	178
10100000011101	231
10100000011110	110
10100000011111	182
10100000100000	324
10100000100001	409
10100000100010	202
10100000100011	267
10100000100100	271
10100000100101	435
10100000100110	176
10100000100111	323
10100000101000	339
10100000101001	361
10100000101010	243
10100000101011	267
10100000101100	324
10100000101101	267
10100000101110	166
10100000101111	218
10100000110000	170
10100000110001	268
10100000110010	117
10100000110011	262
10100000110100	163
10100000110101	355
10100000110110	122
10100000110111	207
10100000111000	232
10100000111001	402
10100000111010	156
10100000111011	202
10100000111100	231
10100000111101	273
10100000111110	162
10100000111111	169
10100001000000	143
10100001000001	206
10100001000010	116
10100001000011	150
10100001000100	107
10100001000101	197
10100001000110	83
10100001000111	169
10100001001000	163
10100001001001	249
10100001001010	117
10100001001011	167
10100001001100	117
10100001001101	265
10100001001110	64
10100001001111	125
10100001010000	72
10100001010001	198
10100001010010	49
10100001010011	183
10100001010100	54
10100001010101	210
10100001010110	48
10100001010111	157
10100001011000	101
10100001011001	223
10100001011010	66
10100001011011	157
10100001011100	112
10100001011101	211
10100001011110	88
10100001011111	157
10100001100000	140
10100001100001	301
10100001100010	89
10100001100011	184
10100001100100	180
10100001100101	255
10100001100110	86
10100001100111	219
10100001101000	149
10100001101001	315
10100001101010	89
10100001101011	182
10100001101100	199
10100001101101	216
10100001101110	111
10100001101111	172
10100001110000	87
10100001110001	274
10100001110010	60
10100001110011	183
10100001110100	83
10100001110101	243
10100001110110	94
10100001110111	191
10100001111000	119
10100001111001	320
10100001111010	65
10100001111011	176
10100001111100	133
10100001111101	278
10100001111110	73
10100001111111	148
10100010000000	204
10100010000001	185
10100010000010	136
10100010000011	146
10100010000100	189
10100010000101	252
10100010000110	116
10100010000111	174
10100010001000	203
10100010001001	276
10100010001010	151
10100010001011	169
10100010001100	189
10100010001101	252
10100010001110	134
10100010001111	214
10100010010000	95
10100010010001	212
10100010010010	68
10100010010011	63
10100010010100	85
10100010010101	285
10100010010110	83
10100010010111	203
10100010011000	109
10100010011001	190
10100010011010	84
10100010011011	174
10100010011100	137
10100010011101	105
10100010011110	95
10100010011111	146
10100010100000	216
10100010100001	341
10100010100010	85
10100010100011	163
10100010100100	193
10100010100101	390
10100010100110	91
10100010100111	224
10100010101000	211
10100010101001	387
10100010101010	139
10100010101011	230
10100010101100	188
10100010101101	299
10100010101110	116
10100010101111	216
10100010110000	113
10100010110001	251
10100010110010	45
10100010110011	175
10100010110100	112
10100010110101	256
10100010110110	66
10100010110111	197
10100010111000	163
10100010111001	285
10100010111010	98
10100010111011	135
10100010111100	137
10100010111101	242
10100010111110	65
10100010111111	121
10100011000000	90
10100011000001	200
10100011000010	44
10100011000011	132
10100011000100	93
10100011000101	138
10100011000110	77
10100011000111	134
10100011001000	73
10100011001001	130
10100011001010	96
10100011001011	118
10100011001100	102
10100011001101	116
10100011001110	60
10100011001111	129
10100011010000	44
10100011010001	89
10100011010010	30
10100011010011	117
10100011010100	44
10100011010101	81
10100011010110	33
10100011010111	127
10100011011000	63
10100011011001	174
10100011011010	58
10100011011011	149
10100011011100	61
10100011011101	142
10100011011110	37
10100011011111	92
10100011100000	77
10100011100001	201
10100011100010	104
10100011100011	161
10100011100100	101
10100011100101	205
10100011100110	74
10100011100111	105
10100011101000	142
10100011101001	196
10100011101010	116
10100011101011	145
10100011101100	179
10100011101101	159
10100011101110	91
10100011101111	98
10100011110000	57
10100011110001	141
10100011110010	44
10100011110011	112
10100011110100	77
10100011110101	149
10100011110110	52
10100011110111	119
10100011111000	86
10100011111001	126
10100011111010	58
10100011111011	145
10100011111100	61
10100011111101	215
10100011111110	45
10100011111111	116
10100100000000	250
10100100000001	442
10100100000010	98
10100100000011	118
10100100000100	206
10100100000101	247
10100100000110	126
10100100000111	110
10100100001000	235
10100100001001	282
10100100001010	151
10100100001011	150
10100100001100	237
10100100001101	226
10100100001110	128
10100100001111	154
10100100010000	121
10100100010001	186
10100100010010	73
10100100010011	174
10100100010100	117
10100100010101	210
10100100010110	93
10100100010111	110
10100100011000	135
10100100011001	340
10100100011010	130
10100100011011	179
10100100011100	151
10100100011101	136
10100100011110	116
10100100011111	203
10100100100000	238
10100100100001	280
10100100100010	155
10100100100011	228
10100100100100	239
10100100100101	262
10100100100110	147
10100100100111	274
10100100101000	303
10100100101001	434
10100100101010	172
10100100101011	222
10100100101100	269
10100100101101	370
10100100101110	163
10100100101111	162
10100100110000	146
10100100110001	319
10100100110010	124
10100100110011	179
10100100110100	162
10100100110101	268
10100100110110	74
10100100110111	256
10100100111000	209
10100100111001	286
10100100111010	135
10100100111011	175
10100100111100	205
10100100111101	300
10100100111110	124
10100100111111	185
10100101000000	76
10100101000001	213
10100101000010	60
10100101000011	171
10100101000100	75
10100101000101	213
10100101000110	68
10100101000111	161
10100101001000	118
10100101001001	138
10100101001010	72
10100101001011	115
10100101001100	138
10100101001101	172
10100101001110	76
10100101001111	106
10100101010000	38
10100101010001	102
10100101010010	61
10100101010011	136
10100101010100	58
10100101010101	198
10100101010110	60
10100101010111	125
10100101011000	47
10100101011001	174
10100101011010	51
10100101011011	138
10100101011100	77
10100101011101	281
10100101011110	48
10100101011111	130
10100101100000	77
10100101100001	197
10100101100010	106
10100101100011	212
10100101100100	108
10100101100101	279
10100101100110	113
10100101100111	103
10100101101000	128
10100101101001	231
10100101101010	59
10100101101011	167
10100101101100	186
10100101101101	209
10100101101110	74
10100101101111	123
10100101110000	50
10100101110001	189
10100101110010	27
10100101110011	188
10100101110100	64
10100101110101	159
10100101110110	50
10100101110111	144
10100101111000	78
10100101111001	147
10100101111010	69
10100101111011	160
10100101111100	79
10100101111101	187
10100101111110	53
10100101111111	141
10100110000000	144
10100110000001	331
10100110000010	108
10100110000011	159
10100110000100	180
10100110000101	349
10100110000110	149
10100110000111	174
10100110001000	222
10100110001001	293
10100110001010	168
10100110001011	210
10100110001100	213
10100110001101	387
10100110001110	137
10100110001111	178
10100110010000	108
10100110010001	237
10100110010010	94
10100110010011	149
10100110010100	114
10100110010101	384
10100110010110	80
10100110010111	179
10100110011000	162
10100110011001	288
10100110011010	151
10100110011011	197
10100110011100	160
10100110011101	278
10100110011110	107
10100110011111	153
10100110100000	256
10100110100001	417
10100110100010	141
10100110100011	278
10100110100100	242
10100110100101	475
10100110100110	154
10100110100111	274
10100110101000	234
10100110101001	433
10100110101010	183
10100110101011	259
10100110101100	229
10100110101101	364
10100110101110	138
10100110101111	190
10100110110000	159
10100110110001	272
10100110110010	50
10100110110011	223
10100110110100	138
10100110110101	450
10100110110110	78
10100110110111	196
10100110111000	202
10100110111001	364
10100110111010	104
10100110111011	225
10100110111100	193
10100110111101	332
10100110111110	125
10100110111111	268
10100111000000	96
10100111000001	108
10100111000010	47
10100111000011	189
10100111000100	142
10100111000101	140
10100111000110	67
10100111000111	148
10100111001000	69
10100111001001	155
10100111001010	102
10100111001011	83
10100111001100	107
10100111001101	136
10100111001110	111
10100111001111	120
10100111010000	57
10100111010001	102
10100111010010	37
10100111010011	178
10100111010100	70
10100111010101	152
10100111010110	35
10100111010111	152
10100111011000	64
10100111011001	131
10100111011010	70
10100111011011	200
10100111011100	52
10100111011101	166
10100111011110	52
10100111011111	185
10100111100000	124
10100111100001	218
10100111100010	106
10100111100011	200
10100111100100	116
10100111100101	228
10100111100110	94
10100111100111	122
10100111101000	131
10100111101001	219
10100111101010	161
10100111101011	129
10100111101100	117
10100111101101	186
10100111101110	110
10100111101111	153
10100111110000	60
10100111110001	114
10100111110010	50
10100111110011	143
10100111110100	103
10100111110101	195
10100111110110	50
10100111110111	129
10100111111000	59
10100111111001	220
10100111111010	73
10100111111011	102
10100111111100	125
10100111111101	242
10100111111110	75
10100111111111	170
10101000000000	319
10101000000001	481
10101000000010	166
10101000000011	273
10101000000100	269
10101000000101	360
10101000000110	219
10101000000111	358
10101000001000	438
10101000001001	523
10101000001010	309
10101000001011	296
10101000001100	408
10101000001101	480
10101000001110	284
10101000001111	230
10101000010000	158
10101000010001	318
10101000010010	102
10101000010011	230
10101000010100	159
10101000010101	344
10101000010110	131
10101000010111	317
10101000011000	270
10101000011001	460
10101000011010	171
10101000011011	282
10101000011100	240
10101000011101	467
10101000011110	160
10101000011111	220
10101000100000	365
10101000100001	494
10101000100010	228
10101000100011	267
10101000100100	352
10101000100101	443
10101000100110	244
10101000100111	312
10101000101000	506
10101000101001	627
10101000101010	345
10101000101011	319
10101000101100	294
10101000101101	440
10101000101110	285
10101000101111	291
10101000110000	188
10101000110001	475
10101000110010	94
10101000110011	306
10101000110100	221
10101000110101	648
10101000110110	129
10101000110111	281
10101000111000	366
10101000111001	652
10101000111010	186
10101000111011	313
10101000111100	301
10101000111101	428
10101000111110	221
10101000111111	322
10101001000000	164
10101001000001	296
10101001000010	153
10101001000011	319
10101001000100	147
10101001000101	351
10101001000110	118
10101001000111	241
10101001001000	217
10101001001001	285
10101001001010	107
10101001001011	194
10101001001100	189
10101001001101	229
10101001001110	115
10101001001111	160
10101001010000	76
10101001010001	253
10101001010010	63
10101001010011	239
10101001010100	69
10101001010101	278
10101001010110	68
10101001010111	245
10101001011000	119
10101001011001	270
10101001011010	109
10101001011011	274
10101001011100	125
10101001011101	384
10101001011110	107
10101001011111	296
10101001100000	175
10101001100001	449
10101001100010	118
10101001100011	301
10101001100100	222
10101001100101	430
10101001100110	162
10101001100111	304
10101001101000	269
10101001101001	448
10101001101010	166
10101001101011	295
10101001101100	209
10101001101101	415
10101001101110	134
10101001101111	231
10101001110000	90
10101001110001	310
10101001110010	52
10101001110011	237
10101001110100	114
10101001110101	316
10101001110110	86
10101001110111	290
10101001111000	155
10101001111001	370
10101001111010	99
10101001111011	269
10101001111100	159
10101001111101	362
10101001111110	119
10101001111111	252
10101010000000	235
10101010000001	380
10101010000010	201
10101010000011	267
10101010000100	354
10101010000101	413
10101010000110	153
10101010000111	312
10101010001000	332
10101010001001	442
10101010001010	218
10101010001011	338
10101010001100	409
10101010001101	475
10101010001110	235
10101010001111	278
10101010010000	170
10101010010001	391
10101010010010	123
10101010010011	217
10101010010100	162
10101010010101	363
10101010010110	115
10101010010111	287
10101010011000	213
10101010011001	366
10101010011010	173
10101010011011	284
10101010011100	193
10101010011101	366
10101010011110	155
10101010011111	257
10101010100000	403
10101010100001	534
10101010100010	158
10101010100011	275
10101010100100	309
10101010100101	747
10101010100110	250
10101010100111	309
10101010101000	331
10101010101001	503
10101010101010	234
10101010101011	343
10101010101100	394
10101010101101	479
10101010101110	233
10101010101111	291
10101010110000	156
10101010110001	367
10101010110010	137
10101010110011	194
10101010110100	226
10101010110101	441
10101010110110	101
10101010110111	218
10101010111000	303
10101010111001	520
10101010111010	166
10101010111011	298
10101010111100	259
10101010111101	567
10101010111110	131
10101010111111	324
10101011000000	119
10101011000001	237
10101011000010	151
10101011000011	200
10101011000100	154
10101011000101	220
10101011000110	101
10101011000111	250
10101011001000	170
10101011001001	202
10101011001010	155
10101011001011	259
10101011001100	175
10101011001101	318
10101011001110	113
10101011001111	169
10101011010000	98
10101011010001	155
10101011010010	93
10101011010011	141
10101011010100	69
10101011010101	247
10101011010110	66
10101011010111	216
10101011011000	116
10101011011001	230
10101011011010	102
10101011011011	209
10101011011100	109
10101011011101	259
10101011011110	108
10101011011111	119
10101011100000	167
10101011100001	231
10101011100010	99
10101011100011	233
10101011100100	215
10101011100101	262
10101011100110	151
10101011100111	246
10101011101000	197
10101011101001	322
10101011101010	164
10101011101011	228
10101011101100	193
10101011101101	244
10101011101110	166
10101011101111	209
10101011110000	68
10101011110001	168
10101011110010	60
10101011110011	157
10101011110100	102
10101011110101	271
10101011110110	102
10101011110111	219
10101011111000	136
10101011111001	272
10101011111010	149
10101011111011	288
10101011111100	108
10101011111101	327
10101011111110	97
10101011111111	240
10101100000000	327
10101100000001	354
10101100000010	195
10101100000011	305
10101100000100	252
10101100000101	441
10101100000110	201
10101100000111	241
10101100001000	356
10101100001001	357
10101100001010	229
10101100001011	255
10101100001100	242
10101100001101	480
10101100001110	148
10101100001111	250
10101100010000	141
10101100010001	338
10101100010010	122
10101100010011	247
10101100010100	167
10101100010101	356
10101100010110	101
10101100010111	256
10101100011000	232
10101100011001	466
10101100011010	182
10101100011011	375
10101100011100	210
10101100011101	416
10101100011110	154
10101100011111	238
10101100100000	279
10101100100001	448
10101100100010	206
10101100100011	296
10101100100100	324
10101100100101	519
10101100100110	216
10101100100111	301
10101100101000	366
10101100101001	464
10101100101010	257
10101100101011	347
10101100101100	378
10101100101101	551
10101100101110	194
10101100101111	238
10101100110000	135
10101100110001	377
10101100110010	100
10101100110011	244
10101100110100	161
10101100110101	502
10101100110110	127
10101100110111	250
10101100111000	227
10101100111001	436
10101100111010	196
10101100111011	296
10101100111100	290
10101100111101	403
10101100111110	189
10101100111111	264
10101101000000	152
10101101000001	223
10101101000010	88
10101101000011	165
10101101000100	122
10101101000101	329
10101101000110	114
10101101000111	175
10101101001000	141
10101101001001	323
10101101001010	108
10101101001011	119
10101101001100	120
10101101001101	215
10101101001110	93
10101101001111	193
10101101010000	95
10101101010001	165
10101101010010	50
10101101010011	198
10101101010100	33
10101101010101	257
10101101010110	97
10101101010111	163
10101101011000	125
10101101011001	188
10101101011010	83
10101101011011	236
10101101011100	84
10101101011101	228
10101101011110	95
10101101011111	156
10101101100000	169
10101101100001	395
10101101100010	120
10101101100011	284
10101101100100	199
10101101100101	365
10101101100110	138
10101101100111	268
10101101101000	140
10101101101001	301
10101101101010	139
10101101101011	269
10101101101100	202
10101101101101	414
10101101101110	169
10101101101111	253
10101101110000	112
10101101110001	237
10101101110010	55
10101101110011	257
10101101110100	97
10101101110101	281
10101101110110	85
10101101110111	238
10101101111000	123
10101101111001	304
10101101111010	118
10101101111011	251
10101101111100	133
10101101111101	324
10101101111110	126
10101101111111	198
10101110000000	268
10101110000001	431
10101110000010	213
10101110000011	307
10101110000100	323
10101110000101	535
10101110000110	205
10101110000111	334
10101110001000	341
10101110001001	549
10101110001010	248
10101110001011	282
10101110001100	312
10101110001101	431
10101110001110	247
10101110001111	239
10101110010000	162
10101110010001	397
10101110010010	118
10101110010011	180
10101110010100	142
10101110010101	322
10101110010110	94
10101110010111	301
10101110011000	262
10101110011001	422
10101110011010	128
10101110011011	363
10101110011100	219
10101110011101	425
10101110011110	148
10101110011111	264
10101110100000	298
10101110100001	527
10101110100010	183
10101110100011	225
10101110100100	352
10101110100101	617
10101110100110	255
10101110100111	329
10101110101000	419
10101110101001	594
10101110101010	322
10101110101011	395
10101110101100	394
10101110101101	522
10101110101110	198
10101110101111	299
10101110110000	169
10101110110001	369
10101110110010	103
10101110110011	257
10101110110100	260
10101110110101	448
10101110110110	145
10101110110111	219
10101110111000	339
10101110111001	499
10101110111010	173
10101110111011	345
10101110111100	294
10101110111101	485
10101110111110	205
10101110111111	311
10101111000000	158
10101111000001	218
10101111000010	120
10101111000011	207
10101111000100	124
10101111000101	305
10101111000110	104
10101111000111	233
10101111001000	172
10101111001001	242
10101111001010	114
10101111001011	215
10101111001100	131
10101111001101	223
10101111001110	155
10101111001111	155
10101111010000	85
10101111010001	210
10101111010010	56
10101111010011	237
10101111010100	57
10101111010101	235
10101111010110	96
10101111010111	193
10101111011000	117
10101111011001	207
10101111011010	86
10101111011011	171
10101111011100	105
10101111011101	214
10101111011110	98
10101111011111	216
10101111100000	149
10101111100001	258
10101111100010	110
10101111100011	283
10101111100100	183
10101111100101	365
10101111100110	172
10101111100111	238
10101111101000	181
10101111101001	317
10101111101010	168
10101111101011	243
10101111101100	191
10101111101101	262
10101111101110	122
10101111101111	261
10101111110000	118
10101111110001	220
10101111110010	69
10101111110011	169
10101111110100	106
10101111110101	268
10101111110110	72
10101111110111	219
10101111111000	108
10101111111001	294
10101111111010	114
10101111111011	240
10101111111100	128
10101111111101	265
10101111111110	90
10101111111111	194
10110000000000	454
10110000000001	499
10110000000010	259
10110000000011	471
10110000000100	349
10110000000101	653
10110000000110	264
10110000000111	300
10110000001000	568
10110000001001	627
10110000001010	326
10110000001011	225
10110000001100	390
10110000001101	562
10110000001110	267
10110000001111	247
10110000010000	217
10110000010001	468
10110000010010	124
10110000010011	289
10110000010100	212
10110000010101	471
10110000010110	140
10110000010111	356
10110000011000	322
10110000011001	587
10110000011010	235
10110000011011	440
10110000011100	310
10110000011101	422
10110000011110	206
10110000011111	300
10110000100000	417
10110000100001	730
10110000100010	267
10110000100011	388
10110000100100	503
10110000100101	707
10110000100110	321
10110000100111	411
10110000101000	592
10110000101001	799
10110000101010	389
10110000101011	330
10110000101100	611
10110000101101	628
10110000101110	299
10110000101111	285
10110000110000	261
10110000110001	506
10110000110010	152
10110000110011	338
10110000110100	303
10110000110101	551
10110000110110	137
10110000110111	316
10110000111000	308
10110000111001	624
10110000111010	248
10110000111011	421
10110000111100	378
10110000111101	528
10110000111110	225
10110000111111	355
10110001000000	196
10110001000001	281
10110001000010	140
10110001000011	311
10110001000100	165
10110001000101	295
10110001000110	136
10110001000111	191
10110001001000	205
10110001001001	464
10110001001010	143
10110001001011	153
10110001001100	173
10110001001101	305
10110001001110	136
10110001001111	223
10110001010000	116
10110001010001	294
10110001010010	93
10110001010011	234
10110001010100	112
10110001010101	400
10110001010110	97
10110001010111	222
10110001011000	111
10110001011001	370
10110001011010	129
10110001011011	246
10110001011100	153
10110001011101	316
10110001011110	97
10110001011111	243
10110001100000	227
10110001100001	453
10110001100010	126
10110001100011	314
10110001100100	209
10110001100101	469
10110001100110	146
10110001100111	316
10110001101000	302
10110001101001	486
10110001101010	178
10110001101011	292
10110001101100	205
10110001101101	431
10110001101110	134
10110001101111	213
10110001110000	153
10110001110001	312
10110001110010	84
10110001110011	305
10110001110100	150
10110001110101	300
10110001110110	80
10110001110111	319
10110001111000	181
10110001111001	438
10110001111010	149
10110001111011	237
10110001111100	216
10110001111101	379
10110001111110	108
10110001111111	193
10110010000000	330
10110010000001	586
10110010000010	191
10110010000011	297
10110010000100	310
10110010000101	561
10110010000110	184
10110010000111	265
10110010001000	331
10110010001001	515
10110010001010	270
10110010001011	325
10110010001100	436
10110010001101	440
10110010001110	200
10110010001111	281
10110010010000	155
10110010010001	413
10110010010010	120
10110010010011	295
10110010010100	114
10110010010101	444
10110010010110	123
10110010010111	281
10110010011000	238
10110010011001	418
10110010011010	186
10110010011011	380
10110010011100	263
10110010011101	326
10110010011110	191
10110010011111	289
10110010100000	359
10110010100001	518
10110010100010	283
10110010100011	297
10110010100100	327
10110010100101	542
10110010100110	185
10110010100111	296
10110010101000	479
10110010101001	536
10110010101010	234
10110010101011	304
10110010101100	484
10110010101101	603
10110010101110	234
10110010101111	308
10110010110000	112
10110010110001	526
10110010110010	95
10110010110011	263
10110010110100	178
10110010110101	532
10110010110110	123
10110010110111	319
10110010111000	244
10110010111001	522
10110010111010	223
10110010111011	300
10110010111100	344
10110010111101	506
10110010111110	189
10110010111111	320
10110011000000	140
10110011000001	314
10110011000010	152
10110011000011	259
10110011000100	143
10110011000101	219
10110011000110	105
10110011000111	164
10110011001000	184
10110011001001	197
10110011001010	138
10110011001011	232
10110011001100	139
10110011001101	185
10110011001110	90
10110011001111	161
10110011010000	92
10110011010001	197
10110011010010	68
10110011010011	236
10110011010100	84
10110011010101	223
10110011010110	75
10110011010111	208
10110011011000	97
10110011011001	234
10110011011010	117
10110011011011	223
10110011011100	117
10110011011101	250
10110011011110	60
10110011011111	144
10110011100000	188
10110011100001	322
10110011100010	142
10110011100011	288
10110011100100	183
10110011100101	227
10110011100110	152
10110011100111	273
10110011101000	242
10110011101001	294
10110011101010	150
10110011101011	173
10110011101100	194
10110011101101	352
10110011101110	152
10110011101111	188
10110011110000	76
10110011110001	230
10110011110010	77
10110011110011	192
10110011110100	100
10110011110101	283
10110011110110	83
10110011110111	181
10110011111000	135
10110011111001	305
10110011111010	101
10110011111011	212
10110011111100	148
10110011111101	253
10110011111110	153
10110011111111	218
10110100000000	341
10110100000001	499
10110100000010	236
10110100000011	316
10110100000100	330
10110100000101	614
10110100000110	306
10110100000111	350
10110100001000	352
10110100001001	596
10110100001010	265
10110100001011	396
10110100001100	364
10110100001101	537
10110100001110	192
10110100001111	228
10110100010000	191
10110100010001	439
10110100010010	125
10110100010011	260
10110100010100	189
10110100010101	353
10110100010110	109
10110100010111	271
10110100011000	326
10110100011001	445
10110100011010	180
10110100011011	379
10110100011100	338
10110100011101	428
10110100011110	232
10110100011111	314
10110100100000	501
10110100100001	641
10110100100010	269
10110100100011	389
10110100100100	444
10110100100101	617
10110100100110	236
10110100100111	408
10110100101000	643
10110100101001	675
10110100101010	297
10110100101011	284
10110100101100	552
10110100101101	557
10110100101110	257
10110100101111	330
10110100110000	225
10110100110001	488
10110100110010	133
10110100110011	274
10110100110100	282
10110100110101	527
10110100110110	174
10110100110111	290
10110100111000	444
10110100111001	563
10110100111010	217
10110100111011	351
10110100111100	325
10110100111101	555
10110100111110	178
10110100111111	340
10110101000000	150
10110101000001	426
10110101000010	124
10110101000011	252
10110101000100	150
10110101000101	245
10110101000110	85
10110101000111	259
10110101001000	203
10110101001001	329
10110101001010	73
10110101001011	232
10110101001100	174
10110101001101	245
10110101001110	119
10110101001111	177
10110101010000	75
10110101010001	280
10110101010010	90
10110101010011	305
10110101010100	93
10110101010101	303
10110101010110	79
10110101010111	225
10110101011000	127
10110101011001	323
10110101011010	134
10110101011011	253
10110101011100	138
10110101011101	337
10110101011110	145
10110101011111	304
10110101100000	201
10110101100001	429
10110101100010	119
10110101100011	306
10110101100100	244
10110101100101	433
10110101100110	135
10110101100111	301
10110101101000	194
10110101101001	371
10110101101010	194
10110101101011	319
10110101101100	216
10110101101101	323
10110101101110	162
10110101101111	183
10110101110000	124
10110101110001	331
10110101110010	78
10110101110011	235
10110101110100	108
10110101110101	426
10110101110110	104
10110101110111	240
10110101111000	172
10110101111001	391
10110101111010	124
10110101111011	228
10110101111100	176
10110101111101	425
10110101111110	123
10110101111111	274
10110110000000	390
10110110000001	563
10110110000010	237
10110110000011	390
10110110000100	493
10110110000101	577
10110110000110	205
10110110000111	385
10110110001000	543
10110110001001	652
10110110001010	355
10110110001011	433
10110110001100	467
10110110001101	559
10110110001110	265
10110110001111	319
10110110010000	183
10110110010001	450
10110110010010	178
10110110010011	297
10110110010100	246
10110110010101	507
10110110010110	164
10110110010111	369
10110110011000	293
10110110011001	607
10110110011010	180
10110110011011	396
10110110011100	288
10110110011101	579
10110110011110	236
10110110011111	289
10110110100000	368
10110110100001	675
10110110100010	266
10110110100011	398
10110110100100	521
10110110100101	805
10110110100110	268
10110110100111	402
10110110101000	567
10110110101001	608
10110110101010	307
10110110101011	366
10110110101100	529
10110110101101	558
10110110101110	337
10110110101111	390
10110110110000	236
10110110110001	566
10110110110010	171
10110110110011	359
10110110110100	335
10110110110101	721
10110110110110	159
10110110110111	350
10110110111000	385
10110110111001	629
10110110111010	246
10110110111011	344
10110110111100	408
10110110111101	693
10110110111110	195
10110110111111	350
10110111000000	152
10110111000001	228
10110111000010	149
10110111000011	244
10110111000100	158
10110111000101	325
10110111000110	95
10110111000111	293
10110111001000	132
10110111001001	177
10110111001010	151
10110111001011	285
10110111001100	193
10110111001101	270
10110111001110	108
10110111001111	229
10110111010000	97
10110111010001	258
10110111010010	75
10110111010011	228
10110111010100	76
10110111010101	338
10110111010110	94
10110111010111	329
10110111011000	188
10110111011001	282
10110111011010	166
10110111011011	272
10110111011100	149
10110111011101	274
10110111011110	109
10110111011111	225
10110111100000	140
10110111100001	435
10110111100010	187
10110111100011	342
10110111100100	237
10110111100101	344
10110111100110	151
10110111100111	293
10110111101000	224
10110111101001	336
10110111101010	226
10110111101011	221
10110111101100	221
10110111101101	331
10110111101110	184
10110111101111	224
10110111110000	104
10110111110001	289
10110111110010	93
10110111110011	296
10110111110100	186
10110111110101	289
10110111110110	138
10110111110111	253
10110111111000	146
10110111111001	432
10110111111010	124
10110111111011	260
10110111111100	205
10110111111101	348
10110111111110	157
10110111111111	239
10111000000000	341
10111000000001	478
10111000000010	220
10111000000011	282
10111000000100	300
10111000000101	439
10111000000110	184
10111000000111	314
10111000001000	362
10111000001001	416
10111000001010	199
10111000001011	346
10111000001100	379
10111000001101	402
10111000001110	203
10111000001111	215
10111000010000	143
10111000010001	282
10111000010010	77
10111000010011	237
10111000010100	122
10111000010101	378
10111000010110	128
10111000010111	215
10111000011000	235
10111000011001	370
10111000011010	180
10111000011011	237
10111000011100	202
10111000011101	379
10111000011110	142
10111000011111	258
10111000100000	379
10111000100001	659
10111000100010	240
10111000100011	342
10111000100100	328
10111000100101	594
10111000100110	187
10111000100111	363
10111000101000	519
10111000101001	498
10111000101010	244
10111000101011	320
10111000101100	343
10111000101101	478
10111000101110	239
10111000101111	236
10111000110000	151
10111000110001	427
10111000110010	128
10111000110011	203
10111000110100	172
10111000110101	384
10111000110110	108
10111000110111	282
10111000111000	335
10111000111001	524
10111000111010	168
10111000111011	201
10111000111100	238
10111000111101	299
10111000111110	167
10111000111111	220
10111001000000	155
10111001000001	263
10111001000010	108
10111001000011	220
10111001000100	163
10111001000101	242
10111001000110	84
10111001000111	181
10111001001000	236
10111001001001	278
10111001001010	107
10111001001011	209
10111001001100	234
10111001001101	220
10111001001110	80
10111001001111	176
10111001010000	87
10111001010001	219
10111001010010	60
10111001010011	211
10111001010100	90
10111001010101	281
10111001010110	42
10111001010111	250
10111001011000	138
10111001011001	254
10111001011010	90
10111001011011	256
10111001011100	112
10111001011101	258
10111001011110	122
10111001011111	230
10111001100000	176
10111001100001	352
10111001100010	125
10111001100011	262
10111001100100	233
10111001100101	311
10111001100110	119
10111001100111	227
10111001101000	239
10111001101001	273
10111001101010	157
10111001101011	237
10111001101100	232
10111001101101	289
10111001101110	107
10111001101111	171
10111001110000	93
10111001110001	193
10111001110010	109
10111001110011	215
10111001110100	108
10111001110101	254
10111001110110	63
10111001110111	221
10111001111000	178
10111001111001	383
10111001111010	133
10111001111011	254
10111001111100	122
10111001111101	325
10111001111110	104
10111001111111	203
10111010000000	311
10111010000001	412
10111010000010	142
10111010000011	190
10111010000100	232
10111010000101	449
10111010000110	148
10111010000111	264
10111010001000	310
10111010001001	345
10111010001010	167
10111010001011	290
10111010001100	289
10111010001101	245
10111010001110	201
10111010001111	241
10111010010000	112
10111010010001	313
10111010010010	112
10111010010011	156
10111010010100	167
10111010010101	334
10111010010110	81
10111010010111	212
10111010011000	179
10111010011001	330
10111010011010	142
10111010011011	204
10111010011100	227
10111010011101	358
10111010011110	113
10111010011111	189
10111010100000	236
10111010100001	475
10111010100010	187
10111010100011	301
10111010100100	320
10111010100101	495
10111010100110	218
10111010100111	288
10111010101000	338
10111010101001	440
10111010101010	187
10111010101011	275
10111010101100	468
10111010101101	306
10111010101110	246
10111010101111	218
10111010110000	137
10111010110001	315
10111010110010	89
10111010110011	196
10111010110100	153
10111010110101	378
10111010110110	113
10111010110111	198
10111010111000	227
10111010111001	432
10111010111010	198
10111010111011	243
10111010111100	197
10111010111101	312
10111010111110	108
10111010111111	187
10111011000000	80
10111011000001	241
10111011000010	133
10111011000011	140
10111011000100	121
10111011000101	141
10111011000110	68
10111011000111	203
10111011001000	129
10111011001001	274
10111011001010	115
10111011001011	184
10111011001100	106
10111011001101	147
10111011001110	109
10111011001111	120
10111011010000	48
10111011010001	189
10111011010010	31
10111011010011	172
10111011010100	57
10111011010101	172
10111011010110	59
10111011010111	136
10111011011000	110
10111011011001	211
10111011011010	85
10111011011011	190
10111011011100	140
10111011011101	209
10111011011110	69
10111011011111	169
10111011100000	128
10111011100001	227
10111011100010	131
10111011100011	207
10111011100100	159
10111011100101	232
10111011100110	112
10111011100111	235
10111011101000	200
10111011101001	248
10111011101010	120
10111011101011	170
10111011101100	202
10111011101101	246
10111011101110	137
10111011101111	147
10111011110000	86
10111011110001	169
10111011110010	71
10111011110011	155
10111011110100	58
10111011110101	177
10111011110110	75
10111011110111	168
10111011111000	122
10111011111001	214
10111011111010	102
10111011111011	262
10111011111100	137
10111011111101	174
10111011111110	99
10111011111111	180
10111100000000	284
10111100000001	396
10111100000010	160
10111100000011	283
10111100000100	178
10111100000101	399
10111100000110	154
10111100000111	183
10111100001000	325
10111100001001	354
10111100001010	163
10111100001011	233
10111100001100	302
10111100001101	390
10111100001110	195
10111100001111	225
10111100010000	155
10111100010001	286
10111100010010	96
10111100010011	210
10111100010100	131
10111100010101	429
10111100010110	66
10111100010111	261
10111100011000	251
10111100011001	457
10111100011010	164
10111100011011	202
10111100011100	188
10111100011101	284
10111100011110	143
10111100011111	205
10111100100000	269
10111100100001	421
10111100100010	175
10111100100011	341
10111100100100	271
10111100100101	408
10111100100110	217
10111100100111	240
10111100101000	387
10111100101001	555
10111100101010	260
10111100101011	334
10111100101100	314
10111100101101	361
10111100101110	172
10111100101111	231
10111100110000	145
10111100110001	361
10111100110010	101
10111100110011	226
10111100110100	157
10111100110101	440
10111100110110	102
10111100110111	168
10111100111000	272
10111100111001	447
10111100111010	197
10111100111011	262
10111100111100	257
10111100111101	409
10111100111110	147
10111100111111	222
10111101000000	92
10111101000001	273
10111101000010	85
10111101000011	199
10111101000100	158
10111101000101	317
10111101000110	70
10111101000111	204
10111101001000	152
10111101001001	213
10111101001010	70
10111101001011	167
10111101001100	100
10111101001101	181
10111101001110	94
10111101001111	191
10111101010000	66
10111101010001	193
10111101010010	67
10111101010011	202
10111101010100	90
10111101010101	232
10111101010110	52
10111101010111	181
10111101011000	112
10111101011001	216
10111101011010	94
10111101011011	204
10111101011100	110
10111101011101	224
10111101011110	72
10111101011111	172
10111101100000	177
10111101100001	318
10111101100010	135
10111101100011	296
10111101100100	197
10111101100101	276
10111101100110	119
10111101100111	220
10111101101000	202
10111101101001	365
10111101101010	128
10111101101011	199
10111101101100	220
10111101101101	259
10111101101110	108
10111101101111	154
10111101110000	100
10111101110001	279
10111101110010	68
10111101110011	153
10111101110100	103
10111101110101	256
10111101110110	56
10111101110111	171
10111101111000	167
10111101111001	260
10111101111010	62
10111101111011	322
10111101111100	133
10111101111101	253
10111101111110	87
10111101111111	274
10111110000000	210
10111110000001	404
10111110000010	203
10111110000011	282
10111110000100	268
10111110000101	303
10111110000110	165
10111110000111	271
10111110001000	325
10111110001001	461
10111110001010	232
10111110001011	295
10111110001100	383
10111110001101	377
10111110001110	127
10111110001111	305
10111110010000	135
10111110010001	436
10111110010010	101
10111110010011	226
10111110010100	194
10111110010101	376
10111110010110	85
10111110010111	272
10111110011000	208
10111110011001	321
10111110011010	144
10111110011011	341
10111110011100	202
10111110011101	315
10111110011110	97
10111110011111	240
10111110100000	313
10111110100001	519
10111110100010	179
10111110100011	381
10111110100100	313
10111110100101	632
10111110100110	182
10111110100111	238
10111110101000	311
10111110101001	559
10111110101010	252
10111110101011	220
10111110101100	365
10111110101101	511
10111110101110	220
10111110101111	364
10111110110000	146
10111110110001	337
10111110110010	109
10111110110011	236
10111110110100	177
10111110110101	516
10111110110110	105
10111110110111	260
10111110111000	265
10111110111001	504
10111110111010	122
10111110111011	273
10111110111100	312
10111110111101	425
10111110111110	161
10111110111111	201
10111111000000	131
10111111000001	205
10111111000010	111
10111111000011	281
10111111000100	86
10111111000101	262
10111111000110	79
10111111000111	211
10111111001000	127
10111111001001	257
10111111001010	113
10111111001011	198
10111111001100	135
10111111001101	252
10111111001110	106
10111111001111	156
10111111010000	64
10111111010001	180
10111111010010	73
10111111010011	177
10111111010100	70
10111111010101	201
10111111010110	60
10111111010111	162
10111111011000	103
10111111011001	185
10111111011010	110
10111111011011	219
10111111011100	111
10111111011101	161
10111111011110	104
10111111011111	170
10111111100000	154
10111111100001	321
10111111100010	93
10111111100011	257
10111111100100	177
10111111100101	266
10111111100110	107
10111111100111	165
10111111101000	190
10111111101001	259
10111111101010	141
10111111101011	244
10111111101100	189
10111111101101	282
10111111101110	144
10111111101111	146
10111111110000	57
10111111110001	197
10111111110010	48
10111111110011	172
10111111110100	100
10111111110101	226
10111111110110	81
10111111110111	203
10111111111000	145
10111111111001	286
10111111111010	90
10111111111011	261
10111111111100	153
10111111111101	222
10111111111110	82
10111111111111	229
11000000000000	215
11000000000001	270
11000000000010	143
11000000000011	156
11000000000100	202
11000000000101	292
11000000000110	148
11000000000111	193
11000000001000	248
11000000001001	217
11000000001010	198
11000000001011	176
11000000001100	268
11000000001101	278
11000000001110	146
11000000001111	198
11000000010000	116
11000000010001	194
11000000010010	74
11000000010011	188
11000000010100	114
11000000010101	181
11000000010110	88
11000000010111	149
11000000011000	174
11000000011001	212
11000000011010	115
11000000011011	156
11000000011100	140
11000000011101	254
11000000011110	83
11000000011111	167
11000000100000	219
11000000100001	355
11000000100010	139
11000000100011	190
11000000100100	268
11000000100101	461
11000000100110	136
11000000100111	216
11000000101000	260
11000000101001	405
11000000101010	178
11000000101011	193
11000000101100	229
11000000101101	266
11000000101110	134
11000000101111	153
11000000110000	143
11000000110001	259
11000000110010	85
11000000110011	156
11000000110100	117
11000000110101	230
11000000110110	78
11000000110111	142
11000000111000	161
11000000111001	271
11000000111010	127
11000000111011	227
11000000111100	140
11000000111101	228
11000000111110	123
11000000111111	111
11000001000000	115
11000001000001	250
11000001000010	93
11000001000011	225
11000001000100	128
11000001000101	174
11000001000110	126
11000001000111	189
11000001001000	130
11000001001001	238
11000001001010	96
11000001001011	152
11000001001100	108
11000001001101	167
11000001001110	107
11000001001111	148
11000001010000	65
11000001010001	164
11000001010010	48
11000001010011	109
11000001010100	56
11000001010101	186
11000001010110	61
11000001010111	171
11000001011000	77
11000001011001	178
11000001011010	99
11000001011011	171
11000001011100	85
11000001011101	156
11000001011110	72
11000001011111	127
11000001100000	128
11000001100001	242
11000001100010	99
11000001100011	210
11000001100100	125
11000001100101	276
11000001100110	112
11000001100111	143
11000001101000	141
11000001101001	250
11000001101010	122
11000001101011	203
11000001101100	116
11000001101101	218
11000001101110	87
11000001101111	153
11000001110000	62
11000001110001	102
11000001110010	56
11000001110011	138
11000001110100	83
11000001110101	169
11000001110110	53
11000001110111	148
11000001111000	57
11000001111001	141
11000001111010	64
11000001111011	141
11000001111100	90
11000001111101	203
11000001111110	90
11000001111111	143
11000010000000	104
11000010000001	202
11000010000010	76
11000010000011	177
11000010000100	129
11000010000101	253
11000010000110	115
11000010000111	114
11000010001000	151
11000010001001	129
11000010001010	111
11000010001011	140
11000010001100	159
11000010001101	252
11000010001110	107
11000010001111	122
11000010010000	52
11000010010001	122
11000010010010	57
11000010010011	110
11000010010100	94
11000010010101	205
11000010010110	79
11000010010111	104
11000010011000	86
11000010011001	180
11000010011010	82
11000010011011	66
11000010011100	87
11000010011101	179
11000010011110	61
11000010011111	147
11000010100000	190
11000010100001	213
11000010100010	127
11000010100011	168
11000010100100	235
11000010100101	321
11000010100110	116
11000010100111	196
11000010101000	199
11000010101001	239
11000010101010	141
11000010101011	164
11000010101100	199
11000010101101	226
11000010101110	104
11000010101111	152
11000010110000	78
11000010110001	206
11000010110010	58
11000010110011	80
11000010110100	59
11000010110101	227
11000010110110	47
11000010110111	161
11000010111000	134
11000010111001	241
11000010111010	66
11000010111011	184
11000010111100	113
11000010111101	189
11000010111110	89
11000010111111	126
11000011000000	62
11000011000001	131
11000011000010	77
11000011000011	140
11000011000100	107
11000011000101	131
11000011000110	96
11000011000111	139
11000011001000	78
11000011001001	168
11000011001010	116
11000011001011	101
11000011001100	115
11000011001101	163
11000011001110	71
11000011001111	126
11000011010000	43
11000011010001	123
11000011010010	41
11000011010011	95
11000011010100	52
11000011010101	90
11000011010110	29
11000011010111	114
11000011011000	71
11000011011001	83
11000011011010	43
11000011011011	103
11000011011100	65
11000011011101	128
11000011011110	33
11000011011111	119
11000011100000	78
11000011100001	143
11000011100010	86
11000011100011	119
11000011100100	97
11000011100101	128
11000011100110	81
11000011100111	147
11000011101000	106
11000011101001	157
11000011101010	93
11000011101011	132
11000011101100	105
11000011101101	163
11000011101110	73
11000011101111	165
11000011110000	50
11000011110001	110
11000011110010	42
11000011110011	106
11000011110100	49
11000011110101	129
11000011110110	54
11000011110111	138
11000011111000	80
11000011111001	128
11000011111010	76
11000011111011	162
11000011111100	61
11000011111101	190
11000011111110	61
11000011111111	133
11000100000000	163
11000100000001	201
11000100000010	113
11000100000011	155
11000100000100	132
11000100000101	191
11000100000110	149
11000100000111	175
11000100001000	176
11000100001001	216
11000100001010	125
11000100001011	138
11000100001100	252
11000100001101	196
11000100001110	87
11000100001111	102
11000100010000	55
11000100010001	164
11000100010010	91
11000100010011	122
11000100010100	85
11000100010101	221
11000100010110	55
11000100010111	143
11000100011000	90
11000100011001	149
11000100011010	86
11000100011011	142
11000100011100	116
11000100011101	191
11000100011110	68
11000100011111	86
11000100100000	210
11000100100001	249
11000100100010	131
11000100100011	153
11000100100100	169
11000100100101	307
11000100100110	128
11000100100111	205
11000100101000	275
11000100101001	335
11000100101010	140
11000100101011	142
11000100101100	204
11000100101101	314
11000100101110	126
11000100101111	176
11000100110000	123
11000100110001	251
11000100110010	61
11000100110011	98
11000100110100	123
11000100110101	165
11000100110110	82
11000100110111	109
11000100111000	178
11000100111001	259
11000100111010	109
11000100111011	168
11000100111100	150
11000100111101	285
11000100111110	100
11000100111111	120
11000101000000	53
11000101000001	153
11000101000010	93
11000101000011	178
11000101000100	109
11000101000101	210
11000101000110	53
11000101000111	119
11000101001000	124
11000101001001	194
11000101001010	64
11000101001011	108
11000101001100	80
11000101001101	138
11000101001110	77
11000101001111	166
11000101010000	44
11000101010001	138
11000101010010	32
11000101010011	145
11000101010100	54
11000101010101	176
11000101010110	45
11000101010111	103
11000101011000	79
11000101011001	135
11000101011010	44
11000101011011	125
11000101011100	49
11000101011101	117
11000101011110	69
11000101011111	152
11000101100000	112
11000101100001	157
11000101100010	96
11000101100011	151
11000101100100	98
11000101100101	203
11000101100110	71
11000101100111	153
11000101101000	89
11000101101001	183
11000101101010	62
11000101101011	162
11000101101100	139
11000101101101	255
11000101101110	74
11000101101111	112
11000101110000	44
11000101110001	170
11000101110010	34
11000101110011	130
11000101110100	54
11000101110101	203
11000101110110	46
11000101110111	126
11000101111000	62
11000101111001	126
11000101111010	61
11000101111011	139
11000101111100	93
11000101111101	170
11000101111110	71
11000101111111	140
11000110000000	138
11000110000001	250
11000110000010	89
11000110000011	140
11000110000100	179
11000110000101	310
11000110000110	119
11000110000111	152
11000110001000	192
11000110001001	232
11000110001010	155
11000110001011	158
11000110001100	180
11000110001101	187
11000110001110	130
11000110001111	115
11000110010000	91
11000110010001	210
11000110010010	72
11000110010011	154
11000110010100	96
11000110010101	218
11000110010110	80
11000110010111	169
11000110011000	134
11000110011001	198
11000110011010	92
11000110011011	166
11000110011100	140
11000110011101	202
11000110011110	97
11000110011111	177
11000110100000	217
11000110100001	309
11000110100010	97
11000110100011	119
11000110100100	242
11000110100101	279
11000110100110	122
11000110100111	253
11000110101000	272
11000110101001	301
11000110101010	152
11000110101011	193
11000110101100	196
11000110101101	243
11000110101110	93
11000110101111	112
11000110110000	81
11000110110001	187
11000110110010	65
11000110110011	147
11000110110100	108
11000110110101	260
11000110110110	55
11000110110111	137
11000110111000	165
11000110111001	269
11000110111010	140
11000110111011	120
11000110111100	166
11000110111101	222
11000110111110	86
11000110111111	134
11000111000000	66
11000111000001	143
11000111000010	71
11000111000011	175
11000111000100	83
11000111000101	140
11000111000110	74
11000111000111	128
11000111001000	111
11000111001001	134
11000111001010	80
11000111001011	163
11000111001100	77
11000111001101	127
11000111001110	130
11000111001111	118
11000111010000	31
11000111010001	124
11000111010010	46
11000111010011	111
11000111010100	55
11000111010101	101
11000111010110	51
11000111010111	113
11000111011000	59
11000111011001	163
11000111011010	51
11000111011011	105
11000111011100	93
11000111011101	135
11000111011110	83
11000111011111	120
11000111100000	124
11000111100001	215
11000111100010	110
11000111100011	166
11000111100100	122
11000111100101	190
11000111100110	107
11000111100111	133
11000111101000	114
11000111101001	132
11000111101010	95
11000111101011	168
11000111101100	132
11000111101101	188
11000111101110	120
11000111101111	103
11000111110000	52
11000111110001	112
11000111110010	58
11000111110011	124
11000111110100	53
11000111110101	168
11000111110110	70
11000111110111	167
11000111111000	90
11000111111001	139
11000111111010	76
11000111111011	125
11000111111100	106
11000111111101	219
11000111111110	63
11000111111111	116
11001000000000	301
11001000000001	423
11001000000010	194
11001000000011	268
11001000000100	251
11001000000101	312
11001000000110	164
11001000000111	286
11001000001000	303
11001000001001	379
11001000001010	288
11001000001011	343
11001000001100	279
11001000001101	283
11001000001110	214
11001000001111	253
11001000010000	123
11001000010001	320
11001000010010	104
11001000010011	189
11001000010100	119
11001000010101	248
11001000010110	100
11001000010111	219
11001000011000	228
11001000011001	324
11001000011010	141
11001000011011	253
11001000011100	146
11001000011101	306
11001000011110	162
11001000011111	223
11001000100000	262
11001000100001	527
11001000100010	231
11001000100011	265
11001000100100	248
11001000100101	491
11001000100110	255
11001000100111	255
11001000101000	442
11001000101001	443
11001000101010	252
11001000101011	290
11001000101100	361
11001000101101	341
11001000101110	183
11001000101111	225
11001000110000	179
11001000110001	349
11001000110010	109
11001000110011	239
11001000110100	161
11001000110101	423
11001000110110	91
11001000110111	268
11001000111000	208
11001000111001	389
11001000111010	182
11001000111011	262
11001000111100	247
11001000111101	353
11001000111110	130
11001000111111	177
11001001000000	121
11001001000001	287
11001001000010	133
11001001000011	250
11001001000100	145
11001001000101	255
11001001000110	112
11001001000111	258
11001001001000	151
11001001001001	297
11001001001010	123
11001001001011	252
11001001001100	134
11001001001101	315
11001001001110	115
11001001001111	215
11001001010000	69
11001001010001	183
11001001010010	78
11001001010011	141
11001001010100	67
11001001010101	252
11001001010110	68
11001001010111	230
11001001011000	125
11001001011001	165
11001001011010	128
11001001011011	231
11001001011100	109
11001001011101	246
11001001011110	102
11001001011111	171
11001001100000	175
11001001100001	284
11001001100010	104
11001001100011	199
11001001100100	155
11001001100101	347
11001001100110	133
11001001100111	247
11001001101000	190
11001001101001	288
11001001101010	126
11001001101011	266
11001001101100	209
11001001101101	315
11001001101110	108
11001001101111	230
11001001110000	84
11001001110001	224
11001001110010	78
11001001110011	245
11001001110100	97
11001001110101	284
11001001110110	91
11001001110111	264
11001001111000	141
11001001111001	252
11001001111010	81
11001001111011	238
11001001111100	118
11001001111101	246
11001001111110	105
11001001111111	290
11001010000000	235
11001010000001	341
11001010000010	172
11001010000011	261
11001010000100	256
11001010000101	347
11001010000110	235
11001010000111	258
11001010001000	348
11001010001001	334
11001010001010	216
11001010001011	296
11001010001100	266
11001010001101	360
11001010001110	150
11001010001111	186
11001010010000	99
11001010010001	263
11001010010010	76
11001010010011	169
11001010010100	161
11001010010101	301
11001010010110	102
11001010010111	204
11001010011000	150
11001010011001	287
11001010011010	100
11001010011011	187
11001010011100	156
11001010011101	308
11001010011110	169
11001010011111	218
11001010100000	250
11001010100001	436
11001010100010	177
11001010100011	237
11001010100100	254
11001010100101	495
11001010100110	152
11001010100111	253
11001010101000	303
11001010101001	340
11001010101010	223
11001010101011	211
11001010101100	294
11001010101101	411
11001010101110	167
11001010101111	156
11001010110000	103
11001010110001	346
11001010110010	79
11001010110011	140
11001010110100	145
11001010110101	296
11001010110110	113
11001010110111	217
11001010111000	213
11001010111001	379
11001010111010	90
11001010111011	284
11001010111100	224
11001010111101	373
11001010111110	148
11001010111111	251
11001011000000	138
11001011000001	256
11001011000010	149
11001011000011	197
11001011000100	108
11001011000101	151
11001011000110	108
11001011000111	187
11001011001000	139
11001011001001	224
11001011001010	156
11001011001011	212
11001011001100	128
11001011001101	175
11001011001110	103
11001011001111	178
11001011010000	52
11001011010001	123
11001011010010	71
11001011010011	183
11001011010100	74
11001011010101	123
11001011010110	67
11001011010111	200
11001011011000	116
11001011011001	187
11001011011010	114
11001011011011	225
11001011011100	76
11001011011101	123
11001011011110	82
11001011011111	185
11001011100000	124
11001011100001	261
11001011100010	115
11001011100011	173
11001011100100	128
11001011100101	228
11001011100110	146
11001011100111	197
11001011101000	178
11001011101001	243
11001011101010	163
11001011101011	179
11001011101100	142
11001011101101	182
11001011101110	113
11001011101111	187
11001011110000	84
11001011110001	174
11001011110010	58
11001011110011	163
11001011110100	76
11001011110101	214
11001011110110	63
11001011110111	137
11001011111000	111
11001011111001	191
11001011111010	119
11001011111011	208
11001011111100	97
11001011111101	166
11001011111110	100
11001011111111	152
11001100000000	238
11001100000001	409
11001100000010	134
11001100000011	291
11001100000100	251
11001100000101	378
11001100000110	165
11001100000111	255
11001100001000	282
11001100001001	313
11001100001010	178
11001100001011	229
11001100001100	251
11001100001101	376
11001100001110	189
11001100001111	194
11001100010000	125
11001100010001	289
11001100010010	82
11001100010011	167
11001100010100	126
11001100010101	264
11001100010110	74
11001100010111	209
11001100011000	177
11001100011001	313
11001100011010	132
11001100011011	190
11001100011100	195
11001100011101	354
11001100011110	131
11001100011111	176
11001100100000	315
11001100100001	427
11001100100010	205
11001100100011	235
11001100100100	267
11001100100101	389
11001100100110	156
11001100100111	297
11001100101000	318
11001100101001	422
11001100101010	147
11001100101011	256
11001100101100	291
11001100101101	291
11001100101110	182
11001100101111	210
11001100110000	154
11001100110001	289
11001100110010	87
11001100110011	224
11001100110100	153
11001100110101	241
11001100110110	103
11001100110111	217
11001100111000	247
11001100111001	286
11001100111010	142
11001100111011	226
11001100111100	242
11001100111101	292
11001100111110	107
11001100111111	188
11001101000000	98
11001101000001	230
11001101000010	104
11001101000011	238
11001101000100	120
11001101000101	283
11001101000110	94
11001101000111	222
11001101001000	150
11001101001001	241
11001101001010	122
11001101001011	205
11001101001100	146
11001101001101	143
11001101001110	117
11001101001111	156
11001101010000	47
11001101010001	181
11001101010010	55
11001101010011	209
11001101010100	51
11001101010101	202
11001101010110	58
11001101010111	162
11001101011000	95
11001101011001	159
11001101011010	84
11001101011011	180
11001101011100	66
11001101011101	245
11001101011110	87
11001101011111	155
11001101100000	127
11001101100001	329
11001101100010	72
11001101100011	152
11001101100100	172
11001101100101	271
11001101100110	134
11001101100111	172
11001101101000	201
11001101101001	292
11001101101010	123
11001101101011	211
11001101101100	136
11001101101101	244
11001101101110	119
11001101101111	135
11001101110000	43
11001101110001	165
11001101110010	51
11001101110011	155
11001101110100	94
11001101110101	258
11001101110110	62
11001101110111	193
11001101111000	120
11001101111001	252
11001101111010	106
11001101111011	209
11001101111100	141
11001101111101	251
11001101111110	89
11001101111111	191
11001110000000	276
11001110000001	318
11001110000010	172
11001110000011	270
11001110000100	270
11001110000101	339
11001110000110	209
11001110000111	264
11001110001000	335
11001110001001	381
11001110001010	190
11001110001011	262
11001110001100	336
11001110001101	438
11001110001110	165
11001110001111	231
11001110010000	137
11001110010001	307
11001110010010	97
11001110010011	198
11001110010100	125
11001110010101	280
11001110010110	115
11001110010111	171
11001110011000	244
11001110011001	265
11001110011010	137
11001110011011	241
11001110011100	264
11001110011101	297
11001110011110	123
11001110011111	193
11001110100000	250
11001110100001	422
11001110100010	250
11001110100011	297
11001110100100	334
11001110100101	570
11001110100110	175
11001110100111	265
11001110101000	337
11001110101001	472
11001110101010	179
11001110101011	266
11001110101100	454
11001110101101	405
11001110101110	193
11001110101111	278
11001110110000	146
11001110110001	349
11001110110010	97
11001110110011	187
11001110110100	149
11001110110101	488
11001110110110	102
11001110110111	248
11001110111000	253
11001110111001	345
11001110111010	212
11001110111011	257
11001110111100	280
11001110111101	476
11001110111110	133
11001110111111	220
11001111000000	95
11001111000001	226
11001111000010	69
11001111000011	234
11001111000100	104
11001111000101	221
11001111000110	154
11001111000111	205
11001111001000	116
11001111001001	215
11001111001010	136
11001111001011	209
11001111001100	125
11001111001101	172
11001111001110	116
11001111001111	187
11001111010000	67
11001111010001	150
11001111010010	65
11001111010011	169
11001111010100	55
11001111010101	217
11001111010110	71
11001111010111	165
11001111011000	76
11001111011001	160
11001111011010	104
11001111011011	240
11001111011100	83
11001111011101	155
11001111011110	72
11001111011111	200
11001111100000	152
11001111100001	284
11001111100010	168
11001111100011	251
11001111100100	171
11001111100101	224
11001111100110	133
11001111100111	245
11001111101000	179
11001111101001	301
11001111101010	138
11001111101011	192
11001111101100	142
11001111101101	169
11001111101110	159
11001111101111	217
11001111110000	82
11001111110001	162
11001111110010	55
11001111110011	191
11001111110100	78
11001111110101	174
11001111110110	74
11001111110111	174
11001111111000	87
11001111111001	229
11001111111010	94
11001111111011	210
11001111111100	131
11001111111101	163
11001111111110	91
11001111111111	189
11010000000000	295
11010000000001	366
11010000000010	230
11010000000011	319
11010000000100	328
11010000000101	573
11010000000110	246
11010000000111	247
11010000001000	399
11010000001001	490
11010000001010	263
11010000001011	298
11010000001100	386
11010000001101	400
11010000001110	206
11010000001111	257
11010000010000	145
11010000010001	368
11010000010010	155
11010000010011	282
11010000010100	169
11010000010101	303
11010000010110	138
11010000010111	300
11010000011000	292
11010000011001	308
11010000011010	221
11010000011011	329
11010000011100	233
11010000011101	399
11010000011110	154
11010000011111	278
11010000100000	394
11010000100001	535
11010000100010	257
11010000100011	321
11010000100100	372
11010000100101	563
11010000100110	204
11010000100111	319
11010000101000	439
11010000101001	529
11010000101010	253
11010000101011	340
11010000101100	412
11010000101101	496
11010000101110	264
11010000101111	288
11010000110000	164
11010000110001	392
11010000110010	109
11010000110011	309
11010000110100	214
11010000110101	460
11010000110110	130
11010000110111	279
11010000111000	252
11010000111001	597
11010000111010	236
11010000111011	312
11010000111100	307
11010000111101	457
11010000111110	168
11010000111111	274
11010001000000	155
11010001000001	309
11010001000010	174
11010001000011	341
11010001000100	170
11010001000101	337
11010001000110	158
11010001000111	260
11010001001000	231
11010001001001	322
11010001001010	131
11010001001011	279
11010001001100	218
11010001001101	365
11010001001110	115
11010001001111	191
11010001010000	100
11010001010001	327
11010001010010	66
11010001010011	193
11010001010100	140
11010001010101	239
11010001010110	71
11010001010111	274
11010001011000	87
11010001011001	299
11010001011010	140
11010001011011	289
11010001011100	142
11010001011101	287
11010001011110	116
11010001011111	180
11010001100000	188
11010001100001	343
11010001100010	152
11010001100011	343
11010001100100	201
11010001100101	400
11010001100110	123
11010001100111	217
11010001101000	215
11010001101001	358
11010001101010	172
11010001101011	214
11010001101100	222
11010001101101	387
11010001101110	121
11010001101111	176
11010001110000	108
11010001110001	388
11010001110010	100
11010001110011	264
11010001110100	114
11010001110101	431
11010001110110	113
11010001110111	241
11010001111000	174
11010001111001	465
11010001111010	114
11010001111011	327
11010001111100	117
11010001111101	419
11010001111110	76
11010001111111	263
11010010000000	247
11010010000001	479
11010010000010	187
11010010000011	346
11010010000100	290
11010010000101	405
11010010000110	161
11010010000111	267
11010010001000	389
11010010001001	369
11010010001010	223
11010010001011	273
11010010001100	268
11010010001101	396
11010010001110	215
11010010001111	271
11010010010000	159
11010010010001	305
11010010010010	95
11010010010011	290
11010010010100	130
11010010010101	314
11010010010110	99
11010010010111	289
11010010011000	190
11010010011001	364
11010010011010	156
11010010011011	219
11010010011100	214
11010010011101	451
11010010011110	209
11010010011111	229
11010010100000	356
11010010100001	516
11010010100010	227
11010010100011	309
11010010100100	369
11010010100101	527
11010010100110	173
11010010100111	269
11010010101000	301
11010010101001	523
11010010101010	164
11010010101011	299
11010010101100	391
11010010101101	400
11010010101110	150
11010010101111	198
11010010110000	154
11010010110001	320
11010010110010	112
11010010110011	173
11010010110100	127
11010010110101	427
11010010110110	120
11010010110111	337
11010010111000	252
11010010111001	364
11010010111010	135
11010010111011	335
11010010111100	256
11010010111101	374
11010010111110	150
11010010111111	282
11010011000000	127
11010011000001	150
11010011000010	124
11010011000011	210
11010011000100	119
11010011000101	199
11010011000110	104
11010011000111	177
11010011001000	170
11010011001001	200
11010011001010	162
11010011001011	203
11010011001100	109
11010011001101	179
11010011001110	125
11010011001111	159
11010011010000	36
11010011010001	210
11010011010010	69
11010011010011	154
11010011010100	60
11010011010101	132
11010011010110	92
11010011010111	170
11010011011000	93
11010011011001	253
11010011011010	103
11010011011011	277
11010011011100	137
11010011011101	154
11010011011110	93
11010011011111	214
11010011100000	197
11010011100001	222
11010011100010	124
11010011100011	168
11010011100100	181
11010011100101	274
11010011100110	95
11010011100111	207
11010011101000	131
11010011101001	290
11010011101010	145
11010011101011	262
11010011101100	151
11010011101101	315
11010011101110	116
11010011101111	193
11010011110000	55
11010011110001	203
11010011110010	92
11010011110011	234
11010011110100	82
11010011110101	223
11010011110110	83
11010011110111	219
11010011111000	130
11010011111001	182
11010011111010	112
11010011111011	201
11010011111100	125
11010011111101	255
11010011111110	117
11010011111111	197
11010100000000	309
11010100000001	418
11010100000010	215
11010100000011	298
11010100000100	315
11010100000101	392
11010100000110	210
11010100000111	299
11010100001000	316
11010100001001	377
11010100001010	225
11010100001011	284
11010100001100	345
11010100001101	442
11010100001110	219
11010100001111	236
11010100010000	141
11010100010001	348
11010100010010	118
11010100010011	258
11010100010100	181
11010100010101	413
11010100010110	117
11010100010111	280
11010100011000	240
11010100011001	308
11010100011010	193
11010100011011	308
11010100011100	238
11010100011101	390
11010100011110	142
11010100011111	294
11010100100000	318
11010100100001	512
11010100100010	213
11010100100011	343
11010100100100	402
11010100100101	603
11010100100110	169
11010100100111	338
11010100101000	425
11010100101001	555
11010100101010	240
11010100101011	391
11010100101100	490
11010100101101	548
11010100101110	247
11010100101111	264
11010100110000	228
11010100110001	438
11010100110010	95
11010100110011	267
11010100110100	194
11010100110101	425
11010100110110	109
11010100110111	270
11010100111000	265
11010100111001	567
11010100111010	197
11010100111011	240
11010100111100	267
11010100111101	471
11010100111110	194
11010100111111	248
11010101000000	147
11010101000001	252
11010101000010	138
11010101000011	258
11010101000100	138
11010101000101	326
11010101000110	138
11010101000111	248
11010101001000	169
11010101001001	315
11010101001010	104
11010101001011	261
11010101001100	173
11010101001101	273
11010101001110	125
11010101001111	184
11010101010000	72
11010101010001	230
11010101010010	59
11010101010011	295
11010101010100	70
11010101010101	306
11010101010110	87
11010101010111	325
11010101011000	137
11010101011001	305
11010101011010	112
11010101011011	232
11010101011100	119
11010101011101	303
11010101011110	109
11010101011111	180
11010101100000	181
11010101100001	320
11010101100010	104
11010101100011	223
11010101100100	160
11010101100101	369
11010101100110	142
11010101100111	238
11010101101000	210
11010101101001	290
11010101101010	176
11010101101011	209
11010101101100	224
11010101101101	329
11010101101110	138
11010101101111	167
11010101110000	87
11010101110001	333
11010101110010	92
11010101110011	298
11010101110100	126
11010101110101	395
11010101110110	81
11010101110111	239
11010101111000	167
11010101111001	334
11010101111010	109
11010101111011	302
11010101111100	156
11010101111101	334
11010101111110	96
11010101111111	231
11010110000000	385
11010110000001	446
11010110000010	201
11010110000011	353
11010110000100	373
11010110000101	658
11010110000110	216
11010110000111	241
11010110001000	330
11010110001001	420
11010110001010	238
11010110001011	357
11010110001100	412
11010110001101	394
11010110001110	241
11010110001111	318
11010110010000	166
11010110010001	369
11010110010010	142
11010110010011	309
11010110010100	183
11010110010101	439
11010110010110	99
11010110010111	363
11010110011000	278
11010110011001	411
11010110011010	177
11010110011011	285
11010110011100	268
11010110011101	351
11010110011110	180
11010110011111	294
11010110100000	335
11010110100001	604
11010110100010	254
11010110100011	380
11010110100100	403
11010110100101	602
11010110100110	258
11010110100111	336
11010110101000	482
11010110101001	583
11010110101010	250
11010110101011	320
11010110101100	459
11010110101101	535
11010110101110	224
11010110101111	309
11010110110000	199
11010110110001	473
11010110110010	134
11010110110011	253
11010110110100	231
11010110110101	521
11010110110110	123
11010110110111	278
11010110111000	284
11010110111001	493
11010110111010	159
11010110111011	310
11010110111100	283
11010110111101	569
11010110111110	158
11010110111111	221
11010111000000	147
11010111000001	223
11010111000010	165
11010111000011	237
11010111000100	147
11010111000101	394
11010111000110	134
11010111000111	282
11010111001000	159
11010111001001	312
11010111001010	175
11010111001011	278
11010111001100	148
11010111001101	174
11010111001110	146
11010111001111	207
11010111010000	114
11010111010001	235
11010111010010	68
11010111010011	207
11010111010100	105
11010111010101	228
11010111010110	76
11010111010111	233
11010111011000	85
11010111011001	271
11010111011010	122
11010111011011	245
11010111011100	90
11010111011101	301
11010111011110	115
11010111011111	235
11010111100000	167
11010111100001	290
11010111100010	148
11010111100011	283
11010111100100	221
11010111100101	286
11010111100110	124
11010111100111	286
11010111101000	204
11010111101001	349
11010111101010	165
11010111101011	310
11010111101100	224
11010111101101	269
11010111101110	136
11010111101111	256
11010111110000	84
11010111110001	195
11010111110010	96
11010111110011	212
11010111110100	108
11010111110101	285
11010111110110	114
11010111110111	352
11010111111000	163
11010111111001	199
11010111111010	165
11010111111011	300
11010111111100	136
11010111111101	339
11010111111110	165
11010111111111	248
11011000000000	186
11011000000001	371
11011000000010	146
11011000000011	248
11011000000100	221
11011000000101	349
11011000000110	141
11011000000111	163
11011000001000	222
11011000001001	297
11011000001010	202
11011000001011	235
11011000001100	245
11011000001101	317
11011000001110	148
11011000001111	199
11011000010000	149
11011000010001	391
11011000010010	82
11011000010011	170
11011000010100	100
11011000010101	291
11011000010110	107
11011000010111	198
11011000011000	149
11011000011001	292
11011000011010	128
11011000011011	250
11011000011100	171
11011000011101	264
11011000011110	127
11011000011111	181
11011000100000	359
11011000100001	372
11011000100010	160
11011000100011	291
11011000100100	289
11011000100101	368
11011000100110	186
11011000100111	219
11011000101000	342
11011000101001	301
11011000101010	236
11011000101011	266
11011000101100	317
11011000101101	346
11011000101110	184
11011000101111	233
11011000110000	167
11011000110001	317
11011000110010	87
11011000110011	183
11011000110100	164
11011000110101	333
11011000110110	83
11011000110111	187
11011000111000	288
11011000111001	421
11011000111010	152
11011000111011	199
11011000111100	228
11011000111101	271
11011000111110	106
11011000111111	208
11011001000000	132
11011001000001	313
11011001000010	100
11011001000011	214
11011001000100	146
11011001000101	293
11011001000110	106
11011001000111	223
11011001001000	165
11011001001001	212
11011001001010	113
11011001001011	209
11011001001100	111
11011001001101	192
11011001001110	128
11011001001111	165
11011001010000	76
11011001010001	173
11011001010010	67
11011001010011	178
11011001010100	91
11011001010101	170
11011001010110	66
11011001010111	144
11011001011000	107
11011001011001	187
11011001011010	64
11011001011011	157
11011001011100	93
11011001011101	193
11011001011110	84
11011001011111	159
11011001100000	116
11011001100001	279
11011001100010	108
11011001100011	187
11011001100100	134
11011001100101	317
11011001100110	101
11011001100111	133
11011001101000	205
11011001101001	254
11011001101010	159
11011001101011	216
11011001101100	169
11011001101101	260
11011001101110	75
11011001101111	143
11011001110000	82
11011001110001	282
11011001110010	60
11011001110011	175
11011001110100	116
11011001110101	304
11011001110110	93
11011001110111	180
11011001111000	136
11011001111001	212
11011001111010	68
11011001111011	207
11011001111100	149
11011001111101	214
11011001111110	95
11011001111111	154
11011010000000	204
11011010000001	353
11011010000010	139
11011010000011	239
11011010000100	262
11011010000101	362
11011010000110	132
11011010000111	220
11011010001000	160
11011010001001	343
11011010001010	157
11011010001011	219
11011010001100	272
11011010001101	229
11011010001110	151
11011010001111	170
11011010010000	85
11011010010001	219
11011010010010	70
11011010010011	159
11011010010100	118
11011010010101	292
11011010010110	51
11011010010111	197
11011010011000	146
11011010011001	330
11011010011010	108
11011010011011	218
11011010011100	173
11011010011101	199
11011010011110	103
11011010011111	179
11011010100000	228
11011010100001	386
11011010100010	129
11011010100011	207
11011010100100	251
11011010100101	407
11011010100110	156
11011010100111	276
11011010101000	242
11011010101001	314
11011010101010	180
11011010101011	237
11011010101100	266
11011010101101	349
11011010101110	198
11011010101111	199
11011010110000	98
11011010110001	262
11011010110010	67
11011010110011	149
11011010110100	119
11011010110101	311
11011010110110	78
11011010110111	150
11011010111000	168
11011010111001	342
11011010111010	104
11011010111011	241
11011010111100	183
11011010111101	282
11011010111110	78
11011010111111	195
11011011000000	90
11011011000001	162
11011011000010	74
11011011000011	170
11011011000100	103
11011011000101	120
11011011000110	109
11011011000111	160
11011011001000	157
11011011001001	148
11011011001010	113
11011011001011	161
11011011001100	87
11011011001101	137
11011011001110	132
11011011001111	159
11011011010000	48
11011011010001	131
11011011010010	35
11011011010011	169
11011011010100	53
11011011010101	118
11011011010110	48
11011011010111	124
11011011011000	75
11011011011001	173
11011011011010	109
11011011011011	188
11011011011100	60
11011011011101	158
11011011011110	54
11011011011111	196
11011011100000	109
11011011100001	202
11011011100010	107
11011011100011	160
11011011100100	100
11011011100101	205
11011011100110	88
11011011100111	138
11011011101000	118
11011011101001	238
11011011101010	93
11011011101011	171
11011011101100	154
11011011101101	203
11011011101110	100
11011011101111	140
11011011110000	78
11011011110001	147
11011011110010	57
11011011110011	116
11011011110100	79
11011011110101	158
11011011110110	51
11011011110111	145
11011011111000	62
11011011111001	249
11011011111010	85
11011011111011	137
11011011111100	68
11011011111101	157
11011011111110	78
11011011111111	159
11011100000000	171
11011100000001	371
11011100000010	132
11011100000011	219
11011100000100	232
11011100000101	277
11011100000110	129
11011100000111	208
11011100001000	248
11011100001001	264
11011100001010	132
11011100001011	233
11011100001100	190
11011100001101	258
11011100001110	135
11011100001111	158
11011100010000	109
11011100010001	203
11011100010010	76
11011100010011	201
11011100010100	97
11011100010101	297
11011100010110	84
11011100010111	205
11011100011000	156
11011100011001	314
11011100011010	109
11011100011011	193
11011100011100	161
11011100011101	221
11011100011110	107
11011100011111	214
11011100100000	259
11011100100001	369
11011100100010	152
11011100100011	230
11011100100100	228
11011100100101	360
11011100100110	172
11011100100111	240
11011100101000	349
11011100101001	430
11011100101010	220
11011100101011	208
11011100101100	238
11011100101101	288
11011100101110	180
11011100101111	204
11011100110000	135
11011100110001	211
11011100110010	63
11011100110011	129
11011100110100	113
11011100110101	298
11011100110110	75
11011100110111	178
11011100111000	198
11011100111001	351
11011100111010	140
11011100111011	197
11011100111100	188
11011100111101	312
11011100111110	102
11011100111111	258
11011101000000	121
11011101000001	277
11011101000010	99
11011101000011	218
11011101000100	107
11011101000101	243
11011101000110	67
11011101000111	183
11011101001000	118
11011101001001	181
11011101001010	82
11011101001011	151
11011101001100	140
11011101001101	184
11011101001110	73
11011101001111	164
11011101010000	64
11011101010001	180
11011101010010	68
11011101010011	185
11011101010100	77
11011101010101	191
11011101010110	45
11011101010111	231
11011101011000	104
11011101011001	210
11011101011010	95
11011101011011	166
11011101011100	113
11011101011101	203
11011101011110	87
11011101011111	128
11011101100000	149
11011101100001	259
11011101100010	113
11011101100011	216
11011101100100	138
11011101100101	272
11011101100110	107
11011101100111	177
11011101101000	153
11011101101001	259
11011101101010	131
11011101101011	223
11011101101100	173
11011101101101	175
11011101101110	90
11011101101111	145
11011101110000	61
11011101110001	220
11011101110010	74
11011101110011	167
11011101110100	63
11011101110101	296
11011101110110	69
11011101110111	181
11011101111000	115
11011101111001	237
11011101111010	79
11011101111011	199
11011101111100	133
11011101111101	223
11011101111110	92
11011101111111	201
11011110000000	257
11011110000001	450
11011110000010	136
11011110000011	247
11011110000100	267
11011110000101	347
11011110000110	175
11011110000111	257
11011110001000	269
11011110001001	416
11011110001010	234
11011110001011	209
11011110001100	321
11011110001101	350
11011110001110	171
11011110001111	271
11011110010000	68
11011110010001	299
11011110010010	89
11011110010011	212
11011110010100	124
11011110010101	259
11011110010110	130
11011110010111	230
11011110011000	219
11011110011001	328
11011110011010	133
11011110011011	225
11011110011100	173
11011110011101	237
11011110011110	137
11011110011111	250
11011110100000	260
11011110100001	488
11011110100010	161
11011110100011	276
11011110100100	235
11011110100101	497
11011110100110	140
11011110100111	181
11011110101000	363
11011110101001	482
11011110101010	188
11011110101011	293
11011110101100	386
11011110101101	456
11011110101110	170
11011110101111	226
11011110110000	113
11011110110001	344
11011110110010	86
11011110110011	154
11011110110100	160
11011110110101	421
11011110110110	79
11011110110111	223
11011110111000	238
11011110111001	390
11011110111010	139
11011110111011	258
11011110111100	242
11011110111101	437
11011110111110	128
11011110111111	254
11011111000000	95
11011111000001	165
11011111000010	90
11011111000011	189
11011111000100	141
11011111000101	202
11011111000110	90
11011111000111	175
11011111001000	140
11011111001001	130
11011111001010	104
11011111001011	239
11011111001100	96
11011111001101	151
11011111001110	90
11011111001111	213
11011111010000	30
11011111010001	122
11011111010010	70
11011111010011	168
11011111010100	80
11011111010101	128
11011111010110	71
11011111010111	175
11011111011000	96
11011111011001	171
11011111011010	92
11011111011011	150
11011111011100	107
11011111011101	152
11011111011110	103
11011111011111	230
11011111100000	115
11011111100001	219
11011111100010	102
11011111100011	217
11011111100100	172
11011111100101	186
11011111100110	96
11011111100111	200
11011111101000	146
11011111101001	299
11011111101010	155
11011111101011	262
11011111101100	146
11011111101101	173
11011111101110	99
11011111101111	162
11011111110000	79
11011111110001	191
11011111110010	76
11011111110011	164
11011111110100	61
11011111110101	210
11011111110110	89
11011111110111	195
11011111111000	124
11011111111001	178
11011111111010	111
11011111111011	233
11011111111100	114
11011111111101	216
11011111111110	88
11011111111111	152
11100000000000	148
11100000000001	239
11100000000010	159
11100000000011	200
11100000000100	183
11100000000101	301
11100000000110	127
11100000000111	180
11100000001000	288
11100000001001	183
11100000001010	172
11100000001011	174
11100000001100	178
11100000001101	270
11100000001110	117
11100000001111	161
11100000010000	109
11100000010001	217
11100000010010	65
11100000010011	168
11100000010100	89
11100000010101	239
11100000010110	64
11100000010111	122
11100000011000	189
11100000011001	204
11100000011010	139
11100000011011	258
11100000011100	137
11100000011101	150
11100000011110	87
11100000011111	107
11100000100000	237
11100000100001	326
11100000100010	152
11100000100011	197
11100000100100	200
11100000100101	247
11100000100110	163
11100000100111	166
11100000101000	281
11100000101001	339
11100000101010	185
11100000101011	205
11100000101100	204
11100000101101	252
11100000101110	99
11100000101111	222
11100000110000	158
11100000110001	229
11100000110010	66
11100000110011	152
11100000110100	174
11100000110101	167
11100000110110	78
11100000110111	154
11100000111000	189
11100000111001	359
11100000111010	121
11100000111011	190
11100000111100	168
11100000111101	202
11100000111110	132
11100000111111	179
11100001000000	88
11100001000001	132
11100001000010	76
11100001000011	156
11100001000100	67
11100001000101	160
11100001000110	77
11100001000111	124
11100001001000	137
11100001001001	167
11100001001010	84
11100001001011	105
11100001001100	87
11100001001101	142
11100001001110	52
11100001001111	83
11100001010000	39
11100001010001	130
11100001010010	68
11100001010011	113
11100001010100	72
11100001010101	132
11100001010110	34
11100001010111	80
11100001011000	71
11100001011001	145
11100001011010	43
11100001011011	154
11100001011100	55
11100001011101	166
11100001011110	39
11100001011111	180
11100001100000	120
11100001100001	172
11100001100010	89
11100001100011	101
11100001100100	111
11100001100101	170
11100001100110	61
11100001100111	107
11100001101000	130
11100001101001	198
11100001101010	107
11100001101011	181
11100001101100	164
11100001101101	193
11100001101110	96
11100001101111	192
11100001110000	74
11100001110001	192
11100001110010	44
11100001110011	109
11100001110100	51
11100001110101	161
11100001110110	58
11100001110111	114
11100001111000	109
11100001111001	173
11100001111010	99
11100001111011	176
11100001111100	96
11100001111101	148
11100001111110	98
11100001111111	163
11100010000000	119
11100010000001	164
11100010000010	63
11100010000011	97
11100010000100	108
11100010000101	308
11100010000110	92
11100010000111	132
11100010001000	157
11100010001001	186
11100010001010	72
11100010001011	108
11100010001100	117
11100010001101	186
11100010001110	77
11100010001111	102
11100010010000	58
11100010010001	184
11100010010010	37
11100010010011	154
11100010010100	45
11100010010101	137
11100010010110	60
11100010010111	103
11100010011000	91
11100010011001	210
11100010011010	54
11100010011011	120
11100010011100	52
11100010011101	178
11100010011110	88
11100010011111	139
11100010100000	114
11100010100001	182
11100010100010	59
11100010100011	102
11100010100100	136
11100010100101	205
11100010100110	120
11100010100111	143
11100010101000	181
11100010101001	240
11100010101010	130
11100010101011	165
11100010101100	161
11100010101101	235
11100010101110	106
11100010101111	111
11100010110000	41
11100010110001	168
11100010110010	50
11100010110011	115
11100010110100	71
11100010110101	159
11100010110110	63
11100010110111	119
11100010111000	148
11100010111001	205
11100010111010	39
11100010111011	140
11100010111100	114
11100010111101	155
11100010111110	80
11100010111111	114
11100011000000	62
11100011000001	85
11100011000010	65
11100011000011	146
11100011000100	58
11100011000101	128
11100011000110	53
11100011000111	93
11100011001000	106
11100011001001	125
11100011001010	92
11100011001011	122
11100011001100	85
11100011001101	93
11100011001110	62
11100011001111	79
11100011010000	39
11100011010001	69
11100011010010	44
11100011010011	109
11100011010100	26
11100011010101	89
11100011010110	45
11100011010111	100
11100011011000	59
11100011011001	116
11100011011010	53
11100011011011	146
11100011011100	58
11100011011101	100
11100011011110	36
11100011011111	106
11100011100000	64
11100011100001	111
11100011100010	92
11100011100011	131
11100011100100	79
11100011100101	152
11100011100110	81
11100011100111	137
11100011101000	105
11100011101001	75
11100011101010	52
11100011101011	89
11100011101100	67
11100011101101	82
11100011101110	81
11100011101111	79
11100011110000	44
11100011110001	72
11100011110010	39
11100011110011	99
11100011110100	57
11100011110101	156
11100011110110	41
11100011110111	109
11100011111000	88
11100011111001	144
11100011111010	55
11100011111011	104
11100011111100	40
11100011111101	84
11100011111110	39
11100011111111	100
11100100000000	150
11100100000001	272
11100100000010	97
11100100000011	183
11100100000100	142
11100100000101	277
11100100000110	75
11100100000111	115
11100100001000	181
11100100001001	198
11100100001010	118
11100100001011	84
11100100001100	158
11100100001101	231
11100100001110	81
11100100001111	89
11100100010000	55
11100100010001	201
11100100010010	36
11100100010011	158
11100100010100	64
11100100010101	112
11100100010110	60
11100100010111	184
11100100011000	116
11100100011001	175
11100100011010	85
11100100011011	145
11100100011100	121
11100100011101	151
11100100011110	57
11100100011111	131
11100100100000	213
11100100100001	237
11100100100010	124
11100100100011	143
11100100100100	250
11100100100101	221
11100100100110	97
11100100100111	140
11100100101000	219
11100100101001	249
11100100101010	146
11100100101011	177
11100100101100	228
11100100101101	193
11100100101110	118
11100100101111	114
11100100110000	103
11100100110001	240
11100100110010	64
11100100110011	183
11100100110100	99
11100100110101	177
11100100110110	72
11100100110111	171
11100100111000	138
11100100111001	205
11100100111010	112
11100100111011	127
11100100111100	167
11100100111101	258
11100100111110	101
11100100111111	163
11100101000000	88
11100101000001	126
11100101000010	66
11100101000011	150
11100101000100	73
11100101000101	200
11100101000110	37
11100101000111	73
11100101001000	95
11100101001001	112
11100101001010	62
11100101001011	124
11100101001100	59
11100101001101	135
11100101001110	40
11100101001111	88
11100101010000	37
11100101010001	115
11100101010010	37
11100101010011	112
11100101010100	46
11100101010101	134
11100101010110	26
11100101010111	151
11100101011000	63
11100101011001	143
11100101011010	80
11100101011011	112
11100101011100	74
11100101011101	139
11100101011110	40
11100101011111	97
11100101100000	70
11100101100001	140
11100101100010	72
11100101100011	175
11100101100100	104
11100101100101	172
11100101100110	35
11100101100111	111
11100101101000	75
11100101101001	163
11100101101010	56
11100101101011	146
11100101101100	76
11100101101101	132
11100101101110	63
11100101101111	118
11100101110000	54
11100101110001	135
11100101110010	38
11100101110011	80
11100101110100	50
11100101110101	166
11100101110110	57
11100101110111	95
11100101111000	86
11100101111001	218
11100101111010	28
11100101111011	144
11100101111100	67
11100101111101	188
11100101111110	43
11100101111111	125
11100110000000	124
11100110000001	211
11100110000010	107
11100110000011	181
11100110000100	138
11100110000101	233
11100110000110	89
11100110000111	118
11100110001000	183
11100110001001	187
11100110001010	117
11100110001011	105
11100110001100	164
11100110001101	212
11100110001110	117
11100110001111	134
11100110010000	77
11100110010001	224
11100110010010	56
11100110010011	172
11100110010100	74
11100110010101	213
11100110010110	47
11100110010111	161
11100110011000	134
11100110011001	164
11100110011010	56
11100110011011	187
11100110011100	102
11100110011101	227
11100110011110	70
11100110011111	189
11100110100000	131
11100110100001	296
11100110100010	97
11100110100011	140
11100110100100	202
11100110100101	233
11100110100110	122
11100110100111	240
11100110101000	244
11100110101001	257
11100110101010	114
11100110101011	145
11100110101100	248
11100110101101	242
11100110101110	168
11100110101111	178
11100110110000	79
11100110110001	225
11100110110010	55
11100110110011	121
11100110110100	79
11100110110101	196
11100110110110	97
11100110110111	147
11100110111000	153
11100110111001	255
11100110111010	93
11100110111011	107
11100110111100	93
11100110111101	304
11100110111110	87
11100110111111	116
11100111000000	53
11100111000001	93
11100111000010	92
11100111000011	163
11100111000100	69
11100111000101	110
11100111000110	67
11100111000111	103
11100111001000	68
11100111001001	106
11100111001010	90
11100111001011	121
11100111001100	74
11100111001101	100
11100111001110	70
11100111001111	144
11100111010000	47
11100111010001	61
11100111010010	38
11100111010011	99
11100111010100	43
11100111010101	112
11100111010110	51
11100111010111	116
11100111011000	48
11100111011001	109
11100111011010	66
11100111011011	120
11100111011100	55
11100111011101	104
11100111011110	38
11100111011111	98
11100111100000	78
11100111100001	107
11100111100010	86
11100111100011	118
11100111100100	85
11100111100101	159
11100111100110	101
11100111100111	142
11100111101000	123
11100111101001	135
11100111101010	98
11100111101011	192
11100111101100	85
11100111101101	163
11100111101110	76
11100111101111	136
11100111110000	61
11100111110001	87
11100111110010	62
11100111110011	129
11100111110100	63
11100111110101	121
11100111110110	62
11100111110111	139
11100111111000	93
11100111111001	136
11100111111010	67
11100111111011	115
11100111111100	83
11100111111101	164
11100111111110	70
11100111111111	128
11101000000000	294
11101000000001	363
11101000000010	184
11101000000011	224
11101000000100	217
11101000000101	347
11101000000110	136
11101000000111	258
11101000001000	282
11101000001001	408
11101000001010	213
11101000001011	268
11101000001100	204
11101000001101	371
11101000001110	227
11101000001111	216
11101000010000	183
11101000010001	266
11101000010010	95
11101000010011	265
11101000010100	100
11101000010101	255
11101000010110	79
11101000010111	174
11101000011000	144
11101000011001	344
11101000011010	157
11101000011011	264
11101000011100	195
11101000011101	257
11101000011110	118
11101000011111	258
11101000100000	257
11101000100001	386
11101000100010	229
11101000100011	280
11101000100100	312
11101000100101	360
11101000100110	146
11101000100111	249
11101000101000	457
11101000101001	514
11101000101010	259
11101000101011	289
11101000101100	329
11101000101101	420
11101000101110	207
11101000101111	253
11101000110000	137
11101000110001	318
11101000110010	126
11101000110011	205
11101000110100	175
11101000110101	337
11101000110110	103
11101000110111	195
11101000111000	232
11101000111001	444
11101000111010	154
11101000111011	285
11101000111100	276
11101000111101	338
11101000111110	164
11101000111111	172
11101001000000	140
11101001000001	249
11101001000010	74
11101001000011	268
11101001000100	148
11101001000101	235
11101001000110	112
11101001000111	183
11101001001000	156
11101001001001	277
11101001001010	123
11101001001011	205
11101001001100	109
11101001001101	275
11101001001110	88
11101001001111	148
11101001010000	63
11101001010001	218
11101001010010	67
11101001010011	181
11101001010100	102
11101001010101	197
11101001010110	47
11101001010111	174
11101001011000	104
11101001011001	290
11101001011010	107
11101001011011	199
11101001011100	140
11101001011101	216
11101001011110	88
11101001011111	245
11101001100000	115
11101001100001	257
11101001100010	124
11101001100011	213
11101001100100	205
11101001100101	327
11101001100110	121
11101001100111	222
11101001101000	226
11101001101001	244
11101001101010	141
11101001101011	232
11101001101100	208
11101001101101	306
11101001101110	89
11101001101111	220
11101001110000	75
11101001110001	244
11101001110010	77
11101001110011	208
11101001110100	79
11101001110101	330
11101001110110	85
11101001110111	197
11101001111000	134
11101001111001	217
11101001111010	73
11101001111011	205
11101001111100	100
11101001111101	237
11101001111110	77
11101001111111	178
11101010000000	210
11101010000001	356
11101010000010	172
11101010000011	163
11101010000100	172
11101010000101	249
11101010000110	170
11101010000111	272
11101010001000	203
11101010001001	320
11101010001010	179
11101010001011	260
11101010001100	236
11101010001101	249
11101010001110	193
11101010001111	182
11101010010000	90
11101010010001	264
11101010010010	83
11101010010011	209
11101010010100	115
11101010010101	307
11101010010110	86
11101010010111	199
11101010011000	194
11101010011001	297
11101010011010	152
11101010011011	204
11101010011100	185
11101010011101	259
11101010011110	122
11101010011111	223
11101010100000	188
11101010100001	472
11101010100010	159
11101010100011	277
11101010100100	200
11101010100101	457
11101010100110	180
11101010100111	298
11101010101000	297
11101010101001	342
11101010101010	197
11101010101011	291
11101010101100	261
11101010101101	512
11101010101110	212
11101010101111	258
11101010110000	113
11101010110001	226
11101010110010	59
11101010110011	220
11101010110100	119
11101010110101	385
11101010110110	78
11101010110111	220
11101010111000	173
11101010111001	379
11101010111010	129
11101010111011	244
11101010111100	234
11101010111101	327
11101010111110	116
11101010111111	159
11101011000000	79
11101011000001	171
11101011000010	71
11101011000011	157
11101011000100	114
11101011000101	199
11101011000110	89
11101011000111	141
11101011001000	126
11101011001001	190
11101011001010	105
11101011001011	202
11101011001100	126
11101011001101	209
11101011001110	107
11101011001111	160
11101011010000	54
11101011010001	125
11101011010010	66
11101011010011	136
11101011010100	32
11101011010101	166
11101011010110	50
11101011010111	154
11101011011000	97
11101011011001	144
11101011011010	90
11101011011011	205
11101011011100	130
11101011011101	145
11101011011110	109
11101011011111	141
11101011100000	108
11101011100001	246
11101011100010	123
11101011100011	172
11101011100100	159
11101011100101	195
11101011100110	130
11101011100111	213
11101011101000	178
11101011101001	211
11101011101010	169
11101011101011	221
11101011101100	139
11101011101101	260
11101011101110	143
11101011101111	149
11101011110000	94
11101011110001	155
11101011110010	56
11101011110011	173
11101011110100	106
11101011110101	196
11101011110110	74
11101011110111	160
11101011111000	104
11101011111001	172
11101011111010	65
11101011111011	142
11101011111100	92
11101011111101	137
11101011111110	81
11101011111111	183
11101100000000	219
11101100000001	447
11101100000010	141
11101100000011	167
11101100000100	211
11101100000101	324
11101100000110	130
11101100000111	199
11101100001000	298
11101100001001	268
11101100001010	195
11101100001011	182
11101100001100	271
11101100001101	254
11101100001110	167
11101100001111	210
11101100010000	116
11101100010001	246
11101100010010	78
11101100010011	210
11101100010100	141
11101100010101	264
11101100010110	94
11101100010111	243
11101100011000	195
11101100011001	297
11101100011010	105
11101100011011	284
11101100011100	192
11101100011101	242
11101100011110	101
11101100011111	218
11101100100000	217
11101100100001	407
11101100100010	181
11101100100011	219
11101100100100	292
11101100100101	416
11101100100110	172
11101100100111	305
11101100101000	402
11101100101001	371
11101100101010	204
11101100101011	269
11101100101100	363
11101100101101	412
11101100101110	177
11101100101111	243
11101100110000	104
11101100110001	246
11101100110010	106
11101100110011	149
11101100110100	136
11101100110101	282
11101100110110	80
11101100110111	223
11101100111000	257
11101100111001	412
11101100111010	186
11101100111011	237
11101100111100	255
11101100111101	300
11101100111110	100
11101100111111	203
11101101000000	59
11101101000001	231
11101101000010	90
11101101000011	234
11101101000100	113
11101101000101	250
11101101000110	86
11101101000111	146
11101101001000	123
11101101001001	209
11101101001010	105
11101101001011	178
11101101001100	135
11101101001101	235
11101101001110	96
11101101001111	143
11101101010000	40
11101101010001	152
11101101010010	50
11101101010011	194
11101101010100	62
11101101010101	234
11101101010110	63
11101101010111	205
11101101011000	81
11101101011001	241
11101101011010	81
11101101011011	183
11101101011100	98
11101101011101	204
11101101011110	82
11101101011111	173
11101101100000	133
11101101100001	308
11101101100010	100
11101101100011	179
11101101100100	131
11101101100101	367
11101101100110	140
11101101100111	205
11101101101000	238
11101101101001	258
11101101101010	186
11101101101011	264
11101101101100	197
11101101101101	270
11101101101110	144
11101101101111	188
11101101110000	79
11101101110001	288
11101101110010	69
11101101110011	190
11101101110100	78
11101101110101	278
11101101110110	104
11101101110111	190
11101101111000	123
11101101111001	259
11101101111010	126
11101101111011	212
11101101111100	140
11101101111101	222
11101101111110	88
11101101111111	236
11101110000000	272
11101110000001	448
11101110000010	196
11101110000011	312
11101110000100	265
11101110000101	415
11101110000110	191
11101110000111	258
11101110001000	275
11101110001001	351
11101110001010	248
11101110001011	275
11101110001100	222
11101110001101	335
11101110001110	168
11101110001111	271
11101110010000	100
11101110010001	342
11101110010010	95
11101110010011	202
11101110010100	108
11101110010101	307
11101110010110	96
11101110010111	232
11101110011000	195
11101110011001	278
11101110011010	154
11101110011011	328
11101110011100	174
11101110011101	164
11101110011110	164
11101110011111	289
11101110100000	300
11101110100001	448
11101110100010	184
11101110100011	203
11101110100100	332
11101110100101	513
11101110100110	235
11101110100111	215
11101110101000	341
11101110101001	388
11101110101010	249
11101110101011	272
11101110101100	339
11101110101101	550
11101110101110	205
11101110101111	243
11101110110000	137
11101110110001	369
11101110110010	110
11101110110011	173
11101110110100	211
11101110110101	440
11101110110110	107
11101110110111	186
11101110111000	266
11101110111001	390
11101110111010	166
11101110111011	265
11101110111100	243
11101110111101	517
11101110111110	146
11101110111111	274
11101111000000	102
11101111000001	219
11101111000010	110
11101111000011	192
11101111000100	93
11101111000101	242
11101111000110	131
11101111000111	214
11101111001000	120
11101111001001	183
11101111001010	120
11101111001011	256
11101111001100	138
11101111001101	210
11101111001110	121
11101111001111	210
11101111010000	55
11101111010001	155
11101111010010	74
11101111010011	131
11101111010100	46
11101111010101	150
11101111010110	65
11101111010111	154
11101111011000	73
11101111011001	192
11101111011010	108
11101111011011	246
11101111011100	100
11101111011101	213
11101111011110	103
11101111011111	193
11101111100000	119
11101111100001	190
11101111100010	143
11101111100011	200
11101111100100	147
11101111100101	266
11101111100110	108
11101111100111	251
11101111101000	172
11101111101001	246
11101111101010	181
11101111101011	230
11101111101100	121
11101111101101	240
11101111101110	124
11101111101111	192
11101111110000	86
11101111110001	175
11101111110010	88
11101111110011	197
11101111110100	55
11101111110101	163
11101111110110	69
11101111110111	229
11101111111000	103
11101111111001	233
11101111111010	113
11101111111011	209
11101111111100	131
11101111111101	250
11101111111110	117
11101111111111	267
11110000000000	274
11110000000001	432
11110000000010	223
11110000000011	263
11110000000100	263
11110000000101	447
11110000000110	148
11110000000111	267
11110000001000	365
11110000001001	356
11110000001010	220
11110000001011	249
11110000001100	290
11110000001101	330
11110000001110	175
11110000001111	164
11110000010000	154
11110000010001	294
11110000010010	136
11110000010011	200
11110000010100	112
11110000010101	336
11110000010110	123
11110000010111	218
11110000011000	261
11110000011001	394
11110000011010	173
11110000011011	289
11110000011100	210
11110000011101	361
11110000011110	149
11110000011111	232
11110000100000	408
11110000100001	447
11110000100010	203
11110000100011	318
11110000100100	313
11110000100101	503
11110000100110	271
11110000100111	306
11110000101000	466
11110000101001	470
11110000101010	299
11110000101011	286
11110000101100	414
11110000101101	487
11110000101110	218
11110000101111	251
11110000110000	188
11110000110001	468
11110000110010	110
11110000110011	260
11110000110100	169
11110000110101	446
11110000110110	131
11110000110111	224
11110000111000	340
11110000111001	471
11110000111010	209
11110000111011	286
11110000111100	272
11110000111101	388
11110000111110	168
11110000111111	290
11110001000000	115
11110001000001	281
11110001000010	130
11110001000011	260
11110001000100	101
11110001000101	239
11110001000110	84
11110001000111	184
11110001001000	155
11110001001001	309
11110001001010	108
11110001001011	157
11110001001100	113
11110001001101	178
11110001001110	79
11110001001111	180
11110001010000	60
11110001010001	313
11110001010010	84
11110001010011	166
11110001010100	69
11110001010101	194
11110001010110	76
11110001010111	231
11110001011000	122
11110001011001	309
11110001011010	100
11110001011011	239
11110001011100	132
11110001011101	237
11110001011110	71
11110001011111	139
11110001100000	185
11110001100001	284
11110001100010	122
11110001100011	225
11110001100100	166
11110001100101	328
11110001100110	106
11110001100111	205
11110001101000	230
11110001101001	286
11110001101010	133
11110001101011	236
11110001101100	202
11110001101101	281
11110001101110	122
11110001101111	249
11110001110000	118
11110001110001	299
11110001110010	104
11110001110011	236
11110001110100	133
11110001110101	342
11110001110110	105
11110001110111	194
11110001111000	145
11110001111001	359
11110001111010	69
11110001111011	236
11110001111100	127
11110001111101	372
11110001111110	101
11110001111111	208
11110010000000	212
11110010000001	295
11110010000010	143
11110010000011	242
11110010000100	228
11110010000101	448
11110010000110	144
11110010000111	306
11110010001000	217
11110010001001	306
11110010001010	133
11110010001011	257
11110010001100	245
11110010001101	307
11110010001110	136
11110010001111	220
11110010010000	125
11110010010001	339
11110010010010	70
11110010010011	122
11110010010100	135
11110010010101	261
11110010010110	81
11110010010111	241
11110010011000	138
11110010011001	306
11110010011010	129
11110010011011	347
11110010011100	148
11110010011101	303
11110010011110	125
11110010011111	228
11110010100000	248
11110010100001	472
11110010100010	162
11110010100011	198
11110010100100	220
11110010100101	411
11110010100110	147
11110010100111	235
11110010101000	314
11110010101001	402
11110010101010	200
11110010101011	266
11110010101100	279
11110010101101	430
11110010101110	153
11110010101111	210
11110010110000	139
11110010110001	277
11110010110010	59
11110010110011	164
11110010110100	147
11110010110101	398
11110010110110	108
11110010110111	213
11110010111000	180
11110010111001	424
11110010111010	124
11110010111011	228
11110010111100	213
11110010111101	380
11110010111110	196
11110010111111	247
11110011000000	111
11110011000001	175
11110011000010	105
11110011000011	213
11110011000100	130
11110011000101	205
11110011000110	90
11110011000111	158
11110011001000	161
11110011001001	189
11110011001010	97
11110011001011	130
11110011001100	100
11110011001101	180
11110011001110	105
11110011001111	128
11110011010000	67
11110011010001	156
11110011010010	67
11110011010011	189
11110011010100	80
11110011010101	134
11110011010110	73
11110011010111	190
11110011011000	85
11110011011001	178
11110011011010	103
11110011011011	194
11110011011100	96
11110011011101	198
11110011011110	117
11110011011111	139
11110011100000	115
11110011100001	240
11110011100010	104
11110011100011	183
11110011100100	105
11110011100101	210
11110011100110	118
11110011100111	215
11110011101000	130
11110011101001	226
11110011101010	141
11110011101011	208
11110011101100	180
11110011101101	218
11110011101110	117
11110011101111	191
11110011110000	40
11110011110001	147
11110011110010	62
11110011110011	146
11110011110100	64
11110011110101	195
11110011110110	74
11110011110111	152
11110011111000	100
11110011111001	201
11110011111010	79
11110011111011	187
11110011111100	113
11110011111101	208
11110011111110	104
11110011111111	217
11110100000000	243
11110100000001	467
11110100000010	179
11110100000011	199
11110100000100	240
11110100000101	422
11110100000110	121
11110100000111	180
11110100001000	319
11110100001001	397
11110100001010	190
11110100001011	219
11110100001100	279
11110100001101	312
11110100001110	166
11110100001111	229
11110100010000	150
11110100010001	282
11110100010010	118
11110100010011	236
11110100010100	181
11110100010101	379
11110100010110	94
11110100010111	250
11110100011000	211
11110100011001	350
11110100011010	196
11110100011011	247
11110100011100	244
11110100011101	346
11110100011110	161
11110100011111	269
11110100100000	347
11110100100001	395
11110100100010	184
11110100100011	296
11110100100100	337
11110100100101	562
11110100100110	173
11110100100111	240
11110100101000	436
11110100101001	540
11110100101010	258
11110100101011	379
11110100101100	320
11110100101101	461
11110100101110	235
11110100101111	260
11110100110000	189
11110100110001	353
11110100110010	104
11110100110011	224
11110100110100	144
11110100110101	419
11110100110110	112
11110100110111	218
11110100111000	332
11110100111001	429
11110100111010	165
11110100111011	294
11110100111100	237
11110100111101	446
11110100111110	150
11110100111111	220
11110101000000	116
11110101000001	286
11110101000010	82
11110101000011	177
11110101000100	93
11110101000101	210
11110101000110	84
11110101000111	172
11110101001000	142
11110101001001	285
11110101001010	100
11110101001011	137
11110101001100	87
11110101001101	189
11110101001110	87
11110101001111	144
11110101010000	83
11110101010001	184
11110101010010	58
11110101010011	177
11110101010100	97
11110101010101	238
11110101010110	43
11110101010111	226
11110101011000	97
11110101011001	295
11110101011010	81
11110101011011	232
11110101011100	115
11110101011101	226
11110101011110	58
11110101011111	200
11110101100000	156
11110101100001	315
11110101100010	148
11110101100011	302
11110101100100	179
11110101100101	369
11110101100110	131
11110101100111	152
11110101101000	153
11110101101001	303
11110101101010	145
11110101101011	230
11110101101100	154
11110101101101	256
11110101101110	102
11110101101111	149
11110101110000	78
11110101110001	298
11110101110010	59
11110101110011	224
11110101110100	112
11110101110101	295
11110101110110	76
11110101110111	266
11110101111000	125
11110101111001	268
11110101111010	92
11110101111011	218
11110101111100	159
11110101111101	394
11110101111110	94
11110101111111	336
11110110000000	215
11110110000001	534
11110110000010	163
11110110000011	380
11110110000100	294
11110110000101	401
11110110000110	161
11110110000111	272
11110110001000	294
11110110001001	420
11110110001010	205
11110110001011	203
11110110001100	257
11110110001101	330
11110110001110	176
11110110001111	277
11110110010000	158
11110110010001	348
11110110010010	107
11110110010011	262
11110110010100	195
11110110010101	414
11110110010110	130
11110110010111	233
11110110011000	197
11110110011001	404
11110110011010	182
11110110011011	274
11110110011100	226
11110110011101	384
11110110011110	133
11110110011111	260
11110110100000	362
11110110100001	422
11110110100010	207
11110110100011	384
11110110100100	327
11110110100101	507
11110110100110	167
11110110100111	366
11110110101000	329
11110110101001	547
11110110101010	211
11110110101011	394
11110110101100	425
11110110101101	466
11110110101110	218
11110110101111	259
11110110110000	152
11110110110001	559
11110110110010	106
11110110110011	233
11110110110100	183
11110110110101	445
11110110110110	138
11110110110111	215
11110110111000	287
11110110111001	464
11110110111010	181
11110110111011	347
11110110111100	282
11110110111101	590
11110110111110	196
11110110111111	361
11110111000000	98
11110111000001	225
11110111000010	133
11110111000011	238
11110111000100	96
11110111000101	260
11110111000110	70
11110111000111	176
11110111001000	109
11110111001001	264
11110111001010	143
11110111001011	231
11110111001100	125
11110111001101	258
11110111001110	146
11110111001111	202
11110111010000	70
11110111010001	172
11110111010010	61
11110111010011	238
11110111010100	58
11110111010101	238
11110111010110	71
11110111010111	200
11110111011000	119
11110111011001	230
11110111011010	129
11110111011011	212
11110111011100	101
11110111011101	240
11110111011110	107
11110111011111	217
11110111100000	115
11110111100001	242
11110111100010	157
11110111100011	279
11110111100100	152
11110111100101	229
11110111100110	135
11110111100111	257
11110111101000	196
11110111101001	244
11110111101010	148
11110111101011	296
11110111101100	200
11110111101101	242
11110111101110	139
11110111101111	227
11110111110000	88
11110111110001	243
11110111110010	91
11110111110011	204
11110111110100	102
11110111110101	269
11110111110110	65
11110111110111	241
11110111111000	152
11110111111001	214
11110111111010	125
11110111111011	242
11110111111100	125
11110111111101	245
11110111111110	107
11110111111111	206
11111000000000	191
11111000000001	286
11111000000010	123
11111000000011	224
11111000000100	181
11111000000101	376
11111000000110	142
11111000000111	171
11111000001000	246
11111000001001	273
11111000001010	191
11111000001011	204
11111000001100	183
11111000001101	324
11111000001110	119
11111000001111	137
11111000010000	137
11111000010001	230
11111000010010	86
11111000010011	164
11111000010100	145
11111000010101	262
11111000010110	72
11111000010111	148
11111000011000	137
11111000011001	275
11111000011010	128
11111000011011	184
11111000011100	181
11111000011101	300
11111000011110	139
11111000011111	130
11111000100000	259
11111000100001	382
11111000100010	156
11111000100011	251
11111000100100	249
11111000100101	416
11111000100110	155
11111000100111	207
11111000101000	266
11111000101001	396
11111000101010	214
11111000101011	305
11111000101100	284
11111000101101	317
11111000101110	169
11111000101111	209
11111000110000	124
11111000110001	289
11111000110010	81
11111000110011	167
11111000110100	157
11111000110101	436
11111000110110	115
11111000110111	186
11111000111000	251
11111000111001	396
11111000111010	136
11111000111011	193
11111000111100	204
11111000111101	288
11111000111110	112
11111000111111	216
11111001000000	117
11111001000001	270
11111001000010	38
11111001000011	149
11111001000100	99
11111001000101	207
11111001000110	75
11111001000111	149
11111001001000	224
11111001001001	280
11111001001010	118
11111001001011	131
11111001001100	116
11111001001101	176
11111001001110	93
11111001001111	130
11111001010000	79
11111001010001	142
11111001010010	41
11111001010011	101
11111001010100	89
11111001010101	210
11111001010110	67
11111001010111	140
11111001011000	84
11111001011001	186
11111001011010	71
11111001011011	220
11111001011100	117
11111001011101	106
11111001011110	90
11111001011111	164
11111001100000	152
11111001100001	262
11111001100010	124
11111001100011	243
11111001100100	158
11111001100101	265
11111001100110	99
11111001100111	167
11111001101000	189
11111001101001	347
11111001101010	152
11111001101011	169
11111001101100	118
11111001101101	266
11111001101110	72
11111001101111	154
11111001110000	66
11111001110001	228
11111001110010	53
11111001110011	201
11111001110100	75
11111001110101	225
11111001110110	65
11111001110111	165
11111001111000	134
11111001111001	291
11111001111010	118
11111001111011	219
11111001111100	91
11111001111101	268
11111001111110	83
11111001111111	142
11111010000000	144
11111010000001	328
11111010000010	137
11111010000011	164
11111010000100	191
11111010000101	351
11111010000110	104
11111010000111	197
11111010001000	201
11111010001001	347
11111010001010	137
11111010001011	179
11111010001100	203
11111010001101	227
11111010001110	120
11111010001111	154
11111010010000	100
11111010010001	237
11111010010010	70
11111010010011	161
11111010010100	99
11111010010101	223
11111010010110	62
11111010010111	148
11111010011000	166
11111010011001	309
11111010011010	102
11111010011011	191
11111010011100	149
11111010011101	208
11111010011110	96
11111010011111	184
11111010100000	206
11111010100001	356
11111010100010	99
11111010100011	218
11111010100100	209
11111010100101	306
11111010100110	112
11111010100111	211
11111010101000	247
11111010101001	273
11111010101010	147
11111010101011	282
11111010101100	186
11111010101101	394
11111010101110	129
11111010101111	189
11111010110000	98
11111010110001	255
11111010110010	69
11111010110011	100
11111010110100	131
11111010110101	217
11111010110110	62
11111010110111	162
11111010111000	159
11111010111001	291
11111010111010	125
11111010111011	219
11111010111100	184
11111010111101	372
11111010111110	90
11111010111111	180
11111011000000	64
11111011000001	173
11111011000010	88
11111011000011	114
11111011000100	81
11111011000101	131
11111011000110	85
11111011000111	146
11111011001000	100
11111011001001	135
11111011001010	91
11111011001011	146
11111011001100	88
11111011001101	141
11111011001110	84
11111011001111	157
11111011010000	41
11111011010001	128
11111011010010	43
11111011010011	126
11111011010100	44
11111011010101	127
11111011010110	35
11111011010111	151
11111011011000	62
11111011011001	123
11111011011010	79
11111011011011	251
11111011011100	59
11111011011101	145
11111011011110	83
11111011011111	145
11111011100000	147
11111011100001	160
11111011100010	108
11111011100011	195
11111011100100	132
11111011100101	180
11111011100110	116
11111011100111	179
11111011101000	105
11111011101001	216
11111011101010	121
11111011101011	145
11111011101100	106
11111011101101	218
11111011101110	109
11111011101111	165
11111011110000	47
11111011110001	145
11111011110010	71
11111011110011	162
11111011110100	70
11111011110101	166
11111011110110	67
11111011110111	133
11111011111000	98
11111011111001	176
11111011111010	90
11111011111011	166
11111011111100	90
11111011111101	164
11111011111110	81
11111011111111	159
11111100000000	207
11111100000001	349
11111100000010	132
11111100000011	254
11111100000100	206
11111100000101	205
11111100000110	135
11111100000111	181
11111100001000	222
11111100001001	360
11111100001010	146
11111100001011	268
11111100001100	185
11111100001101	275
11111100001110	111
11111100001111	164
11111100010000	121
11111100010001	243
11111100010010	53
11111100010011	195
11111100010100	116
11111100010101	281
11111100010110	73
11111100010111	193
11111100011000	223
11111100011001	398
11111100011010	114
11111100011011	233
11111100011100	161
11111100011101	239
11111100011110	124
11111100011111	180
11111100100000	293
11111100100001	390
11111100100010	156
11111100100011	224
11111100100100	283
11111100100101	334
11111100100110	117
11111100100111	207
11111100101000	323
11111100101001	328
11111100101010	179
11111100101011	296
11111100101100	283
11111100101101	404
11111100101110	148
11111100101111	205
11111100110000	138
11111100110001	259
11111100110010	74
11111100110011	144
11111100110100	176
11111100110101	285
11111100110110	97
11111100110111	230
11111100111000	173
11111100111001	402
11111100111010	143
11111100111011	250
11111100111100	209
11111100111101	419
11111100111110	142
11111100111111	296
11111101000000	110
11111101000001	198
11111101000010	80
11111101000011	184
11111101000100	82
11111101000101	172
11111101000110	62
11111101000111	158
11111101001000	160
11111101001001	208
11111101001010	125
11111101001011	176
11111101001100	133
11111101001101	189
11111101001110	91
11111101001111	97
11111101010000	54
11111101010001	249
11111101010010	43
11111101010011	175
11111101010100	67
11111101010101	177
11111101010110	33
11111101010111	127
11111101011000	82
11111101011001	171
11111101011010	78
11111101011011	232
11111101011100	110
11111101011101	212
11111101011110	106
11111101011111	92
11111101100000	86
11111101100001	215
11111101100010	103
11111101100011	226
11111101100100	168
11111101100101	265
11111101100110	105
11111101100111	182
11111101101000	171
11111101101001	240
11111101101010	107
11111101101011	162
11111101101100	132
11111101101101	207
11111101101110	70
11111101101111	176
11111101110000	71
11111101110001	174
11111101110010	59
11111101110011	125
11111101110100	87
11111101110101	260
11111101110110	68
11111101110111	197
11111101111000	140
11111101111001	286
11111101111010	112
11111101111011	205
11111101111100	122
11111101111101	187
11111101111110	105
11111101111111	198
11111110000000	248
11111110000001	259
11111110000010	184
11111110000011	267
11111110000100	166
11111110000101	291
11111110000110	169
11111110000111	220
11111110001000	194
11111110001001	359
11111110001010	176
11111110001011	259
11111110001100	246
11111110001101	323
11111110001110	137
11111110001111	211
11111110010000	127
11111110010001	329
11111110010010	68
11111110010011	209
11111110010100	81
11111110010101	342
11111110010110	75
11111110010111	178
11111110011000	162
11111110011001	327
11111110011010	157
11111110011011	217
11111110011100	227
11111110011101	293
11111110011110	116
11111110011111	212
11111110100000	228
11111110100001	521
11111110100010	182
11111110100011	260
11111110100100	299
11111110100101	465
11111110100110	160
11111110100111	279
11111110101000	312
11111110101001	442
11111110101010	179
11111110101011	303
11111110101100	309
11111110101101	423
11111110101110	143
11111110101111	228
11111110110000	128
11111110110001	306
11111110110010	85
11111110110011	255
11111110110100	173
11111110110101	274
11111110110110	112
11111110110111	250
11111110111000	270
11111110111001	297
11111110111010	141
11111110111011	306
11111110111100	208
11111110111101	448
11111110111110	150
11111110111111	280
11111111000000	105
11111111000001	230
11111111000010	83
11111111000011	178
11111111000100	75
11111111000101	160
11111111000110	85
11111111000111	237
11111111001000	106
11111111001001	173
11111111001010	118
11111111001011	251
11111111001100	100
11111111001101	193
11111111001110	108
11111111001111	183
11111111010000	56
11111111010001	147
11111111010010	59
11111111010011	169
11111111010100	55
11111111010101	167
11111111010110	38
11111111010111	193
11111111011000	98
11111111011001	133
11111111011010	66
11111111011011	184
11111111011100	89
11111111011101	158
11111111011110	99
11111111011111	156
11111111100000	106
11111111100001	280
11111111100010	145
11111111100011	230
11111111100100	112
11111111100101	218
11111111100110	91
11111111100111	178
11111111101000	123
11111111101001	232
11111111101010	153
11111111101011	226
11111111101100	147
11111111101101	259
11111111101110	129
11111111101111	189
11111111110000	62
11111111110001	133
11111111110010	65
11111111110011	192
11111111110100	77
11111111110101	171
11111111110110	52
11111111110111	193
11111111111000	108
11111111111001	227
11111111111010	84
11111111111011	197
11111111111100	95
11111111111101	243
11111111111110	74
11111111111111	206
5	55
