 	count
00000000000000	270
00000000000001	296
00000000000010	326
00000000000011	335
00000000000100	295
00000000000101	505
00000000000110	306
00000000000111	386
00000000001000	448
00000000001001	558
00000000001010	309
00000000001011	467
00000000001100	372
00000000001101	415
00000000001110	253
00000000001111	357
00000000010000	148
00000000010001	320
00000000010010	186
00000000010011	289
00000000010100	166
00000000010101	394
00000000010110	126
00000000010111	299
00000000011000	215
00000000011001	464
00000000011010	221
00000000011011	298
00000000011100	186
00000000011101	285
00000000011110	161
00000000011111	263
00000000100000	344
00000000100001	551
00000000100010	369
00000000100011	555
00000000100100	450
00000000100101	546
00000000100110	292
00000000100111	446
00000000101000	548
00000000101001	555
00000000101010	400
00000000101011	475
00000000101100	468
00000000101101	400
00000000101110	346
00000000101111	320
00000000110000	186
00000000110001	413
00000000110010	169
00000000110011	243
00000000110100	225
00000000110101	436
00000000110110	130
00000000110111	307
00000000111000	322
00000000111001	486
00000000111010	269
00000000111011	411
00000000111100	318
00000000111101	456
00000000111110	294
00000000111111	345
00000001000000	202
00000001000001	249
00000001000010	188
00000001000011	374
00000001000100	174
00000001000101	323
00000001000110	113
00000001000111	282
00000001001000	179
00000001001001	361
00000001001010	218
00000001001011	352
00000001001100	205
00000001001101	414
00000001001110	182
00000001001111	288
00000001010000	75
00000001010001	262
00000001010010	102
00000001010011	210
00000001010100	77
00000001010101	236
00000001010110	110
00000001010111	235
00000001011000	114
00000001011001	363
00000001011010	148
00000001011011	250
00000001011100	130
00000001011101	276
00000001011110	149
00000001011111	236
00000001100000	197
00000001100001	373
00000001100010	202
00000001100011	405
00000001100100	298
00000001100101	399
00000001100110	196
00000001100111	321
00000001101000	270
00000001101001	503
00000001101010	243
00000001101011	309
00000001101100	226
00000001101101	352
00000001101110	208
00000001101111	328
00000001110000	91
00000001110001	379
00000001110010	96
00000001110011	235
00000001110100	124
00000001110101	276
00000001110110	100
00000001110111	332
00000001111000	181
00000001111001	355
00000001111010	149
00000001111011	369
00000001111100	202
00000001111101	360
00000001111110	135
00000001111111	290
00000010000000	282
00000010000001	328
00000010000010	124
00000010000011	325
00000010000100	254
00000010000101	404
00000010000110	254
00000010000111	382
00000010001000	286
00000010001001	402
00000010001010	265
00000010001011	291
00000010001100	250
00000010001101	316
00000010001110	232
00000010001111	296
00000010010000	121
00000010010001	190
00000010010010	77
00000010010011	238
00000010010100	137
00000010010101	323
00000010010110	114
00000010010111	379
00000010011000	157
00000010011001	440
00000010011010	155
00000010011011	204
00000010011100	209
00000010011101	266
00000010011110	133
00000010011111	394
00000010100000	377
00000010100001	623
00000010100010	288
00000010100011	347
00000010100100	372
00000010100101	611
00000010100110	206
00000010100111	352
00000010101000	337
00000010101001	559
00000010101010	254
00000010101011	400
00000010101100	325
00000010101101	602
00000010101110	216
00000010101111	351
00000010110000	167
00000010110001	313
00000010110010	96
00000010110011	267
00000010110100	174
00000010110101	278
00000010110110	143
00000010110111	208
00000010111000	298
00000010111001	511
00000010111010	145
00000010111011	389
00000010111100	283
00000010111101	515
00000010111110	176
00000010111111	341
00000011000000	188
00000011000001	389
00000011000010	161
00000011000011	311
00000011000100	190
00000011000101	389
00000011000110	243
00000011000111	317
00000011001000	202
00000011001001	421
00000011001010	179
00000011001011	269
00000011001100	218
00000011001101	312
00000011001110	220
00000011001111	246
00000011010000	78
00000011010001	180
00000011010010	83
00000011010011	211
00000011010100	89
00000011010101	269
00000011010110	73
00000011010111	247
00000011011000	139
00000011011001	219
00000011011010	99
00000011011011	181
00000011011100	139
00000011011101	302
00000011011110	124
00000011011111	216
00000011100000	260
00000011100001	308
00000011100010	167
00000011100011	323
00000011100100	206
00000011100101	486
00000011100110	176
00000011100111	362
00000011101000	318
00000011101001	433
00000011101010	228
00000011101011	330
00000011101100	202
00000011101101	348
00000011101110	185
00000011101111	358
00000011110000	121
00000011110001	246
00000011110010	82
00000011110011	196
00000011110100	129
00000011110101	355
00000011110110	97
00000011110111	306
00000011111000	171
00000011111001	314
00000011111010	160
00000011111011	397
00000011111100	217
00000011111101	343
00000011111110	157
00000011111111	296
00000100000000	265
00000100000001	366
00000100000010	178
00000100000011	272
00000100000100	229
00000100000101	391
00000100000110	216
00000100000111	413
00000100001000	291
00000100001001	283
00000100001010	258
00000100001011	257
00000100001100	269
00000100001101	231
00000100001110	261
00000100001111	236
00000100010000	138
00000100010001	214
00000100010010	111
00000100010011	165
00000100010100	160
00000100010101	222
00000100010110	122
00000100010111	235
00000100011000	208
00000100011001	314
00000100011010	154
00000100011011	282
00000100011100	156
00000100011101	219
00000100011110	167
00000100011111	234
00000100100000	314
00000100100001	564
00000100100010	253
00000100100011	386
00000100100100	325
00000100100101	409
00000100100110	236
00000100100111	385
00000100101000	387
00000100101001	455
00000100101010	338
00000100101011	350
00000100101100	364
00000100101101	448
00000100101110	296
00000100101111	370
00000100110000	175
00000100110001	342
00000100110010	132
00000100110011	284
00000100110100	168
00000100110101	362
00000100110110	132
00000100110111	222
00000100111000	303
00000100111001	505
00000100111010	158
00000100111011	290
00000100111100	228
00000100111101	425
00000100111110	236
00000100111111	383
00000101000000	146
00000101000001	276
00000101000010	134
00000101000011	285
00000101000100	153
00000101000101	315
00000101000110	152
00000101000111	269
00000101001000	183
00000101001001	236
00000101001010	162
00000101001011	220
00000101001100	162
00000101001101	230
00000101001110	172
00000101001111	277
00000101010000	85
00000101010001	185
00000101010010	79
00000101010011	183
00000101010100	66
00000101010101	251
00000101010110	78
00000101010111	197
00000101011000	104
00000101011001	356
00000101011010	104
00000101011011	221
00000101011100	144
00000101011101	199
00000101011110	114
00000101011111	306
00000101100000	131
00000101100001	416
00000101100010	130
00000101100011	247
00000101100100	237
00000101100101	409
00000101100110	160
00000101100111	295
00000101101000	210
00000101101001	366
00000101101010	146
00000101101011	251
00000101101100	254
00000101101101	362
00000101101110	203
00000101101111	293
00000101110000	63
00000101110001	287
00000101110010	67
00000101110011	277
00000101110100	122
00000101110101	261
00000101110110	77
00000101110111	199
00000101111000	130
00000101111001	345
00000101111010	127
00000101111011	329
00000101111100	135
00000101111101	241
00000101111110	107
00000101111111	220
00000110000000	360
00000110000001	404
00000110000010	209
00000110000011	393
00000110000100	289
00000110000101	428
00000110000110	230
00000110000111	304
00000110001000	416
00000110001001	433
00000110001010	312
00000110001011	321
00000110001100	337
00000110001101	494
00000110001110	261
00000110001111	371
00000110010000	187
00000110010001	331
00000110010010	88
00000110010011	256
00000110010100	144
00000110010101	319
00000110010110	122
00000110010111	304
00000110011000	264
00000110011001	354
00000110011010	161
00000110011011	258
00000110011100	205
00000110011101	317
00000110011110	222
00000110011111	334
00000110100000	350
00000110100001	587
00000110100010	236
00000110100011	324
00000110100100	358
00000110100101	444
00000110100110	282
00000110100111	406
00000110101000	460
00000110101001	478
00000110101010	348
00000110101011	409
00000110101100	397
00000110101101	391
00000110101110	312
00000110101111	334
00000110110000	177
00000110110001	306
00000110110010	135
00000110110011	298
00000110110100	210
00000110110101	548
00000110110110	115
00000110110111	344
00000110111000	301
00000110111001	521
00000110111010	145
00000110111011	319
00000110111100	254
00000110111101	309
00000110111110	233
00000110111111	214
00000111000000	172
00000111000001	302
00000111000010	232
00000111000011	295
00000111000100	224
00000111000101	319
00000111000110	195
00000111000111	499
00000111001000	242
00000111001001	325
00000111001010	278
00000111001011	360
00000111001100	284
00000111001101	353
00000111001110	289
00000111001111	311
00000111010000	115
00000111010001	293
00000111010010	131
00000111010011	204
00000111010100	131
00000111010101	309
00000111010110	115
00000111010111	302
00000111011000	167
00000111011001	296
00000111011010	165
00000111011011	271
00000111011100	174
00000111011101	275
00000111011110	151
00000111011111	274
00000111100000	264
00000111100001	408
00000111100010	197
00000111100011	331
00000111100100	290
00000111100101	511
00000111100110	234
00000111100111	311
00000111101000	371
00000111101001	372
00000111101010	250
00000111101011	308
00000111101100	303
00000111101101	458
00000111101110	213
00000111101111	235
00000111110000	137
00000111110001	394
00000111110010	122
00000111110011	206
00000111110100	156
00000111110101	334
00000111110110	131
00000111110111	261
00000111111000	206
00000111111001	342
00000111111010	155
00000111111011	252
00000111111100	201
00000111111101	427
00000111111110	159
00000111111111	291
00001000000000	361
00001000000001	677
00001000000010	403
00001000000011	668
00001000000100	452
00001000000101	505
00001000000110	328
00001000000111	558
00001000001000	566
00001000001001	793
00001000001010	395
00001000001011	468
00001000001100	519
00001000001101	584
00001000001110	409
00001000001111	499
00001000010000	217
00001000010001	392
00001000010010	217
00001000010011	388
00001000010100	202
00001000010101	388
00001000010110	230
00001000010111	455
00001000011000	330
00001000011001	613
00001000011010	265
00001000011011	408
00001000011100	297
00001000011101	586
00001000011110	224
00001000011111	326
00001000100000	536
00001000100001	816
00001000100010	464
00001000100011	554
00001000100100	508
00001000100101	684
00001000100110	368
00001000100111	631
00001000101000	615
00001000101001	721
00001000101010	502
00001000101011	599
00001000101100	592
00001000101101	619
00001000101110	447
00001000101111	482
00001000110000	305
00001000110001	673
00001000110010	215
00001000110011	386
00001000110100	322
00001000110101	634
00001000110110	189
00001000110111	431
00001000111000	407
00001000111001	674
00001000111010	287
00001000111011	521
00001000111100	378
00001000111101	532
00001000111110	242
00001000111111	580
00001001000000	205
00001001000001	398
00001001000010	158
00001001000011	401
00001001000100	249
00001001000101	430
00001001000110	213
00001001000111	421
00001001001000	306
00001001001001	481
00001001001010	283
00001001001011	443
00001001001100	322
00001001001101	576
00001001001110	272
00001001001111	425
00001001010000	97
00001001010001	309
00001001010010	107
00001001010011	334
00001001010100	148
00001001010101	526
00001001010110	126
00001001010111	275
00001001011000	110
00001001011001	355
00001001011010	102
00001001011011	312
00001001011100	171
00001001011101	390
00001001011110	189
00001001011111	313
00001001100000	331
00001001100001	528
00001001100010	244
00001001100011	549
00001001100100	366
00001001100101	656
00001001100110	199
00001001100111	539
00001001101000	389
00001001101001	575
00001001101010	342
00001001101011	447
00001001101100	368
00001001101101	571
00001001101110	254
00001001101111	375
00001001110000	156
00001001110001	413
00001001110010	145
00001001110011	356
00001001110100	183
00001001110101	427
00001001110110	178
00001001110111	392
00001001111000	244
00001001111001	470
00001001111010	174
00001001111011	374
00001001111100	236
00001001111101	598
00001001111110	261
00001001111111	324
00001010000000	343
00001010000001	503
00001010000010	241
00001010000011	468
00001010000100	390
00001010000101	626
00001010000110	415
00001010000111	511
00001010001000	398
00001010001001	599
00001010001010	416
00001010001011	440
00001010001100	434
00001010001101	609
00001010001110	346
00001010001111	407
00001010010000	199
00001010010001	421
00001010010010	158
00001010010011	358
00001010010100	160
00001010010101	433
00001010010110	176
00001010010111	344
00001010011000	319
00001010011001	474
00001010011010	209
00001010011011	532
00001010011100	218
00001010011101	468
00001010011110	237
00001010011111	382
00001010100000	506
00001010100001	859
00001010100010	315
00001010100011	565
00001010100100	502
00001010100101	724
00001010100110	406
00001010100111	562
00001010101000	497
00001010101001	797
00001010101010	449
00001010101011	523
00001010101100	610
00001010101101	750
00001010101110	357
00001010101111	697
00001010110000	281
00001010110001	664
00001010110010	124
00001010110011	539
00001010110100	314
00001010110101	555
00001010110110	160
00001010110111	366
00001010111000	429
00001010111001	737
00001010111010	301
00001010111011	537
00001010111100	414
00001010111101	533
00001010111110	243
00001010111111	509
00001011000000	209
00001011000001	395
00001011000010	279
00001011000011	416
00001011000100	217
00001011000101	429
00001011000110	229
00001011000111	498
00001011001000	252
00001011001001	468
00001011001010	305
00001011001011	366
00001011001100	309
00001011001101	457
00001011001110	246
00001011001111	306
00001011010000	87
00001011010001	349
00001011010010	112
00001011010011	391
00001011010100	162
00001011010101	337
00001011010110	135
00001011010111	356
00001011011000	207
00001011011001	406
00001011011010	206
00001011011011	332
00001011011100	217
00001011011101	384
00001011011110	220
00001011011111	397
00001011100000	317
00001011100001	658
00001011100010	228
00001011100011	378
00001011100100	374
00001011100101	637
00001011100110	272
00001011100111	517
00001011101000	518
00001011101001	717
00001011101010	364
00001011101011	442
00001011101100	369
00001011101101	551
00001011101110	356
00001011101111	406
00001011110000	194
00001011110001	375
00001011110010	145
00001011110011	356
00001011110100	206
00001011110101	332
00001011110110	165
00001011110111	416
00001011111000	277
00001011111001	461
00001011111010	207
00001011111011	405
00001011111100	289
00001011111101	444
00001011111110	212
00001011111111	339
00001100000000	422
00001100000001	549
00001100000010	314
00001100000011	376
00001100000100	280
00001100000101	490
00001100000110	335
00001100000111	500
00001100001000	458
00001100001001	479
00001100001010	354
00001100001011	440
00001100001100	405
00001100001101	424
00001100001110	383
00001100001111	324
00001100010000	152
00001100010001	452
00001100010010	140
00001100010011	286
00001100010100	169
00001100010101	308
00001100010110	160
00001100010111	324
00001100011000	320
00001100011001	384
00001100011010	210
00001100011011	374
00001100011100	262
00001100011101	364
00001100011110	193
00001100011111	426
00001100100000	444
00001100100001	619
00001100100010	274
00001100100011	508
00001100100100	427
00001100100101	628
00001100100110	370
00001100100111	429
00001100101000	575
00001100101001	637
00001100101010	379
00001100101011	529
00001100101100	472
00001100101101	563
00001100101110	370
00001100101111	400
00001100110000	231
00001100110001	414
00001100110010	213
00001100110011	383
00001100110100	249
00001100110101	466
00001100110110	166
00001100110111	454
00001100111000	303
00001100111001	631
00001100111010	250
00001100111011	415
00001100111100	388
00001100111101	753
00001100111110	270
00001100111111	452
00001101000000	159
00001101000001	313
00001101000010	185
00001101000011	283
00001101000100	212
00001101000101	403
00001101000110	160
00001101000111	376
00001101001000	238
00001101001001	345
00001101001010	233
00001101001011	346
00001101001100	205
00001101001101	362
00001101001110	209
00001101001111	361
00001101010000	105
00001101010001	256
00001101010010	103
00001101010011	244
00001101010100	85
00001101010101	333
00001101010110	114
00001101010111	292
00001101011000	105
00001101011001	295
00001101011010	113
00001101011011	260
00001101011100	144
00001101011101	323
00001101011110	125
00001101011111	238
00001101100000	267
00001101100001	392
00001101100010	150
00001101100011	360
00001101100100	235
00001101100101	602
00001101100110	196
00001101100111	425
00001101101000	302
00001101101001	556
00001101101010	236
00001101101011	361
00001101101100	336
00001101101101	368
00001101101110	236
00001101101111	510
00001101110000	143
00001101110001	318
00001101110010	78
00001101110011	305
00001101110100	133
00001101110101	303
00001101110110	134
00001101110111	400
00001101111000	184
00001101111001	419
00001101111010	153
00001101111011	324
00001101111100	168
00001101111101	435
00001101111110	161
00001101111111	291
00001110000000	364
00001110000001	562
00001110000010	260
00001110000011	566
00001110000100	429
00001110000101	751
00001110000110	380
00001110000111	519
00001110001000	419
00001110001001	692
00001110001010	439
00001110001011	428
00001110001100	502
00001110001101	720
00001110001110	394
00001110001111	564
00001110010000	167
00001110010001	544
00001110010010	150
00001110010011	332
00001110010100	145
00001110010101	555
00001110010110	142
00001110010111	433
00001110011000	262
00001110011001	610
00001110011010	258
00001110011011	531
00001110011100	312
00001110011101	450
00001110011110	212
00001110011111	338
00001110100000	510
00001110100001	961
00001110100010	292
00001110100011	608
00001110100100	553
00001110100101	709
00001110100110	431
00001110100111	533
00001110101000	703
00001110101001	977
00001110101010	425
00001110101011	634
00001110101100	720
00001110101101	997
00001110101110	451
00001110101111	567
00001110110000	202
00001110110001	680
00001110110010	192
00001110110011	388
00001110110100	278
00001110110101	575
00001110110110	189
00001110110111	453
00001110111000	368
00001110111001	724
00001110111010	328
00001110111011	608
00001110111100	345
00001110111101	667
00001110111110	319
00001110111111	572
00001111000000	266
00001111000001	418
00001111000010	249
00001111000011	491
00001111000100	271
00001111000101	545
00001111000110	265
00001111000111	541
00001111001000	336
00001111001001	468
00001111001010	333
00001111001011	510
00001111001100	330
00001111001101	593
00001111001110	285
00001111001111	437
00001111010000	166
00001111010001	314
00001111010010	151
00001111010011	273
00001111010100	138
00001111010101	472
00001111010110	116
00001111010111	396
00001111011000	179
00001111011001	332
00001111011010	143
00001111011011	395
00001111011100	191
00001111011101	437
00001111011110	233
00001111011111	428
00001111100000	361
00001111100001	559
00001111100010	357
00001111100011	556
00001111100100	354
00001111100101	657
00001111100110	278
00001111100111	473
00001111101000	416
00001111101001	539
00001111101010	320
00001111101011	423
00001111101100	453
00001111101101	703
00001111101110	346
00001111101111	494
00001111110000	132
00001111110001	434
00001111110010	166
00001111110011	298
00001111110100	214
00001111110101	556
00001111110110	166
00001111110111	450
00001111111000	236
00001111111001	569
00001111111010	206
00001111111011	457
00001111111100	213
00001111111101	554
00001111111110	189
00001111111111	339
00010000000000	405
00010000000001	702
00010000000010	442
00010000000011	668
00010000000100	502
00010000000101	744
00010000000110	386
00010000000111	517
00010000001000	662
00010000001001	626
00010000001010	474
00010000001011	695
00010000001100	532
00010000001101	667
00010000001110	530
00010000001111	527
00010000010000	251
00010000010001	496
00010000010010	232
00010000010011	447
00010000010100	314
00010000010101	576
00010000010110	236
00010000010111	394
00010000011000	352
00010000011001	584
00010000011010	367
00010000011011	580
00010000011100	319
00010000011101	616
00010000011110	322
00010000011111	466
00010000100000	542
00010000100001	965
00010000100010	484
00010000100011	593
00010000100100	624
00010000100101	889
00010000100110	424
00010000100111	618
00010000101000	796
00010000101001	998
00010000101010	673
00010000101011	696
00010000101100	816
00010000101101	1096
00010000101110	604
00010000101111	670
00010000110000	334
00010000110001	754
00010000110010	255
00010000110011	529
00010000110100	310
00010000110101	777
00010000110110	188
00010000110111	482
00010000111000	513
00010000111001	721
00010000111010	385
00010000111011	719
00010000111100	513
00010000111101	674
00010000111110	322
00010000111111	579
00010001000000	231
00010001000001	489
00010001000010	262
00010001000011	479
00010001000100	326
00010001000101	524
00010001000110	303
00010001000111	600
00010001001000	289
00010001001001	632
00010001001010	278
00010001001011	479
00010001001100	314
00010001001101	488
00010001001110	292
00010001001111	553
00010001010000	155
00010001010001	418
00010001010010	109
00010001010011	453
00010001010100	193
00010001010101	422
00010001010110	133
00010001010111	459
00010001011000	226
00010001011001	387
00010001011010	243
00010001011011	385
00010001011100	223
00010001011101	429
00010001011110	260
00010001011111	514
00010001100000	415
00010001100001	674
00010001100010	274
00010001100011	640
00010001100100	393
00010001100101	693
00010001100110	344
00010001100111	515
00010001101000	393
00010001101001	835
00010001101010	450
00010001101011	573
00010001101100	400
00010001101101	695
00010001101110	306
00010001101111	469
00010001110000	170
00010001110001	435
00010001110010	153
00010001110011	499
00010001110100	257
00010001110101	490
00010001110110	160
00010001110111	408
00010001111000	268
00010001111001	619
00010001111010	217
00010001111011	459
00010001111100	374
00010001111101	611
00010001111110	216
00010001111111	460
00010010000000	408
00010010000001	655
00010010000010	384
00010010000011	532
00010010000100	483
00010010000101	849
00010010000110	420
00010010000111	612
00010010001000	535
00010010001001	771
00010010001010	454
00010010001011	819
00010010001100	590
00010010001101	715
00010010001110	426
00010010001111	593
00010010010000	218
00010010010001	477
00010010010010	231
00010010010011	585
00010010010100	232
00010010010101	656
00010010010110	230
00010010010111	336
00010010011000	339
00010010011001	544
00010010011010	319
00010010011011	484
00010010011100	382
00010010011101	538
00010010011110	263
00010010011111	534
00010010100000	578
00010010100001	813
00010010100010	463
00010010100011	629
00010010100100	577
00010010100101	926
00010010100110	453
00010010100111	704
00010010101000	695
00010010101001	1039
00010010101010	519
00010010101011	830
00010010101100	730
00010010101101	912
00010010101110	539
00010010101111	574
00010010110000	239
00010010110001	580
00010010110010	200
00010010110011	436
00010010110100	263
00010010110101	599
00010010110110	181
00010010110111	455
00010010111000	511
00010010111001	920
00010010111010	300
00010010111011	641
00010010111100	412
00010010111101	648
00010010111110	320
00010010111111	618
00010011000000	266
00010011000001	490
00010011000010	235
00010011000011	397
00010011000100	323
00010011000101	456
00010011000110	289
00010011000111	524
00010011001000	360
00010011001001	506
00010011001010	276
00010011001011	557
00010011001100	302
00010011001101	497
00010011001110	327
00010011001111	400
00010011010000	192
00010011010001	417
00010011010010	132
00010011010011	430
00010011010100	219
00010011010101	452
00010011010110	185
00010011010111	440
00010011011000	221
00010011011001	515
00010011011010	169
00010011011011	399
00010011011100	178
00010011011101	521
00010011011110	201
00010011011111	441
00010011100000	323
00010011100001	815
00010011100010	317
00010011100011	618
00010011100100	394
00010011100101	516
00010011100110	404
00010011100111	433
00010011101000	433
00010011101001	737
00010011101010	355
00010011101011	515
00010011101100	404
00010011101101	522
00010011101110	264
00010011101111	470
00010011110000	197
00010011110001	654
00010011110010	149
00010011110011	393
00010011110100	241
00010011110101	626
00010011110110	175
00010011110111	379
00010011111000	297
00010011111001	688
00010011111010	286
00010011111011	452
00010011111100	338
00010011111101	559
00010011111110	203
00010011111111	503
00010100000000	393
00010100000001	525
00010100000010	390
00010100000011	576
00010100000100	399
00010100000101	710
00010100000110	378
00010100000111	516
00010100001000	664
00010100001001	686
00010100001010	458
00010100001011	551
00010100001100	483
00010100001101	566
00010100001110	410
00010100001111	500
00010100010000	182
00010100010001	584
00010100010010	225
00010100010011	303
00010100010100	188
00010100010101	449
00010100010110	195
00010100010111	472
00010100011000	338
00010100011001	484
00010100011010	304
00010100011011	557
00010100011100	318
00010100011101	524
00010100011110	310
00010100011111	541
00010100100000	518
00010100100001	857
00010100100010	294
00010100100011	601
00010100100100	590
00010100100101	875
00010100100110	450
00010100100111	662
00010100101000	656
00010100101001	711
00010100101010	536
00010100101011	648
00010100101100	663
00010100101101	713
00010100101110	482
00010100101111	426
00010100110000	340
00010100110001	416
00010100110010	219
00010100110011	465
00010100110100	295
00010100110101	720
00010100110110	208
00010100110111	464
00010100111000	381
00010100111001	736
00010100111010	330
00010100111011	444
00010100111100	450
00010100111101	792
00010100111110	284
00010100111111	409
00010101000000	217
00010101000001	370
00010101000010	210
00010101000011	482
00010101000100	323
00010101000101	596
00010101000110	200
00010101000111	380
00010101001000	286
00010101001001	437
00010101001010	251
00010101001011	338
00010101001100	287
00010101001101	649
00010101001110	229
00010101001111	295
00010101010000	115
00010101010001	465
00010101010010	137
00010101010011	346
00010101010100	147
00010101010101	384
00010101010110	155
00010101010111	348
00010101011000	164
00010101011001	401
00010101011010	185
00010101011011	450
00010101011100	235
00010101011101	383
00010101011110	177
00010101011111	443
00010101100000	277
00010101100001	748
00010101100010	248
00010101100011	432
00010101100100	358
00010101100101	731
00010101100110	285
00010101100111	545
00010101101000	435
00010101101001	689
00010101101010	296
00010101101011	373
00010101101100	380
00010101101101	666
00010101101110	217
00010101101111	413
00010101110000	113
00010101110001	410
00010101110010	143
00010101110011	402
00010101110100	209
00010101110101	456
00010101110110	148
00010101110111	420
00010101111000	251
00010101111001	660
00010101111010	234
00010101111011	427
00010101111100	274
00010101111101	610
00010101111110	183
00010101111111	455
00010110000000	523
00010110000001	941
00010110000010	428
00010110000011	561
00010110000100	580
00010110000101	660
00010110000110	472
00010110000111	650
00010110001000	744
00010110001001	849
00010110001010	608
00010110001011	661
00010110001100	835
00010110001101	860
00010110001110	459
00010110001111	615
00010110010000	301
00010110010001	634
00010110010010	226
00010110010011	439
00010110010100	276
00010110010101	674
00010110010110	234
00010110010111	476
00010110011000	387
00010110011001	748
00010110011010	321
00010110011011	731
00010110011100	455
00010110011101	634
00010110011110	283
00010110011111	596
00010110100000	732
00010110100001	1267
00010110100010	465
00010110100011	801
00010110100100	837
00010110100101	1011
00010110100110	460
00010110100111	582
00010110101000	849
00010110101001	1187
00010110101010	576
00010110101011	869
00010110101100	831
00010110101101	926
00010110101110	594
00010110101111	683
00010110110000	331
00010110110001	817
00010110110010	278
00010110110011	575
00010110110100	350
00010110110101	871
00010110110110	271
00010110110111	450
00010110111000	626
00010110111001	1124
00010110111010	428
00010110111011	781
00010110111100	504
00010110111101	743
00010110111110	426
00010110111111	655
00010111000000	392
00010111000001	588
00010111000010	318
00010111000011	508
00010111000100	384
00010111000101	576
00010111000110	361
00010111000111	646
00010111001000	410
00010111001001	680
00010111001010	350
00010111001011	578
00010111001100	411
00010111001101	796
00010111001110	241
00010111001111	488
00010111010000	191
00010111010001	371
00010111010010	145
00010111010011	530
00010111010100	180
00010111010101	400
00010111010110	220
00010111010111	430
00010111011000	272
00010111011001	591
00010111011010	298
00010111011011	610
00010111011100	332
00010111011101	425
00010111011110	170
00010111011111	484
00010111100000	401
00010111100001	837
00010111100010	356
00010111100011	616
00010111100100	511
00010111100101	783
00010111100110	327
00010111100111	596
00010111101000	526
00010111101001	822
00010111101010	414
00010111101011	649
00010111101100	561
00010111101101	716
00010111101110	460
00010111101111	505
00010111110000	254
00010111110001	549
00010111110010	183
00010111110011	596
00010111110100	229
00010111110101	642
00010111110110	192
00010111110111	559
00010111111000	287
00010111111001	700
00010111111010	315
00010111111011	598
00010111111100	401
00010111111101	665
00010111111110	295
00010111111111	480
00011000000000	363
00011000000001	621
00011000000010	250
00011000000011	339
00011000000100	415
00011000000101	552
00011000000110	345
00011000000111	372
00011000001000	457
00011000001001	614
00011000001010	343
00011000001011	428
00011000001100	430
00011000001101	695
00011000001110	266
00011000001111	384
00011000010000	193
00011000010001	361
00011000010010	103
00011000010011	370
00011000010100	196
00011000010101	429
00011000010110	198
00011000010111	292
00011000011000	289
00011000011001	509
00011000011010	300
00011000011011	454
00011000011100	233
00011000011101	264
00011000011110	248
00011000011111	313
00011000100000	476
00011000100001	675
00011000100010	335
00011000100011	373
00011000100100	483
00011000100101	626
00011000100110	363
00011000100111	475
00011000101000	650
00011000101001	657
00011000101010	498
00011000101011	423
00011000101100	548
00011000101101	765
00011000101110	389
00011000101111	500
00011000110000	238
00011000110001	597
00011000110010	186
00011000110011	429
00011000110100	218
00011000110101	425
00011000110110	177
00011000110111	374
00011000111000	392
00011000111001	674
00011000111010	315
00011000111011	457
00011000111100	310
00011000111101	547
00011000111110	214
00011000111111	399
00011001000000	252
00011001000001	495
00011001000010	230
00011001000011	327
00011001000100	217
00011001000101	531
00011001000110	239
00011001000111	462
00011001001000	252
00011001001001	449
00011001001010	221
00011001001011	359
00011001001100	213
00011001001101	380
00011001001110	273
00011001001111	383
00011001010000	103
00011001010001	264
00011001010010	127
00011001010011	213
00011001010100	120
00011001010101	363
00011001010110	146
00011001010111	246
00011001011000	170
00011001011001	374
00011001011010	196
00011001011011	375
00011001011100	136
00011001011101	335
00011001011110	162
00011001011111	252
00011001100000	300
00011001100001	563
00011001100010	208
00011001100011	433
00011001100100	369
00011001100101	684
00011001100110	221
00011001100111	431
00011001101000	406
00011001101001	464
00011001101010	245
00011001101011	539
00011001101100	347
00011001101101	505
00011001101110	214
00011001101111	253
00011001110000	114
00011001110001	339
00011001110010	154
00011001110011	308
00011001110100	188
00011001110101	485
00011001110110	149
00011001110111	409
00011001111000	227
00011001111001	481
00011001111010	162
00011001111011	348
00011001111100	182
00011001111101	329
00011001111110	202
00011001111111	368
00011010000000	276
00011010000001	628
00011010000010	234
00011010000011	486
00011010000100	343
00011010000101	389
00011010000110	309
00011010000111	447
00011010001000	405
00011010001001	658
00011010001010	412
00011010001011	426
00011010001100	366
00011010001101	516
00011010001110	343
00011010001111	366
00011010010000	191
00011010010001	366
00011010010010	153
00011010010011	315
00011010010100	152
00011010010101	398
00011010010110	149
00011010010111	434
00011010011000	233
00011010011001	597
00011010011010	255
00011010011011	480
00011010011100	227
00011010011101	624
00011010011110	265
00011010011111	348
00011010100000	468
00011010100001	786
00011010100010	309
00011010100011	541
00011010100100	453
00011010100101	764
00011010100110	344
00011010100111	467
00011010101000	510
00011010101001	852
00011010101010	342
00011010101011	586
00011010101100	692
00011010101101	588
00011010101110	311
00011010101111	409
00011010110000	219
00011010110001	472
00011010110010	156
00011010110011	302
00011010110100	193
00011010110101	535
00011010110110	182
00011010110111	292
00011010111000	399
00011010111001	479
00011010111010	228
00011010111011	369
00011010111100	294
00011010111101	488
00011010111110	247
00011010111111	437
00011011000000	261
00011011000001	398
00011011000010	231
00011011000011	332
00011011000100	249
00011011000101	372
00011011000110	202
00011011000111	358
00011011001000	301
00011011001001	472
00011011001010	250
00011011001011	354
00011011001100	263
00011011001101	315
00011011001110	214
00011011001111	338
00011011010000	100
00011011010001	334
00011011010010	89
00011011010011	233
00011011010100	126
00011011010101	316
00011011010110	115
00011011010111	268
00011011011000	145
00011011011001	307
00011011011010	114
00011011011011	340
00011011011100	161
00011011011101	295
00011011011110	210
00011011011111	293
00011011100000	273
00011011100001	578
00011011100010	243
00011011100011	309
00011011100100	300
00011011100101	500
00011011100110	281
00011011100111	320
00011011101000	321
00011011101001	680
00011011101010	293
00011011101011	402
00011011101100	323
00011011101101	435
00011011101110	306
00011011101111	351
00011011110000	133
00011011110001	405
00011011110010	109
00011011110011	254
00011011110100	145
00011011110101	267
00011011110110	123
00011011110111	309
00011011111000	175
00011011111001	540
00011011111010	144
00011011111011	376
00011011111100	229
00011011111101	374
00011011111110	213
00011011111111	403
00011100000000	290
00011100000001	478
00011100000010	269
00011100000011	289
00011100000100	361
00011100000101	482
00011100000110	231
00011100000111	375
00011100001000	399
00011100001001	432
00011100001010	348
00011100001011	420
00011100001100	320
00011100001101	426
00011100001110	267
00011100001111	250
00011100010000	166
00011100010001	360
00011100010010	127
00011100010011	328
00011100010100	168
00011100010101	338
00011100010110	126
00011100010111	340
00011100011000	171
00011100011001	347
00011100011010	203
00011100011011	398
00011100011100	223
00011100011101	362
00011100011110	153
00011100011111	335
00011100100000	393
00011100100001	602
00011100100010	255
00011100100011	462
00011100100100	480
00011100100101	624
00011100100110	258
00011100100111	447
00011100101000	386
00011100101001	542
00011100101010	317
00011100101011	565
00011100101100	469
00011100101101	547
00011100101110	366
00011100101111	291
00011100110000	191
00011100110001	420
00011100110010	180
00011100110011	293
00011100110100	246
00011100110101	510
00011100110110	221
00011100110111	359
00011100111000	368
00011100111001	511
00011100111010	272
00011100111011	424
00011100111100	287
00011100111101	426
00011100111110	209
00011100111111	336
00011101000000	119
00011101000001	508
00011101000010	167
00011101000011	321
00011101000100	222
00011101000101	371
00011101000110	200
00011101000111	289
00011101001000	214
00011101001001	361
00011101001010	154
00011101001011	312
00011101001100	233
00011101001101	324
00011101001110	210
00011101001111	280
00011101010000	113
00011101010001	275
00011101010010	68
00011101010011	221
00011101010100	80
00011101010101	251
00011101010110	111
00011101010111	298
00011101011000	112
00011101011001	329
00011101011010	111
00011101011011	264
00011101011100	162
00011101011101	306
00011101011110	128
00011101011111	345
00011101100000	206
00011101100001	453
00011101100010	155
00011101100011	301
00011101100100	219
00011101100101	449
00011101100110	134
00011101100111	392
00011101101000	272
00011101101001	504
00011101101010	177
00011101101011	405
00011101101100	387
00011101101101	402
00011101101110	227
00011101101111	353
00011101110000	105
00011101110001	355
00011101110010	123
00011101110011	225
00011101110100	135
00011101110101	405
00011101110110	124
00011101110111	289
00011101111000	183
00011101111001	392
00011101111010	123
00011101111011	273
00011101111100	206
00011101111101	399
00011101111110	167
00011101111111	284
00011110000000	369
00011110000001	627
00011110000010	324
00011110000011	499
00011110000100	458
00011110000101	636
00011110000110	330
00011110000111	617
00011110001000	464
00011110001001	564
00011110001010	312
00011110001011	494
00011110001100	535
00011110001101	575
00011110001110	376
00011110001111	461
00011110010000	198
00011110010001	563
00011110010010	131
00011110010011	372
00011110010100	212
00011110010101	343
00011110010110	193
00011110010111	378
00011110011000	247
00011110011001	650
00011110011010	253
00011110011011	395
00011110011100	287
00011110011101	436
00011110011110	188
00011110011111	474
00011110100000	399
00011110100001	579
00011110100010	414
00011110100011	574
00011110100100	535
00011110100101	645
00011110100110	318
00011110100111	556
00011110101000	639
00011110101001	886
00011110101010	474
00011110101011	701
00011110101100	666
00011110101101	692
00011110101110	362
00011110101111	486
00011110110000	233
00011110110001	585
00011110110010	197
00011110110011	428
00011110110100	269
00011110110101	545
00011110110110	153
00011110110111	521
00011110111000	424
00011110111001	890
00011110111010	292
00011110111011	510
00011110111100	396
00011110111101	489
00011110111110	296
00011110111111	399
00011111000000	240
00011111000001	366
00011111000010	199
00011111000011	413
00011111000100	188
00011111000101	424
00011111000110	247
00011111000111	430
00011111001000	291
00011111001001	385
00011111001010	329
00011111001011	396
00011111001100	261
00011111001101	487
00011111001110	265
00011111001111	322
00011111010000	86
00011111010001	297
00011111010010	97
00011111010011	301
00011111010100	119
00011111010101	339
00011111010110	150
00011111010111	328
00011111011000	189
00011111011001	431
00011111011010	162
00011111011011	364
00011111011100	178
00011111011101	372
00011111011110	199
00011111011111	471
00011111100000	325
00011111100001	524
00011111100010	225
00011111100011	348
00011111100100	399
00011111100101	590
00011111100110	301
00011111100111	456
00011111101000	471
00011111101001	525
00011111101010	279
00011111101011	530
00011111101100	368
00011111101101	583
00011111101110	280
00011111101111	449
00011111110000	200
00011111110001	371
00011111110010	122
00011111110011	274
00011111110100	173
00011111110101	388
00011111110110	172
00011111110111	513
00011111111000	258
00011111111001	515
00011111111010	179
00011111111011	358
00011111111100	258
00011111111101	493
00011111111110	222
00011111111111	467
00100000000000	323
00100000000001	371
00100000000010	258
00100000000011	398
00100000000100	417
00100000000101	391
00100000000110	349
00100000000111	364
00100000001000	520
00100000001001	576
00100000001010	240
00100000001011	417
00100000001100	306
00100000001101	534
00100000001110	295
00100000001111	330
00100000010000	140
00100000010001	407
00100000010010	150
00100000010011	330
00100000010100	144
00100000010101	461
00100000010110	153
00100000010111	390
00100000011000	290
00100000011001	424
00100000011010	240
00100000011011	356
00100000011100	237
00100000011101	432
00100000011110	210
00100000011111	295
00100000100000	443
00100000100001	551
00100000100010	420
00100000100011	550
00100000100100	435
00100000100101	552
00100000100110	318
00100000100111	451
00100000101000	566
00100000101001	639
00100000101010	372
00100000101011	503
00100000101100	505
00100000101101	593
00100000101110	323
00100000101111	397
00100000110000	183
00100000110001	434
00100000110010	167
00100000110011	436
00100000110100	219
00100000110101	479
00100000110110	162
00100000110111	397
00100000111000	356
00100000111001	551
00100000111010	275
00100000111011	367
00100000111100	327
00100000111101	371
00100000111110	312
00100000111111	303
00100001000000	206
00100001000001	338
00100001000010	153
00100001000011	313
00100001000100	177
00100001000101	400
00100001000110	197
00100001000111	289
00100001001000	206
00100001001001	331
00100001001010	128
00100001001011	277
00100001001100	214
00100001001101	205
00100001001110	180
00100001001111	283
00100001010000	73
00100001010001	227
00100001010010	69
00100001010011	278
00100001010100	95
00100001010101	232
00100001010110	99
00100001010111	290
00100001011000	177
00100001011001	450
00100001011010	89
00100001011011	329
00100001011100	143
00100001011101	301
00100001011110	162
00100001011111	223
00100001100000	223
00100001100001	472
00100001100010	201
00100001100011	360
00100001100100	336
00100001100101	481
00100001100110	156
00100001100111	314
00100001101000	199
00100001101001	431
00100001101010	286
00100001101011	331
00100001101100	344
00100001101101	441
00100001101110	238
00100001101111	306
00100001110000	139
00100001110001	363
00100001110010	101
00100001110011	202
00100001110100	125
00100001110101	394
00100001110110	112
00100001110111	318
00100001111000	155
00100001111001	386
00100001111010	162
00100001111011	288
00100001111100	186
00100001111101	493
00100001111110	176
00100001111111	342
00100010000000	207
00100010000001	526
00100010000010	155
00100010000011	238
00100010000100	366
00100010000101	378
00100010000110	229
00100010000111	379
00100010001000	274
00100010001001	592
00100010001010	300
00100010001011	188
00100010001100	317
00100010001101	455
00100010001110	275
00100010001111	257
00100010010000	179
00100010010001	368
00100010010010	112
00100010010011	224
00100010010100	100
00100010010101	277
00100010010110	127
00100010010111	235
00100010011000	265
00100010011001	390
00100010011010	148
00100010011011	298
00100010011100	193
00100010011101	367
00100010011110	166
00100010011111	274
00100010100000	280
00100010100001	511
00100010100010	226
00100010100011	332
00100010100100	420
00100010100101	654
00100010100110	273
00100010100111	529
00100010101000	394
00100010101001	470
00100010101010	319
00100010101011	231
00100010101100	358
00100010101101	504
00100010101110	265
00100010101111	284
00100010110000	194
00100010110001	398
00100010110010	101
00100010110011	327
00100010110100	195
00100010110101	522
00100010110110	135
00100010110111	374
00100010111000	241
00100010111001	633
00100010111010	224
00100010111011	421
00100010111100	234
00100010111101	445
00100010111110	144
00100010111111	288
00100011000000	170
00100011000001	304
00100011000010	154
00100011000011	221
00100011000100	126
00100011000101	299
00100011000110	158
00100011000111	262
00100011001000	197
00100011001001	229
00100011001010	195
00100011001011	263
00100011001100	243
00100011001101	365
00100011001110	167
00100011001111	238
00100011010000	120
00100011010001	238
00100011010010	55
00100011010011	258
00100011010100	113
00100011010101	219
00100011010110	105
00100011010111	189
00100011011000	129
00100011011001	281
00100011011010	150
00100011011011	210
00100011011100	140
00100011011101	358
00100011011110	132
00100011011111	211
00100011100000	253
00100011100001	362
00100011100010	287
00100011100011	271
00100011100100	212
00100011100101	477
00100011100110	192
00100011100111	294
00100011101000	262
00100011101001	361
00100011101010	249
00100011101011	380
00100011101100	227
00100011101101	344
00100011101110	228
00100011101111	336
00100011110000	161
00100011110001	272
00100011110010	87
00100011110011	220
00100011110100	131
00100011110101	310
00100011110110	125
00100011110111	249
00100011111000	186
00100011111001	314
00100011111010	164
00100011111011	388
00100011111100	189
00100011111101	346
00100011111110	112
00100011111111	204
00100100000000	290
00100100000001	333
00100100000010	257
00100100000011	389
00100100000100	266
00100100000101	456
00100100000110	243
00100100000111	453
00100100001000	286
00100100001001	435
00100100001010	244
00100100001011	207
00100100001100	326
00100100001101	378
00100100001110	218
00100100001111	255
00100100010000	100
00100100010001	244
00100100010010	110
00100100010011	240
00100100010100	173
00100100010101	265
00100100010110	139
00100100010111	215
00100100011000	218
00100100011001	359
00100100011010	221
00100100011011	361
00100100011100	245
00100100011101	275
00100100011110	177
00100100011111	236
00100100100000	315
00100100100001	505
00100100100010	263
00100100100011	308
00100100100100	348
00100100100101	567
00100100100110	258
00100100100111	491
00100100101000	429
00100100101001	433
00100100101010	308
00100100101011	469
00100100101100	388
00100100101101	432
00100100101110	369
00100100101111	363
00100100110000	185
00100100110001	383
00100100110010	144
00100100110011	274
00100100110100	197
00100100110101	477
00100100110110	135
00100100110111	263
00100100111000	266
00100100111001	439
00100100111010	209
00100100111011	308
00100100111100	208
00100100111101	392
00100100111110	205
00100100111111	471
00100101000000	135
00100101000001	266
00100101000010	97
00100101000011	298
00100101000100	161
00100101000101	275
00100101000110	122
00100101000111	290
00100101001000	174
00100101001001	287
00100101001010	100
00100101001011	213
00100101001100	200
00100101001101	232
00100101001110	154
00100101001111	161
00100101010000	75
00100101010001	277
00100101010010	43
00100101010011	167
00100101010100	88
00100101010101	179
00100101010110	85
00100101010111	198
00100101011000	91
00100101011001	280
00100101011010	79
00100101011011	261
00100101011100	123
00100101011101	209
00100101011110	92
00100101011111	221
00100101100000	198
00100101100001	235
00100101100010	150
00100101100011	239
00100101100100	235
00100101100101	427
00100101100110	144
00100101100111	314
00100101101000	166
00100101101001	494
00100101101010	163
00100101101011	316
00100101101100	176
00100101101101	354
00100101101110	171
00100101101111	232
00100101110000	81
00100101110001	323
00100101110010	67
00100101110011	139
00100101110100	116
00100101110101	325
00100101110110	95
00100101110111	265
00100101111000	150
00100101111001	262
00100101111010	112
00100101111011	177
00100101111100	166
00100101111101	312
00100101111110	139
00100101111111	251
00100110000000	295
00100110000001	381
00100110000010	256
00100110000011	324
00100110000100	375
00100110000101	439
00100110000110	262
00100110000111	334
00100110001000	384
00100110001001	558
00100110001010	226
00100110001011	270
00100110001100	315
00100110001101	424
00100110001110	301
00100110001111	322
00100110010000	122
00100110010001	238
00100110010010	120
00100110010011	331
00100110010100	162
00100110010101	325
00100110010110	157
00100110010111	297
00100110011000	287
00100110011001	433
00100110011010	186
00100110011011	364
00100110011100	245
00100110011101	414
00100110011110	198
00100110011111	206
00100110100000	354
00100110100001	674
00100110100010	261
00100110100011	440
00100110100100	376
00100110100101	677
00100110100110	200
00100110100111	367
00100110101000	501
00100110101001	620
00100110101010	340
00100110101011	383
00100110101100	508
00100110101101	443
00100110101110	274
00100110101111	441
00100110110000	128
00100110110001	441
00100110110010	125
00100110110011	257
00100110110100	219
00100110110101	412
00100110110110	171
00100110110111	342
00100110111000	321
00100110111001	461
00100110111010	232
00100110111011	324
00100110111100	357
00100110111101	516
00100110111110	213
00100110111111	355
00100111000000	209
00100111000001	341
00100111000010	201
00100111000011	308
00100111000100	192
00100111000101	345
00100111000110	158
00100111000111	289
00100111001000	212
00100111001001	313
00100111001010	195
00100111001011	236
00100111001100	190
00100111001101	302
00100111001110	152
00100111001111	247
00100111010000	96
00100111010001	255
00100111010010	121
00100111010011	277
00100111010100	111
00100111010101	247
00100111010110	132
00100111010111	216
00100111011000	141
00100111011001	382
00100111011010	175
00100111011011	255
00100111011100	181
00100111011101	318
00100111011110	154
00100111011111	248
00100111100000	225
00100111100001	480
00100111100010	241
00100111100011	245
00100111100100	238
00100111100101	374
00100111100110	195
00100111100111	427
00100111101000	298
00100111101001	426
00100111101010	268
00100111101011	401
00100111101100	284
00100111101101	366
00100111101110	222
00100111101111	317
00100111110000	147
00100111110001	395
00100111110010	74
00100111110011	341
00100111110100	131
00100111110101	348
00100111110110	146
00100111110111	197
00100111111000	235
00100111111001	379
00100111111010	181
00100111111011	335
00100111111100	140
00100111111101	368
00100111111110	122
00100111111111	310
00101000000000	522
00101000000001	578
00101000000010	297
00101000000011	522
00101000000100	502
00101000000101	679
00101000000110	280
00101000000111	612
00101000001000	567
00101000001001	667
00101000001010	460
00101000001011	452
00101000001100	414
00101000001101	668
00101000001110	388
00101000001111	563
00101000010000	231
00101000010001	460
00101000010010	146
00101000010011	414
00101000010100	222
00101000010101	581
00101000010110	225
00101000010111	497
00101000011000	385
00101000011001	671
00101000011010	275
00101000011011	498
00101000011100	246
00101000011101	386
00101000011110	335
00101000011111	543
00101000100000	550
00101000100001	666
00101000100010	417
00101000100011	541
00101000100100	533
00101000100101	944
00101000100110	406
00101000100111	598
00101000101000	612
00101000101001	934
00101000101010	518
00101000101011	628
00101000101100	618
00101000101101	752
00101000101110	446
00101000101111	618
00101000110000	259
00101000110001	652
00101000110010	222
00101000110011	467
00101000110100	306
00101000110101	667
00101000110110	245
00101000110111	444
00101000111000	474
00101000111001	613
00101000111010	286
00101000111011	573
00101000111100	503
00101000111101	542
00101000111110	334
00101000111111	486
00101001000000	257
00101001000001	542
00101001000010	183
00101001000011	369
00101001000100	232
00101001000101	492
00101001000110	194
00101001000111	391
00101001001000	271
00101001001001	503
00101001001010	205
00101001001011	363
00101001001100	247
00101001001101	353
00101001001110	191
00101001001111	387
00101001010000	105
00101001010001	289
00101001010010	121
00101001010011	362
00101001010100	106
00101001010101	351
00101001010110	103
00101001010111	338
00101001011000	198
00101001011001	320
00101001011010	198
00101001011011	386
00101001011100	209
00101001011101	345
00101001011110	203
00101001011111	382
00101001100000	270
00101001100001	714
00101001100010	260
00101001100011	518
00101001100100	397
00101001100101	579
00101001100110	246
00101001100111	486
00101001101000	371
00101001101001	524
00101001101010	255
00101001101011	574
00101001101100	333
00101001101101	550
00101001101110	327
00101001101111	387
00101001110000	133
00101001110001	476
00101001110010	88
00101001110011	321
00101001110100	192
00101001110101	462
00101001110110	148
00101001110111	359
00101001111000	224
00101001111001	461
00101001111010	208
00101001111011	424
00101001111100	223
00101001111101	499
00101001111110	159
00101001111111	495
00101010000000	431
00101010000001	603
00101010000010	313
00101010000011	378
00101010000100	455
00101010000101	556
00101010000110	355
00101010000111	580
00101010001000	427
00101010001001	500
00101010001010	318
00101010001011	676
00101010001100	451
00101010001101	490
00101010001110	330
00101010001111	513
00101010010000	197
00101010010001	357
00101010010010	135
00101010010011	401
00101010010100	252
00101010010101	462
00101010010110	150
00101010010111	551
00101010011000	312
00101010011001	685
00101010011010	233
00101010011011	457
00101010011100	334
00101010011101	482
00101010011110	216
00101010011111	498
00101010100000	464
00101010100001	794
00101010100010	347
00101010100011	567
00101010100100	488
00101010100101	938
00101010100110	356
00101010100111	524
00101010101000	768
00101010101001	1083
00101010101010	535
00101010101011	595
00101010101100	623
00101010101101	949
00101010101110	430
00101010101111	551
00101010110000	228
00101010110001	636
00101010110010	162
00101010110011	403
00101010110100	299
00101010110101	791
00101010110110	192
00101010110111	538
00101010111000	438
00101010111001	738
00101010111010	240
00101010111011	593
00101010111100	463
00101010111101	541
00101010111110	268
00101010111111	447
00101011000000	279
00101011000001	457
00101011000010	185
00101011000011	340
00101011000100	260
00101011000101	512
00101011000110	235
00101011000111	405
00101011001000	267
00101011001001	611
00101011001010	212
00101011001011	447
00101011001100	256
00101011001101	407
00101011001110	257
00101011001111	346
00101011010000	134
00101011010001	235
00101011010010	144
00101011010011	216
00101011010100	165
00101011010101	380
00101011010110	162
00101011010111	295
00101011011000	213
00101011011001	414
00101011011010	160
00101011011011	371
00101011011100	174
00101011011101	426
00101011011110	197
00101011011111	299
00101011100000	390
00101011100001	599
00101011100010	205
00101011100011	499
00101011100100	348
00101011100101	608
00101011100110	257
00101011100111	457
00101011101000	404
00101011101001	664
00101011101010	343
00101011101011	504
00101011101100	406
00101011101101	563
00101011101110	378
00101011101111	381
00101011110000	182
00101011110001	495
00101011110010	169
00101011110011	351
00101011110100	248
00101011110101	483
00101011110110	189
00101011110111	412
00101011111000	289
00101011111001	521
00101011111010	205
00101011111011	392
00101011111100	268
00101011111101	406
00101011111110	209
00101011111111	334
00101100000000	379
00101100000001	465
00101100000010	294
00101100000011	388
00101100000100	356
00101100000101	438
00101100000110	313
00101100000111	402
00101100001000	538
00101100001001	453
00101100001010	436
00101100001011	452
00101100001100	454
00101100001101	469
00101100001110	308
00101100001111	323
00101100010000	107
00101100010001	360
00101100010010	141
00101100010011	357
00101100010100	193
00101100010101	451
00101100010110	169
00101100010111	246
00101100011000	278
00101100011001	514
00101100011010	256
00101100011011	382
00101100011100	296
00101100011101	589
00101100011110	244
00101100011111	343
00101100100000	414
00101100100001	580
00101100100010	347
00101100100011	446
00101100100100	429
00101100100101	744
00101100100110	338
00101100100111	483
00101100101000	607
00101100101001	621
00101100101010	459
00101100101011	629
00101100101100	636
00101100101101	688
00101100101110	389
00101100101111	423
00101100110000	223
00101100110001	391
00101100110010	155
00101100110011	376
00101100110100	238
00101100110101	507
00101100110110	208
00101100110111	446
00101100111000	433
00101100111001	722
00101100111010	335
00101100111011	474
00101100111100	371
00101100111101	519
00101100111110	283
00101100111111	334
00101101000000	204
00101101000001	376
00101101000010	195
00101101000011	322
00101101000100	146
00101101000101	287
00101101000110	204
00101101000111	323
00101101001000	193
00101101001001	261
00101101001010	140
00101101001011	285
00101101001100	167
00101101001101	312
00101101001110	155
00101101001111	233
00101101010000	95
00101101010001	251
00101101010010	74
00101101010011	237
00101101010100	100
00101101010101	233
00101101010110	101
00101101010111	221
00101101011000	116
00101101011001	371
00101101011010	128
00101101011011	297
00101101011100	125
00101101011101	310
00101101011110	147
00101101011111	279
00101101100000	200
00101101100001	504
00101101100010	173
00101101100011	377
00101101100100	253
00101101100101	477
00101101100110	204
00101101100111	465
00101101101000	301
00101101101001	425
00101101101010	232
00101101101011	417
00101101101100	270
00101101101101	560
00101101101110	171
00101101101111	369
00101101110000	96
00101101110001	357
00101101110010	95
00101101110011	315
00101101110100	99
00101101110101	420
00101101110110	96
00101101110111	312
00101101111000	216
00101101111001	443
00101101111010	141
00101101111011	335
00101101111100	189
00101101111101	359
00101101111110	199
00101101111111	308
00101110000000	361
00101110000001	598
00101110000010	270
00101110000011	533
00101110000100	422
00101110000101	803
00101110000110	388
00101110000111	516
00101110001000	428
00101110001001	600
00101110001010	300
00101110001011	551
00101110001100	516
00101110001101	708
00101110001110	290
00101110001111	410
00101110010000	187
00101110010001	544
00101110010010	162
00101110010011	339
00101110010100	236
00101110010101	831
00101110010110	193
00101110010111	459
00101110011000	357
00101110011001	604
00101110011010	288
00101110011011	572
00101110011100	341
00101110011101	621
00101110011110	235
00101110011111	423
00101110100000	511
00101110100001	1059
00101110100010	352
00101110100011	649
00101110100100	631
00101110100101	950
00101110100110	431
00101110100111	575
00101110101000	773
00101110101001	1075
00101110101010	461
00101110101011	702
00101110101100	642
00101110101101	914
00101110101110	521
00101110101111	652
00101110110000	194
00101110110001	578
00101110110010	180
00101110110011	430
00101110110100	254
00101110110101	622
00101110110110	253
00101110110111	433
00101110111000	456
00101110111001	663
00101110111010	287
00101110111011	543
00101110111100	349
00101110111101	688
00101110111110	303
00101110111111	453
00101111000000	289
00101111000001	398
00101111000010	236
00101111000011	385
00101111000100	278
00101111000101	501
00101111000110	178
00101111000111	413
00101111001000	351
00101111001001	529
00101111001010	260
00101111001011	383
00101111001100	309
00101111001101	340
00101111001110	237
00101111001111	429
00101111010000	147
00101111010001	364
00101111010010	121
00101111010011	404
00101111010100	126
00101111010101	388
00101111010110	131
00101111010111	482
00101111011000	245
00101111011001	455
00101111011010	228
00101111011011	401
00101111011100	267
00101111011101	419
00101111011110	217
00101111011111	434
00101111100000	411
00101111100001	474
00101111100010	247
00101111100011	603
00101111100100	390
00101111100101	596
00101111100110	328
00101111100111	610
00101111101000	405
00101111101001	566
00101111101010	337
00101111101011	552
00101111101100	516
00101111101101	632
00101111101110	298
00101111101111	534
00101111110000	169
00101111110001	474
00101111110010	105
00101111110011	335
00101111110100	215
00101111110101	582
00101111110110	194
00101111110111	440
00101111111000	272
00101111111001	527
00101111111010	233
00101111111011	485
00101111111100	338
00101111111101	652
00101111111110	221
00101111111111	418
00110000000000	384
00110000000001	802
00110000000010	370
00110000000011	640
00110000000100	562
00110000000101	564
00110000000110	475
00110000000111	593
00110000001000	644
00110000001001	765
00110000001010	484
00110000001011	487
00110000001100	636
00110000001101	821
00110000001110	423
00110000001111	481
00110000010000	252
00110000010001	505
00110000010010	259
00110000010011	579
00110000010100	309
00110000010101	713
00110000010110	198
00110000010111	438
00110000011000	439
00110000011001	580
00110000011010	378
00110000011011	511
00110000011100	341
00110000011101	462
00110000011110	330
00110000011111	375
00110000100000	701
00110000100001	1103
00110000100010	522
00110000100011	824
00110000100100	707
00110000100101	797
00110000100110	370
00110000100111	722
00110000101000	915
00110000101001	879
00110000101010	605
00110000101011	491
00110000101100	716
00110000101101	698
00110000101110	576
00110000101111	600
00110000110000	319
00110000110001	803
00110000110010	216
00110000110011	531
00110000110100	307
00110000110101	746
00110000110110	261
00110000110111	568
00110000111000	526
00110000111001	784
00110000111010	360
00110000111011	516
00110000111100	465
00110000111101	836
00110000111110	331
00110000111111	581
00110001000000	312
00110001000001	441
00110001000010	259
00110001000011	472
00110001000100	227
00110001000101	464
00110001000110	197
00110001000111	417
00110001001000	313
00110001001001	668
00110001001010	328
00110001001011	401
00110001001100	257
00110001001101	458
00110001001110	197
00110001001111	192
00110001010000	155
00110001010001	462
00110001010010	130
00110001010011	372
00110001010100	155
00110001010101	517
00110001010110	129
00110001010111	404
00110001011000	247
00110001011001	384
00110001011010	181
00110001011011	435
00110001011100	212
00110001011101	461
00110001011110	193
00110001011111	360
00110001100000	337
00110001100001	608
00110001100010	315
00110001100011	513
00110001100100	349
00110001100101	750
00110001100110	294
00110001100111	433
00110001101000	369
00110001101001	688
00110001101010	380
00110001101011	556
00110001101100	410
00110001101101	740
00110001101110	350
00110001101111	341
00110001110000	158
00110001110001	502
00110001110010	189
00110001110011	386
00110001110100	233
00110001110101	616
00110001110110	124
00110001110111	500
00110001111000	313
00110001111001	682
00110001111010	237
00110001111011	640
00110001111100	301
00110001111101	488
00110001111110	216
00110001111111	540
00110010000000	607
00110010000001	764
00110010000010	330
00110010000011	546
00110010000100	496
00110010000101	623
00110010000110	344
00110010000111	551
00110010001000	543
00110010001001	883
00110010001010	322
00110010001011	612
00110010001100	527
00110010001101	466
00110010001110	308
00110010001111	457
00110010010000	221
00110010010001	623
00110010010010	154
00110010010011	343
00110010010100	317
00110010010101	391
00110010010110	211
00110010010111	400
00110010011000	359
00110010011001	592
00110010011010	238
00110010011011	608
00110010011100	272
00110010011101	714
00110010011110	263
00110010011111	511
00110010100000	587
00110010100001	1144
00110010100010	316
00110010100011	680
00110010100100	594
00110010100101	784
00110010100110	533
00110010100111	532
00110010101000	748
00110010101001	987
00110010101010	584
00110010101011	620
00110010101100	690
00110010101101	822
00110010101110	462
00110010101111	702
00110010110000	277
00110010110001	640
00110010110010	177
00110010110011	356
00110010110100	367
00110010110101	738
00110010110110	231
00110010110111	464
00110010111000	446
00110010111001	942
00110010111010	403
00110010111011	723
00110010111100	395
00110010111101	587
00110010111110	326
00110010111111	674
00110011000000	334
00110011000001	458
00110011000010	250
00110011000011	446
00110011000100	251
00110011000101	414
00110011000110	213
00110011000111	353
00110011001000	400
00110011001001	711
00110011001010	226
00110011001011	358
00110011001100	319
00110011001101	330
00110011001110	256
00110011001111	259
00110011010000	121
00110011010001	363
00110011010010	156
00110011010011	405
00110011010100	155
00110011010101	365
00110011010110	130
00110011010111	486
00110011011000	184
00110011011001	443
00110011011010	162
00110011011011	404
00110011011100	238
00110011011101	370
00110011011110	246
00110011011111	448
00110011100000	327
00110011100001	666
00110011100010	281
00110011100011	492
00110011100100	460
00110011100101	616
00110011100110	347
00110011100111	455
00110011101000	394
00110011101001	797
00110011101010	362
00110011101011	553
00110011101100	467
00110011101101	613
00110011101110	398
00110011101111	478
00110011110000	237
00110011110001	456
00110011110010	141
00110011110011	363
00110011110100	227
00110011110101	648
00110011110110	192
00110011110111	379
00110011111000	313
00110011111001	486
00110011111010	246
00110011111011	548
00110011111100	330
00110011111101	559
00110011111110	252
00110011111111	505
00110100000000	365
00110100000001	723
00110100000010	315
00110100000011	407
00110100000100	499
00110100000101	663
00110100000110	292
00110100000111	399
00110100001000	381
00110100001001	699
00110100001010	316
00110100001011	456
00110100001100	550
00110100001101	705
00110100001110	287
00110100001111	400
00110100010000	171
00110100010001	504
00110100010010	179
00110100010011	445
00110100010100	206
00110100010101	428
00110100010110	174
00110100010111	531
00110100011000	333
00110100011001	465
00110100011010	340
00110100011011	381
00110100011100	305
00110100011101	598
00110100011110	332
00110100011111	406
00110100100000	639
00110100100001	932
00110100100010	426
00110100100011	542
00110100100100	578
00110100100101	870
00110100100110	343
00110100100111	418
00110100101000	611
00110100101001	958
00110100101010	548
00110100101011	592
00110100101100	682
00110100101101	944
00110100101110	349
00110100101111	612
00110100110000	302
00110100110001	510
00110100110010	247
00110100110011	505
00110100110100	324
00110100110101	629
00110100110110	279
00110100110111	472
00110100111000	428
00110100111001	581
00110100111010	373
00110100111011	435
00110100111100	462
00110100111101	674
00110100111110	385
00110100111111	469
00110101000000	209
00110101000001	476
00110101000010	179
00110101000011	445
00110101000100	206
00110101000101	418
00110101000110	208
00110101000111	406
00110101001000	263
00110101001001	404
00110101001010	213
00110101001011	293
00110101001100	302
00110101001101	365
00110101001110	133
00110101001111	298
00110101010000	111
00110101010001	501
00110101010010	138
00110101010011	331
00110101010100	92
00110101010101	415
00110101010110	110
00110101010111	385
00110101011000	195
00110101011001	337
00110101011010	152
00110101011011	470
00110101011100	204
00110101011101	439
00110101011110	160
00110101011111	343
00110101100000	313
00110101100001	692
00110101100010	248
00110101100011	448
00110101100100	271
00110101100101	682
00110101100110	247
00110101100111	415
00110101101000	396
00110101101001	491
00110101101010	326
00110101101011	392
00110101101100	358
00110101101101	670
00110101101110	280
00110101101111	404
00110101110000	193
00110101110001	563
00110101110010	110
00110101110011	378
00110101110100	191
00110101110101	501
00110101110110	109
00110101110111	419
00110101111000	196
00110101111001	497
00110101111010	250
00110101111011	325
00110101111100	252
00110101111101	580
00110101111110	174
00110101111111	346
00110110000000	526
00110110000001	870
00110110000010	350
00110110000011	662
00110110000100	644
00110110000101	890
00110110000110	461
00110110000111	619
00110110001000	601
00110110001001	819
00110110001010	418
00110110001011	526
00110110001100	679
00110110001101	777
00110110001110	375
00110110001111	484
00110110010000	254
00110110010001	571
00110110010010	236
00110110010011	452
00110110010100	279
00110110010101	677
00110110010110	207
00110110010111	475
00110110011000	379
00110110011001	659
00110110011010	328
00110110011011	637
00110110011100	412
00110110011101	742
00110110011110	370
00110110011111	534
00110110100000	768
00110110100001	957
00110110100010	511
00110110100011	833
00110110100100	721
00110110100101	1086
00110110100110	565
00110110100111	783
00110110101000	818
00110110101001	1208
00110110101010	515
00110110101011	716
00110110101100	787
00110110101101	1026
00110110101110	506
00110110101111	597
00110110110000	357
00110110110001	937
00110110110010	265
00110110110011	543
00110110110100	373
00110110110101	714
00110110110110	269
00110110110111	639
00110110111000	591
00110110111001	1083
00110110111010	450
00110110111011	838
00110110111100	613
00110110111101	1115
00110110111110	446
00110110111111	622
00110111000000	332
00110111000001	598
00110111000010	280
00110111000011	545
00110111000100	328
00110111000101	618
00110111000110	224
00110111000111	440
00110111001000	399
00110111001001	605
00110111001010	334
00110111001011	340
00110111001100	305
00110111001101	452
00110111001110	277
00110111001111	459
00110111010000	198
00110111010001	406
00110111010010	133
00110111010011	437
00110111010100	174
00110111010101	404
00110111010110	140
00110111010111	467
00110111011000	337
00110111011001	604
00110111011010	240
00110111011011	373
00110111011100	254
00110111011101	384
00110111011110	189
00110111011111	571
00110111100000	476
00110111100001	685
00110111100010	274
00110111100011	637
00110111100100	455
00110111100101	830
00110111100110	420
00110111100111	591
00110111101000	530
00110111101001	847
00110111101010	370
00110111101011	490
00110111101100	475
00110111101101	931
00110111101110	284
00110111101111	496
00110111110000	223
00110111110001	584
00110111110010	202
00110111110011	520
00110111110100	277
00110111110101	611
00110111110110	282
00110111110111	429
00110111111000	358
00110111111001	594
00110111111010	300
00110111111011	612
00110111111100	405
00110111111101	540
00110111111110	263
00110111111111	504
00111000000000	289
00111000000001	530
00111000000010	293
00111000000011	363
00111000000100	477
00111000000101	608
00111000000110	281
00111000000111	435
00111000001000	463
00111000001001	526
00111000001010	413
00111000001011	472
00111000001100	432
00111000001101	712
00111000001110	370
00111000001111	330
00111000010000	213
00111000010001	382
00111000010010	158
00111000010011	293
00111000010100	191
00111000010101	331
00111000010110	185
00111000010111	335
00111000011000	358
00111000011001	298
00111000011010	265
00111000011011	446
00111000011100	330
00111000011101	438
00111000011110	174
00111000011111	392
00111000100000	542
00111000100001	779
00111000100010	314
00111000100011	408
00111000100100	411
00111000100101	800
00111000100110	361
00111000100111	528
00111000101000	681
00111000101001	816
00111000101010	490
00111000101011	584
00111000101100	561
00111000101101	773
00111000101110	404
00111000101111	472
00111000110000	232
00111000110001	594
00111000110010	184
00111000110011	368
00111000110100	292
00111000110101	607
00111000110110	197
00111000110111	465
00111000111000	357
00111000111001	731
00111000111010	294
00111000111011	568
00111000111100	355
00111000111101	667
00111000111110	234
00111000111111	365
00111001000000	303
00111001000001	319
00111001000010	180
00111001000011	349
00111001000100	220
00111001000101	377
00111001000110	237
00111001000111	336
00111001001000	277
00111001001001	417
00111001001010	185
00111001001011	299
00111001001100	214
00111001001101	370
00111001001110	189
00111001001111	314
00111001010000	104
00111001010001	303
00111001010010	85
00111001010011	274
00111001010100	110
00111001010101	305
00111001010110	86
00111001010111	279
00111001011000	223
00111001011001	381
00111001011010	152
00111001011011	348
00111001011100	215
00111001011101	376
00111001011110	178
00111001011111	294
00111001100000	248
00111001100001	559
00111001100010	221
00111001100011	339
00111001100100	357
00111001100101	608
00111001100110	222
00111001100111	427
00111001101000	328
00111001101001	569
00111001101010	281
00111001101011	431
00111001101100	364
00111001101101	602
00111001101110	286
00111001101111	314
00111001110000	184
00111001110001	245
00111001110010	101
00111001110011	269
00111001110100	136
00111001110101	548
00111001110110	117
00111001110111	390
00111001111000	176
00111001111001	363
00111001111010	162
00111001111011	392
00111001111100	266
00111001111101	401
00111001111110	220
00111001111111	365
00111010000000	314
00111010000001	763
00111010000010	227
00111010000011	402
00111010000100	383
00111010000101	562
00111010000110	274
00111010000111	364
00111010001000	379
00111010001001	582
00111010001010	315
00111010001011	420
00111010001100	402
00111010001101	646
00111010001110	279
00111010001111	448
00111010010000	221
00111010010001	367
00111010010010	145
00111010010011	267
00111010010100	156
00111010010101	422
00111010010110	145
00111010010111	409
00111010011000	260
00111010011001	553
00111010011010	213
00111010011011	342
00111010011100	234
00111010011101	477
00111010011110	197
00111010011111	298
00111010100000	488
00111010100001	553
00111010100010	315
00111010100011	515
00111010100100	451
00111010100101	704
00111010100110	357
00111010100111	565
00111010101000	733
00111010101001	601
00111010101010	362
00111010101011	588
00111010101100	507
00111010101101	529
00111010101110	343
00111010101111	475
00111010110000	255
00111010110001	432
00111010110010	167
00111010110011	331
00111010110100	235
00111010110101	618
00111010110110	147
00111010110111	331
00111010111000	358
00111010111001	696
00111010111010	237
00111010111011	542
00111010111100	300
00111010111101	433
00111010111110	263
00111010111111	380
00111011000000	254
00111011000001	359
00111011000010	197
00111011000011	350
00111011000100	282
00111011000101	464
00111011000110	187
00111011000111	305
00111011001000	280
00111011001001	309
00111011001010	282
00111011001011	331
00111011001100	262
00111011001101	409
00111011001110	158
00111011001111	252
00111011010000	100
00111011010001	285
00111011010010	92
00111011010011	337
00111011010100	137
00111011010101	252
00111011010110	82
00111011010111	287
00111011011000	168
00111011011001	374
00111011011010	174
00111011011011	379
00111011011100	201
00111011011101	299
00111011011110	111
00111011011111	285
00111011100000	325
00111011100001	488
00111011100010	256
00111011100011	527
00111011100100	330
00111011100101	508
00111011100110	282
00111011100111	412
00111011101000	357
00111011101001	437
00111011101010	307
00111011101011	321
00111011101100	349
00111011101101	450
00111011101110	279
00111011101111	266
00111011110000	126
00111011110001	329
00111011110010	146
00111011110011	335
00111011110100	175
00111011110101	287
00111011110110	135
00111011110111	315
00111011111000	279
00111011111001	421
00111011111010	237
00111011111011	417
00111011111100	259
00111011111101	405
00111011111110	185
00111011111111	362
00111100000000	343
00111100000001	544
00111100000010	259
00111100000011	285
00111100000100	263
00111100000101	459
00111100000110	271
00111100000111	358
00111100001000	344
00111100001001	453
00111100001010	332
00111100001011	391
00111100001100	451
00111100001101	486
00111100001110	201
00111100001111	323
00111100010000	178
00111100010001	371
00111100010010	165
00111100010011	298
00111100010100	209
00111100010101	300
00111100010110	126
00111100010111	359
00111100011000	215
00111100011001	352
00111100011010	242
00111100011011	480
00111100011100	275
00111100011101	254
00111100011110	223
00111100011111	316
00111100100000	346
00111100100001	627
00111100100010	322
00111100100011	371
00111100100100	434
00111100100101	494
00111100100110	342
00111100100111	559
00111100101000	443
00111100101001	596
00111100101010	318
00111100101011	453
00111100101100	559
00111100101101	598
00111100101110	334
00111100101111	463
00111100110000	147
00111100110001	421
00111100110010	138
00111100110011	397
00111100110100	202
00111100110101	570
00111100110110	120
00111100110111	389
00111100111000	383
00111100111001	666
00111100111010	233
00111100111011	415
00111100111100	275
00111100111101	664
00111100111110	241
00111100111111	293
00111101000000	219
00111101000001	324
00111101000010	106
00111101000011	259
00111101000100	253
00111101000101	342
00111101000110	163
00111101000111	314
00111101001000	171
00111101001001	322
00111101001010	158
00111101001011	271
00111101001100	191
00111101001101	371
00111101001110	162
00111101001111	193
00111101010000	91
00111101010001	270
00111101010010	106
00111101010011	253
00111101010100	125
00111101010101	239
00111101010110	95
00111101010111	241
00111101011000	108
00111101011001	309
00111101011010	166
00111101011011	366
00111101011100	134
00111101011101	258
00111101011110	95
00111101011111	266
00111101100000	217
00111101100001	536
00111101100010	180
00111101100011	304
00111101100100	306
00111101100101	371
00111101100110	196
00111101100111	411
00111101101000	234
00111101101001	500
00111101101010	211
00111101101011	360
00111101101100	368
00111101101101	323
00111101101110	218
00111101101111	337
00111101110000	87
00111101110001	295
00111101110010	112
00111101110011	295
00111101110100	108
00111101110101	313
00111101110110	109
00111101110111	338
00111101111000	252
00111101111001	372
00111101111010	150
00111101111011	352
00111101111100	155
00111101111101	322
00111101111110	179
00111101111111	325
00111110000000	394
00111110000001	788
00111110000010	371
00111110000011	492
00111110000100	507
00111110000101	564
00111110000110	272
00111110000111	363
00111110001000	502
00111110001001	663
00111110001010	331
00111110001011	541
00111110001100	563
00111110001101	459
00111110001110	329
00111110001111	356
00111110010000	147
00111110010001	545
00111110010010	158
00111110010011	359
00111110010100	241
00111110010101	422
00111110010110	224
00111110010111	307
00111110011000	363
00111110011001	695
00111110011010	268
00111110011011	403
00111110011100	321
00111110011101	513
00111110011110	211
00111110011111	399
00111110100000	504
00111110100001	843
00111110100010	347
00111110100011	620
00111110100100	471
00111110100101	781
00111110100110	373
00111110100111	518
00111110101000	714
00111110101001	938
00111110101010	413
00111110101011	677
00111110101100	731
00111110101101	673
00111110101110	373
00111110101111	504
00111110110000	262
00111110110001	698
00111110110010	204
00111110110011	424
00111110110100	310
00111110110101	546
00111110110110	156
00111110110111	542
00111110111000	465
00111110111001	724
00111110111010	288
00111110111011	549
00111110111100	310
00111110111101	611
00111110111110	218
00111110111111	424
00111111000000	240
00111111000001	314
00111111000010	207
00111111000011	445
00111111000100	278
00111111000101	467
00111111000110	217
00111111000111	338
00111111001000	279
00111111001001	470
00111111001010	193
00111111001011	382
00111111001100	213
00111111001101	471
00111111001110	214
00111111001111	353
00111111010000	153
00111111010001	253
00111111010010	92
00111111010011	306
00111111010100	107
00111111010101	392
00111111010110	151
00111111010111	259
00111111011000	192
00111111011001	414
00111111011010	195
00111111011011	366
00111111011100	212
00111111011101	268
00111111011110	184
00111111011111	313
00111111100000	325
00111111100001	688
00111111100010	293
00111111100011	368
00111111100100	315
00111111100101	507
00111111100110	265
00111111100111	402
00111111101000	396
00111111101001	685
00111111101010	328
00111111101011	482
00111111101100	312
00111111101101	452
00111111101110	294
00111111101111	446
00111111110000	178
00111111110001	354
00111111110010	129
00111111110011	375
00111111110100	175
00111111110101	485
00111111110110	123
00111111110111	415
00111111111000	285
00111111111001	499
00111111111010	198
00111111111011	339
00111111111100	271
00111111111101	557
00111111111110	167
00111111111111	342
01000000000000	317
01000000000001	366
01000000000010	246
01000000000011	362
01000000000100	297
01000000000101	348
01000000000110	264
01000000000111	357
01000000001000	489
01000000001001	397
01000000001010	361
01000000001011	273
01000000001100	293
01000000001101	415
01000000001110	226
01000000001111	311
01000000010000	122
01000000010001	267
01000000010010	102
01000000010011	240
01000000010100	156
01000000010101	270
01000000010110	160
01000000010111	212
01000000011000	221
01000000011001	298
01000000011010	190
01000000011011	230
01000000011100	230
01000000011101	238
01000000011110	160
01000000011111	237
01000000100000	363
01000000100001	392
01000000100010	277
01000000100011	314
01000000100100	375
01000000100101	478
01000000100110	316
01000000100111	377
01000000101000	403
01000000101001	582
01000000101010	331
01000000101011	337
01000000101100	448
01000000101101	557
01000000101110	264
01000000101111	313
01000000110000	229
01000000110001	367
01000000110010	158
01000000110011	278
01000000110100	202
01000000110101	385
01000000110110	160
01000000110111	287
01000000111000	298
01000000111001	456
01000000111010	174
01000000111011	330
01000000111100	293
01000000111101	334
01000000111110	203
01000000111111	295
01000001000000	158
01000001000001	340
01000001000010	163
01000001000011	282
01000001000100	169
01000001000101	266
01000001000110	129
01000001000111	278
01000001001000	184
01000001001001	392
01000001001010	159
01000001001011	262
01000001001100	183
01000001001101	330
01000001001110	158
01000001001111	272
01000001010000	80
01000001010001	248
01000001010010	72
01000001010011	247
01000001010100	94
01000001010101	306
01000001010110	110
01000001010111	208
01000001011000	149
01000001011001	234
01000001011010	88
01000001011011	214
01000001011100	115
01000001011101	345
01000001011110	107
01000001011111	228
01000001100000	186
01000001100001	413
01000001100010	139
01000001100011	292
01000001100100	180
01000001100101	440
01000001100110	153
01000001100111	301
01000001101000	289
01000001101001	437
01000001101010	156
01000001101011	305
01000001101100	195
01000001101101	511
01000001101110	152
01000001101111	185
01000001110000	68
01000001110001	235
01000001110010	95
01000001110011	191
01000001110100	106
01000001110101	297
01000001110110	100
01000001110111	177
01000001111000	216
01000001111001	362
01000001111010	135
01000001111011	324
01000001111100	160
01000001111101	330
01000001111110	127
01000001111111	197
01000010000000	173
01000010000001	393
01000010000010	159
01000010000011	274
01000010000100	238
01000010000101	427
01000010000110	154
01000010000111	369
01000010001000	317
01000010001001	355
01000010001010	262
01000010001011	350
01000010001100	255
01000010001101	297
01000010001110	191
01000010001111	297
01000010010000	109
01000010010001	209
01000010010010	90
01000010010011	161
01000010010100	103
01000010010101	191
01000010010110	79
01000010010111	213
01000010011000	117
01000010011001	318
01000010011010	96
01000010011011	279
01000010011100	160
01000010011101	263
01000010011110	162
01000010011111	182
01000010100000	275
01000010100001	530
01000010100010	191
01000010100011	179
01000010100100	258
01000010100101	354
01000010100110	188
01000010100111	327
01000010101000	433
01000010101001	284
01000010101010	230
01000010101011	239
01000010101100	275
01000010101101	338
01000010101110	244
01000010101111	362
01000010110000	126
01000010110001	323
01000010110010	125
01000010110011	230
01000010110100	137
01000010110101	362
01000010110110	98
01000010110111	322
01000010111000	281
01000010111001	366
01000010111010	138
01000010111011	269
01000010111100	235
01000010111101	351
01000010111110	113
01000010111111	253
01000011000000	149
01000011000001	244
01000011000010	170
01000011000011	174
01000011000100	174
01000011000101	227
01000011000110	188
01000011000111	262
01000011001000	208
01000011001001	219
01000011001010	141
01000011001011	216
01000011001100	222
01000011001101	293
01000011001110	140
01000011001111	275
01000011010000	96
01000011010001	173
01000011010010	98
01000011010011	183
01000011010100	71
01000011010101	250
01000011010110	59
01000011010111	228
01000011011000	107
01000011011001	188
01000011011010	151
01000011011011	233
01000011011100	114
01000011011101	218
01000011011110	138
01000011011111	270
01000011100000	193
01000011100001	376
01000011100010	148
01000011100011	235
01000011100100	228
01000011100101	321
01000011100110	171
01000011100111	230
01000011101000	226
01000011101001	332
01000011101010	131
01000011101011	236
01000011101100	230
01000011101101	263
01000011101110	175
01000011101111	269
01000011110000	134
01000011110001	226
01000011110010	93
01000011110011	159
01000011110100	117
01000011110101	361
01000011110110	66
01000011110111	233
01000011111000	150
01000011111001	306
01000011111010	146
01000011111011	248
01000011111100	160
01000011111101	269
01000011111110	155
01000011111111	255
01000100000000	208
01000100000001	381
01000100000010	202
01000100000011	274
01000100000100	265
01000100000101	372
01000100000110	224
01000100000111	361
01000100001000	384
01000100001001	380
01000100001010	241
01000100001011	294
01000100001100	293
01000100001101	363
01000100001110	263
01000100001111	272
01000100010000	128
01000100010001	235
01000100010010	94
01000100010011	160
01000100010100	129
01000100010101	259
01000100010110	102
01000100010111	243
01000100011000	146
01000100011001	398
01000100011010	133
01000100011011	292
01000100011100	184
01000100011101	354
01000100011110	209
01000100011111	226
01000100100000	284
01000100100001	427
01000100100010	191
01000100100011	317
01000100100100	340
01000100100101	436
01000100100110	228
01000100100111	281
01000100101000	410
01000100101001	325
01000100101010	282
01000100101011	243
01000100101100	344
01000100101101	446
01000100101110	277
01000100101111	227
01000100110000	150
01000100110001	328
01000100110010	125
01000100110011	202
01000100110100	142
01000100110101	314
01000100110110	90
01000100110111	178
01000100111000	224
01000100111001	382
01000100111010	181
01000100111011	188
01000100111100	190
01000100111101	366
01000100111110	170
01000100111111	272
01000101000000	94
01000101000001	228
01000101000010	113
01000101000011	257
01000101000100	118
01000101000101	276
01000101000110	126
01000101000111	240
01000101001000	187
01000101001001	271
01000101001010	184
01000101001011	252
01000101001100	189
01000101001101	285
01000101001110	122
01000101001111	184
01000101010000	72
01000101010001	174
01000101010010	69
01000101010011	185
01000101010100	90
01000101010101	230
01000101010110	48
01000101010111	175
01000101011000	79
01000101011001	200
01000101011010	81
01000101011011	185
01000101011100	109
01000101011101	302
01000101011110	75
01000101011111	279
01000101100000	169
01000101100001	382
01000101100010	139
01000101100011	257
01000101100100	153
01000101100101	351
01000101100110	107
01000101100111	269
01000101101000	263
01000101101001	295
01000101101010	130
01000101101011	347
01000101101100	175
01000101101101	300
01000101101110	172
01000101101111	180
01000101110000	68
01000101110001	251
01000101110010	64
01000101110011	202
01000101110100	92
01000101110101	266
01000101110110	83
01000101110111	225
01000101111000	131
01000101111001	289
01000101111010	113
01000101111011	184
01000101111100	130
01000101111101	254
01000101111110	82
01000101111111	183
01000110000000	247
01000110000001	399
01000110000010	139
01000110000011	360
01000110000100	298
01000110000101	467
01000110000110	212
01000110000111	346
01000110001000	296
01000110001001	401
01000110001010	240
01000110001011	304
01000110001100	350
01000110001101	393
01000110001110	251
01000110001111	284
01000110010000	131
01000110010001	294
01000110010010	99
01000110010011	231
01000110010100	115
01000110010101	333
01000110010110	100
01000110010111	295
01000110011000	232
01000110011001	292
01000110011010	216
01000110011011	286
01000110011100	239
01000110011101	296
01000110011110	170
01000110011111	286
01000110100000	323
01000110100001	529
01000110100010	214
01000110100011	368
01000110100100	415
01000110100101	558
01000110100110	269
01000110100111	360
01000110101000	359
01000110101001	553
01000110101010	259
01000110101011	319
01000110101100	391
01000110101101	460
01000110101110	288
01000110101111	353
01000110110000	144
01000110110001	408
01000110110010	110
01000110110011	299
01000110110100	164
01000110110101	312
01000110110110	144
01000110110111	254
01000110111000	285
01000110111001	510
01000110111010	174
01000110111011	241
01000110111100	249
01000110111101	448
01000110111110	208
01000110111111	245
01000111000000	163
01000111000001	353
01000111000010	150
01000111000011	211
01000111000100	163
01000111000101	269
01000111000110	226
01000111000111	235
01000111001000	217
01000111001001	257
01000111001010	203
01000111001011	259
01000111001100	162
01000111001101	331
01000111001110	172
01000111001111	281
01000111010000	93
01000111010001	261
01000111010010	113
01000111010011	263
01000111010100	91
01000111010101	201
01000111010110	89
01000111010111	267
01000111011000	119
01000111011001	316
01000111011010	158
01000111011011	245
01000111011100	144
01000111011101	243
01000111011110	160
01000111011111	234
01000111100000	199
01000111100001	297
01000111100010	198
01000111100011	276
01000111100100	201
01000111100101	318
01000111100110	208
01000111100111	279
01000111101000	306
01000111101001	358
01000111101010	203
01000111101011	314
01000111101100	240
01000111101101	453
01000111101110	225
01000111101111	273
01000111110000	112
01000111110001	261
01000111110010	121
01000111110011	247
01000111110100	148
01000111110101	335
01000111110110	123
01000111110111	218
01000111111000	160
01000111111001	328
01000111111010	134
01000111111011	274
01000111111100	214
01000111111101	374
01000111111110	196
01000111111111	306
01001000000000	336
01001000000001	413
01001000000010	264
01001000000011	554
01001000000100	320
01001000000101	580
01001000000110	293
01001000000111	460
01001000001000	498
01001000001001	566
01001000001010	366
01001000001011	442
01001000001100	355
01001000001101	440
01001000001110	393
01001000001111	350
01001000010000	134
01001000010001	484
01001000010010	131
01001000010011	310
01001000010100	166
01001000010101	445
01001000010110	124
01001000010111	406
01001000011000	262
01001000011001	417
01001000011010	200
01001000011011	337
01001000011100	276
01001000011101	410
01001000011110	230
01001000011111	336
01001000100000	420
01001000100001	550
01001000100010	327
01001000100011	674
01001000100100	500
01001000100101	785
01001000100110	386
01001000100111	420
01001000101000	592
01001000101001	738
01001000101010	401
01001000101011	508
01001000101100	523
01001000101101	443
01001000101110	361
01001000101111	389
01001000110000	218
01001000110001	486
01001000110010	149
01001000110011	325
01001000110100	210
01001000110101	473
01001000110110	178
01001000110111	320
01001000111000	379
01001000111001	511
01001000111010	307
01001000111011	474
01001000111100	390
01001000111101	477
01001000111110	242
01001000111111	417
01001001000000	234
01001001000001	392
01001001000010	197
01001001000011	463
01001001000100	201
01001001000101	552
01001001000110	199
01001001000111	406
01001001001000	339
01001001001001	424
01001001001010	197
01001001001011	302
01001001001100	207
01001001001101	373
01001001001110	265
01001001001111	336
01001001010000	85
01001001010001	338
01001001010010	107
01001001010011	310
01001001010100	87
01001001010101	282
01001001010110	121
01001001010111	349
01001001011000	182
01001001011001	287
01001001011010	195
01001001011011	347
01001001011100	160
01001001011101	365
01001001011110	152
01001001011111	332
01001001100000	248
01001001100001	448
01001001100010	183
01001001100011	449
01001001100100	334
01001001100101	541
01001001100110	255
01001001100111	376
01001001101000	298
01001001101001	490
01001001101010	264
01001001101011	392
01001001101100	318
01001001101101	501
01001001101110	253
01001001101111	438
01001001110000	157
01001001110001	345
01001001110010	116
01001001110011	347
01001001110100	112
01001001110101	341
01001001110110	129
01001001110111	381
01001001111000	216
01001001111001	420
01001001111010	162
01001001111011	319
01001001111100	270
01001001111101	365
01001001111110	187
01001001111111	241
01001010000000	441
01001010000001	606
01001010000010	252
01001010000011	447
01001010000100	326
01001010000101	561
01001010000110	275
01001010000111	517
01001010001000	434
01001010001001	600
01001010001010	322
01001010001011	396
01001010001100	435
01001010001101	697
01001010001110	308
01001010001111	344
01001010010000	134
01001010010001	387
01001010010010	129
01001010010011	222
01001010010100	158
01001010010101	278
01001010010110	152
01001010010111	368
01001010011000	304
01001010011001	430
01001010011010	271
01001010011011	372
01001010011100	238
01001010011101	387
01001010011110	220
01001010011111	399
01001010100000	447
01001010100001	576
01001010100010	276
01001010100011	434
01001010100100	475
01001010100101	728
01001010100110	282
01001010100111	456
01001010101000	491
01001010101001	838
01001010101010	452
01001010101011	517
01001010101100	568
01001010101101	709
01001010101110	371
01001010101111	393
01001010110000	249
01001010110001	475
01001010110010	165
01001010110011	339
01001010110100	193
01001010110101	480
01001010110110	140
01001010110111	361
01001010111000	306
01001010111001	646
01001010111010	296
01001010111011	488
01001010111100	315
01001010111101	476
01001010111110	188
01001010111111	373
01001011000000	241
01001011000001	450
01001011000010	216
01001011000011	357
01001011000100	210
01001011000101	373
01001011000110	266
01001011000111	330
01001011001000	266
01001011001001	404
01001011001010	240
01001011001011	400
01001011001100	304
01001011001101	478
01001011001110	269
01001011001111	330
01001011010000	91
01001011010001	311
01001011010010	91
01001011010011	273
01001011010100	101
01001011010101	354
01001011010110	132
01001011010111	298
01001011011000	191
01001011011001	441
01001011011010	167
01001011011011	295
01001011011100	190
01001011011101	369
01001011011110	226
01001011011111	404
01001011100000	308
01001011100001	490
01001011100010	238
01001011100011	410
01001011100100	313
01001011100101	529
01001011100110	286
01001011100111	354
01001011101000	436
01001011101001	538
01001011101010	307
01001011101011	419
01001011101100	290
01001011101101	539
01001011101110	239
01001011101111	387
01001011110000	115
01001011110001	410
01001011110010	112
01001011110011	301
01001011110100	207
01001011110101	428
01001011110110	153
01001011110111	391
01001011111000	218
01001011111001	474
01001011111010	191
01001011111011	336
01001011111100	210
01001011111101	470
01001011111110	195
01001011111111	349
01001100000000	303
01001100000001	479
01001100000010	227
01001100000011	358
01001100000100	343
01001100000101	381
01001100000110	271
01001100000111	348
01001100001000	355
01001100001001	460
01001100001010	316
01001100001011	332
01001100001100	374
01001100001101	487
01001100001110	341
01001100001111	355
01001100010000	103
01001100010001	349
01001100010010	124
01001100010011	224
01001100010100	169
01001100010101	398
01001100010110	125
01001100010111	277
01001100011000	233
01001100011001	391
01001100011010	210
01001100011011	295
01001100011100	236
01001100011101	320
01001100011110	217
01001100011111	369
01001100100000	414
01001100100001	519
01001100100010	267
01001100100011	356
01001100100100	423
01001100100101	620
01001100100110	272
01001100100111	365
01001100101000	425
01001100101001	576
01001100101010	373
01001100101011	366
01001100101100	430
01001100101101	622
01001100101110	349
01001100101111	294
01001100110000	170
01001100110001	476
01001100110010	129
01001100110011	295
01001100110100	188
01001100110101	316
01001100110110	167
01001100110111	290
01001100111000	327
01001100111001	473
01001100111010	221
01001100111011	376
01001100111100	262
01001100111101	418
01001100111110	208
01001100111111	302
01001101000000	132
01001101000001	320
01001101000010	179
01001101000011	349
01001101000100	159
01001101000101	318
01001101000110	196
01001101000111	327
01001101001000	165
01001101001001	273
01001101001010	195
01001101001011	329
01001101001100	203
01001101001101	249
01001101001110	220
01001101001111	275
01001101010000	79
01001101010001	233
01001101010010	79
01001101010011	334
01001101010100	83
01001101010101	198
01001101010110	105
01001101010111	260
01001101011000	131
01001101011001	243
01001101011010	108
01001101011011	300
01001101011100	136
01001101011101	273
01001101011110	114
01001101011111	255
01001101100000	173
01001101100001	430
01001101100010	113
01001101100011	302
01001101100100	183
01001101100101	335
01001101100110	153
01001101100111	358
01001101101000	234
01001101101001	480
01001101101010	187
01001101101011	340
01001101101100	305
01001101101101	380
01001101101110	250
01001101101111	304
01001101110000	88
01001101110001	259
01001101110010	90
01001101110011	307
01001101110100	118
01001101110101	235
01001101110110	92
01001101110111	273
01001101111000	121
01001101111001	356
01001101111010	107
01001101111011	424
01001101111100	176
01001101111101	401
01001101111110	148
01001101111111	295
01001110000000	331
01001110000001	573
01001110000010	335
01001110000011	407
01001110000100	380
01001110000101	470
01001110000110	312
01001110000111	471
01001110001000	397
01001110001001	603
01001110001010	340
01001110001011	553
01001110001100	423
01001110001101	525
01001110001110	336
01001110001111	501
01001110010000	172
01001110010001	508
01001110010010	146
01001110010011	305
01001110010100	181
01001110010101	428
01001110010110	162
01001110010111	364
01001110011000	252
01001110011001	589
01001110011010	234
01001110011011	373
01001110011100	275
01001110011101	531
01001110011110	249
01001110011111	403
01001110100000	425
01001110100001	745
01001110100010	348
01001110100011	423
01001110100100	451
01001110100101	819
01001110100110	283
01001110100111	602
01001110101000	721
01001110101001	887
01001110101010	443
01001110101011	489
01001110101100	558
01001110101101	722
01001110101110	400
01001110101111	426
01001110110000	269
01001110110001	630
01001110110010	187
01001110110011	446
01001110110100	201
01001110110101	635
01001110110110	165
01001110110111	400
01001110111000	416
01001110111001	680
01001110111010	231
01001110111011	368
01001110111100	354
01001110111101	632
01001110111110	215
01001110111111	444
01001111000000	242
01001111000001	429
01001111000010	250
01001111000011	319
01001111000100	233
01001111000101	491
01001111000110	311
01001111000111	468
01001111001000	267
01001111001001	470
01001111001010	264
01001111001011	478
01001111001100	299
01001111001101	409
01001111001110	279
01001111001111	381
01001111010000	102
01001111010001	392
01001111010010	142
01001111010011	239
01001111010100	94
01001111010101	351
01001111010110	130
01001111010111	408
01001111011000	219
01001111011001	305
01001111011010	153
01001111011011	281
01001111011100	162
01001111011101	361
01001111011110	190
01001111011111	348
01001111100000	330
01001111100001	533
01001111100010	296
01001111100011	469
01001111100100	365
01001111100101	601
01001111100110	252
01001111100111	419
01001111101000	386
01001111101001	490
01001111101010	308
01001111101011	351
01001111101100	278
01001111101101	589
01001111101110	281
01001111101111	407
01001111110000	142
01001111110001	442
01001111110010	108
01001111110011	302
01001111110100	184
01001111110101	473
01001111110110	150
01001111110111	281
01001111111000	216
01001111111001	463
01001111111010	232
01001111111011	359
01001111111100	267
01001111111101	493
01001111111110	234
01001111111111	491
01010000000000	357
01010000000001	534
01010000000010	355
01010000000011	496
01010000000100	443
01010000000101	644
01010000000110	318
01010000000111	499
01010000001000	482
01010000001001	687
01010000001010	445
01010000001011	455
01010000001100	530
01010000001101	510
01010000001110	375
01010000001111	504
01010000010000	213
01010000010001	445
01010000010010	172
01010000010011	428
01010000010100	247
01010000010101	479
01010000010110	173
01010000010111	360
01010000011000	334
01010000011001	647
01010000011010	329
01010000011011	482
01010000011100	299
01010000011101	576
01010000011110	256
01010000011111	440
01010000100000	555
01010000100001	588
01010000100010	356
01010000100011	381
01010000100100	491
01010000100101	854
01010000100110	350
01010000100111	483
01010000101000	725
01010000101001	841
01010000101010	438
01010000101011	583
01010000101100	634
01010000101101	712
01010000101110	359
01010000101111	472
01010000110000	332
01010000110001	559
01010000110010	196
01010000110011	530
01010000110100	267
01010000110101	560
01010000110110	207
01010000110111	451
01010000111000	459
01010000111001	635
01010000111010	337
01010000111011	503
01010000111100	424
01010000111101	582
01010000111110	285
01010000111111	529
01010001000000	300
01010001000001	578
01010001000010	211
01010001000011	464
01010001000100	246
01010001000101	552
01010001000110	244
01010001000111	429
01010001001000	282
01010001001001	427
01010001001010	329
01010001001011	444
01010001001100	320
01010001001101	481
01010001001110	220
01010001001111	383
01010001010000	119
01010001010001	431
01010001010010	158
01010001010011	423
01010001010100	132
01010001010101	328
01010001010110	121
01010001010111	395
01010001011000	173
01010001011001	442
01010001011010	202
01010001011011	375
01010001011100	197
01010001011101	427
01010001011110	197
01010001011111	338
01010001100000	274
01010001100001	678
01010001100010	284
01010001100011	403
01010001100100	363
01010001100101	463
01010001100110	212
01010001100111	447
01010001101000	377
01010001101001	606
01010001101010	291
01010001101011	447
01010001101100	358
01010001101101	535
01010001101110	188
01010001101111	389
01010001110000	133
01010001110001	466
01010001110010	156
01010001110011	330
01010001110100	194
01010001110101	508
01010001110110	144
01010001110111	496
01010001111000	220
01010001111001	527
01010001111010	205
01010001111011	437
01010001111100	280
01010001111101	478
01010001111110	214
01010001111111	412
01010010000000	388
01010010000001	680
01010010000010	286
01010010000011	504
01010010000100	355
01010010000101	601
01010010000110	319
01010010000111	604
01010010001000	517
01010010001001	642
01010010001010	367
01010010001011	548
01010010001100	508
01010010001101	572
01010010001110	363
01010010001111	513
01010010010000	219
01010010010001	436
01010010010010	182
01010010010011	402
01010010010100	221
01010010010101	612
01010010010110	166
01010010010111	429
01010010011000	321
01010010011001	668
01010010011010	261
01010010011011	499
01010010011100	278
01010010011101	522
01010010011110	257
01010010011111	505
01010010100000	478
01010010100001	876
01010010100010	337
01010010100011	512
01010010100100	532
01010010100101	826
01010010100110	350
01010010100111	550
01010010101000	710
01010010101001	782
01010010101010	524
01010010101011	501
01010010101100	552
01010010101101	793
01010010101110	388
01010010101111	445
01010010110000	292
01010010110001	624
01010010110010	159
01010010110011	417
01010010110100	243
01010010110101	552
01010010110110	177
01010010110111	483
01010010111000	457
01010010111001	582
01010010111010	240
01010010111011	457
01010010111100	309
01010010111101	639
01010010111110	217
01010010111111	500
01010011000000	266
01010011000001	538
01010011000010	168
01010011000011	474
01010011000100	206
01010011000101	419
01010011000110	243
01010011000111	466
01010011001000	342
01010011001001	500
01010011001010	289
01010011001011	486
01010011001100	303
01010011001101	466
01010011001110	238
01010011001111	442
01010011010000	137
01010011010001	370
01010011010010	129
01010011010011	323
01010011010100	173
01010011010101	359
01010011010110	137
01010011010111	329
01010011011000	153
01010011011001	425
01010011011010	217
01010011011011	412
01010011011100	180
01010011011101	361
01010011011110	170
01010011011111	305
01010011100000	422
01010011100001	580
01010011100010	222
01010011100011	451
01010011100100	281
01010011100101	495
01010011100110	236
01010011100111	382
01010011101000	434
01010011101001	680
01010011101010	336
01010011101011	463
01010011101100	356
01010011101101	403
01010011101110	283
01010011101111	373
01010011110000	192
01010011110001	425
01010011110010	129
01010011110011	293
01010011110100	168
01010011110101	380
01010011110110	157
01010011110111	467
01010011111000	224
01010011111001	490
01010011111010	246
01010011111011	532
01010011111100	241
01010011111101	429
01010011111110	218
01010011111111	386
01010100000000	384
01010100000001	579
01010100000010	330
01010100000011	423
01010100000100	415
01010100000101	628
01010100000110	343
01010100000111	493
01010100001000	469
01010100001001	530
01010100001010	387
01010100001011	478
01010100001100	362
01010100001101	581
01010100001110	414
01010100001111	381
01010100010000	147
01010100010001	357
01010100010010	178
01010100010011	372
01010100010100	185
01010100010101	502
01010100010110	189
01010100010111	352
01010100011000	255
01010100011001	498
01010100011010	316
01010100011011	464
01010100011100	214
01010100011101	414
01010100011110	220
01010100011111	379
01010100100000	465
01010100100001	812
01010100100010	354
01010100100011	395
01010100100100	495
01010100100101	627
01010100100110	297
01010100100111	491
01010100101000	611
01010100101001	753
01010100101010	372
01010100101011	387
01010100101100	533
01010100101101	662
01010100101110	400
01010100101111	385
01010100110000	259
01010100110001	579
01010100110010	164
01010100110011	297
01010100110100	227
01010100110101	561
01010100110110	190
01010100110111	352
01010100111000	418
01010100111001	682
01010100111010	304
01010100111011	389
01010100111100	395
01010100111101	590
01010100111110	298
01010100111111	470
01010101000000	252
01010101000001	513
01010101000010	205
01010101000011	508
01010101000100	244
01010101000101	465
01010101000110	186
01010101000111	431
01010101001000	358
01010101001001	340
01010101001010	253
01010101001011	375
01010101001100	254
01010101001101	529
01010101001110	247
01010101001111	353
01010101010000	138
01010101010001	362
01010101010010	111
01010101010011	265
01010101010100	131
01010101010101	421
01010101010110	124
01010101010111	333
01010101011000	139
01010101011001	354
01010101011010	200
01010101011011	352
01010101011100	164
01010101011101	377
01010101011110	198
01010101011111	380
01010101100000	327
01010101100001	643
01010101100010	212
01010101100011	388
01010101100100	277
01010101100101	578
01010101100110	187
01010101100111	498
01010101101000	306
01010101101001	672
01010101101010	311
01010101101011	458
01010101101100	326
01010101101101	629
01010101101110	182
01010101101111	441
01010101110000	133
01010101110001	368
01010101110010	99
01010101110011	383
01010101110100	158
01010101110101	443
01010101110110	123
01010101110111	391
01010101111000	198
01010101111001	462
01010101111010	197
01010101111011	478
01010101111100	262
01010101111101	542
01010101111110	197
01010101111111	361
01010110000000	493
01010110000001	801
01010110000010	422
01010110000011	684
01010110000100	421
01010110000101	846
01010110000110	336
01010110000111	534
01010110001000	667
01010110001001	685
01010110001010	503
01010110001011	714
01010110001100	637
01010110001101	625
01010110001110	404
01010110001111	596
01010110010000	271
01010110010001	494
01010110010010	148
01010110010011	411
01010110010100	265
01010110010101	529
01010110010110	178
01010110010111	349
01010110011000	366
01010110011001	728
01010110011010	304
01010110011011	557
01010110011100	423
01010110011101	699
01010110011110	338
01010110011111	471
01010110100000	555
01010110100001	723
01010110100010	475
01010110100011	533
01010110100100	695
01010110100101	1068
01010110100110	418
01010110100111	574
01010110101000	806
01010110101001	981
01010110101010	454
01010110101011	588
01010110101100	798
01010110101101	1050
01010110101110	362
01010110101111	491
01010110110000	251
01010110110001	696
01010110110010	189
01010110110011	410
01010110110100	325
01010110110101	682
01010110110110	215
01010110110111	487
01010110111000	520
01010110111001	849
01010110111010	326
01010110111011	465
01010110111100	481
01010110111101	786
01010110111110	290
01010110111111	509
01010111000000	304
01010111000001	557
01010111000010	321
01010111000011	509
01010111000100	383
01010111000101	656
01010111000110	264
01010111000111	403
01010111001000	370
01010111001001	512
01010111001010	352
01010111001011	619
01010111001100	315
01010111001101	383
01010111001110	280
01010111001111	443
01010111010000	129
01010111010001	433
01010111010010	171
01010111010011	426
01010111010100	134
01010111010101	410
01010111010110	160
01010111010111	361
01010111011000	263
01010111011001	491
01010111011010	213
01010111011011	463
01010111011100	257
01010111011101	328
01010111011110	224
01010111011111	397
01010111100000	353
01010111100001	745
01010111100010	329
01010111100011	525
01010111100100	361
01010111100101	553
01010111100110	331
01010111100111	559
01010111101000	398
01010111101001	685
01010111101010	378
01010111101011	482
01010111101100	427
01010111101101	605
01010111101110	309
01010111101111	443
01010111110000	194
01010111110001	534
01010111110010	163
01010111110011	412
01010111110100	229
01010111110101	585
01010111110110	185
01010111110111	439
01010111111000	292
01010111111001	564
01010111111010	297
01010111111011	435
01010111111100	340
01010111111101	491
01010111111110	316
01010111111111	519
01011000000000	302
01011000000001	407
01011000000010	260
01011000000011	326
01011000000100	327
01011000000101	528
01011000000110	298
01011000000111	470
01011000001000	437
01011000001001	636
01011000001010	338
01011000001011	392
01011000001100	375
01011000001101	399
01011000001110	223
01011000001111	385
01011000010000	151
01011000010001	230
01011000010010	134
01011000010011	253
01011000010100	160
01011000010101	363
01011000010110	136
01011000010111	333
01011000011000	235
01011000011001	484
01011000011010	223
01011000011011	363
01011000011100	236
01011000011101	364
01011000011110	268
01011000011111	271
01011000100000	350
01011000100001	446
01011000100010	270
01011000100011	336
01011000100100	466
01011000100101	639
01011000100110	287
01011000100111	391
01011000101000	492
01011000101001	685
01011000101010	344
01011000101011	471
01011000101100	478
01011000101101	689
01011000101110	335
01011000101111	324
01011000110000	202
01011000110001	393
01011000110010	145
01011000110011	273
01011000110100	168
01011000110101	478
01011000110110	130
01011000110111	338
01011000111000	335
01011000111001	555
01011000111010	273
01011000111011	284
01011000111100	243
01011000111101	450
01011000111110	173
01011000111111	286
01011001000000	152
01011001000001	304
01011001000010	187
01011001000011	269
01011001000100	201
01011001000101	351
01011001000110	185
01011001000111	300
01011001001000	286
01011001001001	432
01011001001010	217
01011001001011	416
01011001001100	237
01011001001101	405
01011001001110	218
01011001001111	356
01011001010000	89
01011001010001	319
01011001010010	85
01011001010011	266
01011001010100	113
01011001010101	261
01011001010110	89
01011001010111	282
01011001011000	176
01011001011001	308
01011001011010	154
01011001011011	245
01011001011100	163
01011001011101	332
01011001011110	126
01011001011111	287
01011001100000	253
01011001100001	400
01011001100010	195
01011001100011	392
01011001100100	259
01011001100101	497
01011001100110	159
01011001100111	304
01011001101000	237
01011001101001	443
01011001101010	277
01011001101011	431
01011001101100	222
01011001101101	389
01011001101110	145
01011001101111	272
01011001110000	122
01011001110001	320
01011001110010	79
01011001110011	253
01011001110100	153
01011001110101	376
01011001110110	138
01011001110111	314
01011001111000	261
01011001111001	472
01011001111010	140
01011001111011	279
01011001111100	156
01011001111101	449
01011001111110	140
01011001111111	297
01011010000000	328
01011010000001	446
01011010000010	203
01011010000011	345
01011010000100	323
01011010000101	441
01011010000110	266
01011010000111	326
01011010001000	381
01011010001001	430
01011010001010	327
01011010001011	367
01011010001100	329
01011010001101	406
01011010001110	205
01011010001111	409
01011010010000	139
01011010010001	306
01011010010010	109
01011010010011	254
01011010010100	106
01011010010101	262
01011010010110	128
01011010010111	260
01011010011000	259
01011010011001	446
01011010011010	203
01011010011011	321
01011010011100	241
01011010011101	267
01011010011110	210
01011010011111	347
01011010100000	398
01011010100001	650
01011010100010	204
01011010100011	406
01011010100100	392
01011010100101	477
01011010100110	223
01011010100111	417
01011010101000	497
01011010101001	664
01011010101010	278
01011010101011	298
01011010101100	487
01011010101101	581
01011010101110	249
01011010101111	387
01011010110000	173
01011010110001	405
01011010110010	136
01011010110011	300
01011010110100	195
01011010110101	445
01011010110110	145
01011010110111	305
01011010111000	353
01011010111001	540
01011010111010	185
01011010111011	381
01011010111100	251
01011010111101	590
01011010111110	215
01011010111111	282
01011011000000	198
01011011000001	254
01011011000010	185
01011011000011	293
01011011000100	183
01011011000101	286
01011011000110	147
01011011000111	278
01011011001000	265
01011011001001	492
01011011001010	240
01011011001011	311
01011011001100	204
01011011001101	438
01011011001110	214
01011011001111	388
01011011010000	71
01011011010001	217
01011011010010	57
01011011010011	148
01011011010100	74
01011011010101	278
01011011010110	79
01011011010111	202
01011011011000	152
01011011011001	402
01011011011010	182
01011011011011	306
01011011011100	128
01011011011101	201
01011011011110	136
01011011011111	236
01011011100000	227
01011011100001	356
01011011100010	211
01011011100011	327
01011011100100	239
01011011100101	400
01011011100110	160
01011011100111	305
01011011101000	266
01011011101001	365
01011011101010	299
01011011101011	343
01011011101100	278
01011011101101	382
01011011101110	227
01011011101111	281
01011011110000	108
01011011110001	309
01011011110010	94
01011011110011	229
01011011110100	126
01011011110101	202
01011011110110	107
01011011110111	324
01011011111000	187
01011011111001	292
01011011111010	195
01011011111011	320
01011011111100	218
01011011111101	331
01011011111110	175
01011011111111	346
01011100000000	279
01011100000001	360
01011100000010	213
01011100000011	312
01011100000100	244
01011100000101	409
01011100000110	234
01011100000111	384
01011100001000	324
01011100001001	565
01011100001010	290
01011100001011	307
01011100001100	286
01011100001101	427
01011100001110	263
01011100001111	326
01011100010000	132
01011100010001	342
01011100010010	105
01011100010011	243
01011100010100	213
01011100010101	413
01011100010110	94
01011100010111	321
01011100011000	215
01011100011001	370
01011100011010	191
01011100011011	337
01011100011100	205
01011100011101	310
01011100011110	150
01011100011111	270
01011100100000	358
01011100100001	570
01011100100010	206
01011100100011	332
01011100100100	372
01011100100101	388
01011100100110	225
01011100100111	416
01011100101000	383
01011100101001	698
01011100101010	309
01011100101011	410
01011100101100	462
01011100101101	569
01011100101110	247
01011100101111	369
01011100110000	167
01011100110001	354
01011100110010	96
01011100110011	262
01011100110100	202
01011100110101	404
01011100110110	121
01011100110111	289
01011100111000	265
01011100111001	494
01011100111010	152
01011100111011	334
01011100111100	228
01011100111101	449
01011100111110	205
01011100111111	277
01011101000000	142
01011101000001	329
01011101000010	126
01011101000011	356
01011101000100	178
01011101000101	317
01011101000110	190
01011101000111	259
01011101001000	215
01011101001001	258
01011101001010	199
01011101001011	364
01011101001100	263
01011101001101	248
01011101001110	184
01011101001111	291
01011101010000	71
01011101010001	140
01011101010010	60
01011101010011	266
01011101010100	87
01011101010101	297
01011101010110	82
01011101010111	240
01011101011000	141
01011101011001	221
01011101011010	154
01011101011011	286
01011101011100	149
01011101011101	399
01011101011110	143
01011101011111	286
01011101100000	254
01011101100001	421
01011101100010	178
01011101100011	345
01011101100100	193
01011101100101	436
01011101100110	118
01011101100111	328
01011101101000	228
01011101101001	389
01011101101010	221
01011101101011	328
01011101101100	210
01011101101101	442
01011101101110	168
01011101101111	241
01011101110000	66
01011101110001	254
01011101110010	84
01011101110011	219
01011101110100	116
01011101110101	402
01011101110110	104
01011101110111	266
01011101111000	135
01011101111001	400
01011101111010	107
01011101111011	264
01011101111100	192
01011101111101	316
01011101111110	140
01011101111111	228
01011110000000	222
01011110000001	477
01011110000010	216
01011110000011	594
01011110000100	375
01011110000101	439
01011110000110	265
01011110000111	342
01011110001000	414
01011110001001	554
01011110001010	247
01011110001011	446
01011110001100	401
01011110001101	505
01011110001110	280
01011110001111	398
01011110010000	172
01011110010001	309
01011110010010	171
01011110010011	373
01011110010100	178
01011110010101	406
01011110010110	134
01011110010111	408
01011110011000	213
01011110011001	492
01011110011010	233
01011110011011	448
01011110011100	311
01011110011101	527
01011110011110	194
01011110011111	462
01011110100000	469
01011110100001	599
01011110100010	263
01011110100011	425
01011110100100	450
01011110100101	674
01011110100110	231
01011110100111	536
01011110101000	571
01011110101001	652
01011110101010	313
01011110101011	407
01011110101100	628
01011110101101	829
01011110101110	306
01011110101111	417
01011110110000	169
01011110110001	466
01011110110010	143
01011110110011	315
01011110110100	267
01011110110101	544
01011110110110	165
01011110110111	357
01011110111000	323
01011110111001	552
01011110111010	234
01011110111011	353
01011110111100	407
01011110111101	555
01011110111110	238
01011110111111	259
01011111000000	236
01011111000001	342
01011111000010	189
01011111000011	364
01011111000100	209
01011111000101	423
01011111000110	232
01011111000111	308
01011111001000	273
01011111001001	450
01011111001010	221
01011111001011	308
01011111001100	268
01011111001101	495
01011111001110	185
01011111001111	364
01011111010000	70
01011111010001	221
01011111010010	98
01011111010011	364
01011111010100	91
01011111010101	226
01011111010110	115
01011111010111	284
01011111011000	156
01011111011001	352
01011111011010	189
01011111011011	285
01011111011100	183
01011111011101	330
01011111011110	152
01011111011111	300
01011111100000	295
01011111100001	533
01011111100010	225
01011111100011	276
01011111100100	334
01011111100101	443
01011111100110	195
01011111100111	378
01011111101000	294
01011111101001	500
01011111101010	264
01011111101011	457
01011111101100	293
01011111101101	505
01011111101110	246
01011111101111	307
01011111110000	118
01011111110001	285
01011111110010	121
01011111110011	300
01011111110100	153
01011111110101	365
01011111110110	109
01011111110111	283
01011111111000	227
01011111111001	388
01011111111010	166
01011111111011	394
01011111111100	196
01011111111101	277
01011111111110	164
01011111111111	388
01100000000000	232
01100000000001	611
01100000000010	188
01100000000011	325
01100000000100	358
01100000000101	481
01100000000110	218
01100000000111	346
01100000001000	366
01100000001001	338
01100000001010	271
01100000001011	248
01100000001100	329
01100000001101	338
01100000001110	183
01100000001111	284
01100000010000	163
01100000010001	234
01100000010010	132
01100000010011	181
01100000010100	145
01100000010101	264
01100000010110	155
01100000010111	279
01100000011000	266
01100000011001	319
01100000011010	178
01100000011011	331
01100000011100	297
01100000011101	293
01100000011110	191
01100000011111	341
01100000100000	348
01100000100001	425
01100000100010	341
01100000100011	343
01100000100100	372
01100000100101	476
01100000100110	239
01100000100111	439
01100000101000	643
01100000101001	511
01100000101010	343
01100000101011	398
01100000101100	356
01100000101101	427
01100000101110	322
01100000101111	407
01100000110000	192
01100000110001	449
01100000110010	157
01100000110011	308
01100000110100	179
01100000110101	337
01100000110110	141
01100000110111	318
01100000111000	291
01100000111001	455
01100000111010	189
01100000111011	384
01100000111100	244
01100000111101	359
01100000111110	246
01100000111111	231
01100001000000	140
01100001000001	274
01100001000010	113
01100001000011	326
01100001000100	126
01100001000101	243
01100001000110	99
01100001000111	163
01100001001000	203
01100001001001	347
01100001001010	135
01100001001011	179
01100001001100	141
01100001001101	234
01100001001110	133
01100001001111	202
01100001010000	59
01100001010001	281
01100001010010	61
01100001010011	226
01100001010100	88
01100001010101	172
01100001010110	123
01100001010111	196
01100001011000	121
01100001011001	240
01100001011010	94
01100001011011	258
01100001011100	145
01100001011101	237
01100001011110	91
01100001011111	242
01100001100000	123
01100001100001	311
01100001100010	148
01100001100011	297
01100001100100	176
01100001100101	400
01100001100110	191
01100001100111	231
01100001101000	237
01100001101001	310
01100001101010	172
01100001101011	319
01100001101100	203
01100001101101	293
01100001101110	212
01100001101111	275
01100001110000	93
01100001110001	260
01100001110010	75
01100001110011	217
01100001110100	108
01100001110101	263
01100001110110	98
01100001110111	307
01100001111000	147
01100001111001	263
01100001111010	156
01100001111011	313
01100001111100	188
01100001111101	353
01100001111110	132
01100001111111	190
01100010000000	221
01100010000001	358
01100010000010	98
01100010000011	288
01100010000100	248
01100010000101	359
01100010000110	211
01100010000111	214
01100010001000	264
01100010001001	356
01100010001010	186
01100010001011	262
01100010001100	170
01100010001101	257
01100010001110	162
01100010001111	283
01100010010000	112
01100010010001	217
01100010010010	66
01100010010011	198
01100010010100	122
01100010010101	273
01100010010110	87
01100010010111	273
01100010011000	177
01100010011001	278
01100010011010	136
01100010011011	234
01100010011100	144
01100010011101	319
01100010011110	146
01100010011111	182
01100010100000	280
01100010100001	605
01100010100010	182
01100010100011	268
01100010100100	219
01100010100101	430
01100010100110	201
01100010100111	327
01100010101000	318
01100010101001	387
01100010101010	193
01100010101011	245
01100010101100	324
01100010101101	390
01100010101110	165
01100010101111	249
01100010110000	121
01100010110001	352
01100010110010	71
01100010110011	229
01100010110100	123
01100010110101	318
01100010110110	103
01100010110111	169
01100010111000	240
01100010111001	436
01100010111010	128
01100010111011	154
01100010111100	215
01100010111101	296
01100010111110	177
01100010111111	220
01100011000000	112
01100011000001	246
01100011000010	143
01100011000011	281
01100011000100	180
01100011000101	329
01100011000110	128
01100011000111	201
01100011001000	154
01100011001001	272
01100011001010	161
01100011001011	218
01100011001100	170
01100011001101	249
01100011001110	128
01100011001111	143
01100011010000	70
01100011010001	179
01100011010010	84
01100011010011	152
01100011010100	103
01100011010101	185
01100011010110	57
01100011010111	178
01100011011000	132
01100011011001	171
01100011011010	97
01100011011011	181
01100011011100	88
01100011011101	169
01100011011110	83
01100011011111	184
01100011100000	176
01100011100001	388
01100011100010	148
01100011100011	223
01100011100100	191
01100011100101	303
01100011100110	184
01100011100111	246
01100011101000	176
01100011101001	306
01100011101010	196
01100011101011	256
01100011101100	221
01100011101101	305
01100011101110	145
01100011101111	187
01100011110000	104
01100011110001	221
01100011110010	90
01100011110011	191
01100011110100	98
01100011110101	294
01100011110110	98
01100011110111	248
01100011111000	118
01100011111001	306
01100011111010	110
01100011111011	227
01100011111100	136
01100011111101	260
01100011111110	158
01100011111111	257
01100100000000	224
01100100000001	327
01100100000010	191
01100100000011	185
01100100000100	210
01100100000101	311
01100100000110	194
01100100000111	251
01100100001000	293
01100100001001	358
01100100001010	270
01100100001011	181
01100100001100	275
01100100001101	288
01100100001110	180
01100100001111	150
01100100010000	107
01100100010001	186
01100100010010	84
01100100010011	261
01100100010100	144
01100100010101	231
01100100010110	134
01100100010111	251
01100100011000	174
01100100011001	347
01100100011010	153
01100100011011	225
01100100011100	141
01100100011101	267
01100100011110	113
01100100011111	214
01100100100000	272
01100100100001	336
01100100100010	188
01100100100011	273
01100100100100	243
01100100100101	363
01100100100110	237
01100100100111	249
01100100101000	242
01100100101001	369
01100100101010	353
01100100101011	306
01100100101100	333
01100100101101	298
01100100101110	240
01100100101111	331
01100100110000	155
01100100110001	310
01100100110010	115
01100100110011	230
01100100110100	153
01100100110101	369
01100100110110	136
01100100110111	190
01100100111000	231
01100100111001	301
01100100111010	140
01100100111011	278
01100100111100	255
01100100111101	374
01100100111110	162
01100100111111	256
01100101000000	82
01100101000001	230
01100101000010	75
01100101000011	183
01100101000100	125
01100101000101	250
01100101000110	79
01100101000111	174
01100101001000	109
01100101001001	205
01100101001010	154
01100101001011	118
01100101001100	78
01100101001101	210
01100101001110	75
01100101001111	117
01100101010000	63
01100101010001	109
01100101010010	66
01100101010011	227
01100101010100	81
01100101010101	188
01100101010110	53
01100101010111	188
01100101011000	80
01100101011001	219
01100101011010	74
01100101011011	276
01100101011100	95
01100101011101	166
01100101011110	62
01100101011111	159
01100101100000	126
01100101100001	349
01100101100010	81
01100101100011	241
01100101100100	134
01100101100101	465
01100101100110	102
01100101100111	245
01100101101000	142
01100101101001	294
01100101101010	119
01100101101011	295
01100101101100	217
01100101101101	179
01100101101110	116
01100101101111	268
01100101110000	63
01100101110001	339
01100101110010	37
01100101110011	194
01100101110100	108
01100101110101	321
01100101110110	69
01100101110111	193
01100101111000	94
01100101111001	340
01100101111010	80
01100101111011	239
01100101111100	78
01100101111101	277
01100101111110	63
01100101111111	180
01100110000000	288
01100110000001	311
01100110000010	234
01100110000011	249
01100110000100	253
01100110000101	436
01100110000110	216
01100110000111	354
01100110001000	278
01100110001001	363
01100110001010	192
01100110001011	281
01100110001100	245
01100110001101	439
01100110001110	173
01100110001111	268
01100110010000	147
01100110010001	288
01100110010010	108
01100110010011	268
01100110010100	151
01100110010101	296
01100110010110	98
01100110010111	195
01100110011000	251
01100110011001	341
01100110011010	147
01100110011011	277
01100110011100	197
01100110011101	418
01100110011110	132
01100110011111	224
01100110100000	250
01100110100001	354
01100110100010	201
01100110100011	320
01100110100100	340
01100110100101	483
01100110100110	261
01100110100111	387
01100110101000	360
01100110101001	489
01100110101010	279
01100110101011	299
01100110101100	332
01100110101101	416
01100110101110	226
01100110101111	280
01100110110000	181
01100110110001	354
01100110110010	105
01100110110011	256
01100110110100	166
01100110110101	397
01100110110110	134
01100110110111	298
01100110111000	228
01100110111001	334
01100110111010	178
01100110111011	229
01100110111100	238
01100110111101	330
01100110111110	229
01100110111111	239
01100111000000	150
01100111000001	302
01100111000010	147
01100111000011	286
01100111000100	169
01100111000101	287
01100111000110	177
01100111000111	202
01100111001000	148
01100111001001	281
01100111001010	156
01100111001011	288
01100111001100	170
01100111001101	190
01100111001110	153
01100111001111	204
01100111010000	68
01100111010001	245
01100111010010	80
01100111010011	223
01100111010100	64
01100111010101	237
01100111010110	96
01100111010111	294
01100111011000	145
01100111011001	268
01100111011010	141
01100111011011	245
01100111011100	126
01100111011101	291
01100111011110	127
01100111011111	246
01100111100000	252
01100111100001	347
01100111100010	108
01100111100011	315
01100111100100	246
01100111100101	381
01100111100110	183
01100111100111	286
01100111101000	277
01100111101001	293
01100111101010	207
01100111101011	223
01100111101100	216
01100111101101	310
01100111101110	168
01100111101111	232
01100111110000	119
01100111110001	185
01100111110010	85
01100111110011	183
01100111110100	118
01100111110101	311
01100111110110	114
01100111110111	232
01100111111000	142
01100111111001	365
01100111111010	168
01100111111011	338
01100111111100	186
01100111111101	239
01100111111110	135
01100111111111	224
01101000000000	384
01101000000001	692
01101000000010	287
01101000000011	436
01101000000100	382
01101000000101	530
01101000000110	312
01101000000111	496
01101000001000	433
01101000001001	518
01101000001010	425
01101000001011	500
01101000001100	484
01101000001101	528
01101000001110	339
01101000001111	399
01101000010000	185
01101000010001	285
01101000010010	161
01101000010011	412
01101000010100	223
01101000010101	433
01101000010110	189
01101000010111	379
01101000011000	261
01101000011001	427
01101000011010	268
01101000011011	394
01101000011100	233
01101000011101	503
01101000011110	231
01101000011111	399
01101000100000	508
01101000100001	668
01101000100010	327
01101000100011	479
01101000100100	468
01101000100101	725
01101000100110	331
01101000100111	508
01101000101000	585
01101000101001	657
01101000101010	367
01101000101011	520
01101000101100	540
01101000101101	641
01101000101110	377
01101000101111	530
01101000110000	199
01101000110001	541
01101000110010	156
01101000110011	365
01101000110100	270
01101000110101	533
01101000110110	167
01101000110111	416
01101000111000	314
01101000111001	614
01101000111010	268
01101000111011	529
01101000111100	348
01101000111101	542
01101000111110	282
01101000111111	381
01101001000000	151
01101001000001	435
01101001000010	176
01101001000011	314
01101001000100	205
01101001000101	292
01101001000110	183
01101001000111	413
01101001001000	257
01101001001001	396
01101001001010	227
01101001001011	488
01101001001100	158
01101001001101	359
01101001001110	164
01101001001111	250
01101001010000	76
01101001010001	266
01101001010010	110
01101001010011	342
01101001010100	112
01101001010101	318
01101001010110	122
01101001010111	272
01101001011000	139
01101001011001	394
01101001011010	201
01101001011011	341
01101001011100	169
01101001011101	319
01101001011110	152
01101001011111	382
01101001100000	253
01101001100001	504
01101001100010	158
01101001100011	370
01101001100100	299
01101001100101	524
01101001100110	188
01101001100111	387
01101001101000	296
01101001101001	645
01101001101010	230
01101001101011	435
01101001101100	367
01101001101101	652
01101001101110	221
01101001101111	319
01101001110000	141
01101001110001	337
01101001110010	110
01101001110011	237
01101001110100	152
01101001110101	382
01101001110110	120
01101001110111	344
01101001111000	155
01101001111001	333
01101001111010	115
01101001111011	359
01101001111100	218
01101001111101	382
01101001111110	152
01101001111111	348
01101010000000	325
01101010000001	617
01101010000010	268
01101010000011	369
01101010000100	506
01101010000101	644
01101010000110	321
01101010000111	491
01101010001000	472
01101010001001	556
01101010001010	327
01101010001011	550
01101010001100	411
01101010001101	461
01101010001110	268
01101010001111	471
01101010010000	184
01101010010001	379
01101010010010	134
01101010010011	355
01101010010100	180
01101010010101	468
01101010010110	137
01101010010111	423
01101010011000	331
01101010011001	493
01101010011010	255
01101010011011	395
01101010011100	286
01101010011101	519
01101010011110	219
01101010011111	460
01101010100000	456
01101010100001	657
01101010100010	293
01101010100011	588
01101010100100	454
01101010100101	788
01101010100110	243
01101010100111	508
01101010101000	547
01101010101001	817
01101010101010	381
01101010101011	554
01101010101100	456
01101010101101	765
01101010101110	266
01101010101111	441
01101010110000	221
01101010110001	542
01101010110010	154
01101010110011	458
01101010110100	248
01101010110101	584
01101010110110	198
01101010110111	445
01101010111000	363
01101010111001	809
01101010111010	242
01101010111011	428
01101010111100	321
01101010111101	593
01101010111110	242
01101010111111	425
01101011000000	181
01101011000001	357
01101011000010	211
01101011000011	390
01101011000100	256
01101011000101	419
01101011000110	234
01101011000111	342
01101011001000	285
01101011001001	432
01101011001010	302
01101011001011	295
01101011001100	240
01101011001101	403
01101011001110	194
01101011001111	308
01101011010000	103
01101011010001	261
01101011010010	136
01101011010011	371
01101011010100	119
01101011010101	397
01101011010110	134
01101011010111	372
01101011011000	164
01101011011001	410
01101011011010	171
01101011011011	322
01101011011100	166
01101011011101	193
01101011011110	128
01101011011111	420
01101011100000	313
01101011100001	500
01101011100010	200
01101011100011	453
01101011100100	297
01101011100101	571
01101011100110	198
01101011100111	538
01101011101000	293
01101011101001	466
01101011101010	214
01101011101011	459
01101011101100	331
01101011101101	482
01101011101110	280
01101011101111	310
01101011110000	146
01101011110001	407
01101011110010	92
01101011110011	290
01101011110100	153
01101011110101	373
01101011110110	136
01101011110111	383
01101011111000	181
01101011111001	518
01101011111010	171
01101011111011	279
01101011111100	214
01101011111101	362
01101011111110	199
01101011111111	466
01101100000000	338
01101100000001	429
01101100000010	266
01101100000011	417
01101100000100	301
01101100000101	434
01101100000110	276
01101100000111	271
01101100001000	380
01101100001001	412
01101100001010	238
01101100001011	340
01101100001100	297
01101100001101	472
01101100001110	243
01101100001111	327
01101100010000	155
01101100010001	315
01101100010010	147
01101100010011	302
01101100010100	138
01101100010101	401
01101100010110	166
01101100010111	289
01101100011000	254
01101100011001	388
01101100011010	198
01101100011011	347
01101100011100	243
01101100011101	511
01101100011110	182
01101100011111	322
01101100100000	335
01101100100001	579
01101100100010	240
01101100100011	447
01101100100100	373
01101100100101	512
01101100100110	320
01101100100111	445
01101100101000	439
01101100101001	777
01101100101010	403
01101100101011	417
01101100101100	461
01101100101101	512
01101100101110	340
01101100101111	439
01101100110000	164
01101100110001	380
01101100110010	152
01101100110011	268
01101100110100	234
01101100110101	511
01101100110110	185
01101100110111	335
01101100111000	280
01101100111001	531
01101100111010	230
01101100111011	260
01101100111100	332
01101100111101	427
01101100111110	206
01101100111111	317
01101101000000	124
01101101000001	223
01101101000010	173
01101101000011	309
01101101000100	180
01101101000101	289
01101101000110	116
01101101000111	324
01101101001000	194
01101101001001	302
01101101001010	140
01101101001011	235
01101101001100	201
01101101001101	321
01101101001110	154
01101101001111	294
01101101010000	70
01101101010001	229
01101101010010	77
01101101010011	226
01101101010100	107
01101101010101	280
01101101010110	73
01101101010111	186
01101101011000	115
01101101011001	332
01101101011010	123
01101101011011	282
01101101011100	142
01101101011101	355
01101101011110	86
01101101011111	213
01101101100000	173
01101101100001	438
01101101100010	158
01101101100011	247
01101101100100	250
01101101100101	459
01101101100110	153
01101101100111	324
01101101101000	244
01101101101001	367
01101101101010	230
01101101101011	360
01101101101100	332
01101101101101	550
01101101101110	256
01101101101111	361
01101101110000	91
01101101110001	296
01101101110010	80
01101101110011	294
01101101110100	133
01101101110101	397
01101101110110	134
01101101110111	231
01101101111000	166
01101101111001	345
01101101111010	101
01101101111011	349
01101101111100	219
01101101111101	345
01101101111110	86
01101101111111	270
01101110000000	334
01101110000001	638
01101110000010	251
01101110000011	530
01101110000100	360
01101110000101	652
01101110000110	269
01101110000111	450
01101110001000	374
01101110001001	585
01101110001010	293
01101110001011	468
01101110001100	436
01101110001101	655
01101110001110	341
01101110001111	384
01101110010000	155
01101110010001	460
01101110010010	165
01101110010011	369
01101110010100	215
01101110010101	531
01101110010110	182
01101110010111	398
01101110011000	261
01101110011001	532
01101110011010	191
01101110011011	406
01101110011100	270
01101110011101	520
01101110011110	247
01101110011111	470
01101110100000	506
01101110100001	791
01101110100010	295
01101110100011	401
01101110100100	483
01101110100101	866
01101110100110	260
01101110100111	500
01101110101000	636
01101110101001	900
01101110101010	386
01101110101011	721
01101110101100	559
01101110101101	916
01101110101110	437
01101110101111	501
01101110110000	228
01101110110001	521
01101110110010	158
01101110110011	471
01101110110100	280
01101110110101	648
01101110110110	206
01101110110111	380
01101110111000	355
01101110111001	617
01101110111010	239
01101110111011	497
01101110111100	322
01101110111101	701
01101110111110	255
01101110111111	512
01101111000000	237
01101111000001	413
01101111000010	219
01101111000011	310
01101111000100	209
01101111000101	399
01101111000110	170
01101111000111	405
01101111001000	258
01101111001001	443
01101111001010	254
01101111001011	371
01101111001100	210
01101111001101	299
01101111001110	196
01101111001111	360
01101111010000	100
01101111010001	336
01101111010010	129
01101111010011	334
01101111010100	134
01101111010101	368
01101111010110	102
01101111010111	254
01101111011000	220
01101111011001	351
01101111011010	188
01101111011011	382
01101111011100	172
01101111011101	359
01101111011110	133
01101111011111	401
01101111100000	329
01101111100001	458
01101111100010	194
01101111100011	368
01101111100100	262
01101111100101	491
01101111100110	258
01101111100111	338
01101111101000	365
01101111101001	430
01101111101010	333
01101111101011	484
01101111101100	352
01101111101101	511
01101111101110	244
01101111101111	500
01101111110000	138
01101111110001	373
01101111110010	104
01101111110011	355
01101111110100	122
01101111110101	413
01101111110110	142
01101111110111	356
01101111111000	186
01101111111001	477
01101111111010	223
01101111111011	389
01101111111100	248
01101111111101	464
01101111111110	201
01101111111111	328
01110000000000	390
01110000000001	453
01110000000010	273
01110000000011	446
01110000000100	434
01110000000101	507
01110000000110	301
01110000000111	529
01110000001000	463
01110000001001	639
01110000001010	351
01110000001011	461
01110000001100	376
01110000001101	640
01110000001110	337
01110000001111	480
01110000010000	197
01110000010001	464
01110000010010	157
01110000010011	346
01110000010100	233
01110000010101	461
01110000010110	195
01110000010111	336
01110000011000	306
01110000011001	486
01110000011010	233
01110000011011	500
01110000011100	326
01110000011101	509
01110000011110	249
01110000011111	389
01110000100000	613
01110000100001	696
01110000100010	445
01110000100011	558
01110000100100	529
01110000100101	669
01110000100110	350
01110000100111	453
01110000101000	675
01110000101001	672
01110000101010	466
01110000101011	452
01110000101100	699
01110000101101	638
01110000101110	361
01110000101111	518
01110000110000	281
01110000110001	568
01110000110010	174
01110000110011	478
01110000110100	341
01110000110101	542
01110000110110	232
01110000110111	438
01110000111000	452
01110000111001	705
01110000111010	345
01110000111011	599
01110000111100	447
01110000111101	724
01110000111110	287
01110000111111	386
01110001000000	224
01110001000001	350
01110001000010	118
01110001000011	450
01110001000100	232
01110001000101	353
01110001000110	148
01110001000111	269
01110001001000	255
01110001001001	354
01110001001010	182
01110001001011	368
01110001001100	196
01110001001101	348
01110001001110	98
01110001001111	288
01110001010000	85
01110001010001	389
01110001010010	131
01110001010011	264
01110001010100	159
01110001010101	358
01110001010110	121
01110001010111	371
01110001011000	226
01110001011001	366
01110001011010	172
01110001011011	433
01110001011100	156
01110001011101	384
01110001011110	166
01110001011111	345
01110001100000	232
01110001100001	572
01110001100010	217
01110001100011	448
01110001100100	285
01110001100101	615
01110001100110	150
01110001100111	320
01110001101000	325
01110001101001	625
01110001101010	183
01110001101011	414
01110001101100	389
01110001101101	542
01110001101110	318
01110001101111	337
01110001110000	142
01110001110001	479
01110001110010	92
01110001110011	364
01110001110100	140
01110001110101	537
01110001110110	143
01110001110111	353
01110001111000	233
01110001111001	640
01110001111010	171
01110001111011	453
01110001111100	266
01110001111101	616
01110001111110	136
01110001111111	419
01110010000000	388
01110010000001	764
01110010000010	321
01110010000011	527
01110010000100	377
01110010000101	580
01110010000110	358
01110010000111	325
01110010001000	320
01110010001001	729
01110010001010	377
01110010001011	577
01110010001100	316
01110010001101	573
01110010001110	264
01110010001111	338
01110010010000	156
01110010010001	475
01110010010010	115
01110010010011	507
01110010010100	179
01110010010101	536
01110010010110	164
01110010010111	396
01110010011000	209
01110010011001	535
01110010011010	237
01110010011011	533
01110010011100	264
01110010011101	633
01110010011110	224
01110010011111	375
01110010100000	466
01110010100001	719
01110010100010	312
01110010100011	547
01110010100100	463
01110010100101	825
01110010100110	316
01110010100111	510
01110010101000	612
01110010101001	864
01110010101010	348
01110010101011	540
01110010101100	529
01110010101101	797
01110010101110	233
01110010101111	448
01110010110000	204
01110010110001	609
01110010110010	159
01110010110011	464
01110010110100	280
01110010110101	579
01110010110110	195
01110010110111	481
01110010111000	280
01110010111001	638
01110010111010	290
01110010111011	482
01110010111100	362
01110010111101	661
01110010111110	224
01110010111111	383
01110011000000	240
01110011000001	332
01110011000010	232
01110011000011	451
01110011000100	242
01110011000101	498
01110011000110	169
01110011000111	296
01110011001000	286
01110011001001	450
01110011001010	198
01110011001011	321
01110011001100	185
01110011001101	378
01110011001110	158
01110011001111	279
01110011010000	78
01110011010001	307
01110011010010	113
01110011010011	380
01110011010100	139
01110011010101	338
01110011010110	125
01110011010111	405
01110011011000	193
01110011011001	378
01110011011010	162
01110011011011	312
01110011011100	166
01110011011101	316
01110011011110	169
01110011011111	317
01110011100000	291
01110011100001	592
01110011100010	219
01110011100011	480
01110011100100	247
01110011100101	438
01110011100110	236
01110011100111	417
01110011101000	368
01110011101001	603
01110011101010	334
01110011101011	340
01110011101100	350
01110011101101	519
01110011101110	189
01110011101111	311
01110011110000	153
01110011110001	425
01110011110010	141
01110011110011	348
01110011110100	168
01110011110101	340
01110011110110	110
01110011110111	345
01110011111000	240
01110011111001	537
01110011111010	168
01110011111011	401
01110011111100	213
01110011111101	393
01110011111110	178
01110011111111	310
01110100000000	387
01110100000001	476
01110100000010	276
01110100000011	393
01110100000100	339
01110100000101	540
01110100000110	196
01110100000111	450
01110100001000	418
01110100001001	407
01110100001010	311
01110100001011	301
01110100001100	363
01110100001101	515
01110100001110	254
01110100001111	350
01110100010000	159
01110100010001	452
01110100010010	135
01110100010011	287
01110100010100	211
01110100010101	453
01110100010110	162
01110100010111	358
01110100011000	313
01110100011001	547
01110100011010	276
01110100011011	421
01110100011100	256
01110100011101	374
01110100011110	216
01110100011111	330
01110100100000	446
01110100100001	774
01110100100010	223
01110100100011	508
01110100100100	533
01110100100101	763
01110100100110	337
01110100100111	420
01110100101000	586
01110100101001	823
01110100101010	348
01110100101011	359
01110100101100	513
01110100101101	605
01110100101110	300
01110100101111	338
01110100110000	191
01110100110001	403
01110100110010	177
01110100110011	284
01110100110100	246
01110100110101	546
01110100110110	154
01110100110111	312
01110100111000	390
01110100111001	604
01110100111010	258
01110100111011	426
01110100111100	434
01110100111101	476
01110100111110	238
01110100111111	483
01110101000000	156
01110101000001	416
01110101000010	184
01110101000011	307
01110101000100	170
01110101000101	337
01110101000110	103
01110101000111	236
01110101001000	227
01110101001001	361
01110101001010	137
01110101001011	246
01110101001100	207
01110101001101	348
01110101001110	126
01110101001111	290
01110101010000	81
01110101010001	293
01110101010010	64
01110101010011	390
01110101010100	78
01110101010101	401
01110101010110	68
01110101010111	278
01110101011000	128
01110101011001	320
01110101011010	127
01110101011011	277
01110101011100	151
01110101011101	375
01110101011110	110
01110101011111	310
01110101100000	190
01110101100001	564
01110101100010	175
01110101100011	552
01110101100100	234
01110101100101	551
01110101100110	163
01110101100111	373
01110101101000	287
01110101101001	467
01110101101010	192
01110101101011	320
01110101101100	275
01110101101101	553
01110101101110	171
01110101101111	298
01110101110000	118
01110101110001	375
01110101110010	85
01110101110011	357
01110101110100	148
01110101110101	428
01110101110110	111
01110101110111	385
01110101111000	192
01110101111001	545
01110101111010	176
01110101111011	299
01110101111100	204
01110101111101	497
01110101111110	233
01110101111111	391
01110110000000	462
01110110000001	703
01110110000010	324
01110110000011	454
01110110000100	414
01110110000101	883
01110110000110	251
01110110000111	563
01110110001000	483
01110110001001	691
01110110001010	257
01110110001011	532
01110110001100	506
01110110001101	618
01110110001110	303
01110110001111	440
01110110010000	224
01110110010001	520
01110110010010	152
01110110010011	433
01110110010100	274
01110110010101	518
01110110010110	169
01110110010111	550
01110110011000	361
01110110011001	603
01110110011010	261
01110110011011	528
01110110011100	339
01110110011101	651
01110110011110	222
01110110011111	555
01110110100000	567
01110110100001	1005
01110110100010	377
01110110100011	546
01110110100100	528
01110110100101	780
01110110100110	388
01110110100111	557
01110110101000	634
01110110101001	877
01110110101010	433
01110110101011	508
01110110101100	721
01110110101101	1005
01110110101110	341
01110110101111	640
01110110110000	249
01110110110001	658
01110110110010	185
01110110110011	391
01110110110100	304
01110110110101	790
01110110110110	208
01110110110111	389
01110110111000	436
01110110111001	754
01110110111010	311
01110110111011	592
01110110111100	355
01110110111101	625
01110110111110	232
01110110111111	563
01110111000000	285
01110111000001	392
01110111000010	203
01110111000011	466
01110111000100	247
01110111000101	509
01110111000110	224
01110111000111	360
01110111001000	287
01110111001001	486
01110111001010	271
01110111001011	350
01110111001100	289
01110111001101	353
01110111001110	177
01110111001111	379
01110111010000	143
01110111010001	312
01110111010010	147
01110111010011	295
01110111010100	169
01110111010101	372
01110111010110	128
01110111010111	344
01110111011000	244
01110111011001	391
01110111011010	150
01110111011011	320
01110111011100	189
01110111011101	414
01110111011110	156
01110111011111	382
01110111100000	313
01110111100001	622
01110111100010	265
01110111100011	403
01110111100100	317
01110111100101	667
01110111100110	256
01110111100111	438
01110111101000	389
01110111101001	600
01110111101010	310
01110111101011	518
01110111101100	372
01110111101101	527
01110111101110	276
01110111101111	390
01110111110000	181
01110111110001	444
01110111110010	119
01110111110011	436
01110111110100	160
01110111110101	443
01110111110110	185
01110111110111	417
01110111111000	314
01110111111001	503
01110111111010	241
01110111111011	446
01110111111100	252
01110111111101	489
01110111111110	243
01110111111111	430
01111000000000	296
01111000000001	376
01111000000010	239
01111000000011	407
01111000000100	298
01111000000101	473
01111000000110	210
01111000000111	429
01111000001000	289
01111000001001	413
01111000001010	321
01111000001011	360
01111000001100	394
01111000001101	470
01111000001110	251
01111000001111	309
01111000010000	137
01111000010001	351
01111000010010	142
01111000010011	277
01111000010100	147
01111000010101	539
01111000010110	129
01111000010111	273
01111000011000	223
01111000011001	480
01111000011010	241
01111000011011	365
01111000011100	258
01111000011101	459
01111000011110	148
01111000011111	384
01111000100000	343
01111000100001	516
01111000100010	244
01111000100011	589
01111000100100	375
01111000100101	648
01111000100110	251
01111000100111	433
01111000101000	513
01111000101001	689
01111000101010	324
01111000101011	405
01111000101100	546
01111000101101	520
01111000101110	338
01111000101111	352
01111000110000	175
01111000110001	387
01111000110010	131
01111000110011	255
01111000110100	225
01111000110101	474
01111000110110	154
01111000110111	340
01111000111000	337
01111000111001	551
01111000111010	213
01111000111011	405
01111000111100	311
01111000111101	557
01111000111110	198
01111000111111	395
01111001000000	199
01111001000001	320
01111001000010	156
01111001000011	256
01111001000100	165
01111001000101	416
01111001000110	143
01111001000111	282
01111001001000	178
01111001001001	442
01111001001010	142
01111001001011	272
01111001001100	223
01111001001101	306
01111001001110	162
01111001001111	149
01111001010000	79
01111001010001	277
01111001010010	86
01111001010011	292
01111001010100	66
01111001010101	265
01111001010110	109
01111001010111	240
01111001011000	135
01111001011001	238
01111001011010	141
01111001011011	249
01111001011100	128
01111001011101	363
01111001011110	141
01111001011111	261
01111001100000	220
01111001100001	433
01111001100010	185
01111001100011	304
01111001100100	310
01111001100101	477
01111001100110	177
01111001100111	320
01111001101000	305
01111001101001	354
01111001101010	222
01111001101011	366
01111001101100	242
01111001101101	344
01111001101110	185
01111001101111	320
01111001110000	129
01111001110001	311
01111001110010	104
01111001110011	246
01111001110100	137
01111001110101	408
01111001110110	85
01111001110111	346
01111001111000	194
01111001111001	363
01111001111010	148
01111001111011	270
01111001111100	199
01111001111101	395
01111001111110	157
01111001111111	228
01111010000000	277
01111010000001	487
01111010000010	164
01111010000011	440
01111010000100	259
01111010000101	560
01111010000110	233
01111010000111	278
01111010001000	342
01111010001001	651
01111010001010	283
01111010001011	354
01111010001100	350
01111010001101	471
01111010001110	234
01111010001111	306
01111010010000	117
01111010010001	417
01111010010010	113
01111010010011	282
01111010010100	139
01111010010101	404
01111010010110	105
01111010010111	305
01111010011000	219
01111010011001	388
01111010011010	166
01111010011011	287
01111010011100	237
01111010011101	392
01111010011110	206
01111010011111	252
01111010100000	376
01111010100001	518
01111010100010	246
01111010100011	387
01111010100100	407
01111010100101	577
01111010100110	250
01111010100111	323
01111010101000	446
01111010101001	623
01111010101010	344
01111010101011	482
01111010101100	416
01111010101101	707
01111010101110	216
01111010101111	375
01111010110000	157
01111010110001	467
01111010110010	147
01111010110011	324
01111010110100	214
01111010110101	609
01111010110110	113
01111010110111	248
01111010111000	335
01111010111001	573
01111010111010	158
01111010111011	459
01111010111100	332
01111010111101	489
01111010111110	162
01111010111111	378
01111011000000	205
01111011000001	288
01111011000010	168
01111011000011	214
01111011000100	167
01111011000101	281
01111011000110	126
01111011000111	243
01111011001000	201
01111011001001	258
01111011001010	201
01111011001011	345
01111011001100	187
01111011001101	270
01111011001110	165
01111011001111	264
01111011010000	120
01111011010001	255
01111011010010	115
01111011010011	192
01111011010100	97
01111011010101	230
01111011010110	89
01111011010111	214
01111011011000	106
01111011011001	300
01111011011010	123
01111011011011	300
01111011011100	132
01111011011101	229
01111011011110	150
01111011011111	289
01111011100000	240
01111011100001	430
01111011100010	191
01111011100011	344
01111011100100	159
01111011100101	352
01111011100110	160
01111011100111	390
01111011101000	235
01111011101001	385
01111011101010	238
01111011101011	308
01111011101100	300
01111011101101	340
01111011101110	189
01111011101111	266
01111011110000	118
01111011110001	274
01111011110010	88
01111011110011	312
01111011110100	148
01111011110101	220
01111011110110	98
01111011110111	239
01111011111000	170
01111011111001	356
01111011111010	154
01111011111011	340
01111011111100	174
01111011111101	345
01111011111110	79
01111011111111	228
01111100000000	235
01111100000001	397
01111100000010	156
01111100000011	208
01111100000100	215
01111100000101	390
01111100000110	238
01111100000111	391
01111100001000	272
01111100001001	341
01111100001010	220
01111100001011	257
01111100001100	342
01111100001101	338
01111100001110	182
01111100001111	316
01111100010000	101
01111100010001	342
01111100010010	105
01111100010011	308
01111100010100	161
01111100010101	320
01111100010110	126
01111100010111	352
01111100011000	169
01111100011001	356
01111100011010	170
01111100011011	301
01111100011100	214
01111100011101	366
01111100011110	190
01111100011111	319
01111100100000	416
01111100100001	505
01111100100010	264
01111100100011	500
01111100100100	354
01111100100101	538
01111100100110	198
01111100100111	325
01111100101000	449
01111100101001	536
01111100101010	268
01111100101011	367
01111100101100	401
01111100101101	519
01111100101110	230
01111100101111	380
01111100110000	169
01111100110001	476
01111100110010	138
01111100110011	342
01111100110100	133
01111100110101	396
01111100110110	119
01111100110111	262
01111100111000	314
01111100111001	568
01111100111010	194
01111100111011	336
01111100111100	226
01111100111101	487
01111100111110	206
01111100111111	395
01111101000000	118
01111101000001	287
01111101000010	127
01111101000011	305
01111101000100	141
01111101000101	209
01111101000110	114
01111101000111	237
01111101001000	180
01111101001001	332
01111101001010	124
01111101001011	249
01111101001100	127
01111101001101	273
01111101001110	127
01111101001111	171
01111101010000	95
01111101010001	277
01111101010010	82
01111101010011	214
01111101010100	71
01111101010101	168
01111101010110	55
01111101010111	216
01111101011000	92
01111101011001	389
01111101011010	121
01111101011011	294
01111101011100	103
01111101011101	259
01111101011110	71
01111101011111	235
01111101100000	177
01111101100001	313
01111101100010	161
01111101100011	250
01111101100100	162
01111101100101	376
01111101100110	123
01111101100111	297
01111101101000	222
01111101101001	309
01111101101010	154
01111101101011	288
01111101101100	203
01111101101101	469
01111101101110	200
01111101101111	195
01111101110000	88
01111101110001	358
01111101110010	82
01111101110011	276
01111101110100	127
01111101110101	270
01111101110110	98
01111101110111	256
01111101111000	198
01111101111001	266
01111101111010	120
01111101111011	295
01111101111100	145
01111101111101	271
01111101111110	127
01111101111111	323
01111110000000	280
01111110000001	598
01111110000010	216
01111110000011	338
01111110000100	413
01111110000101	463
01111110000110	240
01111110000111	265
01111110001000	376
01111110001001	456
01111110001010	313
01111110001011	396
01111110001100	431
01111110001101	431
01111110001110	225
01111110001111	348
01111110010000	170
01111110010001	362
01111110010010	152
01111110010011	247
01111110010100	153
01111110010101	375
01111110010110	120
01111110010111	371
01111110011000	299
01111110011001	505
01111110011010	218
01111110011011	407
01111110011100	191
01111110011101	351
01111110011110	144
01111110011111	287
01111110100000	427
01111110100001	710
01111110100010	313
01111110100011	454
01111110100100	398
01111110100101	743
01111110100110	346
01111110100111	400
01111110101000	528
01111110101001	773
01111110101010	316
01111110101011	460
01111110101100	505
01111110101101	621
01111110101110	325
01111110101111	376
01111110110000	192
01111110110001	540
01111110110010	161
01111110110011	408
01111110110100	220
01111110110101	562
01111110110110	175
01111110110111	380
01111110111000	401
01111110111001	644
01111110111010	218
01111110111011	438
01111110111100	290
01111110111101	529
01111110111110	191
01111110111111	411
01111111000000	150
01111111000001	347
01111111000010	173
01111111000011	325
01111111000100	205
01111111000101	411
01111111000110	146
01111111000111	296
01111111001000	230
01111111001001	312
01111111001010	209
01111111001011	339
01111111001100	204
01111111001101	260
01111111001110	152
01111111001111	288
01111111010000	99
01111111010001	277
01111111010010	71
01111111010011	261
01111111010100	96
01111111010101	225
01111111010110	98
01111111010111	317
01111111011000	168
01111111011001	333
01111111011010	130
01111111011011	391
01111111011100	124
01111111011101	335
01111111011110	141
01111111011111	186
01111111100000	298
01111111100001	445
01111111100010	223
01111111100011	366
01111111100100	228
01111111100101	440
01111111100110	196
01111111100111	376
01111111101000	298
01111111101001	472
01111111101010	247
01111111101011	301
01111111101100	312
01111111101101	401
01111111101110	229
01111111101111	324
01111111110000	114
01111111110001	264
01111111110010	119
01111111110011	300
01111111110100	147
01111111110101	329
01111111110110	85
01111111110111	305
01111111111000	198
01111111111001	451
01111111111010	211
01111111111011	351
01111111111100	160
01111111111101	351
01111111111110	210
01111111111111	332
10000000000000	240
10000000000001	536
10000000000010	243
10000000000011	350
10000000000100	277
10000000000101	537
10000000000110	195
10000000000111	350
10000000001000	282
10000000001001	419
10000000001010	334
10000000001011	301
10000000001100	402
10000000001101	465
10000000001110	171
10000000001111	299
10000000010000	158
10000000010001	251
10000000010010	64
10000000010011	215
10000000010100	149
10000000010101	238
10000000010110	94
10000000010111	309
10000000011000	223
10000000011001	360
10000000011010	188
10000000011011	272
10000000011100	274
10000000011101	325
10000000011110	123
10000000011111	262
10000000100000	349
10000000100001	487
10000000100010	207
10000000100011	367
10000000100100	334
10000000100101	397
10000000100110	248
10000000100111	353
10000000101000	337
10000000101001	494
10000000101010	218
10000000101011	392
10000000101100	346
10000000101101	390
10000000101110	279
10000000101111	279
10000000110000	163
10000000110001	372
10000000110010	103
10000000110011	303
10000000110100	188
10000000110101	382
10000000110110	136
10000000110111	297
10000000111000	345
10000000111001	466
10000000111010	197
10000000111011	323
10000000111100	249
10000000111101	419
10000000111110	123
10000000111111	225
10000001000000	141
10000001000001	315
10000001000010	115
10000001000011	276
10000001000100	130
10000001000101	275
10000001000110	156
10000001000111	261
10000001001000	150
10000001001001	416
10000001001010	100
10000001001011	250
10000001001100	162
10000001001101	259
10000001001110	125
10000001001111	159
10000001010000	52
10000001010001	223
10000001010010	46
10000001010011	183
10000001010100	63
10000001010101	219
10000001010110	88
10000001010111	207
10000001011000	132
10000001011001	246
10000001011010	77
10000001011011	203
10000001011100	143
10000001011101	175
10000001011110	65
10000001011111	232
10000001100000	136
10000001100001	320
10000001100010	109
10000001100011	260
10000001100100	137
10000001100101	369
10000001100110	104
10000001100111	228
10000001101000	208
10000001101001	392
10000001101010	111
10000001101011	225
10000001101100	166
10000001101101	347
10000001101110	125
10000001101111	203
10000001110000	77
10000001110001	231
10000001110010	38
10000001110011	183
10000001110100	97
10000001110101	323
10000001110110	80
10000001110111	200
10000001111000	180
10000001111001	289
10000001111010	131
10000001111011	227
10000001111100	124
10000001111101	255
10000001111110	113
10000001111111	244
10000010000000	179
10000010000001	285
10000010000010	139
10000010000011	204
10000010000100	171
10000010000101	291
10000010000110	100
10000010000111	230
10000010001000	200
10000010001001	401
10000010001010	189
10000010001011	223
10000010001100	220
10000010001101	310
10000010001110	148
10000010001111	241
10000010010000	116
10000010010001	251
10000010010010	59
10000010010011	139
10000010010100	108
10000010010101	241
10000010010110	64
10000010010111	162
10000010011000	100
10000010011001	282
10000010011010	105
10000010011011	192
10000010011100	138
10000010011101	198
10000010011110	105
10000010011111	164
10000010100000	314
10000010100001	398
10000010100010	118
10000010100011	256
10000010100100	265
10000010100101	442
10000010100110	149
10000010100111	188
10000010101000	226
10000010101001	351
10000010101010	177
10000010101011	201
10000010101100	274
10000010101101	378
10000010101110	156
10000010101111	196
10000010110000	107
10000010110001	280
10000010110010	83
10000010110011	139
10000010110100	118
10000010110101	256
10000010110110	64
10000010110111	155
10000010111000	147
10000010111001	380
10000010111010	87
10000010111011	222
10000010111100	158
10000010111101	189
10000010111110	114
10000010111111	154
10000011000000	102
10000011000001	194
10000011000010	80
10000011000011	143
10000011000100	123
10000011000101	199
10000011000110	74
10000011000111	197
10000011001000	118
10000011001001	141
10000011001010	74
10000011001011	162
10000011001100	121
10000011001101	187
10000011001110	84
10000011001111	123
10000011010000	48
10000011010001	138
10000011010010	28
10000011010011	88
10000011010100	57
10000011010101	160
10000011010110	48
10000011010111	221
10000011011000	58
10000011011001	205
10000011011010	54
10000011011011	195
10000011011100	74
10000011011101	182
10000011011110	55
10000011011111	127
10000011100000	159
10000011100001	278
10000011100010	113
10000011100011	180
10000011100100	152
10000011100101	194
10000011100110	86
10000011100111	154
10000011101000	161
10000011101001	212
10000011101010	92
10000011101011	213
10000011101100	91
10000011101101	280
10000011101110	132
10000011101111	152
10000011110000	24
10000011110001	187
10000011110010	33
10000011110011	126
10000011110100	69
10000011110101	179
10000011110110	55
10000011110111	157
10000011111000	90
10000011111001	202
10000011111010	87
10000011111011	189
10000011111100	108
10000011111101	177
10000011111110	67
10000011111111	134
10000100000000	285
10000100000001	353
10000100000010	185
10000100000011	257
10000100000100	229
10000100000101	318
10000100000110	185
10000100000111	252
10000100001000	239
10000100001001	324
10000100001010	138
10000100001011	262
10000100001100	263
10000100001101	277
10000100001110	127
10000100001111	221
10000100010000	92
10000100010001	188
10000100010010	99
10000100010011	207
10000100010100	107
10000100010101	274
10000100010110	71
10000100010111	212
10000100011000	150
10000100011001	295
10000100011010	150
10000100011011	184
10000100011100	131
10000100011101	353
10000100011110	139
10000100011111	180
10000100100000	243
10000100100001	306
10000100100010	183
10000100100011	267
10000100100100	249
10000100100101	394
10000100100110	174
10000100100111	309
10000100101000	399
10000100101001	436
10000100101010	141
10000100101011	181
10000100101100	323
10000100101101	398
10000100101110	151
10000100101111	240
10000100110000	172
10000100110001	267
10000100110010	54
10000100110011	161
10000100110100	130
10000100110101	388
10000100110110	132
10000100110111	193
10000100111000	204
10000100111001	349
10000100111010	139
10000100111011	308
10000100111100	203
10000100111101	315
10000100111110	141
10000100111111	200
10000101000000	100
10000101000001	174
10000101000010	92
10000101000011	183
10000101000100	103
10000101000101	217
10000101000110	99
10000101000111	205
10000101001000	105
10000101001001	192
10000101001010	69
10000101001011	154
10000101001100	81
10000101001101	247
10000101001110	104
10000101001111	137
10000101010000	66
10000101010001	227
10000101010010	66
10000101010011	174
10000101010100	69
10000101010101	197
10000101010110	62
10000101010111	154
10000101011000	50
10000101011001	262
10000101011010	54
10000101011011	188
10000101011100	81
10000101011101	214
10000101011110	62
10000101011111	148
10000101100000	100
10000101100001	190
10000101100010	72
10000101100011	240
10000101100100	192
10000101100101	339
10000101100110	93
10000101100111	227
10000101101000	134
10000101101001	333
10000101101010	67
10000101101011	189
10000101101100	152
10000101101101	307
10000101101110	80
10000101101111	175
10000101110000	62
10000101110001	201
10000101110010	30
10000101110011	158
10000101110100	58
10000101110101	216
10000101110110	75
10000101110111	145
10000101111000	51
10000101111001	270
10000101111010	78
10000101111011	188
10000101111100	106
10000101111101	141
10000101111110	89
10000101111111	165
10000110000000	191
10000110000001	396
10000110000010	99
10000110000011	281
10000110000100	201
10000110000101	340
10000110000110	154
10000110000111	273
10000110001000	366
10000110001001	350
10000110001010	178
10000110001011	186
10000110001100	249
10000110001101	420
10000110001110	184
10000110001111	215
10000110010000	96
10000110010001	248
10000110010010	91
10000110010011	226
10000110010100	138
10000110010101	380
10000110010110	84
10000110010111	233
10000110011000	220
10000110011001	282
10000110011010	105
10000110011011	265
10000110011100	199
10000110011101	281
10000110011110	94
10000110011111	164
10000110100000	302
10000110100001	450
10000110100010	162
10000110100011	282
10000110100100	257
10000110100101	414
10000110100110	133
10000110100111	240
10000110101000	290
10000110101001	610
10000110101010	178
10000110101011	290
10000110101100	311
10000110101101	457
10000110101110	192
10000110101111	282
10000110110000	147
10000110110001	332
10000110110010	51
10000110110011	218
10000110110100	160
10000110110101	338
10000110110110	82
10000110110111	235
10000110111000	239
10000110111001	318
10000110111010	149
10000110111011	297
10000110111100	234
10000110111101	366
10000110111110	93
10000110111111	181
10000111000000	112
10000111000001	229
10000111000010	103
10000111000011	168
10000111000100	70
10000111000101	228
10000111000110	132
10000111000111	194
10000111001000	188
10000111001001	209
10000111001010	117
10000111001011	144
10000111001100	128
10000111001101	201
10000111001110	100
10000111001111	161
10000111010000	53
10000111010001	150
10000111010010	55
10000111010011	118
10000111010100	68
10000111010101	210
10000111010110	47
10000111010111	188
10000111011000	66
10000111011001	159
10000111011010	74
10000111011011	191
10000111011100	82
10000111011101	172
10000111011110	58
10000111011111	195
10000111100000	149
10000111100001	294
10000111100010	119
10000111100011	216
10000111100100	137
10000111100101	307
10000111100110	110
10000111100111	169
10000111101000	168
10000111101001	309
10000111101010	137
10000111101011	212
10000111101100	116
10000111101101	208
10000111101110	120
10000111101111	191
10000111110000	66
10000111110001	213
10000111110010	80
10000111110011	123
10000111110100	105
10000111110101	246
10000111110110	58
10000111110111	144
10000111111000	95
10000111111001	237
10000111111010	90
10000111111011	200
10000111111100	93
10000111111101	224
10000111111110	93
10000111111111	136
10001000000000	362
10001000000001	508
10001000000010	253
10001000000011	376
10001000000100	325
10001000000101	574
10001000000110	296
10001000000111	388
10001000001000	460
10001000001001	519
10001000001010	357
10001000001011	390
10001000001100	409
10001000001101	401
10001000001110	330
10001000001111	334
10001000010000	164
10001000010001	331
10001000010010	106
10001000010011	340
10001000010100	192
10001000010101	470
10001000010110	165
10001000010111	344
10001000011000	350
10001000011001	395
10001000011010	216
10001000011011	422
10001000011100	282
10001000011101	480
10001000011110	184
10001000011111	269
10001000100000	428
10001000100001	774
10001000100010	304
10001000100011	402
10001000100100	426
10001000100101	703
10001000100110	346
10001000100111	434
10001000101000	585
10001000101001	806
10001000101010	421
10001000101011	433
10001000101100	584
10001000101101	588
10001000101110	356
10001000101111	376
10001000110000	197
10001000110001	498
10001000110010	147
10001000110011	375
10001000110100	280
10001000110101	442
10001000110110	164
10001000110111	325
10001000111000	382
10001000111001	675
10001000111010	285
10001000111011	429
10001000111100	402
10001000111101	649
10001000111110	234
10001000111111	309
10001001000000	202
10001001000001	330
10001001000010	167
10001001000011	304
10001001000100	217
10001001000101	489
10001001000110	163
10001001000111	252
10001001001000	155
10001001001001	363
10001001001010	191
10001001001011	244
10001001001100	183
10001001001101	332
10001001001110	184
10001001001111	265
10001001010000	88
10001001010001	280
10001001010010	69
10001001010011	297
10001001010100	85
10001001010101	350
10001001010110	91
10001001010111	302
10001001011000	151
10001001011001	337
10001001011010	136
10001001011011	308
10001001011100	139
10001001011101	353
10001001011110	91
10001001011111	320
10001001100000	177
10001001100001	573
10001001100010	176
10001001100011	304
10001001100100	224
10001001100101	404
10001001100110	179
10001001100111	405
10001001101000	315
10001001101001	579
10001001101010	172
10001001101011	299
10001001101100	269
10001001101101	428
10001001101110	191
10001001101111	330
10001001110000	130
10001001110001	326
10001001110010	79
10001001110011	292
10001001110100	144
10001001110101	340
10001001110110	123
10001001110111	284
10001001111000	161
10001001111001	392
10001001111010	172
10001001111011	324
10001001111100	191
10001001111101	338
10001001111110	143
10001001111111	286
10001010000000	308
10001010000001	440
10001010000010	242
10001010000011	384
10001010000100	364
10001010000101	520
10001010000110	236
10001010000111	366
10001010001000	444
10001010001001	517
10001010001010	251
10001010001011	437
10001010001100	373
10001010001101	488
10001010001110	264
10001010001111	337
10001010010000	189
10001010010001	297
10001010010010	134
10001010010011	220
10001010010100	206
10001010010101	407
10001010010110	132
10001010010111	221
10001010011000	252
10001010011001	489
10001010011010	162
10001010011011	330
10001010011100	229
10001010011101	502
10001010011110	216
10001010011111	218
10001010100000	397
10001010100001	638
10001010100010	208
10001010100011	280
10001010100100	368
10001010100101	586
10001010100110	213
10001010100111	424
10001010101000	554
10001010101001	637
10001010101010	249
10001010101011	333
10001010101100	418
10001010101101	490
10001010101110	282
10001010101111	342
10001010110000	211
10001010110001	443
10001010110010	108
10001010110011	316
10001010110100	216
10001010110101	601
10001010110110	124
10001010110111	249
10001010111000	274
10001010111001	496
10001010111010	186
10001010111011	364
10001010111100	339
10001010111101	469
10001010111110	153
10001010111111	255
10001011000000	161
10001011000001	338
10001011000010	107
10001011000011	250
10001011000100	129
10001011000101	272
10001011000110	172
10001011000111	321
10001011001000	181
10001011001001	294
10001011001010	188
10001011001011	241
10001011001100	166
10001011001101	274
10001011001110	184
10001011001111	258
10001011010000	62
10001011010001	192
10001011010010	71
10001011010011	223
10001011010100	64
10001011010101	225
10001011010110	74
10001011010111	257
10001011011000	95
10001011011001	259
10001011011010	134
10001011011011	306
10001011011100	102
10001011011101	292
10001011011110	76
10001011011111	211
10001011100000	189
10001011100001	284
10001011100010	144
10001011100011	217
10001011100100	206
10001011100101	366
10001011100110	186
10001011100111	309
10001011101000	179
10001011101001	479
10001011101010	116
10001011101011	266
10001011101100	253
10001011101101	335
10001011101110	154
10001011101111	310
10001011110000	104
10001011110001	247
10001011110010	57
10001011110011	213
10001011110100	95
10001011110101	359
10001011110110	81
10001011110111	272
10001011111000	122
10001011111001	313
10001011111010	115
10001011111011	280
10001011111100	129
10001011111101	326
10001011111110	130
10001011111111	263
10001100000000	259
10001100000001	484
10001100000010	189
10001100000011	315
10001100000100	303
10001100000101	302
10001100000110	227
10001100000111	416
10001100001000	314
10001100001001	477
10001100001010	250
10001100001011	312
10001100001100	367
10001100001101	531
10001100001110	242
10001100001111	253
10001100010000	159
10001100010001	391
10001100010010	109
10001100010011	255
10001100010100	155
10001100010101	423
10001100010110	128
10001100010111	326
10001100011000	272
10001100011001	356
10001100011010	162
10001100011011	409
10001100011100	212
10001100011101	370
10001100011110	195
10001100011111	320
10001100100000	440
10001100100001	460
10001100100010	277
10001100100011	439
10001100100100	421
10001100100101	630
10001100100110	236
10001100100111	305
10001100101000	508
10001100101001	485
10001100101010	246
10001100101011	438
10001100101100	350
10001100101101	575
10001100101110	244
10001100101111	371
10001100110000	208
10001100110001	472
10001100110010	161
10001100110011	299
10001100110100	273
10001100110101	452
10001100110110	141
10001100110111	316
10001100111000	345
10001100111001	490
10001100111010	224
10001100111011	372
10001100111100	303
10001100111101	454
10001100111110	220
10001100111111	328
10001101000000	123
10001101000001	256
10001101000010	135
10001101000011	344
10001101000100	158
10001101000101	375
10001101000110	149
10001101000111	351
10001101001000	143
10001101001001	401
10001101001010	167
10001101001011	318
10001101001100	141
10001101001101	380
10001101001110	161
10001101001111	260
10001101010000	57
10001101010001	248
10001101010010	57
10001101010011	274
10001101010100	68
10001101010101	246
10001101010110	83
10001101010111	211
10001101011000	99
10001101011001	293
10001101011010	106
10001101011011	220
10001101011100	119
10001101011101	326
10001101011110	79
10001101011111	285
10001101100000	199
10001101100001	411
10001101100010	130
10001101100011	334
10001101100100	223
10001101100101	399
10001101100110	138
10001101100111	331
10001101101000	217
10001101101001	336
10001101101010	180
10001101101011	371
10001101101100	216
10001101101101	357
10001101101110	175
10001101101111	272
10001101110000	86
10001101110001	304
10001101110010	73
10001101110011	252
10001101110100	77
10001101110101	365
10001101110110	114
10001101110111	217
10001101111000	137
10001101111001	337
10001101111010	112
10001101111011	313
10001101111100	162
10001101111101	279
10001101111110	121
10001101111111	242
10001110000000	354
10001110000001	475
10001110000010	240
10001110000011	387
10001110000100	351
10001110000101	603
10001110000110	231
10001110000111	398
10001110001000	401
10001110001001	595
10001110001010	316
10001110001011	339
10001110001100	390
10001110001101	513
10001110001110	220
10001110001111	455
10001110010000	168
10001110010001	460
10001110010010	112
10001110010011	364
10001110010100	134
10001110010101	348
10001110010110	120
10001110010111	399
10001110011000	260
10001110011001	459
10001110011010	197
10001110011011	412
10001110011100	329
10001110011101	405
10001110011110	156
10001110011111	386
10001110100000	392
10001110100001	656
10001110100010	258
10001110100011	384
10001110100100	514
10001110100101	691
10001110100110	265
10001110100111	438
10001110101000	428
10001110101001	711
10001110101010	277
10001110101011	422
10001110101100	467
10001110101101	732
10001110101110	255
10001110101111	428
10001110110000	227
10001110110001	490
10001110110010	116
10001110110011	431
10001110110100	239
10001110110101	530
10001110110110	148
10001110110111	289
10001110111000	306
10001110111001	572
10001110111010	226
10001110111011	428
10001110111100	305
10001110111101	501
10001110111110	213
10001110111111	385
10001111000000	129
10001111000001	271
10001111000010	149
10001111000011	300
10001111000100	144
10001111000101	283
10001111000110	141
10001111000111	271
10001111001000	167
10001111001001	371
10001111001010	230
10001111001011	279
10001111001100	166
10001111001101	295
10001111001110	139
10001111001111	258
10001111010000	74
10001111010001	265
10001111010010	63
10001111010011	184
10001111010100	87
10001111010101	255
10001111010110	70
10001111010111	216
10001111011000	108
10001111011001	296
10001111011010	118
10001111011011	302
10001111011100	120
10001111011101	276
10001111011110	109
10001111011111	314
10001111100000	141
10001111100001	276
10001111100010	184
10001111100011	336
10001111100100	203
10001111100101	349
10001111100110	156
10001111100111	284
10001111101000	200
10001111101001	446
10001111101010	188
10001111101011	351
10001111101100	221
10001111101101	374
10001111101110	139
10001111101111	298
10001111110000	103
10001111110001	261
10001111110010	84
10001111110011	254
10001111110100	116
10001111110101	312
10001111110110	108
10001111110111	256
10001111111000	136
10001111111001	306
10001111111010	154
10001111111011	261
10001111111100	136
10001111111101	284
10001111111110	114
10001111111111	229
10010000000000	309
10010000000001	711
10010000000010	294
10010000000011	514
10010000000100	454
10010000000101	744
10010000000110	339
10010000000111	557
10010000001000	481
10010000001001	589
10010000001010	386
10010000001011	468
10010000001100	459
10010000001101	559
10010000001110	347
10010000001111	407
10010000010000	235
10010000010001	559
10010000010010	148
10010000010011	350
10010000010100	241
10010000010101	483
10010000010110	164
10010000010111	360
10010000011000	328
10010000011001	491
10010000011010	296
10010000011011	374
10010000011100	356
10010000011101	686
10010000011110	207
10010000011111	540
10010000100000	589
10010000100001	878
10010000100010	383
10010000100011	509
10010000100100	542
10010000100101	836
10010000100110	333
10010000100111	533
10010000101000	640
10010000101001	812
10010000101010	362
10010000101011	500
10010000101100	612
10010000101101	623
10010000101110	286
10010000101111	319
10010000110000	285
10010000110001	652
10010000110010	169
10010000110011	343
10010000110100	246
10010000110101	621
10010000110110	169
10010000110111	358
10010000111000	461
10010000111001	596
10010000111010	244
10010000111011	492
10010000111100	429
10010000111101	685
10010000111110	352
10010000111111	367
10010001000000	211
10010001000001	578
10010001000010	149
10010001000011	369
10010001000100	231
10010001000101	524
10010001000110	166
10010001000111	294
10010001001000	262
10010001001001	483
10010001001010	187
10010001001011	370
10010001001100	262
10010001001101	347
10010001001110	172
10010001001111	357
10010001010000	97
10010001010001	449
10010001010010	112
10010001010011	352
10010001010100	125
10010001010101	366
10010001010110	79
10010001010111	306
10010001011000	150
10010001011001	429
10010001011010	156
10010001011011	361
10010001011100	206
10010001011101	425
10010001011110	174
10010001011111	357
10010001100000	238
10010001100001	517
10010001100010	233
10010001100011	440
10010001100100	271
10010001100101	625
10010001100110	146
10010001100111	399
10010001101000	297
10010001101001	461
10010001101010	203
10010001101011	340
10010001101100	278
10010001101101	532
10010001101110	224
10010001101111	276
10010001110000	112
10010001110001	472
10010001110010	86
10010001110011	310
10010001110100	138
10010001110101	441
10010001110110	112
10010001110111	327
10010001111000	217
10010001111001	488
10010001111010	168
10010001111011	398
10010001111100	174
10010001111101	478
10010001111110	202
10010001111111	362
10010010000000	386
10010010000001	576
10010010000010	224
10010010000011	380
10010010000100	437
10010010000101	595
10010010000110	250
10010010000111	358
10010010001000	410
10010010001001	640
10010010001010	290
10010010001011	412
10010010001100	419
10010010001101	594
10010010001110	315
10010010001111	348
10010010010000	197
10010010010001	495
10010010010010	136
10010010010011	268
10010010010100	172
10010010010101	344
10010010010110	143
10010010010111	382
10010010011000	281
10010010011001	504
10010010011010	169
10010010011011	327
10010010011100	240
10010010011101	465
10010010011110	183
10010010011111	410
10010010100000	428
10010010100001	826
10010010100010	254
10010010100011	412
10010010100100	454
10010010100101	818
10010010100110	184
10010010100111	434
10010010101000	526
10010010101001	718
10010010101010	293
10010010101011	480
10010010101100	491
10010010101101	613
10010010101110	255
10010010101111	323
10010010110000	242
10010010110001	469
10010010110010	93
10010010110011	384
10010010110100	174
10010010110101	582
10010010110110	121
10010010110111	326
10010010111000	394
10010010111001	855
10010010111010	197
10010010111011	403
10010010111100	336
10010010111101	663
10010010111110	239
10010010111111	413
10010011000000	174
10010011000001	270
10010011000010	150
10010011000011	300
10010011000100	155
10010011000101	336
10010011000110	121
10010011000111	320
10010011001000	238
10010011001001	347
10010011001010	143
10010011001011	268
10010011001100	191
10010011001101	302
10010011001110	128
10010011001111	293
10010011010000	66
10010011010001	257
10010011010010	63
10010011010011	255
10010011010100	91
10010011010101	257
10010011010110	82
10010011010111	275
10010011011000	101
10010011011001	304
10010011011010	113
10010011011011	320
10010011011100	98
10010011011101	310
10010011011110	109
10010011011111	314
10010011100000	201
10010011100001	497
10010011100010	130
10010011100011	316
10010011100100	213
10010011100101	364
10010011100110	152
10010011100111	362
10010011101000	239
10010011101001	493
10010011101010	128
10010011101011	403
10010011101100	281
10010011101101	439
10010011101110	170
10010011101111	345
10010011110000	93
10010011110001	318
10010011110010	95
10010011110011	212
10010011110100	122
10010011110101	307
10010011110110	84
10010011110111	279
10010011111000	153
10010011111001	303
10010011111010	133
10010011111011	263
10010011111100	132
10010011111101	274
10010011111110	119
10010011111111	261
10010100000000	416
10010100000001	450
10010100000010	277
10010100000011	438
10010100000100	397
10010100000101	763
10010100000110	290
10010100000111	480
10010100001000	405
10010100001001	639
10010100001010	293
10010100001011	456
10010100001100	491
10010100001101	486
10010100001110	284
10010100001111	322
10010100010000	142
10010100010001	419
10010100010010	135
10010100010011	294
10010100010100	199
10010100010101	595
10010100010110	112
10010100010111	392
10010100011000	238
10010100011001	523
10010100011010	213
10010100011011	386
10010100011100	330
10010100011101	684
10010100011110	208
10010100011111	327
10010100100000	614
10010100100001	666
10010100100010	269
10010100100011	501
10010100100100	487
10010100100101	769
10010100100110	331
10010100100111	498
10010100101000	569
10010100101001	954
10010100101010	363
10010100101011	584
10010100101100	567
10010100101101	803
10010100101110	288
10010100101111	358
10010100110000	226
10010100110001	599
10010100110010	151
10010100110011	357
10010100110100	231
10010100110101	633
10010100110110	201
10010100110111	427
10010100111000	390
10010100111001	797
10010100111010	316
10010100111011	313
10010100111100	306
10010100111101	787
10010100111110	239
10010100111111	373
10010101000000	170
10010101000001	472
10010101000010	140
10010101000011	365
10010101000100	188
10010101000101	588
10010101000110	168
10010101000111	396
10010101001000	258
10010101001001	408
10010101001010	167
10010101001011	352
10010101001100	241
10010101001101	448
10010101001110	170
10010101001111	255
10010101010000	104
10010101010001	335
10010101010010	70
10010101010011	300
10010101010100	101
10010101010101	381
10010101010110	95
10010101010111	310
10010101011000	131
10010101011001	238
10010101011010	119
10010101011011	258
10010101011100	131
10010101011101	405
10010101011110	133
10010101011111	344
10010101100000	195
10010101100001	495
10010101100010	192
10010101100011	314
10010101100100	340
10010101100101	563
10010101100110	158
10010101100111	350
10010101101000	270
10010101101001	626
10010101101010	117
10010101101011	395
10010101101100	280
10010101101101	398
10010101101110	148
10010101101111	323
10010101110000	94
10010101110001	536
10010101110010	80
10010101110011	394
10010101110100	140
10010101110101	408
10010101110110	130
10010101110111	314
10010101111000	148
10010101111001	503
10010101111010	105
10010101111011	359
10010101111100	226
10010101111101	468
10010101111110	140
10010101111111	268
10010110000000	449
10010110000001	757
10010110000010	279
10010110000011	526
10010110000100	562
10010110000101	681
10010110000110	302
10010110000111	479
10010110001000	433
10010110001001	649
10010110001010	291
10010110001011	542
10010110001100	432
10010110001101	845
10010110001110	308
10010110001111	363
10010110010000	217
10010110010001	447
10010110010010	142
10010110010011	313
10010110010100	231
10010110010101	630
10010110010110	165
10010110010111	409
10010110011000	380
10010110011001	655
10010110011010	248
10010110011011	446
10010110011100	296
10010110011101	413
10010110011110	267
10010110011111	417
10010110100000	441
10010110100001	763
10010110100010	308
10010110100011	584
10010110100100	532
10010110100101	714
10010110100110	277
10010110100111	507
10010110101000	691
10010110101001	778
10010110101010	380
10010110101011	471
10010110101100	541
10010110101101	693
10010110101110	250
10010110101111	311
10010110110000	264
10010110110001	561
10010110110010	150
10010110110011	490
10010110110100	309
10010110110101	640
10010110110110	178
10010110110111	403
10010110111000	432
10010110111001	544
10010110111010	217
10010110111011	496
10010110111100	394
10010110111101	776
10010110111110	250
10010110111111	402
10010111000000	173
10010111000001	384
10010111000010	109
10010111000011	358
10010111000100	225
10010111000101	378
10010111000110	184
10010111000111	397
10010111001000	163
10010111001001	442
10010111001010	193
10010111001011	283
10010111001100	220
10010111001101	407
10010111001110	143
10010111001111	304
10010111010000	101
10010111010001	341
10010111010010	99
10010111010011	283
10010111010100	85
10010111010101	324
10010111010110	99
10010111010111	322
10010111011000	147
10010111011001	384
10010111011010	119
10010111011011	262
10010111011100	118
10010111011101	356
10010111011110	124
10010111011111	257
10010111100000	236
10010111100001	493
10010111100010	200
10010111100011	336
10010111100100	312
10010111100101	428
10010111100110	135
10010111100111	385
10010111101000	272
10010111101001	529
10010111101010	192
10010111101011	362
10010111101100	253
10010111101101	444
10010111101110	192
10010111101111	319
10010111110000	101
10010111110001	328
10010111110010	93
10010111110011	298
10010111110100	101
10010111110101	400
10010111110110	97
10010111110111	334
10010111111000	184
10010111111001	480
10010111111010	165
10010111111011	331
10010111111100	194
10010111111101	433
10010111111110	139
10010111111111	348
10011000000000	310
10011000000001	428
10011000000010	201
10011000000011	397
10011000000100	331
10011000000101	471
10011000000110	241
10011000000111	338
10011000001000	367
10011000001001	386
10011000001010	304
10011000001011	328
10011000001100	378
10011000001101	396
10011000001110	212
10011000001111	257
10011000010000	188
10011000010001	293
10011000010010	110
10011000010011	316
10011000010100	152
10011000010101	283
10011000010110	122
10011000010111	278
10011000011000	252
10011000011001	471
10011000011010	144
10011000011011	305
10011000011100	220
10011000011101	351
10011000011110	183
10011000011111	344
10011000100000	380
10011000100001	432
10011000100010	240
10011000100011	354
10011000100100	317
10011000100101	616
10011000100110	256
10011000100111	371
10011000101000	591
10011000101001	513
10011000101010	265
10011000101011	467
10011000101100	483
10011000101101	497
10011000101110	257
10011000101111	319
10011000110000	197
10011000110001	370
10011000110010	121
10011000110011	284
10011000110100	209
10011000110101	400
10011000110110	129
10011000110111	357
10011000111000	280
10011000111001	494
10011000111010	248
10011000111011	335
10011000111100	324
10011000111101	349
10011000111110	181
10011000111111	291
10011001000000	178
10011001000001	442
10011001000010	114
10011001000011	351
10011001000100	234
10011001000101	414
10011001000110	115
10011001000111	228
10011001001000	155
10011001001001	332
10011001001010	149
10011001001011	302
10011001001100	168
10011001001101	400
10011001001110	165
10011001001111	241
10011001010000	95
10011001010001	252
10011001010010	53
10011001010011	277
10011001010100	120
10011001010101	218
10011001010110	70
10011001010111	204
10011001011000	122
10011001011001	259
10011001011010	117
10011001011011	209
10011001011100	114
10011001011101	214
10011001011110	108
10011001011111	218
10011001100000	183
10011001100001	332
10011001100010	179
10011001100011	317
10011001100100	257
10011001100101	509
10011001100110	129
10011001100111	316
10011001101000	206
10011001101001	361
10011001101010	149
10011001101011	400
10011001101100	291
10011001101101	443
10011001101110	127
10011001101111	318
10011001110000	127
10011001110001	384
10011001110010	70
10011001110011	329
10011001110100	105
10011001110101	358
10011001110110	97
10011001110111	287
10011001111000	126
10011001111001	453
10011001111010	126
10011001111011	379
10011001111100	149
10011001111101	336
10011001111110	108
10011001111111	230
10011010000000	256
10011010000001	520
10011010000010	146
10011010000011	331
10011010000100	255
10011010000101	419
10011010000110	201
10011010000111	314
10011010001000	321
10011010001001	471
10011010001010	242
10011010001011	308
10011010001100	329
10011010001101	302
10011010001110	214
10011010001111	252
10011010010000	132
10011010010001	310
10011010010010	140
10011010010011	338
10011010010100	190
10011010010101	411
10011010010110	88
10011010010111	286
10011010011000	200
10011010011001	467
10011010011010	151
10011010011011	377
10011010011100	192
10011010011101	255
10011010011110	150
10011010011111	192
10011010100000	286
10011010100001	617
10011010100010	183
10011010100011	251
10011010100100	302
10011010100101	486
10011010100110	185
10011010100111	294
10011010101000	385
10011010101001	642
10011010101010	256
10011010101011	242
10011010101100	376
10011010101101	408
10011010101110	192
10011010101111	339
10011010110000	176
10011010110001	418
10011010110010	99
10011010110011	268
10011010110100	204
10011010110101	367
10011010110110	92
10011010110111	212
10011010111000	358
10011010111001	453
10011010111010	176
10011010111011	195
10011010111100	219
10011010111101	436
10011010111110	160
10011010111111	199
10011011000000	137
10011011000001	252
10011011000010	89
10011011000011	243
10011011000100	111
10011011000101	241
10011011000110	149
10011011000111	253
10011011001000	113
10011011001001	225
10011011001010	132
10011011001011	212
10011011001100	107
10011011001101	278
10011011001110	99
10011011001111	222
10011011010000	55
10011011010001	177
10011011010010	49
10011011010011	144
10011011010100	42
10011011010101	230
10011011010110	76
10011011010111	222
10011011011000	76
10011011011001	204
10011011011010	105
10011011011011	234
10011011011100	84
10011011011101	160
10011011011110	73
10011011011111	147
10011011100000	185
10011011100001	322
10011011100010	105
10011011100011	294
10011011100100	122
10011011100101	346
10011011100110	111
10011011100111	176
10011011101000	161
10011011101001	316
10011011101010	134
10011011101011	220
10011011101100	217
10011011101101	317
10011011101110	96
10011011101111	233
10011011110000	44
10011011110001	182
10011011110010	63
10011011110011	177
10011011110100	108
10011011110101	218
10011011110110	81
10011011110111	181
10011011111000	120
10011011111001	279
10011011111010	108
10011011111011	289
10011011111100	138
10011011111101	313
10011011111110	94
10011011111111	192
10011100000000	214
10011100000001	470
10011100000010	232
10011100000011	205
10011100000100	302
10011100000101	451
10011100000110	204
10011100000111	284
10011100001000	319
10011100001001	443
10011100001010	206
10011100001011	276
10011100001100	324
10011100001101	490
10011100001110	242
10011100001111	314
10011100010000	135
10011100010001	345
10011100010010	82
10011100010011	296
10011100010100	174
10011100010101	334
10011100010110	127
10011100010111	189
10011100011000	246
10011100011001	389
10011100011010	227
10011100011011	225
10011100011100	246
10011100011101	325
10011100011110	177
10011100011111	245
10011100100000	341
10011100100001	540
10011100100010	221
10011100100011	279
10011100100100	413
10011100100101	502
10011100100110	241
10011100100111	309
10011100101000	509
10011100101001	467
10011100101010	297
10011100101011	235
10011100101100	372
10011100101101	350
10011100101110	204
10011100101111	329
10011100110000	154
10011100110001	250
10011100110010	109
10011100110011	211
10011100110100	223
10011100110101	490
10011100110110	116
10011100110111	271
10011100111000	276
10011100111001	604
10011100111010	204
10011100111011	282
10011100111100	266
10011100111101	413
10011100111110	137
10011100111111	254
10011101000000	134
10011101000001	277
10011101000010	110
10011101000011	238
10011101000100	190
10011101000101	332
10011101000110	170
10011101000111	219
10011101001000	179
10011101001001	353
10011101001010	131
10011101001011	228
10011101001100	152
10011101001101	278
10011101001110	128
10011101001111	242
10011101010000	61
10011101010001	221
10011101010010	58
10011101010011	209
10011101010100	120
10011101010101	194
10011101010110	84
10011101010111	239
10011101011000	120
10011101011001	268
10011101011010	100
10011101011011	258
10011101011100	91
10011101011101	228
10011101011110	93
10011101011111	210
10011101100000	158
10011101100001	293
10011101100010	128
10011101100011	298
10011101100100	196
10011101100101	349
10011101100110	118
10011101100111	249
10011101101000	177
10011101101001	405
10011101101010	167
10011101101011	298
10011101101100	218
10011101101101	456
10011101101110	169
10011101101111	261
10011101110000	94
10011101110001	299
10011101110010	73
10011101110011	195
10011101110100	110
10011101110101	359
10011101110110	69
10011101110111	221
10011101111000	151
10011101111001	294
10011101111010	128
10011101111011	244
10011101111100	146
10011101111101	339
10011101111110	115
10011101111111	184
10011110000000	306
10011110000001	554
10011110000010	222
10011110000011	247
10011110000100	402
10011110000101	526
10011110000110	174
10011110000111	343
10011110001000	376
10011110001001	474
10011110001010	224
10011110001011	389
10011110001100	342
10011110001101	490
10011110001110	247
10011110001111	298
10011110010000	136
10011110010001	379
10011110010010	90
10011110010011	207
10011110010100	156
10011110010101	378
10011110010110	111
10011110010111	299
10011110011000	316
10011110011001	550
10011110011010	181
10011110011011	328
10011110011100	186
10011110011101	466
10011110011110	170
10011110011111	347
10011110100000	467
10011110100001	604
10011110100010	241
10011110100011	338
10011110100100	405
10011110100101	574
10011110100110	208
10011110100111	266
10011110101000	595
10011110101001	611
10011110101010	257
10011110101011	381
10011110101100	449
10011110101101	565
10011110101110	277
10011110101111	319
10011110110000	193
10011110110001	386
10011110110010	112
10011110110011	271
10011110110100	192
10011110110101	514
10011110110110	101
10011110110111	368
10011110111000	300
10011110111001	538
10011110111010	200
10011110111011	284
10011110111100	308
10011110111101	612
10011110111110	187
10011110111111	233
10011111000000	135
10011111000001	282
10011111000010	108
10011111000011	256
10011111000100	143
10011111000101	307
10011111000110	117
10011111000111	265
10011111001000	154
10011111001001	257
10011111001010	95
10011111001011	236
10011111001100	139
10011111001101	288
10011111001110	134
10011111001111	199
10011111010000	77
10011111010001	197
10011111010010	56
10011111010011	234
10011111010100	94
10011111010101	262
10011111010110	52
10011111010111	208
10011111011000	106
10011111011001	259
10011111011010	111
10011111011011	290
10011111011100	69
10011111011101	255
10011111011110	91
10011111011111	292
10011111100000	130
10011111100001	378
10011111100010	131
10011111100011	242
10011111100100	221
10011111100101	304
10011111100110	147
10011111100111	280
10011111101000	172
10011111101001	274
10011111101010	163
10011111101011	293
10011111101100	200
10011111101101	351
10011111101110	116
10011111101111	228
10011111110000	74
10011111110001	222
10011111110010	49
10011111110011	278
10011111110100	65
10011111110101	273
10011111110110	89
10011111110111	210
10011111111000	174
10011111111001	357
10011111111010	118
10011111111011	275
10011111111100	111
10011111111101	360
10011111111110	80
10011111111111	268
10100000000000	258
10100000000001	342
10100000000010	184
10100000000011	235
10100000000100	315
10100000000101	422
10100000000110	206
10100000000111	245
10100000001000	277
10100000001001	414
10100000001010	248
10100000001011	274
10100000001100	369
10100000001101	329
10100000001110	211
10100000001111	205
10100000010000	152
10100000010001	311
10100000010010	127
10100000010011	212
10100000010100	166
10100000010101	308
10100000010110	102
10100000010111	227
10100000011000	250
10100000011001	364
10100000011010	115
10100000011011	209
10100000011100	193
10100000011101	322
10100000011110	143
10100000011111	280
10100000100000	361
10100000100001	553
10100000100010	305
10100000100011	322
10100000100100	329
10100000100101	525
10100000100110	221
10100000100111	366
10100000101000	519
10100000101001	419
10100000101010	313
10100000101011	394
10100000101100	372
10100000101101	395
10100000101110	238
10100000101111	280
10100000110000	162
10100000110001	322
10100000110010	120
10100000110011	301
10100000110100	178
10100000110101	425
10100000110110	113
10100000110111	281
10100000111000	243
10100000111001	431
10100000111010	160
10100000111011	248
10100000111100	346
10100000111101	346
10100000111110	154
10100000111111	219
10100001000000	159
10100001000001	258
10100001000010	129
10100001000011	160
10100001000100	166
10100001000101	278
10100001000110	100
10100001000111	244
10100001001000	177
10100001001001	288
10100001001010	137
10100001001011	166
10100001001100	156
10100001001101	297
10100001001110	69
10100001001111	196
10100001010000	72
10100001010001	260
10100001010010	48
10100001010011	234
10100001010100	90
10100001010101	224
10100001010110	84
10100001010111	171
10100001011000	87
10100001011001	237
10100001011010	86
10100001011011	197
10100001011100	85
10100001011101	272
10100001011110	102
10100001011111	220
10100001100000	167
10100001100001	388
10100001100010	104
10100001100011	272
10100001100100	211
10100001100101	325
10100001100110	109
10100001100111	229
10100001101000	189
10100001101001	369
10100001101010	121
10100001101011	241
10100001101100	240
10100001101101	257
10100001101110	149
10100001101111	253
10100001110000	76
10100001110001	344
10100001110010	86
10100001110011	204
10100001110100	120
10100001110101	331
10100001110110	105
10100001110111	200
10100001111000	127
10100001111001	375
10100001111010	74
10100001111011	234
10100001111100	132
10100001111101	335
10100001111110	123
10100001111111	188
10100010000000	227
10100010000001	218
10100010000010	129
10100010000011	192
10100010000100	154
10100010000101	303
10100010000110	94
10100010000111	237
10100010001000	266
10100010001001	382
10100010001010	175
10100010001011	188
10100010001100	231
10100010001101	256
10100010001110	145
10100010001111	210
10100010010000	123
10100010010001	252
10100010010010	70
10100010010011	92
10100010010100	115
10100010010101	298
10100010010110	104
10100010010111	234
10100010011000	146
10100010011001	195
10100010011010	86
10100010011011	185
10100010011100	155
10100010011101	189
10100010011110	79
10100010011111	183
10100010100000	254
10100010100001	366
10100010100010	126
10100010100011	304
10100010100100	179
10100010100101	501
10100010100110	136
10100010100111	253
10100010101000	228
10100010101001	495
10100010101010	161
10100010101011	333
10100010101100	257
10100010101101	413
10100010101110	121
10100010101111	212
10100010110000	143
10100010110001	370
10100010110010	86
10100010110011	223
10100010110100	152
10100010110101	275
10100010110110	74
10100010110111	204
10100010111000	222
10100010111001	353
10100010111010	136
10100010111011	171
10100010111100	170
10100010111101	309
10100010111110	84
10100010111111	188
10100011000000	114
10100011000001	220
10100011000010	81
10100011000011	130
10100011000100	84
10100011000101	131
10100011000110	66
10100011000111	179
10100011001000	88
10100011001001	153
10100011001010	98
10100011001011	180
10100011001100	103
10100011001101	104
10100011001110	97
10100011001111	148
10100011010000	47
10100011010001	103
10100011010010	51
10100011010011	125
10100011010100	41
10100011010101	113
10100011010110	31
10100011010111	141
10100011011000	78
10100011011001	227
10100011011010	87
10100011011011	146
10100011011100	47
10100011011101	166
10100011011110	67
10100011011111	117
10100011100000	99
10100011100001	228
10100011100010	125
10100011100011	174
10100011100100	114
10100011100101	254
10100011100110	97
10100011100111	159
10100011101000	136
10100011101001	251
10100011101010	135
10100011101011	175
10100011101100	181
10100011101101	205
10100011101110	104
10100011101111	159
10100011110000	66
10100011110001	170
10100011110010	38
10100011110011	156
10100011110100	97
10100011110101	219
10100011110110	55
10100011110111	184
10100011111000	77
10100011111001	179
10100011111010	85
10100011111011	202
10100011111100	81
10100011111101	192
10100011111110	78
10100011111111	205
10100100000000	254
10100100000001	600
10100100000010	156
10100100000011	133
10100100000100	310
10100100000101	392
10100100000110	201
10100100000111	151
10100100001000	291
10100100001001	361
10100100001010	157
10100100001011	217
10100100001100	324
10100100001101	240
10100100001110	175
10100100001111	168
10100100010000	119
10100100010001	264
10100100010010	116
10100100010011	198
10100100010100	140
10100100010101	213
10100100010110	102
10100100010111	112
10100100011000	141
10100100011001	361
10100100011010	156
10100100011011	203
10100100011100	173
10100100011101	178
10100100011110	112
10100100011111	265
10100100100000	260
10100100100001	354
10100100100010	178
10100100100011	316
10100100100100	317
10100100100101	347
10100100100110	157
10100100100111	361
10100100101000	367
10100100101001	491
10100100101010	235
10100100101011	213
10100100101100	338
10100100101101	446
10100100101110	191
10100100101111	256
10100100110000	148
10100100110001	360
10100100110010	114
10100100110011	235
10100100110100	176
10100100110101	394
10100100110110	92
10100100110111	275
10100100111000	230
10100100111001	293
10100100111010	164
10100100111011	222
10100100111100	211
10100100111101	384
10100100111110	187
10100100111111	250
10100101000000	99
10100101000001	274
10100101000010	102
10100101000011	219
10100101000100	88
10100101000101	206
10100101000110	87
10100101000111	163
10100101001000	135
10100101001001	220
10100101001010	72
10100101001011	155
10100101001100	121
10100101001101	220
10100101001110	63
10100101001111	159
10100101010000	37
10100101010001	179
10100101010010	51
10100101010011	147
10100101010100	54
10100101010101	210
10100101010110	54
10100101010111	210
10100101011000	73
10100101011001	204
10100101011010	69
10100101011011	209
10100101011100	91
10100101011101	274
10100101011110	39
10100101011111	158
10100101100000	79
10100101100001	261
10100101100010	88
10100101100011	263
10100101100100	138
10100101100101	322
10100101100110	143
10100101100111	129
10100101101000	149
10100101101001	288
10100101101010	84
10100101101011	188
10100101101100	170
10100101101101	233
10100101101110	96
10100101101111	197
10100101110000	44
10100101110001	264
10100101110010	51
10100101110011	225
10100101110100	62
10100101110101	260
10100101110110	54
10100101110111	181
10100101111000	74
10100101111001	174
10100101111010	85
10100101111011	195
10100101111100	118
10100101111101	242
10100101111110	61
10100101111111	191
10100110000000	197
10100110000001	408
10100110000010	148
10100110000011	207
10100110000100	222
10100110000101	452
10100110000110	164
10100110000111	229
10100110001000	247
10100110001001	352
10100110001010	216
10100110001011	257
10100110001100	319
10100110001101	333
10100110001110	161
10100110001111	211
10100110010000	120
10100110010001	298
10100110010010	79
10100110010011	242
10100110010100	108
10100110010101	398
10100110010110	81
10100110010111	237
10100110011000	152
10100110011001	315
10100110011010	178
10100110011011	245
10100110011100	157
10100110011101	321
10100110011110	139
10100110011111	177
10100110100000	293
10100110100001	455
10100110100010	224
10100110100011	305
10100110100100	385
10100110100101	542
10100110100110	219
10100110100111	367
10100110101000	334
10100110101001	519
10100110101010	237
10100110101011	318
10100110101100	295
10100110101101	360
10100110101110	189
10100110101111	257
10100110110000	169
10100110110001	365
10100110110010	97
10100110110011	288
10100110110100	123
10100110110101	439
10100110110110	99
10100110110111	222
10100110111000	260
10100110111001	407
10100110111010	155
10100110111011	261
10100110111100	242
10100110111101	442
10100110111110	148
10100110111111	289
10100111000000	104
10100111000001	135
10100111000010	90
10100111000011	191
10100111000100	159
10100111000101	194
10100111000110	122
10100111000111	156
10100111001000	126
10100111001001	212
10100111001010	128
10100111001011	129
10100111001100	141
10100111001101	185
10100111001110	91
10100111001111	165
10100111010000	62
10100111010001	148
10100111010010	74
10100111010011	202
10100111010100	86
10100111010101	171
10100111010110	60
10100111010111	198
10100111011000	100
10100111011001	173
10100111011010	86
10100111011011	240
10100111011100	88
10100111011101	236
10100111011110	65
10100111011111	215
10100111100000	139
10100111100001	283
10100111100010	113
10100111100011	238
10100111100100	127
10100111100101	285
10100111100110	103
10100111100111	179
10100111101000	164
10100111101001	236
10100111101010	180
10100111101011	137
10100111101100	153
10100111101101	258
10100111101110	142
10100111101111	163
10100111110000	83
10100111110001	168
10100111110010	66
10100111110011	135
10100111110100	72
10100111110101	215
10100111110110	87
10100111110111	190
10100111111000	81
10100111111001	298
10100111111010	98
10100111111011	145
10100111111100	126
10100111111101	235
10100111111110	106
10100111111111	220
10101000000000	410
10101000000001	562
10101000000010	211
10101000000011	293
10101000000100	326
10101000000101	501
10101000000110	284
10101000000111	523
10101000001000	452
10101000001001	570
10101000001010	330
10101000001011	344
10101000001100	456
10101000001101	640
10101000001110	407
10101000001111	314
10101000010000	181
10101000010001	429
10101000010010	120
10101000010011	284
10101000010100	176
10101000010101	337
10101000010110	146
10101000010111	359
10101000011000	306
10101000011001	509
10101000011010	217
10101000011011	382
10101000011100	241
10101000011101	554
10101000011110	205
10101000011111	321
10101000100000	476
10101000100001	685
10101000100010	288
10101000100011	367
10101000100100	502
10101000100101	580
10101000100110	297
10101000100111	358
10101000101000	610
10101000101001	758
10101000101010	428
10101000101011	379
10101000101100	455
10101000101101	612
10101000101110	316
10101000101111	305
10101000110000	219
10101000110001	541
10101000110010	108
10101000110011	379
10101000110100	313
10101000110101	659
10101000110110	126
10101000110111	247
10101000111000	392
10101000111001	712
10101000111010	228
10101000111011	416
10101000111100	375
10101000111101	493
10101000111110	235
10101000111111	389
10101001000000	222
10101001000001	412
10101001000010	156
10101001000011	433
10101001000100	184
10101001000101	382
10101001000110	134
10101001000111	351
10101001001000	203
10101001001001	366
10101001001010	132
10101001001011	222
10101001001100	243
10101001001101	278
10101001001110	132
10101001001111	242
10101001010000	88
10101001010001	330
10101001010010	65
10101001010011	261
10101001010100	73
10101001010101	330
10101001010110	79
10101001010111	225
10101001011000	95
10101001011001	347
10101001011010	129
10101001011011	351
10101001011100	151
10101001011101	458
10101001011110	126
10101001011111	385
10101001100000	205
10101001100001	565
10101001100010	124
10101001100011	473
10101001100100	277
10101001100101	506
10101001100110	212
10101001100111	403
10101001101000	271
10101001101001	480
10101001101010	200
10101001101011	332
10101001101100	288
10101001101101	480
10101001101110	222
10101001101111	315
10101001110000	89
10101001110001	386
10101001110010	59
10101001110011	316
10101001110100	127
10101001110101	446
10101001110110	116
10101001110111	337
10101001111000	156
10101001111001	461
10101001111010	110
10101001111011	361
10101001111100	184
10101001111101	446
10101001111110	129
10101001111111	286
10101010000000	333
10101010000001	425
10101010000010	247
10101010000011	303
10101010000100	373
10101010000101	452
10101010000110	199
10101010000111	375
10101010001000	374
10101010001001	523
10101010001010	209
10101010001011	404
10101010001100	427
10101010001101	609
10101010001110	239
10101010001111	301
10101010010000	165
10101010010001	451
10101010010010	121
10101010010011	268
10101010010100	187
10101010010101	420
10101010010110	110
10101010010111	374
10101010011000	260
10101010011001	438
10101010011010	178
10101010011011	371
10101010011100	210
10101010011101	415
10101010011110	201
10101010011111	312
10101010100000	432
10101010100001	733
10101010100010	212
10101010100011	312
10101010100100	383
10101010100101	814
10101010100110	334
10101010100111	400
10101010101000	456
10101010101001	645
10101010101010	307
10101010101011	450
10101010101100	503
10101010101101	509
10101010101110	318
10101010101111	330
10101010110000	209
10101010110001	468
10101010110010	120
10101010110011	302
10101010110100	223
10101010110101	543
10101010110110	98
10101010110111	290
10101010111000	320
10101010111001	637
10101010111010	205
10101010111011	385
10101010111100	341
10101010111101	600
10101010111110	216
10101010111111	349
10101011000000	111
10101011000001	306
10101011000010	155
10101011000011	209
10101011000100	154
10101011000101	281
10101011000110	158
10101011000111	295
10101011001000	242
10101011001001	263
10101011001010	145
10101011001011	237
10101011001100	183
10101011001101	334
10101011001110	144
10101011001111	176
10101011010000	85
10101011010001	179
10101011010010	81
10101011010011	171
10101011010100	113
10101011010101	230
10101011010110	70
10101011010111	274
10101011011000	105
10101011011001	264
10101011011010	116
10101011011011	251
10101011011100	145
10101011011101	311
10101011011110	155
10101011011111	158
10101011100000	232
10101011100001	303
10101011100010	150
10101011100011	302
10101011100100	264
10101011100101	367
10101011100110	175
10101011100111	376
10101011101000	167
10101011101001	383
10101011101010	234
10101011101011	283
10101011101100	203
10101011101101	342
10101011101110	231
10101011101111	335
10101011110000	104
10101011110001	255
10101011110010	71
10101011110011	172
10101011110100	139
10101011110101	379
10101011110110	111
10101011110111	253
10101011111000	143
10101011111001	338
10101011111010	121
10101011111011	406
10101011111100	138
10101011111101	355
10101011111110	148
10101011111111	343
10101100000000	305
10101100000001	440
10101100000010	224
10101100000011	349
10101100000100	270
10101100000101	557
10101100000110	227
10101100000111	306
10101100001000	338
10101100001001	479
10101100001010	231
10101100001011	275
10101100001100	316
10101100001101	502
10101100001110	214
10101100001111	268
10101100010000	170
10101100010001	341
10101100010010	149
10101100010011	267
10101100010100	203
10101100010101	329
10101100010110	116
10101100010111	261
10101100011000	257
10101100011001	504
10101100011010	199
10101100011011	402
10101100011100	252
10101100011101	446
10101100011110	183
10101100011111	262
10101100100000	341
10101100100001	562
10101100100010	253
10101100100011	442
10101100100100	467
10101100100101	745
10101100100110	228
10101100100111	402
10101100101000	471
10101100101001	552
10101100101010	327
10101100101011	452
10101100101100	512
10101100101101	511
10101100101110	214
10101100101111	334
10101100110000	169
10101100110001	494
10101100110010	124
10101100110011	282
10101100110100	176
10101100110101	562
10101100110110	158
10101100110111	306
10101100111000	268
10101100111001	561
10101100111010	206
10101100111011	395
10101100111100	323
10101100111101	511
10101100111110	213
10101100111111	325
10101101000000	187
10101101000001	282
10101101000010	94
10101101000011	199
10101101000100	121
10101101000101	385
10101101000110	112
10101101000111	257
10101101001000	179
10101101001001	363
10101101001010	129
10101101001011	198
10101101001100	144
10101101001101	246
10101101001110	99
10101101001111	215
10101101010000	73
10101101010001	217
10101101010010	60
10101101010011	222
10101101010100	67
10101101010101	280
10101101010110	95
10101101010111	191
10101101011000	158
10101101011001	170
10101101011010	103
10101101011011	329
10101101011100	88
10101101011101	248
10101101011110	98
10101101011111	237
10101101100000	153
10101101100001	439
10101101100010	137
10101101100011	365
10101101100100	206
10101101100101	444
10101101100110	172
10101101100111	287
10101101101000	193
10101101101001	413
10101101101010	136
10101101101011	356
10101101101100	263
10101101101101	502
10101101101110	190
10101101101111	289
10101101110000	103
10101101110001	346
10101101110010	49
10101101110011	266
10101101110100	106
10101101110101	295
10101101110110	94
10101101110111	302
10101101111000	153
10101101111001	431
10101101111010	92
10101101111011	285
10101101111100	170
10101101111101	344
10101101111110	121
10101101111111	271
10101110000000	281
10101110000001	503
10101110000010	190
10101110000011	304
10101110000100	381
10101110000101	626
10101110000110	293
10101110000111	365
10101110001000	460
10101110001001	603
10101110001010	314
10101110001011	388
10101110001100	409
10101110001101	504
10101110001110	268
10101110001111	389
10101110010000	198
10101110010001	399
10101110010010	116
10101110010011	260
10101110010100	178
10101110010101	381
10101110010110	142
10101110010111	282
10101110011000	270
10101110011001	448
10101110011010	123
10101110011011	453
10101110011100	301
10101110011101	440
10101110011110	167
10101110011111	331
10101110100000	328
10101110100001	619
10101110100010	222
10101110100011	283
10101110100100	450
10101110100101	771
10101110100110	254
10101110100111	400
10101110101000	535
10101110101001	766
10101110101010	370
10101110101011	398
10101110101100	499
10101110101101	623
10101110101110	307
10101110101111	333
10101110110000	226
10101110110001	433
10101110110010	141
10101110110011	333
10101110110100	253
10101110110101	546
10101110110110	166
10101110110111	253
10101110111000	320
10101110111001	609
10101110111010	217
10101110111011	416
10101110111100	332
10101110111101	591
10101110111110	213
10101110111111	357
10101111000000	151
10101111000001	295
10101111000010	152
10101111000011	227
10101111000100	151
10101111000101	443
10101111000110	155
10101111000111	275
10101111001000	199
10101111001001	248
10101111001010	100
10101111001011	262
10101111001100	179
10101111001101	268
10101111001110	138
10101111001111	211
10101111010000	75
10101111010001	242
10101111010010	91
10101111010011	263
10101111010100	58
10101111010101	273
10101111010110	81
10101111010111	254
10101111011000	119
10101111011001	224
10101111011010	122
10101111011011	231
10101111011100	145
10101111011101	217
10101111011110	108
10101111011111	239
10101111100000	180
10101111100001	331
10101111100010	148
10101111100011	332
10101111100100	204
10101111100101	428
10101111100110	179
10101111100111	289
10101111101000	213
10101111101001	375
10101111101010	199
10101111101011	282
10101111101100	220
10101111101101	419
10101111101110	159
10101111101111	275
10101111110000	128
10101111110001	213
10101111110010	72
10101111110011	186
10101111110100	121
10101111110101	320
10101111110110	81
10101111110111	263
10101111111000	138
10101111111001	350
10101111111010	115
10101111111011	300
10101111111100	198
10101111111101	343
10101111111110	139
10101111111111	240
10110000000000	492
10110000000001	665
10110000000010	275
10110000000011	463
10110000000100	394
10110000000101	781
10110000000110	318
10110000000111	422
10110000001000	635
10110000001001	841
10110000001010	372
10110000001011	298
10110000001100	511
10110000001101	597
10110000001110	340
10110000001111	326
10110000010000	254
10110000010001	516
10110000010010	176
10110000010011	404
10110000010100	231
10110000010101	470
10110000010110	168
10110000010111	436
10110000011000	366
10110000011001	689
10110000011010	258
10110000011011	559
10110000011100	331
10110000011101	491
10110000011110	251
10110000011111	421
10110000100000	499
10110000100001	886
10110000100010	384
10110000100011	432
10110000100100	608
10110000100101	876
10110000100110	442
10110000100111	548
10110000101000	694
10110000101001	1023
10110000101010	373
10110000101011	505
10110000101100	694
10110000101101	749
10110000101110	359
10110000101111	406
10110000110000	317
10110000110001	629
10110000110010	132
10110000110011	381
10110000110100	308
10110000110101	664
10110000110110	176
10110000110111	363
10110000111000	457
10110000111001	779
10110000111010	329
10110000111011	592
10110000111100	398
10110000111101	626
10110000111110	268
10110000111111	386
10110001000000	217
10110001000001	403
10110001000010	174
10110001000011	358
10110001000100	210
10110001000101	352
10110001000110	161
10110001000111	228
10110001001000	261
10110001001001	572
10110001001010	193
10110001001011	198
10110001001100	239
10110001001101	390
10110001001110	156
10110001001111	268
10110001010000	89
10110001010001	360
10110001010010	92
10110001010011	277
10110001010100	133
10110001010101	574
10110001010110	107
10110001010111	272
10110001011000	187
10110001011001	343
10110001011010	171
10110001011011	283
10110001011100	184
10110001011101	381
10110001011110	166
10110001011111	307
10110001100000	270
10110001100001	480
10110001100010	178
10110001100011	397
10110001100100	278
10110001100101	577
10110001100110	173
10110001100111	385
10110001101000	328
10110001101001	633
10110001101010	192
10110001101011	365
10110001101100	311
10110001101101	518
10110001101110	165
10110001101111	268
10110001110000	135
10110001110001	404
10110001110010	89
10110001110011	361
10110001110100	174
10110001110101	395
10110001110110	107
10110001110111	340
10110001111000	226
10110001111001	514
10110001111010	159
10110001111011	339
10110001111100	293
10110001111101	425
10110001111110	184
10110001111111	296
10110010000000	341
10110010000001	604
10110010000010	232
10110010000011	353
10110010000100	307
10110010000101	542
10110010000110	195
10110010000111	340
10110010001000	383
10110010001001	676
10110010001010	304
10110010001011	408
10110010001100	486
10110010001101	538
10110010001110	230
10110010001111	340
10110010010000	177
10110010010001	565
10110010010010	134
10110010010011	275
10110010010100	134
10110010010101	595
10110010010110	136
10110010010111	339
10110010011000	276
10110010011001	473
10110010011010	216
10110010011011	403
10110010011100	272
10110010011101	391
10110010011110	206
10110010011111	331
10110010100000	480
10110010100001	631
10110010100010	308
10110010100011	319
10110010100100	413
10110010100101	634
10110010100110	228
10110010100111	305
10110010101000	577
10110010101001	681
10110010101010	253
10110010101011	380
10110010101100	550
10110010101101	637
10110010101110	300
10110010101111	358
10110010110000	186
10110010110001	637
10110010110010	99
10110010110011	309
10110010110100	217
10110010110101	651
10110010110110	134
10110010110111	382
10110010111000	303
10110010111001	653
10110010111010	251
10110010111011	297
10110010111100	438
10110010111101	672
10110010111110	221
10110010111111	346
10110011000000	157
10110011000001	379
10110011000010	190
10110011000011	310
10110011000100	94
10110011000101	275
10110011000110	136
10110011000111	256
10110011001000	181
10110011001001	311
10110011001010	172
10110011001011	317
10110011001100	139
10110011001101	273
10110011001110	133
10110011001111	190
10110011010000	86
10110011010001	254
10110011010010	71
10110011010011	259
10110011010100	113
10110011010101	301
10110011010110	91
10110011010111	200
10110011011000	119
10110011011001	257
10110011011010	105
10110011011011	274
10110011011100	199
10110011011101	341
10110011011110	97
10110011011111	160
10110011100000	206
10110011100001	331
10110011100010	197
10110011100011	296
10110011100100	189
10110011100101	269
10110011100110	152
10110011100111	285
10110011101000	271
10110011101001	408
10110011101010	200
10110011101011	250
10110011101100	219
10110011101101	389
10110011101110	149
10110011101111	275
10110011110000	107
10110011110001	278
10110011110010	83
10110011110011	260
10110011110100	101
10110011110101	307
10110011110110	84
10110011110111	253
10110011111000	149
10110011111001	332
10110011111010	120
10110011111011	325
10110011111100	168
10110011111101	311
10110011111110	153
10110011111111	236
10110100000000	381
10110100000001	597
10110100000010	253
10110100000011	432
10110100000100	368
10110100000101	692
10110100000110	345
10110100000111	407
10110100001000	418
10110100001001	658
10110100001010	347
10110100001011	412
10110100001100	445
10110100001101	667
10110100001110	283
10110100001111	283
10110100010000	204
10110100010001	561
10110100010010	137
10110100010011	308
10110100010100	205
10110100010101	507
10110100010110	125
10110100010111	383
10110100011000	358
10110100011001	487
10110100011010	227
10110100011011	411
10110100011100	348
10110100011101	563
10110100011110	253
10110100011111	365
10110100100000	614
10110100100001	814
10110100100010	267
10110100100011	417
10110100100100	513
10110100100101	695
10110100100110	299
10110100100111	422
10110100101000	728
10110100101001	725
10110100101010	348
10110100101011	388
10110100101100	603
10110100101101	686
10110100101110	276
10110100101111	446
10110100110000	269
10110100110001	634
10110100110010	159
10110100110011	325
10110100110100	256
10110100110101	599
10110100110110	159
10110100110111	318
10110100111000	516
10110100111001	707
10110100111010	244
10110100111011	372
10110100111100	410
10110100111101	592
10110100111110	230
10110100111111	393
10110101000000	171
10110101000001	555
10110101000010	151
10110101000011	290
10110101000100	175
10110101000101	246
10110101000110	135
10110101000111	287
10110101001000	208
10110101001001	343
10110101001010	118
10110101001011	213
10110101001100	230
10110101001101	385
10110101001110	77
10110101001111	237
10110101010000	73
10110101010001	316
10110101010010	92
10110101010011	345
10110101010100	93
10110101010101	374
10110101010110	94
10110101010111	207
10110101011000	159
10110101011001	351
10110101011010	160
10110101011011	291
10110101011100	200
10110101011101	340
10110101011110	136
10110101011111	354
10110101100000	250
10110101100001	608
10110101100010	179
10110101100011	354
10110101100100	258
10110101100101	596
10110101100110	220
10110101100111	336
10110101101000	213
10110101101001	489
10110101101010	212
10110101101011	436
10110101101100	291
10110101101101	423
10110101101110	157
10110101101111	251
10110101110000	173
10110101110001	423
10110101110010	92
10110101110011	297
10110101110100	144
10110101110101	531
10110101110110	114
10110101110111	335
10110101111000	232
10110101111001	577
10110101111010	160
10110101111011	331
10110101111100	256
10110101111101	457
10110101111110	139
10110101111111	333
10110110000000	425
10110110000001	709
10110110000010	313
10110110000011	456
10110110000100	532
10110110000101	685
10110110000110	262
10110110000111	395
10110110001000	492
10110110001001	666
10110110001010	361
10110110001011	517
10110110001100	588
10110110001101	658
10110110001110	298
10110110001111	321
10110110010000	199
10110110010001	557
10110110010010	138
10110110010011	345
10110110010100	295
10110110010101	652
10110110010110	161
10110110010111	451
10110110011000	312
10110110011001	677
10110110011010	233
10110110011011	471
10110110011100	302
10110110011101	620
10110110011110	276
10110110011111	322
10110110100000	446
10110110100001	747
10110110100010	256
10110110100011	529
10110110100100	506
10110110100101	1010
10110110100110	303
10110110100111	446
10110110101000	673
10110110101001	712
10110110101010	394
10110110101011	473
10110110101100	631
10110110101101	742
10110110101110	360
10110110101111	418
10110110110000	238
10110110110001	681
10110110110010	177
10110110110011	425
10110110110100	376
10110110110101	835
10110110110110	216
10110110110111	381
10110110111000	436
10110110111001	785
10110110111010	285
10110110111011	435
10110110111100	528
10110110111101	860
10110110111110	192
10110110111111	387
10110111000000	189
10110111000001	281
10110111000010	141
10110111000011	303
10110111000100	159
10110111000101	400
10110111000110	109
10110111000111	358
10110111001000	169
10110111001001	227
10110111001010	206
10110111001011	327
10110111001100	221
10110111001101	306
10110111001110	126
10110111001111	217
10110111010000	92
10110111010001	287
10110111010010	68
10110111010011	276
10110111010100	103
10110111010101	386
10110111010110	114
10110111010111	341
10110111011000	165
10110111011001	310
10110111011010	134
10110111011011	361
10110111011100	143
10110111011101	296
10110111011110	86
10110111011111	352
10110111100000	199
10110111100001	450
10110111100010	215
10110111100011	399
10110111100100	298
10110111100101	456
10110111100110	215
10110111100111	286
10110111101000	270
10110111101001	448
10110111101010	300
10110111101011	279
10110111101100	299
10110111101101	380
10110111101110	201
10110111101111	264
10110111110000	137
10110111110001	294
10110111110010	99
10110111110011	366
10110111110100	146
10110111110101	362
10110111110110	151
10110111110111	292
10110111111000	178
10110111111001	514
10110111111010	164
10110111111011	283
10110111111100	215
10110111111101	443
10110111111110	132
10110111111111	312
10111000000000	313
10111000000001	572
10111000000010	207
10111000000011	373
10111000000100	353
10111000000101	556
10111000000110	217
10111000000111	430
10111000001000	359
10111000001001	466
10111000001010	230
10111000001011	399
10111000001100	399
10111000001101	504
10111000001110	251
10111000001111	283
10111000010000	215
10111000010001	349
10111000010010	89
10111000010011	283
10111000010100	185
10111000010101	438
10111000010110	146
10111000010111	266
10111000011000	274
10111000011001	479
10111000011010	143
10111000011011	278
10111000011100	208
10111000011101	477
10111000011110	182
10111000011111	311
10111000100000	355
10111000100001	817
10111000100010	253
10111000100011	456
10111000100100	403
10111000100101	820
10111000100110	218
10111000100111	463
10111000101000	532
10111000101001	542
10111000101010	323
10111000101011	387
10111000101100	466
10111000101101	617
10111000101110	238
10111000101111	268
10111000110000	197
10111000110001	454
10111000110010	146
10111000110011	307
10111000110100	208
10111000110101	442
10111000110110	156
10111000110111	329
10111000111000	372
10111000111001	525
10111000111010	219
10111000111011	228
10111000111100	307
10111000111101	371
10111000111110	205
10111000111111	260
10111001000000	177
10111001000001	313
10111001000010	126
10111001000011	287
10111001000100	171
10111001000101	280
10111001000110	93
10111001000111	191
10111001001000	211
10111001001001	308
10111001001010	126
10111001001011	246
10111001001100	206
10111001001101	345
10111001001110	119
10111001001111	209
10111001010000	92
10111001010001	208
10111001010010	43
10111001010011	303
10111001010100	103
10111001010101	341
10111001010110	50
10111001010111	283
10111001011000	181
10111001011001	242
10111001011010	119
10111001011011	312
10111001011100	153
10111001011101	291
10111001011110	138
10111001011111	247
10111001100000	206
10111001100001	456
10111001100010	160
10111001100011	294
10111001100100	300
10111001100101	461
10111001100110	126
10111001100111	336
10111001101000	276
10111001101001	349
10111001101010	219
10111001101011	290
10111001101100	239
10111001101101	402
10111001101110	167
10111001101111	190
10111001110000	77
10111001110001	296
10111001110010	84
10111001110011	237
10111001110100	112
10111001110101	312
10111001110110	99
10111001110111	223
10111001111000	172
10111001111001	470
10111001111010	166
10111001111011	361
10111001111100	141
10111001111101	421
10111001111110	110
10111001111111	301
10111010000000	304
10111010000001	504
10111010000010	172
10111010000011	245
10111010000100	258
10111010000101	511
10111010000110	157
10111010000111	319
10111010001000	346
10111010001001	399
10111010001010	216
10111010001011	371
10111010001100	321
10111010001101	280
10111010001110	249
10111010001111	274
10111010010000	150
10111010010001	319
10111010010010	83
10111010010011	196
10111010010100	165
10111010010101	361
10111010010110	86
10111010010111	214
10111010011000	211
10111010011001	373
10111010011010	128
10111010011011	228
10111010011100	259
10111010011101	394
10111010011110	139
10111010011111	191
10111010100000	331
10111010100001	525
10111010100010	211
10111010100011	449
10111010100100	334
10111010100101	632
10111010100110	225
10111010100111	291
10111010101000	408
10111010101001	587
10111010101010	233
10111010101011	353
10111010101100	427
10111010101101	309
10111010101110	234
10111010101111	324
10111010110000	151
10111010110001	313
10111010110010	103
10111010110011	203
10111010110100	216
10111010110101	384
10111010110110	117
10111010110111	281
10111010111000	250
10111010111001	487
10111010111010	200
10111010111011	331
10111010111100	220
10111010111101	367
10111010111110	175
10111010111111	241
10111011000000	96
10111011000001	243
10111011000010	116
10111011000011	185
10111011000100	126
10111011000101	186
10111011000110	99
10111011000111	230
10111011001000	152
10111011001001	269
10111011001010	119
10111011001011	190
10111011001100	160
10111011001101	185
10111011001110	88
10111011001111	117
10111011010000	57
10111011010001	174
10111011010010	72
10111011010011	210
10111011010100	56
10111011010101	219
10111011010110	46
10111011010111	174
10111011011000	89
10111011011001	257
10111011011010	97
10111011011011	260
10111011011100	138
10111011011101	241
10111011011110	114
10111011011111	182
10111011100000	126
10111011100001	320
10111011100010	96
10111011100011	222
10111011100100	170
10111011100101	322
10111011100110	125
10111011100111	229
10111011101000	251
10111011101001	365
10111011101010	186
10111011101011	215
10111011101100	210
10111011101101	325
10111011101110	153
10111011101111	196
10111011110000	74
10111011110001	258
10111011110010	71
10111011110011	219
10111011110100	73
10111011110101	210
10111011110110	84
10111011110111	190
10111011111000	121
10111011111001	257
10111011111010	106
10111011111011	297
10111011111100	117
10111011111101	251
10111011111110	116
10111011111111	209
10111100000000	347
10111100000001	487
10111100000010	194
10111100000011	352
10111100000100	277
10111100000101	528
10111100000110	193
10111100000111	232
10111100001000	382
10111100001001	492
10111100001010	205
10111100001011	366
10111100001100	279
10111100001101	369
10111100001110	259
10111100001111	207
10111100010000	192
10111100010001	399
10111100010010	128
10111100010011	253
10111100010100	177
10111100010101	496
10111100010110	106
10111100010111	275
10111100011000	260
10111100011001	511
10111100011010	122
10111100011011	307
10111100011100	181
10111100011101	318
10111100011110	192
10111100011111	258
10111100100000	337
10111100100001	590
10111100100010	201
10111100100011	414
10111100100100	382
10111100100101	590
10111100100110	267
10111100100111	304
10111100101000	412
10111100101001	655
10111100101010	353
10111100101011	417
10111100101100	411
10111100101101	492
10111100101110	217
10111100101111	309
10111100110000	188
10111100110001	441
10111100110010	133
10111100110011	271
10111100110100	202
10111100110101	460
10111100110110	119
10111100110111	247
10111100111000	322
10111100111001	566
10111100111010	183
10111100111011	318
10111100111100	275
10111100111101	480
10111100111110	168
10111100111111	271
10111101000000	128
10111101000001	314
10111101000010	95
10111101000011	218
10111101000100	159
10111101000101	383
10111101000110	131
10111101000111	271
10111101001000	166
10111101001001	271
10111101001010	84
10111101001011	252
10111101001100	123
10111101001101	202
10111101001110	93
10111101001111	168
10111101010000	71
10111101010001	207
10111101010010	58
10111101010011	256
10111101010100	83
10111101010101	236
10111101010110	66
10111101010111	181
10111101011000	119
10111101011001	274
10111101011010	117
10111101011011	251
10111101011100	105
10111101011101	205
10111101011110	95
10111101011111	197
10111101100000	156
10111101100001	386
10111101100010	110
10111101100011	315
10111101100100	225
10111101100101	373
10111101100110	109
10111101100111	293
10111101101000	236
10111101101001	370
10111101101010	154
10111101101011	269
10111101101100	261
10111101101101	323
10111101101110	122
10111101101111	222
10111101110000	94
10111101110001	324
10111101110010	87
10111101110011	195
10111101110100	121
10111101110101	292
10111101110110	97
10111101110111	222
10111101111000	176
10111101111001	328
10111101111010	74
10111101111011	366
10111101111100	176
10111101111101	323
10111101111110	114
10111101111111	345
10111110000000	259
10111110000001	455
10111110000010	233
10111110000011	359
10111110000100	357
10111110000101	445
10111110000110	222
10111110000111	279
10111110001000	358
10111110001001	513
10111110001010	225
10111110001011	354
10111110001100	454
10111110001101	468
10111110001110	204
10111110001111	310
10111110010000	164
10111110010001	445
10111110010010	98
10111110010011	292
10111110010100	218
10111110010101	423
10111110010110	130
10111110010111	304
10111110011000	247
10111110011001	389
10111110011010	177
10111110011011	398
10111110011100	270
10111110011101	338
10111110011110	144
10111110011111	297
10111110100000	415
10111110100001	639
10111110100010	199
10111110100011	442
10111110100100	448
10111110100101	770
10111110100110	202
10111110100111	325
10111110101000	455
10111110101001	723
10111110101010	268
10111110101011	282
10111110101100	476
10111110101101	656
10111110101110	274
10111110101111	432
10111110110000	172
10111110110001	441
10111110110010	122
10111110110011	246
10111110110100	208
10111110110101	566
10111110110110	127
10111110110111	336
10111110111000	306
10111110111001	538
10111110111010	197
10111110111011	381
10111110111100	361
10111110111101	493
10111110111110	200
10111110111111	197
10111111000000	160
10111111000001	215
10111111000010	111
10111111000011	311
10111111000100	112
10111111000101	324
10111111000110	110
10111111000111	217
10111111001000	110
10111111001001	284
10111111001010	116
10111111001011	247
10111111001100	120
10111111001101	270
10111111001110	133
10111111001111	163
10111111010000	71
10111111010001	224
10111111010010	75
10111111010011	194
10111111010100	74
10111111010101	227
10111111010110	82
10111111010111	242
10111111011000	116
10111111011001	251
10111111011010	106
10111111011011	256
10111111011100	113
10111111011101	178
10111111011110	126
10111111011111	202
10111111100000	164
10111111100001	309
10111111100010	130
10111111100011	360
10111111100100	180
10111111100101	290
10111111100110	129
10111111100111	238
10111111101000	215
10111111101001	438
10111111101010	165
10111111101011	277
10111111101100	223
10111111101101	313
10111111101110	164
10111111101111	210
10111111110000	113
10111111110001	248
10111111110010	58
10111111110011	180
10111111110100	100
10111111110101	262
10111111110110	126
10111111110111	238
10111111111000	153
10111111111001	296
10111111111010	121
10111111111011	353
10111111111100	179
10111111111101	269
10111111111110	123
10111111111111	257
11000000000000	255
11000000000001	287
11000000000010	132
11000000000011	202
11000000000100	246
11000000000101	326
11000000000110	160
11000000000111	256
11000000001000	293
11000000001001	278
11000000001010	213
11000000001011	259
11000000001100	288
11000000001101	377
11000000001110	178
11000000001111	208
11000000010000	135
11000000010001	272
11000000010010	96
11000000010011	219
11000000010100	111
11000000010101	250
11000000010110	99
11000000010111	198
11000000011000	157
11000000011001	333
11000000011010	131
11000000011011	217
11000000011100	218
11000000011101	314
11000000011110	158
11000000011111	244
11000000100000	248
11000000100001	390
11000000100010	193
11000000100011	216
11000000100100	312
11000000100101	499
11000000100110	178
11000000100111	247
11000000101000	329
11000000101001	426
11000000101010	220
11000000101011	178
11000000101100	281
11000000101101	314
11000000101110	194
11000000101111	199
11000000110000	178
11000000110001	371
11000000110010	91
11000000110011	187
11000000110100	132
11000000110101	275
11000000110110	118
11000000110111	175
11000000111000	167
11000000111001	351
11000000111010	162
11000000111011	284
11000000111100	181
11000000111101	292
11000000111110	161
11000000111111	140
11000001000000	162
11000001000001	297
11000001000010	134
11000001000011	229
11000001000100	137
11000001000101	218
11000001000110	125
11000001000111	230
11000001001000	104
11000001001001	273
11000001001010	108
11000001001011	193
11000001001100	174
11000001001101	267
11000001001110	109
11000001001111	178
11000001010000	81
11000001010001	219
11000001010010	83
11000001010011	178
11000001010100	59
11000001010101	213
11000001010110	86
11000001010111	197
11000001011000	113
11000001011001	248
11000001011010	80
11000001011011	199
11000001011100	82
11000001011101	187
11000001011110	53
11000001011111	153
11000001100000	142
11000001100001	267
11000001100010	83
11000001100011	221
11000001100100	156
11000001100101	250
11000001100110	116
11000001100111	181
11000001101000	166
11000001101001	269
11000001101010	145
11000001101011	231
11000001101100	177
11000001101101	286
11000001101110	120
11000001101111	176
11000001110000	66
11000001110001	157
11000001110010	59
11000001110011	162
11000001110100	83
11000001110101	222
11000001110110	79
11000001110111	191
11000001111000	73
11000001111001	189
11000001111010	82
11000001111011	199
11000001111100	125
11000001111101	256
11000001111110	79
11000001111111	182
11000010000000	131
11000010000001	227
11000010000010	104
11000010000011	210
11000010000100	179
11000010000101	336
11000010000110	110
11000010000111	124
11000010001000	214
11000010001001	219
11000010001010	110
11000010001011	194
11000010001100	241
11000010001101	316
11000010001110	144
11000010001111	180
11000010010000	55
11000010010001	170
11000010010010	59
11000010010011	187
11000010010100	99
11000010010101	196
11000010010110	69
11000010010111	150
11000010011000	85
11000010011001	191
11000010011010	109
11000010011011	130
11000010011100	100
11000010011101	220
11000010011110	101
11000010011111	188
11000010100000	257
11000010100001	294
11000010100010	112
11000010100011	253
11000010100100	218
11000010100101	332
11000010100110	116
11000010100111	189
11000010101000	259
11000010101001	297
11000010101010	135
11000010101011	217
11000010101100	252
11000010101101	316
11000010101110	155
11000010101111	159
11000010110000	105
11000010110001	246
11000010110010	67
11000010110011	142
11000010110100	94
11000010110101	233
11000010110110	69
11000010110111	157
11000010111000	176
11000010111001	321
11000010111010	87
11000010111011	158
11000010111100	132
11000010111101	215
11000010111110	79
11000010111111	191
11000011000000	51
11000011000001	166
11000011000010	99
11000011000011	179
11000011000100	101
11000011000101	178
11000011000110	96
11000011000111	163
11000011001000	89
11000011001001	171
11000011001010	82
11000011001011	132
11000011001100	125
11000011001101	156
11000011001110	93
11000011001111	138
11000011010000	32
11000011010001	104
11000011010010	53
11000011010011	104
11000011010100	43
11000011010101	130
11000011010110	39
11000011010111	128
11000011011000	61
11000011011001	92
11000011011010	59
11000011011011	155
11000011011100	61
11000011011101	173
11000011011110	58
11000011011111	150
11000011100000	101
11000011100001	180
11000011100010	90
11000011100011	180
11000011100100	98
11000011100101	146
11000011100110	106
11000011100111	209
11000011101000	142
11000011101001	208
11000011101010	113
11000011101011	182
11000011101100	168
11000011101101	214
11000011101110	78
11000011101111	180
11000011110000	56
11000011110001	129
11000011110010	49
11000011110011	127
11000011110100	64
11000011110101	185
11000011110110	59
11000011110111	123
11000011111000	87
11000011111001	141
11000011111010	86
11000011111011	181
11000011111100	92
11000011111101	223
11000011111110	67
11000011111111	128
11000100000000	186
11000100000001	221
11000100000010	165
11000100000011	188
11000100000100	199
11000100000101	257
11000100000110	169
11000100000111	196
11000100001000	207
11000100001001	236
11000100001010	136
11000100001011	214
11000100001100	273
11000100001101	236
11000100001110	94
11000100001111	126
11000100010000	87
11000100010001	152
11000100010010	91
11000100010011	166
11000100010100	58
11000100010101	246
11000100010110	97
11000100010111	155
11000100011000	118
11000100011001	195
11000100011010	109
11000100011011	236
11000100011100	166
11000100011101	241
11000100011110	94
11000100011111	110
11000100100000	218
11000100100001	391
11000100100010	144
11000100100011	225
11000100100100	237
11000100100101	300
11000100100110	166
11000100100111	251
11000100101000	344
11000100101001	426
11000100101010	157
11000100101011	176
11000100101100	265
11000100101101	397
11000100101110	145
11000100101111	249
11000100110000	121
11000100110001	259
11000100110010	54
11000100110011	203
11000100110100	134
11000100110101	236
11000100110110	82
11000100110111	150
11000100111000	214
11000100111001	355
11000100111010	169
11000100111011	263
11000100111100	211
11000100111101	340
11000100111110	135
11000100111111	142
11000101000000	73
11000101000001	183
11000101000010	84
11000101000011	255
11000101000100	91
11000101000101	305
11000101000110	58
11000101000111	175
11000101001000	160
11000101001001	210
11000101001010	93
11000101001011	149
11000101001100	85
11000101001101	165
11000101001110	89
11000101001111	194
11000101010000	43
11000101010001	193
11000101010010	53
11000101010011	179
11000101010100	59
11000101010101	156
11000101010110	59
11000101010111	124
11000101011000	64
11000101011001	238
11000101011010	64
11000101011011	137
11000101011100	85
11000101011101	155
11000101011110	80
11000101011111	182
11000101100000	109
11000101100001	178
11000101100010	134
11000101100011	192
11000101100100	136
11000101100101	240
11000101100110	98
11000101100111	181
11000101101000	142
11000101101001	221
11000101101010	77
11000101101011	239
11000101101100	150
11000101101101	307
11000101101110	86
11000101101111	154
11000101110000	70
11000101110001	198
11000101110010	50
11000101110011	159
11000101110100	70
11000101110101	252
11000101110110	50
11000101110111	143
11000101111000	65
11000101111001	158
11000101111010	74
11000101111011	181
11000101111100	86
11000101111101	223
11000101111110	79
11000101111111	201
11000110000000	163
11000110000001	307
11000110000010	99
11000110000011	188
11000110000100	157
11000110000101	364
11000110000110	113
11000110000111	190
11000110001000	267
11000110001001	365
11000110001010	200
11000110001011	194
11000110001100	225
11000110001101	304
11000110001110	166
11000110001111	183
11000110010000	76
11000110010001	212
11000110010010	80
11000110010011	170
11000110010100	72
11000110010101	239
11000110010110	78
11000110010111	203
11000110011000	140
11000110011001	275
11000110011010	132
11000110011011	208
11000110011100	154
11000110011101	255
11000110011110	157
11000110011111	200
11000110100000	289
11000110100001	390
11000110100010	120
11000110100011	165
11000110100100	241
11000110100101	354
11000110100110	144
11000110100111	302
11000110101000	269
11000110101001	320
11000110101010	196
11000110101011	218
11000110101100	312
11000110101101	258
11000110101110	123
11000110101111	138
11000110110000	108
11000110110001	247
11000110110010	75
11000110110011	178
11000110110100	97
11000110110101	300
11000110110110	74
11000110110111	126
11000110111000	179
11000110111001	316
11000110111010	143
11000110111011	162
11000110111100	235
11000110111101	263
11000110111110	111
11000110111111	187
11000111000000	102
11000111000001	214
11000111000010	98
11000111000011	174
11000111000100	92
11000111000101	165
11000111000110	89
11000111000111	155
11000111001000	134
11000111001001	171
11000111001010	96
11000111001011	175
11000111001100	85
11000111001101	127
11000111001110	132
11000111001111	114
11000111010000	35
11000111010001	145
11000111010010	33
11000111010011	154
11000111010100	65
11000111010101	131
11000111010110	56
11000111010111	114
11000111011000	74
11000111011001	195
11000111011010	63
11000111011011	189
11000111011100	81
11000111011101	211
11000111011110	89
11000111011111	153
11000111100000	127
11000111100001	215
11000111100010	86
11000111100011	228
11000111100100	107
11000111100101	222
11000111100110	135
11000111100111	195
11000111101000	140
11000111101001	192
11000111101010	136
11000111101011	178
11000111101100	133
11000111101101	219
11000111101110	113
11000111101111	172
11000111110000	59
11000111110001	128
11000111110010	94
11000111110011	133
11000111110100	71
11000111110101	162
11000111110110	59
11000111110111	158
11000111111000	91
11000111111001	206
11000111111010	91
11000111111011	157
11000111111100	118
11000111111101	229
11000111111110	88
11000111111111	130
11001000000000	376
11001000000001	456
11001000000010	269
11001000000011	250
11001000000100	260
11001000000101	402
11001000000110	174
11001000000111	316
11001000001000	361
11001000001001	467
11001000001010	272
11001000001011	352
11001000001100	370
11001000001101	325
11001000001110	245
11001000001111	317
11001000010000	167
11001000010001	347
11001000010010	148
11001000010011	275
11001000010100	156
11001000010101	298
11001000010110	111
11001000010111	253
11001000011000	286
11001000011001	390
11001000011010	138
11001000011011	299
11001000011100	235
11001000011101	350
11001000011110	164
11001000011111	320
11001000100000	330
11001000100001	548
11001000100010	225
11001000100011	328
11001000100100	363
11001000100101	552
11001000100110	325
11001000100111	304
11001000101000	535
11001000101001	542
11001000101010	238
11001000101011	356
11001000101100	526
11001000101101	495
11001000101110	322
11001000101111	294
11001000110000	193
11001000110001	398
11001000110010	105
11001000110011	287
11001000110100	206
11001000110101	479
11001000110110	136
11001000110111	292
11001000111000	302
11001000111001	461
11001000111010	194
11001000111011	345
11001000111100	249
11001000111101	508
11001000111110	182
11001000111111	237
11001001000000	174
11001001000001	379
11001001000010	104
11001001000011	299
11001001000100	198
11001001000101	302
11001001000110	137
11001001000111	362
11001001001000	157
11001001001001	359
11001001001010	168
11001001001011	328
11001001001100	170
11001001001101	382
11001001001110	172
11001001001111	321
11001001010000	80
11001001010001	243
11001001010010	92
11001001010011	191
11001001010100	91
11001001010101	256
11001001010110	67
11001001010111	277
11001001011000	131
11001001011001	279
11001001011010	118
11001001011011	295
11001001011100	163
11001001011101	376
11001001011110	116
11001001011111	205
11001001100000	172
11001001100001	393
11001001100010	122
11001001100011	254
11001001100100	198
11001001100101	430
11001001100110	131
11001001100111	279
11001001101000	212
11001001101001	332
11001001101010	166
11001001101011	347
11001001101100	275
11001001101101	376
11001001101110	146
11001001101111	290
11001001110000	88
11001001110001	348
11001001110010	76
11001001110011	274
11001001110100	103
11001001110101	314
11001001110110	50
11001001110111	281
11001001111000	158
11001001111001	278
11001001111010	98
11001001111011	231
11001001111100	150
11001001111101	316
11001001111110	128
11001001111111	301
11001010000000	264
11001010000001	390
11001010000010	193
11001010000011	307
11001010000100	295
11001010000101	447
11001010000110	243
11001010000111	346
11001010001000	362
11001010001001	475
11001010001010	278
11001010001011	297
11001010001100	341
11001010001101	413
11001010001110	209
11001010001111	215
11001010010000	129
11001010010001	375
11001010010010	106
11001010010011	220
11001010010100	132
11001010010101	375
11001010010110	81
11001010010111	249
11001010011000	180
11001010011001	358
11001010011010	137
11001010011011	240
11001010011100	225
11001010011101	365
11001010011110	175
11001010011111	227
11001010100000	340
11001010100001	500
11001010100010	212
11001010100011	333
11001010100100	328
11001010100101	550
11001010100110	167
11001010100111	254
11001010101000	405
11001010101001	443
11001010101010	255
11001010101011	294
11001010101100	319
11001010101101	493
11001010101110	234
11001010101111	251
11001010110000	168
11001010110001	462
11001010110010	95
11001010110011	209
11001010110100	176
11001010110101	313
11001010110110	112
11001010110111	235
11001010111000	248
11001010111001	505
11001010111010	167
11001010111011	315
11001010111100	224
11001010111101	431
11001010111110	158
11001010111111	249
11001011000000	125
11001011000001	232
11001011000010	170
11001011000011	266
11001011000100	123
11001011000101	178
11001011000110	102
11001011000111	320
11001011001000	177
11001011001001	230
11001011001010	187
11001011001011	218
11001011001100	165
11001011001101	199
11001011001110	130
11001011001111	241
11001011010000	61
11001011010001	142
11001011010010	64
11001011010011	189
11001011010100	56
11001011010101	145
11001011010110	74
11001011010111	193
11001011011000	116
11001011011001	194
11001011011010	98
11001011011011	222
11001011011100	73
11001011011101	153
11001011011110	83
11001011011111	189
11001011100000	127
11001011100001	247
11001011100010	109
11001011100011	224
11001011100100	149
11001011100101	271
11001011100110	120
11001011100111	231
11001011101000	209
11001011101001	335
11001011101010	175
11001011101011	202
11001011101100	151
11001011101101	286
11001011101110	126
11001011101111	210
11001011110000	80
11001011110001	237
11001011110010	58
11001011110011	181
11001011110100	70
11001011110101	267
11001011110110	68
11001011110111	187
11001011111000	160
11001011111001	253
11001011111010	105
11001011111011	299
11001011111100	132
11001011111101	216
11001011111110	118
11001011111111	237
11001100000000	270
11001100000001	471
11001100000010	160
11001100000011	331
11001100000100	264
11001100000101	420
11001100000110	227
11001100000111	352
11001100001000	334
11001100001001	362
11001100001010	238
11001100001011	238
11001100001100	300
11001100001101	431
11001100001110	191
11001100001111	305
11001100010000	128
11001100010001	318
11001100010010	99
11001100010011	181
11001100010100	164
11001100010101	299
11001100010110	104
11001100010111	243
11001100011000	221
11001100011001	433
11001100011010	175
11001100011011	238
11001100011100	246
11001100011101	447
11001100011110	154
11001100011111	284
11001100100000	369
11001100100001	525
11001100100010	197
11001100100011	312
11001100100100	342
11001100100101	449
11001100100110	214
11001100100111	380
11001100101000	405
11001100101001	460
11001100101010	218
11001100101011	332
11001100101100	300
11001100101101	460
11001100101110	229
11001100101111	279
11001100110000	202
11001100110001	394
11001100110010	111
11001100110011	244
11001100110100	200
11001100110101	312
11001100110110	116
11001100110111	291
11001100111000	253
11001100111001	371
11001100111010	184
11001100111011	288
11001100111100	282
11001100111101	360
11001100111110	180
11001100111111	275
11001101000000	117
11001101000001	269
11001101000010	121
11001101000011	297
11001101000100	153
11001101000101	334
11001101000110	110
11001101000111	251
11001101001000	159
11001101001001	239
11001101001010	147
11001101001011	267
11001101001100	172
11001101001101	219
11001101001110	144
11001101001111	216
11001101010000	71
11001101010001	222
11001101010010	59
11001101010011	205
11001101010100	81
11001101010101	249
11001101010110	65
11001101010111	213
11001101011000	118
11001101011001	165
11001101011010	112
11001101011011	316
11001101011100	101
11001101011101	305
11001101011110	73
11001101011111	207
11001101100000	159
11001101100001	389
11001101100010	129
11001101100011	184
11001101100100	208
11001101100101	327
11001101100110	131
11001101100111	219
11001101101000	239
11001101101001	403
11001101101010	157
11001101101011	267
11001101101100	217
11001101101101	352
11001101101110	163
11001101101111	203
11001101110000	70
11001101110001	192
11001101110010	94
11001101110011	219
11001101110100	84
11001101110101	301
11001101110110	65
11001101110111	212
11001101111000	110
11001101111001	342
11001101111010	93
11001101111011	219
11001101111100	171
11001101111101	239
11001101111110	106
11001101111111	179
11001110000000	262
11001110000001	442
11001110000010	154
11001110000011	375
11001110000100	307
11001110000101	460
11001110000110	198
11001110000111	367
11001110001000	328
11001110001001	430
11001110001010	188
11001110001011	313
11001110001100	320
11001110001101	455
11001110001110	211
11001110001111	323
11001110010000	150
11001110010001	366
11001110010010	83
11001110010011	235
11001110010100	131
11001110010101	373
11001110010110	136
11001110010111	177
11001110011000	257
11001110011001	337
11001110011010	192
11001110011011	362
11001110011100	276
11001110011101	328
11001110011110	103
11001110011111	284
11001110100000	321
11001110100001	498
11001110100010	246
11001110100011	275
11001110100100	304
11001110100101	708
11001110100110	211
11001110100111	353
11001110101000	411
11001110101001	539
11001110101010	249
11001110101011	347
11001110101100	493
11001110101101	410
11001110101110	245
11001110101111	284
11001110110000	210
11001110110001	501
11001110110010	110
11001110110011	226
11001110110100	173
11001110110101	464
11001110110110	122
11001110110111	312
11001110111000	303
11001110111001	517
11001110111010	220
11001110111011	274
11001110111100	305
11001110111101	550
11001110111110	138
11001110111111	208
11001111000000	126
11001111000001	249
11001111000010	90
11001111000011	190
11001111000100	117
11001111000101	268
11001111000110	129
11001111000111	266
11001111001000	172
11001111001001	285
11001111001010	163
11001111001011	236
11001111001100	142
11001111001101	257
11001111001110	118
11001111001111	229
11001111010000	69
11001111010001	149
11001111010010	86
11001111010011	268
11001111010100	73
11001111010101	237
11001111010110	92
11001111010111	185
11001111011000	116
11001111011001	201
11001111011010	99
11001111011011	234
11001111011100	94
11001111011101	154
11001111011110	93
11001111011111	249
11001111100000	151
11001111100001	371
11001111100010	176
11001111100011	255
11001111100100	173
11001111100101	251
11001111100110	158
11001111100111	308
11001111101000	250
11001111101001	352
11001111101010	177
11001111101011	262
11001111101100	159
11001111101101	302
11001111101110	205
11001111101111	297
11001111110000	82
11001111110001	195
11001111110010	64
11001111110011	216
11001111110100	95
11001111110101	208
11001111110110	102
11001111110111	230
11001111111000	103
11001111111001	263
11001111111010	131
11001111111011	244
11001111111100	141
11001111111101	255
11001111111110	106
11001111111111	252
11010000000000	357
11010000000001	455
11010000000010	286
11010000000011	445
11010000000100	288
11010000000101	673
11010000000110	323
11010000000111	386
11010000001000	477
11010000001001	649
11010000001010	313
11010000001011	394
11010000001100	416
11010000001101	521
11010000001110	242
11010000001111	286
11010000010000	209
11010000010001	481
11010000010010	162
11010000010011	304
11010000010100	192
11010000010101	472
11010000010110	185
11010000010111	339
11010000011000	312
11010000011001	367
11010000011010	219
11010000011011	369
11010000011100	309
11010000011101	416
11010000011110	208
11010000011111	339
11010000100000	445
11010000100001	707
11010000100010	295
11010000100011	397
11010000100100	465
11010000100101	769
11010000100110	270
11010000100111	364
11010000101000	538
11010000101001	671
11010000101010	361
11010000101011	379
11010000101100	476
11010000101101	646
11010000101110	310
11010000101111	328
11010000110000	201
11010000110001	464
11010000110010	140
11010000110011	397
11010000110100	288
11010000110101	565
11010000110110	127
11010000110111	363
11010000111000	402
11010000111001	719
11010000111010	253
11010000111011	481
11010000111100	343
11010000111101	532
11010000111110	148
11010000111111	313
11010001000000	175
11010001000001	458
11010001000010	181
11010001000011	366
11010001000100	211
11010001000101	448
11010001000110	156
11010001000111	319
11010001001000	221
11010001001001	442
11010001001010	169
11010001001011	383
11010001001100	259
11010001001101	432
11010001001110	168
11010001001111	237
11010001010000	103
11010001010001	360
11010001010010	80
11010001010011	198
11010001010100	110
11010001010101	295
11010001010110	77
11010001010111	339
11010001011000	136
11010001011001	373
11010001011010	104
11010001011011	370
11010001011100	150
11010001011101	306
11010001011110	130
11010001011111	208
11010001100000	272
11010001100001	413
11010001100010	176
11010001100011	422
11010001100100	258
11010001100101	505
11010001100110	150
11010001100111	274
11010001101000	290
11010001101001	467
11010001101010	198
11010001101011	322
11010001101100	295
11010001101101	413
11010001101110	179
11010001101111	194
11010001110000	116
11010001110001	380
11010001110010	86
11010001110011	329
11010001110100	115
11010001110101	445
11010001110110	100
11010001110111	286
11010001111000	167
11010001111001	509
11010001111010	149
11010001111011	415
11010001111100	180
11010001111101	458
11010001111110	121
11010001111111	355
11010010000000	272
11010010000001	492
11010010000010	198
11010010000011	363
11010010000100	348
11010010000101	472
11010010000110	234
11010010000111	302
11010010001000	426
11010010001001	557
11010010001010	232
11010010001011	341
11010010001100	404
11010010001101	490
11010010001110	242
11010010001111	295
11010010010000	159
11010010010001	390
11010010010010	84
11010010010011	378
11010010010100	174
11010010010101	330
11010010010110	148
11010010010111	335
11010010011000	238
11010010011001	443
11010010011010	159
11010010011011	311
11010010011100	239
11010010011101	427
11010010011110	166
11010010011111	324
11010010100000	408
11010010100001	667
11010010100010	197
11010010100011	401
11010010100100	398
11010010100101	635
11010010100110	185
11010010100111	339
11010010101000	403
11010010101001	765
11010010101010	224
11010010101011	420
11010010101100	477
11010010101101	466
11010010101110	201
11010010101111	292
11010010110000	201
11010010110001	330
11010010110010	92
11010010110011	197
11010010110100	163
11010010110101	508
11010010110110	128
11010010110111	364
11010010111000	355
11010010111001	439
11010010111010	192
11010010111011	455
11010010111100	279
11010010111101	404
11010010111110	164
11010010111111	339
11010011000000	154
11010011000001	155
11010011000010	146
11010011000011	275
11010011000100	153
11010011000101	267
11010011000110	141
11010011000111	240
11010011001000	224
11010011001001	216
11010011001010	153
11010011001011	342
11010011001100	118
11010011001101	216
11010011001110	156
11010011001111	214
11010011010000	90
11010011010001	223
11010011010010	80
11010011010011	229
11010011010100	78
11010011010101	227
11010011010110	122
11010011010111	195
11010011011000	130
11010011011001	240
11010011011010	141
11010011011011	313
11010011011100	122
11010011011101	220
11010011011110	111
11010011011111	319
11010011100000	194
11010011100001	261
11010011100010	142
11010011100011	220
11010011100100	204
11010011100101	260
11010011100110	161
11010011100111	259
11010011101000	185
11010011101001	284
11010011101010	168
11010011101011	289
11010011101100	187
11010011101101	296
11010011101110	121
11010011101111	265
11010011110000	85
11010011110001	237
11010011110010	65
11010011110011	267
11010011110100	93
11010011110101	276
11010011110110	77
11010011110111	287
11010011111000	154
11010011111001	319
11010011111010	150
11010011111011	215
11010011111100	154
11010011111101	326
11010011111110	134
11010011111111	234
11010100000000	330
11010100000001	574
11010100000010	237
11010100000011	328
11010100000100	370
11010100000101	499
11010100000110	267
11010100000111	342
11010100001000	433
11010100001001	509
11010100001010	296
11010100001011	354
11010100001100	433
11010100001101	460
11010100001110	284
11010100001111	291
11010100010000	162
11010100010001	487
11010100010010	119
11010100010011	380
11010100010100	159
11010100010101	515
11010100010110	153
11010100010111	332
11010100011000	253
11010100011001	474
11010100011010	207
11010100011011	279
11010100011100	310
11010100011101	508
11010100011110	193
11010100011111	307
11010100100000	428
11010100100001	610
11010100100010	224
11010100100011	426
11010100100100	468
11010100100101	761
11010100100110	217
11010100100111	442
11010100101000	501
11010100101001	688
11010100101010	296
11010100101011	497
11010100101100	579
11010100101101	621
11010100101110	258
11010100101111	350
11010100110000	258
11010100110001	562
11010100110010	123
11010100110011	326
11010100110100	243
11010100110101	466
11010100110110	149
11010100110111	287
11010100111000	282
11010100111001	751
11010100111010	213
11010100111011	302
11010100111100	350
11010100111101	512
11010100111110	211
11010100111111	277
11010101000000	199
11010101000001	350
11010101000010	203
11010101000011	380
11010101000100	232
11010101000101	391
11010101000110	142
11010101000111	306
11010101001000	309
11010101001001	412
11010101001010	143
11010101001011	376
11010101001100	250
11010101001101	374
11010101001110	148
11010101001111	239
11010101010000	88
11010101010001	286
11010101010010	80
11010101010011	290
11010101010100	111
11010101010101	365
11010101010110	119
11010101010111	347
11010101011000	132
11010101011001	385
11010101011010	103
11010101011011	323
11010101011100	138
11010101011101	362
11010101011110	156
11010101011111	323
11010101100000	239
11010101100001	363
11010101100010	138
11010101100011	323
11010101100100	227
11010101100101	488
11010101100110	114
11010101100111	301
11010101101000	222
11010101101001	392
11010101101010	172
11010101101011	315
11010101101100	269
11010101101101	388
11010101101110	128
11010101101111	268
11010101110000	117
11010101110001	396
11010101110010	74
11010101110011	361
11010101110100	127
11010101110101	401
11010101110110	111
11010101110111	244
11010101111000	194
11010101111001	427
11010101111010	130
11010101111011	338
11010101111100	197
11010101111101	366
11010101111110	111
11010101111111	239
11010110000000	463
11010110000001	587
11010110000010	258
11010110000011	433
11010110000100	447
11010110000101	772
11010110000110	200
11010110000111	328
11010110001000	376
11010110001001	567
11010110001010	299
11010110001011	374
11010110001100	454
11010110001101	539
11010110001110	293
11010110001111	346
11010110010000	192
11010110010001	442
11010110010010	135
11010110010011	387
11010110010100	219
11010110010101	555
11010110010110	176
11010110010111	325
11010110011000	321
11010110011001	587
11010110011010	198
11010110011011	415
11010110011100	323
11010110011101	456
11010110011110	216
11010110011111	389
11010110100000	401
11010110100001	745
11010110100010	317
11010110100011	457
11010110100100	424
11010110100101	787
11010110100110	288
11010110100111	483
11010110101000	581
11010110101001	703
11010110101010	288
11010110101011	490
11010110101100	550
11010110101101	707
11010110101110	213
11010110101111	380
11010110110000	246
11010110110001	536
11010110110010	188
11010110110011	324
11010110110100	273
11010110110101	634
11010110110110	149
11010110110111	386
11010110111000	332
11010110111001	665
11010110111010	208
11010110111011	485
11010110111100	362
11010110111101	604
11010110111110	197
11010110111111	310
11010111000000	158
11010111000001	276
11010111000010	216
11010111000011	314
11010111000100	154
11010111000101	438
11010111000110	166
11010111000111	389
11010111001000	159
11010111001001	351
11010111001010	210
11010111001011	370
11010111001100	195
11010111001101	246
11010111001110	193
11010111001111	233
11010111010000	91
11010111010001	258
11010111010010	97
11010111010011	277
11010111010100	79
11010111010101	264
11010111010110	121
11010111010111	283
11010111011000	111
11010111011001	340
11010111011010	149
11010111011011	292
11010111011100	157
11010111011101	339
11010111011110	125
11010111011111	288
11010111100000	214
11010111100001	329
11010111100010	191
11010111100011	350
11010111100100	222
11010111100101	326
11010111100110	197
11010111100111	331
11010111101000	243
11010111101001	447
11010111101010	234
11010111101011	346
11010111101100	198
11010111101101	349
11010111101110	178
11010111101111	316
11010111110000	95
11010111110001	239
11010111110010	99
11010111110011	271
11010111110100	149
11010111110101	351
11010111110110	106
11010111110111	376
11010111111000	162
11010111111001	344
11010111111010	167
11010111111011	377
11010111111100	188
11010111111101	400
11010111111110	166
11010111111111	288
11011000000000	224
11011000000001	390
11011000000010	205
11011000000011	323
11011000000100	274
11011000000101	411
11011000000110	180
11011000000111	192
11011000001000	257
11011000001001	338
11011000001010	251
11011000001011	319
11011000001100	254
11011000001101	372
11011000001110	201
11011000001111	310
11011000010000	167
11011000010001	342
11011000010010	83
11011000010011	222
11011000010100	140
11011000010101	320
11011000010110	128
11011000010111	201
11011000011000	196
11011000011001	371
11011000011010	175
11011000011011	257
11011000011100	180
11011000011101	385
11011000011110	164
11011000011111	223
11011000100000	434
11011000100001	530
11011000100010	224
11011000100011	439
11011000100100	360
11011000100101	478
11011000100110	178
11011000100111	231
11011000101000	379
11011000101001	393
11011000101010	236
11011000101011	294
11011000101100	433
11011000101101	485
11011000101110	209
11011000101111	235
11011000110000	169
11011000110001	405
11011000110010	85
11011000110011	206
11011000110100	148
11011000110101	369
11011000110110	125
11011000110111	276
11011000111000	320
11011000111001	523
11011000111010	183
11011000111011	245
11011000111100	263
11011000111101	342
11011000111110	166
11011000111111	258
11011001000000	133
11011001000001	385
11011001000010	115
11011001000011	318
11011001000100	211
11011001000101	395
11011001000110	117
11011001000111	285
11011001001000	164
11011001001001	256
11011001001010	198
11011001001011	299
11011001001100	175
11011001001101	253
11011001001110	192
11011001001111	204
11011001010000	52
11011001010001	209
11011001010010	84
11011001010011	234
11011001010100	69
11011001010101	254
11011001010110	71
11011001010111	188
11011001011000	151
11011001011001	218
11011001011010	78
11011001011011	204
11011001011100	134
11011001011101	249
11011001011110	99
11011001011111	211
11011001100000	158
11011001100001	383
11011001100010	126
11011001100011	265
11011001100100	198
11011001100101	417
11011001100110	159
11011001100111	207
11011001101000	258
11011001101001	406
11011001101010	147
11011001101011	254
11011001101100	231
11011001101101	313
11011001101110	112
11011001101111	191
11011001110000	62
11011001110001	311
11011001110010	71
11011001110011	213
11011001110100	133
11011001110101	359
11011001110110	102
11011001110111	195
11011001111000	135
11011001111001	305
11011001111010	114
11011001111011	271
11011001111100	133
11011001111101	307
11011001111110	106
11011001111111	190
11011010000000	205
11011010000001	351
11011010000010	170
11011010000011	261
11011010000100	284
11011010000101	466
11011010000110	135
11011010000111	249
11011010001000	246
11011010001001	422
11011010001010	178
11011010001011	288
11011010001100	321
11011010001101	326
11011010001110	166
11011010001111	160
11011010010000	104
11011010010001	294
11011010010010	77
11011010010011	269
11011010010100	131
11011010010101	339
11011010010110	73
11011010010111	225
11011010011000	211
11011010011001	325
11011010011010	146
11011010011011	260
11011010011100	196
11011010011101	245
11011010011110	108
11011010011111	192
11011010100000	280
11011010100001	435
11011010100010	117
11011010100011	250
11011010100100	262
11011010100101	432
11011010100110	213
11011010100111	266
11011010101000	218
11011010101001	419
11011010101010	194
11011010101011	334
11011010101100	307
11011010101101	433
11011010101110	199
11011010101111	246
11011010110000	122
11011010110001	329
11011010110010	90
11011010110011	202
11011010110100	153
11011010110101	286
11011010110110	102
11011010110111	167
11011010111000	200
11011010111001	399
11011010111010	137
11011010111011	257
11011010111100	210
11011010111101	345
11011010111110	117
11011010111111	165
11011011000000	77
11011011000001	179
11011011000010	81
11011011000011	191
11011011000100	103
11011011000101	169
11011011000110	100
11011011000111	196
11011011001000	172
11011011001001	167
11011011001010	118
11011011001011	215
11011011001100	93
11011011001101	180
11011011001110	153
11011011001111	184
11011011010000	53
11011011010001	172
11011011010010	48
11011011010011	160
11011011010100	47
11011011010101	155
11011011010110	47
11011011010111	182
11011011011000	76
11011011011001	168
11011011011010	109
11011011011011	224
11011011011100	97
11011011011101	163
11011011011110	81
11011011011111	174
11011011100000	138
11011011100001	237
11011011100010	144
11011011100011	197
11011011100100	122
11011011100101	283
11011011100110	122
11011011100111	202
11011011101000	165
11011011101001	280
11011011101010	155
11011011101011	207
11011011101100	196
11011011101101	262
11011011101110	141
11011011101111	170
11011011110000	61
11011011110001	235
11011011110010	51
11011011110011	173
11011011110100	64
11011011110101	143
11011011110110	85
11011011110111	114
11011011111000	69
11011011111001	242
11011011111010	105
11011011111011	200
11011011111100	90
11011011111101	234
11011011111110	78
11011011111111	188
11011100000000	215
11011100000001	496
11011100000010	129
11011100000011	248
11011100000100	205
11011100000101	327
11011100000110	169
11011100000111	291
11011100001000	348
11011100001001	384
11011100001010	176
11011100001011	295
11011100001100	265
11011100001101	278
11011100001110	161
11011100001111	275
11011100010000	115
11011100010001	222
11011100010010	91
11011100010011	227
11011100010100	129
11011100010101	341
11011100010110	90
11011100010111	265
11011100011000	201
11011100011001	427
11011100011010	93
11011100011011	295
11011100011100	191
11011100011101	316
11011100011110	112
11011100011111	174
11011100100000	324
11011100100001	476
11011100100010	208
11011100100011	236
11011100100100	332
11011100100101	349
11011100100110	187
11011100100111	264
11011100101000	304
11011100101001	487
11011100101010	207
11011100101011	292
11011100101100	308
11011100101101	417
11011100101110	181
11011100101111	238
11011100110000	166
11011100110001	273
11011100110010	102
11011100110011	155
11011100110100	109
11011100110101	381
11011100110110	96
11011100110111	216
11011100111000	214
11011100111001	432
11011100111010	181
11011100111011	225
11011100111100	237
11011100111101	351
11011100111110	142
11011100111111	291
11011101000000	148
11011101000001	336
11011101000010	91
11011101000011	276
11011101000100	173
11011101000101	312
11011101000110	104
11011101000111	248
11011101001000	135
11011101001001	291
11011101001010	106
11011101001011	174
11011101001100	169
11011101001101	269
11011101001110	123
11011101001111	216
11011101010000	61
11011101010001	231
11011101010010	65
11011101010011	232
11011101010100	80
11011101010101	198
11011101010110	47
11011101010111	218
11011101011000	93
11011101011001	279
11011101011010	98
11011101011011	230
11011101011100	93
11011101011101	277
11011101011110	127
11011101011111	196
11011101100000	174
11011101100001	369
11011101100010	130
11011101100011	267
11011101100100	141
11011101100101	287
11011101100110	118
11011101100111	207
11011101101000	183
11011101101001	282
11011101101010	137
11011101101011	278
11011101101100	191
11011101101101	215
11011101101110	109
11011101101111	151
11011101110000	105
11011101110001	209
11011101110010	77
11011101110011	153
11011101110100	122
11011101110101	300
11011101110110	65
11011101110111	228
11011101111000	153
11011101111001	324
11011101111010	131
11011101111011	278
11011101111100	114
11011101111101	262
11011101111110	134
11011101111111	219
11011110000000	354
11011110000001	486
11011110000010	165
11011110000011	308
11011110000100	318
11011110000101	430
11011110000110	197
11011110000111	341
11011110001000	306
11011110001001	535
11011110001010	249
11011110001011	275
11011110001100	411
11011110001101	405
11011110001110	164
11011110001111	333
11011110010000	125
11011110010001	324
11011110010010	98
11011110010011	251
11011110010100	137
11011110010101	317
11011110010110	103
11011110010111	272
11011110011000	277
11011110011001	486
11011110011010	164
11011110011011	314
11011110011100	245
11011110011101	303
11011110011110	175
11011110011111	271
11011110100000	366
11011110100001	448
11011110100010	212
11011110100011	331
11011110100100	334
11011110100101	692
11011110100110	195
11011110100111	310
11011110101000	438
11011110101001	523
11011110101010	243
11011110101011	349
11011110101100	388
11011110101101	513
11011110101110	223
11011110101111	285
11011110110000	143
11011110110001	345
11011110110010	137
11011110110011	260
11011110110100	174
11011110110101	506
11011110110110	106
11011110110111	269
11011110111000	247
11011110111001	507
11011110111010	178
11011110111011	266
11011110111100	254
11011110111101	432
11011110111110	130
11011110111111	302
11011111000000	160
11011111000001	221
11011111000010	142
11011111000011	240
11011111000100	127
11011111000101	237
11011111000110	100
11011111000111	196
11011111001000	138
11011111001001	194
11011111001010	156
11011111001011	286
11011111001100	100
11011111001101	240
11011111001110	93
11011111001111	247
11011111010000	69
11011111010001	153
11011111010010	84
11011111010011	195
11011111010100	74
11011111010101	187
11011111010110	75
11011111010111	196
11011111011000	93
11011111011001	229
11011111011010	111
11011111011011	177
11011111011100	100
11011111011101	225
11011111011110	136
11011111011111	292
11011111100000	135
11011111100001	271
11011111100010	139
11011111100011	281
11011111100100	163
11011111100101	217
11011111100110	136
11011111100111	294
11011111101000	178
11011111101001	318
11011111101010	196
11011111101011	334
11011111101100	208
11011111101101	307
11011111101110	136
11011111101111	173
11011111110000	81
11011111110001	182
11011111110010	70
11011111110011	233
11011111110100	98
11011111110101	248
11011111110110	71
11011111110111	181
11011111111000	155
11011111111001	283
11011111111010	119
11011111111011	310
11011111111100	163
11011111111101	252
11011111111110	104
11011111111111	169
11100000000000	186
11100000000001	271
11100000000010	154
11100000000011	217
11100000000100	229
11100000000101	336
11100000000110	158
11100000000111	246
11100000001000	324
11100000001001	288
11100000001010	253
11100000001011	141
11100000001100	226
11100000001101	276
11100000001110	181
11100000001111	196
11100000010000	112
11100000010001	265
11100000010010	75
11100000010011	141
11100000010100	99
11100000010101	346
11100000010110	70
11100000010111	167
11100000011000	178
11100000011001	265
11100000011010	145
11100000011011	283
11100000011100	177
11100000011101	262
11100000011110	142
11100000011111	188
11100000100000	274
11100000100001	338
11100000100010	155
11100000100011	257
11100000100100	252
11100000100101	258
11100000100110	174
11100000100111	206
11100000101000	395
11100000101001	421
11100000101010	179
11100000101011	274
11100000101100	319
11100000101101	344
11100000101110	147
11100000101111	189
11100000110000	132
11100000110001	273
11100000110010	70
11100000110011	181
11100000110100	181
11100000110101	223
11100000110110	82
11100000110111	184
11100000111000	251
11100000111001	386
11100000111010	147
11100000111011	250
11100000111100	215
11100000111101	281
11100000111110	147
11100000111111	202
11100001000000	87
11100001000001	141
11100001000010	92
11100001000011	181
11100001000100	94
11100001000101	180
11100001000110	95
11100001000111	131
11100001001000	144
11100001001001	187
11100001001010	105
11100001001011	180
11100001001100	96
11100001001101	139
11100001001110	61
11100001001111	105
11100001010000	47
11100001010001	212
11100001010010	45
11100001010011	187
11100001010100	77
11100001010101	152
11100001010110	52
11100001010111	150
11100001011000	63
11100001011001	229
11100001011010	54
11100001011011	221
11100001011100	67
11100001011101	238
11100001011110	37
11100001011111	160
11100001100000	134
11100001100001	250
11100001100010	95
11100001100011	112
11100001100100	212
11100001100101	243
11100001100110	89
11100001100111	141
11100001101000	127
11100001101001	294
11100001101010	125
11100001101011	222
11100001101100	158
11100001101101	259
11100001101110	100
11100001101111	255
11100001110000	55
11100001110001	198
11100001110010	68
11100001110011	161
11100001110100	68
11100001110101	195
11100001110110	71
11100001110111	163
11100001111000	145
11100001111001	234
11100001111010	96
11100001111011	201
11100001111100	92
11100001111101	237
11100001111110	81
11100001111111	244
11100010000000	112
11100010000001	219
11100010000010	81
11100010000011	139
11100010000100	109
11100010000101	398
11100010000110	93
11100010000111	148
11100010001000	166
11100010001001	238
11100010001010	134
11100010001011	110
11100010001100	132
11100010001101	183
11100010001110	102
11100010001111	122
11100010010000	60
11100010010001	212
11100010010010	53
11100010010011	171
11100010010100	39
11100010010101	163
11100010010110	61
11100010010111	159
11100010011000	111
11100010011001	213
11100010011010	77
11100010011011	140
11100010011100	92
11100010011101	209
11100010011110	81
11100010011111	169
11100010100000	173
11100010100001	213
11100010100010	84
11100010100011	153
11100010100100	196
11100010100101	284
11100010100110	126
11100010100111	208
11100010101000	211
11100010101001	306
11100010101010	152
11100010101011	196
11100010101100	167
11100010101101	280
11100010101110	120
11100010101111	142
11100010110000	81
11100010110001	217
11100010110010	41
11100010110011	131
11100010110100	112
11100010110101	185
11100010110110	62
11100010110111	147
11100010111000	159
11100010111001	303
11100010111010	78
11100010111011	159
11100010111100	110
11100010111101	216
11100010111110	82
11100010111111	138
11100011000000	98
11100011000001	150
11100011000010	42
11100011000011	170
11100011000100	83
11100011000101	202
11100011000110	82
11100011000111	134
11100011001000	112
11100011001001	139
11100011001010	97
11100011001011	135
11100011001100	93
11100011001101	95
11100011001110	52
11100011001111	111
11100011010000	47
11100011010001	94
11100011010010	52
11100011010011	106
11100011010100	42
11100011010101	139
11100011010110	48
11100011010111	134
11100011011000	78
11100011011001	142
11100011011010	66
11100011011011	206
11100011011100	59
11100011011101	146
11100011011110	39
11100011011111	111
11100011100000	97
11100011100001	146
11100011100010	91
11100011100011	159
11100011100100	106
11100011100101	136
11100011100110	102
11100011100111	191
11100011101000	127
11100011101001	126
11100011101010	79
11100011101011	139
11100011101100	80
11100011101101	107
11100011101110	87
11100011101111	83
11100011110000	74
11100011110001	109
11100011110010	52
11100011110011	121
11100011110100	48
11100011110101	138
11100011110110	58
11100011110111	116
11100011111000	98
11100011111001	125
11100011111010	59
11100011111011	127
11100011111100	57
11100011111101	124
11100011111110	55
11100011111111	108
11100100000000	201
11100100000001	292
11100100000010	151
11100100000011	214
11100100000100	187
11100100000101	303
11100100000110	110
11100100000111	185
11100100001000	245
11100100001001	272
11100100001010	121
11100100001011	176
11100100001100	203
11100100001101	226
11100100001110	121
11100100001111	164
11100100010000	79
11100100010001	232
11100100010010	56
11100100010011	162
11100100010100	69
11100100010101	140
11100100010110	84
11100100010111	216
11100100011000	117
11100100011001	201
11100100011010	111
11100100011011	140
11100100011100	137
11100100011101	193
11100100011110	99
11100100011111	219
11100100100000	259
11100100100001	312
11100100100010	144
11100100100011	207
11100100100100	230
11100100100101	286
11100100100110	177
11100100100111	194
11100100101000	254
11100100101001	323
11100100101010	216
11100100101011	225
11100100101100	281
11100100101101	274
11100100101110	167
11100100101111	148
11100100110000	111
11100100110001	281
11100100110010	70
11100100110011	209
11100100110100	152
11100100110101	176
11100100110110	81
11100100110111	203
11100100111000	184
11100100111001	309
11100100111010	139
11100100111011	166
11100100111100	171
11100100111101	296
11100100111110	145
11100100111111	195
11100101000000	91
11100101000001	167
11100101000010	71
11100101000011	172
11100101000100	70
11100101000101	257
11100101000110	56
11100101000111	123
11100101001000	93
11100101001001	170
11100101001010	71
11100101001011	167
11100101001100	55
11100101001101	160
11100101001110	36
11100101001111	108
11100101010000	57
11100101010001	91
11100101010010	41
11100101010011	149
11100101010100	65
11100101010101	161
11100101010110	54
11100101010111	177
11100101011000	59
11100101011001	179
11100101011010	81
11100101011011	130
11100101011100	66
11100101011101	174
11100101011110	34
11100101011111	140
11100101100000	80
11100101100001	200
11100101100010	62
11100101100011	237
11100101100100	107
11100101100101	243
11100101100110	65
11100101100111	165
11100101101000	82
11100101101001	202
11100101101010	61
11100101101011	195
11100101101100	118
11100101101101	153
11100101101110	69
11100101101111	134
11100101110000	41
11100101110001	182
11100101110010	21
11100101110011	116
11100101110100	63
11100101110101	113
11100101110110	63
11100101110111	96
11100101111000	79
11100101111001	215
11100101111010	63
11100101111011	142
11100101111100	108
11100101111101	200
11100101111110	53
11100101111111	108
11100110000000	138
11100110000001	319
11100110000010	104
11100110000011	216
11100110000100	203
11100110000101	261
11100110000110	97
11100110000111	123
11100110001000	239
11100110001001	261
11100110001010	112
11100110001011	186
11100110001100	172
11100110001101	225
11100110001110	116
11100110001111	164
11100110010000	81
11100110010001	245
11100110010010	67
11100110010011	180
11100110010100	109
11100110010101	247
11100110010110	65
11100110010111	189
11100110011000	153
11100110011001	238
11100110011010	90
11100110011011	238
11100110011100	154
11100110011101	243
11100110011110	99
11100110011111	182
11100110100000	184
11100110100001	410
11100110100010	120
11100110100011	254
11100110100100	219
11100110100101	293
11100110100110	129
11100110100111	220
11100110101000	267
11100110101001	318
11100110101010	144
11100110101011	189
11100110101100	275
11100110101101	323
11100110101110	161
11100110101111	177
11100110110000	104
11100110110001	229
11100110110010	69
11100110110011	176
11100110110100	126
11100110110101	221
11100110110110	91
11100110110111	159
11100110111000	200
11100110111001	306
11100110111010	134
11100110111011	170
11100110111100	133
11100110111101	366
11100110111110	88
11100110111111	169
11100111000000	85
11100111000001	139
11100111000010	124
11100111000011	195
11100111000100	101
11100111000101	131
11100111000110	72
11100111000111	133
11100111001000	117
11100111001001	146
11100111001010	127
11100111001011	149
11100111001100	56
11100111001101	115
11100111001110	83
11100111001111	176
11100111010000	48
11100111010001	105
11100111010010	56
11100111010011	143
11100111010100	47
11100111010101	181
11100111010110	52
11100111010111	134
11100111011000	37
11100111011001	143
11100111011010	89
11100111011011	180
11100111011100	67
11100111011101	137
11100111011110	60
11100111011111	111
11100111100000	86
11100111100001	126
11100111100010	117
11100111100011	161
11100111100100	93
11100111100101	183
11100111100110	109
11100111100111	160
11100111101000	157
11100111101001	238
11100111101010	147
11100111101011	194
11100111101100	110
11100111101101	187
11100111101110	87
11100111101111	187
11100111110000	37
11100111110001	131
11100111110010	62
11100111110011	154
11100111110100	50
11100111110101	170
11100111110110	76
11100111110111	201
11100111111000	62
11100111111001	143
11100111111010	96
11100111111011	135
11100111111100	97
11100111111101	145
11100111111110	69
11100111111111	185
11101000000000	315
11101000000001	504
11101000000010	186
11101000000011	350
11101000000100	266
11101000000101	522
11101000000110	215
11101000000111	298
11101000001000	342
11101000001001	499
11101000001010	235
11101000001011	362
11101000001100	285
11101000001101	448
11101000001110	282
11101000001111	248
11101000010000	207
11101000010001	309
11101000010010	108
11101000010011	329
11101000010100	163
11101000010101	346
11101000010110	100
11101000010111	218
11101000011000	239
11101000011001	360
11101000011010	187
11101000011011	318
11101000011100	212
11101000011101	376
11101000011110	106
11101000011111	345
11101000100000	295
11101000100001	453
11101000100010	225
11101000100011	398
11101000100100	380
11101000100101	428
11101000100110	245
11101000100111	292
11101000101000	531
11101000101001	518
11101000101010	291
11101000101011	371
11101000101100	404
11101000101101	529
11101000101110	277
11101000101111	234
11101000110000	202
11101000110001	370
11101000110010	143
11101000110011	218
11101000110100	186
11101000110101	412
11101000110110	112
11101000110111	217
11101000111000	270
11101000111001	490
11101000111010	240
11101000111011	328
11101000111100	314
11101000111101	438
11101000111110	236
11101000111111	222
11101001000000	153
11101001000001	349
11101001000010	109
11101001000011	321
11101001000100	149
11101001000101	302
11101001000110	123
11101001000111	227
11101001001000	151
11101001001001	335
11101001001010	150
11101001001011	198
11101001001100	152
11101001001101	311
11101001001110	87
11101001001111	178
11101001010000	70
11101001010001	238
11101001010010	78
11101001010011	228
11101001010100	129
11101001010101	243
11101001010110	70
11101001010111	290
11101001011000	144
11101001011001	352
11101001011010	88
11101001011011	240
11101001011100	168
11101001011101	266
11101001011110	114
11101001011111	263
11101001100000	194
11101001100001	346
11101001100010	133
11101001100011	293
11101001100100	209
11101001100101	430
11101001100110	138
11101001100111	282
11101001101000	260
11101001101001	269
11101001101010	194
11101001101011	253
11101001101100	254
11101001101101	379
11101001101110	136
11101001101111	287
11101001110000	98
11101001110001	252
11101001110010	68
11101001110011	303
11101001110100	83
11101001110101	383
11101001110110	91
11101001110111	250
11101001111000	153
11101001111001	283
11101001111010	87
11101001111011	282
11101001111100	137
11101001111101	210
11101001111110	91
11101001111111	256
11101010000000	230
11101010000001	438
11101010000010	206
11101010000011	202
11101010000100	212
11101010000101	320
11101010000110	189
11101010000111	335
11101010001000	257
11101010001001	375
11101010001010	246
11101010001011	298
11101010001100	252
11101010001101	314
11101010001110	194
11101010001111	237
11101010010000	112
11101010010001	304
11101010010010	79
11101010010011	241
11101010010100	147
11101010010101	364
11101010010110	111
11101010010111	284
11101010011000	200
11101010011001	410
11101010011010	149
11101010011011	263
11101010011100	189
11101010011101	315
11101010011110	121
11101010011111	247
11101010100000	279
11101010100001	558
11101010100010	198
11101010100011	390
11101010100100	292
11101010100101	566
11101010100110	197
11101010100111	383
11101010101000	387
11101010101001	465
11101010101010	234
11101010101011	343
11101010101100	297
11101010101101	634
11101010101110	242
11101010101111	274
11101010110000	109
11101010110001	291
11101010110010	86
11101010110011	280
11101010110100	159
11101010110101	442
11101010110110	85
11101010110111	228
11101010111000	220
11101010111001	440
11101010111010	153
11101010111011	388
11101010111100	283
11101010111101	344
11101010111110	155
11101010111111	247
11101011000000	124
11101011000001	193
11101011000010	80
11101011000011	192
11101011000100	101
11101011000101	221
11101011000110	97
11101011000111	240
11101011001000	125
11101011001001	222
11101011001010	134
11101011001011	245
11101011001100	130
11101011001101	216
11101011001110	131
11101011001111	135
11101011010000	84
11101011010001	145
11101011010010	80
11101011010011	185
11101011010100	53
11101011010101	203
11101011010110	86
11101011010111	219
11101011011000	89
11101011011001	170
11101011011010	110
11101011011011	246
11101011011100	104
11101011011101	206
11101011011110	125
11101011011111	175
11101011100000	130
11101011100001	278
11101011100010	111
11101011100011	199
11101011100100	173
11101011100101	314
11101011100110	156
11101011100111	266
11101011101000	183
11101011101001	263
11101011101010	145
11101011101011	280
11101011101100	167
11101011101101	279
11101011101110	132
11101011101111	215
11101011110000	65
11101011110001	178
11101011110010	75
11101011110011	222
11101011110100	104
11101011110101	244
11101011110110	77
11101011110111	163
11101011111000	127
11101011111001	239
11101011111010	124
11101011111011	168
11101011111100	113
11101011111101	199
11101011111110	127
11101011111111	200
11101100000000	298
11101100000001	461
11101100000010	212
11101100000011	249
11101100000100	264
11101100000101	403
11101100000110	180
11101100000111	382
11101100001000	320
11101100001001	371
11101100001010	251
11101100001011	248
11101100001100	279
11101100001101	364
11101100001110	175
11101100001111	238
11101100010000	139
11101100010001	274
11101100010010	92
11101100010011	297
11101100010100	157
11101100010101	262
11101100010110	96
11101100010111	222
11101100011000	251
11101100011001	365
11101100011010	138
11101100011011	351
11101100011100	242
11101100011101	284
11101100011110	142
11101100011111	260
11101100100000	356
11101100100001	478
11101100100010	206
11101100100011	304
11101100100100	372
11101100100101	515
11101100100110	205
11101100100111	386
11101100101000	399
11101100101001	432
11101100101010	251
11101100101011	301
11101100101100	319
11101100101101	497
11101100101110	230
11101100101111	276
11101100110000	137
11101100110001	279
11101100110010	128
11101100110011	175
11101100110100	214
11101100110101	337
11101100110110	81
11101100110111	281
11101100111000	305
11101100111001	550
11101100111010	186
11101100111011	314
11101100111100	291
11101100111101	341
11101100111110	166
11101100111111	230
11101101000000	63
11101101000001	300
11101101000010	96
11101101000011	300
11101101000100	121
11101101000101	291
11101101000110	100
11101101000111	195
11101101001000	166
11101101001001	275
11101101001010	114
11101101001011	220
11101101001100	160
11101101001101	205
11101101001110	107
11101101001111	177
11101101010000	43
11101101010001	249
11101101010010	65
11101101010011	229
11101101010100	115
11101101010101	306
11101101010110	99
11101101010111	216
11101101011000	115
11101101011001	315
11101101011010	104
11101101011011	212
11101101011100	98
11101101011101	233
11101101011110	80
11101101011111	267
11101101100000	170
11101101100001	365
11101101100010	144
11101101100011	282
11101101100100	195
11101101100101	410
11101101100110	145
11101101100111	316
11101101101000	248
11101101101001	346
11101101101010	198
11101101101011	298
11101101101100	272
11101101101101	368
11101101101110	189
11101101101111	232
11101101110000	72
11101101110001	250
11101101110010	60
11101101110011	247
11101101110100	98
11101101110101	367
11101101110110	85
11101101110111	233
11101101111000	115
11101101111001	344
11101101111010	107
11101101111011	250
11101101111100	154
11101101111101	282
11101101111110	116
11101101111111	197
11101110000000	262
11101110000001	444
11101110000010	266
11101110000011	321
11101110000100	294
11101110000101	531
11101110000110	269
11101110000111	300
11101110001000	292
11101110001001	414
11101110001010	266
11101110001011	265
11101110001100	327
11101110001101	391
11101110001110	241
11101110001111	318
11101110010000	142
11101110010001	455
11101110010010	137
11101110010011	267
11101110010100	111
11101110010101	310
11101110010110	114
11101110010111	276
11101110011000	199
11101110011001	356
11101110011010	193
11101110011011	364
11101110011100	215
11101110011101	252
11101110011110	190
11101110011111	372
11101110100000	374
11101110100001	557
11101110100010	191
11101110100011	342
11101110100100	441
11101110100101	602
11101110100110	233
11101110100111	292
11101110101000	364
11101110101001	450
11101110101010	255
11101110101011	328
11101110101100	412
11101110101101	597
11101110101110	199
11101110101111	283
11101110110000	213
11101110110001	391
11101110110010	155
11101110110011	258
11101110110100	228
11101110110101	520
11101110110110	148
11101110110111	250
11101110111000	278
11101110111001	482
11101110111010	213
11101110111011	344
11101110111100	281
11101110111101	576
11101110111110	218
11101110111111	313
11101111000000	127
11101111000001	283
11101111000010	171
11101111000011	243
11101111000100	104
11101111000101	289
11101111000110	165
11101111000111	318
11101111001000	123
11101111001001	257
11101111001010	180
11101111001011	305
11101111001100	153
11101111001101	262
11101111001110	136
11101111001111	254
11101111010000	74
11101111010001	150
11101111010010	72
11101111010011	200
11101111010100	64
11101111010101	193
11101111010110	97
11101111010111	202
11101111011000	101
11101111011001	241
11101111011010	114
11101111011011	247
11101111011100	86
11101111011101	239
11101111011110	109
11101111011111	214
11101111100000	144
11101111100001	205
11101111100010	197
11101111100011	238
11101111100100	197
11101111100101	318
11101111100110	163
11101111100111	297
11101111101000	214
11101111101001	346
11101111101010	206
11101111101011	337
11101111101100	162
11101111101101	265
11101111101110	167
11101111101111	225
11101111110000	74
11101111110001	261
11101111110010	71
11101111110011	230
11101111110100	85
11101111110101	233
11101111110110	81
11101111110111	243
11101111111000	134
11101111111001	259
11101111111010	153
11101111111011	275
11101111111100	143
11101111111101	291
11101111111110	126
11101111111111	279
11110000000000	366
11110000000001	580
11110000000010	199
11110000000011	302
11110000000100	336
11110000000101	521
11110000000110	208
11110000000111	258
11110000001000	404
11110000001001	524
11110000001010	256
11110000001011	342
11110000001100	318
11110000001101	507
11110000001110	195
11110000001111	210
11110000010000	157
11110000010001	361
11110000010010	135
11110000010011	319
11110000010100	146
11110000010101	381
11110000010110	112
11110000010111	275
11110000011000	299
11110000011001	479
11110000011010	205
11110000011011	277
11110000011100	241
11110000011101	445
11110000011110	162
11110000011111	289
11110000100000	434
11110000100001	489
11110000100010	227
11110000100011	399
11110000100100	408
11110000100101	664
11110000100110	243
11110000100111	347
11110000101000	598
11110000101001	580
11110000101010	309
11110000101011	353
11110000101100	465
11110000101101	582
11110000101110	230
11110000101111	284
11110000110000	200
11110000110001	538
11110000110010	122
11110000110011	297
11110000110100	210
11110000110101	540
11110000110110	111
11110000110111	321
11110000111000	287
11110000111001	579
11110000111010	237
11110000111011	348
11110000111100	332
11110000111101	493
11110000111110	198
11110000111111	339
11110001000000	122
11110001000001	395
11110001000010	140
11110001000011	272
11110001000100	108
11110001000101	291
11110001000110	99
11110001000111	251
11110001001000	154
11110001001001	419
11110001001010	128
11110001001011	207
11110001001100	144
11110001001101	265
11110001001110	99
11110001001111	153
11110001010000	80
11110001010001	382
11110001010010	71
11110001010011	248
11110001010100	81
11110001010101	284
11110001010110	73
11110001010111	211
11110001011000	149
11110001011001	436
11110001011010	127
11110001011011	294
11110001011100	145
11110001011101	246
11110001011110	86
11110001011111	228
11110001100000	230
11110001100001	390
11110001100010	201
11110001100011	307
11110001100100	220
11110001100101	379
11110001100110	99
11110001100111	213
11110001101000	244
11110001101001	393
11110001101010	158
11110001101011	301
11110001101100	186
11110001101101	345
11110001101110	175
11110001101111	262
11110001110000	118
11110001110001	353
11110001110010	93
11110001110011	279
11110001110100	140
11110001110101	387
11110001110110	127
11110001110111	250
11110001111000	132
11110001111001	427
11110001111010	124
11110001111011	297
11110001111100	190
11110001111101	386
11110001111110	117
11110001111111	264
11110010000000	247
11110010000001	432
11110010000010	138
11110010000011	315
11110010000100	262
11110010000101	428
11110010000110	164
11110010000111	319
11110010001000	285
11110010001001	320
11110010001010	194
11110010001011	344
11110010001100	259
11110010001101	300
11110010001110	152
11110010001111	306
11110010010000	141
11110010010001	462
11110010010010	98
11110010010011	180
11110010010100	153
11110010010101	277
11110010010110	92
11110010010111	301
11110010011000	210
11110010011001	326
11110010011010	143
11110010011011	420
11110010011100	182
11110010011101	316
11110010011110	162
11110010011111	299
11110010100000	314
11110010100001	587
11110010100010	218
11110010100011	252
11110010100100	314
11110010100101	551
11110010100110	220
11110010100111	250
11110010101000	384
11110010101001	578
11110010101010	266
11110010101011	343
11110010101100	300
11110010101101	516
11110010101110	173
11110010101111	250
11110010110000	176
11110010110001	321
11110010110010	81
11110010110011	225
11110010110100	151
11110010110101	466
11110010110110	110
11110010110111	242
11110010111000	213
11110010111001	489
11110010111010	154
11110010111011	272
11110010111100	201
11110010111101	393
11110010111110	171
11110010111111	248
11110011000000	121
11110011000001	179
11110011000010	115
11110011000011	222
11110011000100	158
11110011000101	218
11110011000110	106
11110011000111	193
11110011001000	145
11110011001001	233
11110011001010	110
11110011001011	191
11110011001100	120
11110011001101	174
11110011001110	142
11110011001111	170
11110011010000	62
11110011010001	186
11110011010010	88
11110011010011	220
11110011010100	77
11110011010101	191
11110011010110	92
11110011010111	223
11110011011000	123
11110011011001	261
11110011011010	93
11110011011011	201
11110011011100	95
11110011011101	247
11110011011110	89
11110011011111	209
11110011100000	142
11110011100001	220
11110011100010	160
11110011100011	252
11110011100100	128
11110011100101	225
11110011100110	112
11110011100111	279
11110011101000	152
11110011101001	347
11110011101010	156
11110011101011	287
11110011101100	214
11110011101101	277
11110011101110	159
11110011101111	187
11110011110000	63
11110011110001	217
11110011110010	57
11110011110011	189
11110011110100	93
11110011110101	244
11110011110110	105
11110011110111	220
11110011111000	113
11110011111001	193
11110011111010	101
11110011111011	259
11110011111100	120
11110011111101	261
11110011111110	115
11110011111111	257
11110100000000	308
11110100000001	541
11110100000010	243
11110100000011	302
11110100000100	283
11110100000101	591
11110100000110	157
11110100000111	205
11110100001000	351
11110100001001	408
11110100001010	240
11110100001011	324
11110100001100	348
11110100001101	365
11110100001110	195
11110100001111	277
11110100010000	174
11110100010001	346
11110100010010	140
11110100010011	281
11110100010100	149
11110100010101	446
11110100010110	93
11110100010111	336
11110100011000	267
11110100011001	373
11110100011010	207
11110100011011	304
11110100011100	273
11110100011101	377
11110100011110	154
11110100011111	299
11110100100000	423
11110100100001	569
11110100100010	209
11110100100011	370
11110100100100	393
11110100100101	649
11110100100110	228
11110100100111	254
11110100101000	448
11110100101001	638
11110100101010	291
11110100101011	486
11110100101100	483
11110100101101	512
11110100101110	213
11110100101111	294
11110100110000	207
11110100110001	355
11110100110010	132
11110100110011	261
11110100110100	171
11110100110101	535
11110100110110	135
11110100110111	286
11110100111000	340
11110100111001	527
11110100111010	187
11110100111011	280
11110100111100	261
11110100111101	445
11110100111110	154
11110100111111	293
11110101000000	132
11110101000001	371
11110101000010	131
11110101000011	221
11110101000100	91
11110101000101	289
11110101000110	87
11110101000111	203
11110101001000	191
11110101001001	346
11110101001010	176
11110101001011	102
11110101001100	75
11110101001101	258
11110101001110	107
11110101001111	223
11110101010000	118
11110101010001	263
11110101010010	66
11110101010011	201
11110101010100	78
11110101010101	301
11110101010110	82
11110101010111	318
11110101011000	146
11110101011001	365
11110101011010	117
11110101011011	306
11110101011100	121
11110101011101	229
11110101011110	75
11110101011111	172
11110101100000	204
11110101100001	345
11110101100010	162
11110101100011	300
11110101100100	198
11110101100101	427
11110101100110	142
11110101100111	210
11110101101000	200
11110101101001	363
11110101101010	160
11110101101011	273
11110101101100	200
11110101101101	310
11110101101110	114
11110101101111	199
11110101110000	91
11110101110001	350
11110101110010	79
11110101110011	250
11110101110100	143
11110101110101	339
11110101110110	74
11110101110111	313
11110101111000	118
11110101111001	337
11110101111010	105
11110101111011	286
11110101111100	188
11110101111101	409
11110101111110	130
11110101111111	367
11110110000000	329
11110110000001	671
11110110000010	227
11110110000011	437
11110110000100	330
11110110000101	456
11110110000110	225
11110110000111	256
11110110001000	310
11110110001001	531
11110110001010	274
11110110001011	310
11110110001100	331
11110110001101	449
11110110001110	225
11110110001111	303
11110110010000	156
11110110010001	414
11110110010010	112
11110110010011	313
11110110010100	200
11110110010101	489
11110110010110	168
11110110010111	282
11110110011000	271
11110110011001	544
11110110011010	187
11110110011011	294
11110110011100	264
11110110011101	478
11110110011110	170
11110110011111	383
11110110100000	347
11110110100001	526
11110110100010	253
11110110100011	449
11110110100100	340
11110110100101	660
11110110100110	196
11110110100111	467
11110110101000	457
11110110101001	753
11110110101010	268
11110110101011	457
11110110101100	536
11110110101101	556
11110110101110	199
11110110101111	262
11110110110000	242
11110110110001	575
11110110110010	146
11110110110011	351
11110110110100	252
11110110110101	515
11110110110110	142
11110110110111	276
11110110111000	371
11110110111001	564
11110110111010	199
11110110111011	386
11110110111100	305
11110110111101	673
11110110111110	188
11110110111111	436
11110111000000	138
11110111000001	307
11110111000010	151
11110111000011	307
11110111000100	150
11110111000101	315
11110111000110	113
11110111000111	258
11110111001000	133
11110111001001	259
11110111001010	177
11110111001011	289
11110111001100	166
11110111001101	291
11110111001110	147
11110111001111	241
11110111010000	58
11110111010001	221
11110111010010	87
11110111010011	240
11110111010100	80
11110111010101	260
11110111010110	110
11110111010111	250
11110111011000	124
11110111011001	278
11110111011010	134
11110111011011	269
11110111011100	118
11110111011101	241
11110111011110	112
11110111011111	265
11110111100000	138
11110111100001	327
11110111100010	178
11110111100011	314
11110111100100	169
11110111100101	323
11110111100110	155
11110111100111	296
11110111101000	234
11110111101001	306
11110111101010	240
11110111101011	355
11110111101100	210
11110111101101	315
11110111101110	173
11110111101111	231
11110111110000	80
11110111110001	317
11110111110010	103
11110111110011	261
11110111110100	85
11110111110101	347
11110111110110	127
11110111110111	276
11110111111000	172
11110111111001	284
11110111111010	169
11110111111011	331
11110111111100	139
11110111111101	242
11110111111110	130
11110111111111	251
11111000000000	255
11111000000001	346
11111000000010	178
11111000000011	251
11111000000100	237
11111000000101	370
11111000000110	168
11111000000111	251
11111000001000	299
11111000001001	342
11111000001010	207
11111000001011	283
11111000001100	309
11111000001101	351
11111000001110	170
11111000001111	168
11111000010000	178
11111000010001	273
11111000010010	121
11111000010011	191
11111000010100	147
11111000010101	310
11111000010110	104
11111000010111	188
11111000011000	180
11111000011001	331
11111000011010	131
11111000011011	217
11111000011100	200
11111000011101	323
11111000011110	122
11111000011111	191
11111000100000	313
11111000100001	491
11111000100010	171
11111000100011	302
11111000100100	325
11111000100101	499
11111000100110	154
11111000100111	242
11111000101000	277
11111000101001	471
11111000101010	252
11111000101011	418
11111000101100	417
11111000101101	392
11111000101110	243
11111000101111	224
11111000110000	156
11111000110001	393
11111000110010	108
11111000110011	236
11111000110100	195
11111000110101	368
11111000110110	113
11111000110111	210
11111000111000	298
11111000111001	427
11111000111010	151
11111000111011	258
11111000111100	212
11111000111101	345
11111000111110	154
11111000111111	325
11111001000000	145
11111001000001	305
11111001000010	72
11111001000011	181
11111001000100	135
11111001000101	252
11111001000110	70
11111001000111	173
11111001001000	191
11111001001001	310
11111001001010	130
11111001001011	192
11111001001100	132
11111001001101	159
11111001001110	131
11111001001111	159
11111001010000	56
11111001010001	183
11111001010010	73
11111001010011	129
11111001010100	78
11111001010101	261
11111001010110	91
11111001010111	186
11111001011000	96
11111001011001	269
11111001011010	108
11111001011011	260
11111001011100	114
11111001011101	181
11111001011110	87
11111001011111	237
11111001100000	172
11111001100001	382
11111001100010	106
11111001100011	300
11111001100100	195
11111001100101	318
11111001100110	91
11111001100111	220
11111001101000	222
11111001101001	397
11111001101010	190
11111001101011	229
11111001101100	175
11111001101101	278
11111001101110	123
11111001101111	181
11111001110000	81
11111001110001	314
11111001110010	90
11111001110011	235
11111001110100	91
11111001110101	289
11111001110110	91
11111001110111	222
11111001111000	159
11111001111001	308
11111001111010	159
11111001111011	275
11111001111100	144
11111001111101	299
11111001111110	116
11111001111111	164
11111010000000	261
11111010000001	399
11111010000010	151
11111010000011	231
11111010000100	188
11111010000101	347
11111010000110	149
11111010000111	185
11111010001000	280
11111010001001	376
11111010001010	167
11111010001011	189
11111010001100	265
11111010001101	297
11111010001110	116
11111010001111	152
11111010010000	131
11111010010001	286
11111010010010	66
11111010010011	172
11111010010100	114
11111010010101	277
11111010010110	103
11111010010111	192
11111010011000	165
11111010011001	383
11111010011010	123
11111010011011	245
11111010011100	147
11111010011101	228
11111010011110	103
11111010011111	288
11111010100000	236
11111010100001	427
11111010100010	160
11111010100011	246
11111010100100	243
11111010100101	342
11111010100110	157
11111010100111	299
11111010101000	344
11111010101001	303
11111010101010	194
11111010101011	308
11111010101100	264
11111010101101	460
11111010101110	154
11111010101111	170
11111010110000	106
11111010110001	319
11111010110010	112
11111010110011	133
11111010110100	149
11111010110101	249
11111010110110	87
11111010110111	195
11111010111000	194
11111010111001	310
11111010111010	133
11111010111011	280
11111010111100	174
11111010111101	330
11111010111110	116
11111010111111	224
11111011000000	83
11111011000001	231
11111011000010	122
11111011000011	147
11111011000100	94
11111011000101	202
11111011000110	83
11111011000111	137
11111011001000	91
11111011001001	200
11111011001010	88
11111011001011	213
11111011001100	102
11111011001101	161
11111011001110	102
11111011001111	139
11111011010000	60
11111011010001	147
11111011010010	73
11111011010011	147
11111011010100	73
11111011010101	143
11111011010110	46
11111011010111	181
11111011011000	80
11111011011001	191
11111011011010	74
11111011011011	261
11111011011100	58
11111011011101	172
11111011011110	96
11111011011111	179
11111011100000	124
11111011100001	169
11111011100010	138
11111011100011	268
11111011100100	130
11111011100101	247
11111011100110	121
11111011100111	188
11111011101000	153
11111011101001	268
11111011101010	158
11111011101011	254
11111011101100	165
11111011101101	271
11111011101110	135
11111011101111	173
11111011110000	48
11111011110001	172
11111011110010	79
11111011110011	179
11111011110100	97
11111011110101	215
11111011110110	67
11111011110111	154
11111011111000	130
11111011111001	221
11111011111010	93
11111011111011	221
11111011111100	84
11111011111101	224
11111011111110	80
11111011111111	229
11111100000000	253
11111100000001	405
11111100000010	166
11111100000011	266
11111100000100	251
11111100000101	338
11111100000110	165
11111100000111	335
11111100001000	284
11111100001001	393
11111100001010	146
11111100001011	310
11111100001100	181
11111100001101	305
11111100001110	139
11111100001111	247
11111100010000	151
11111100010001	289
11111100010010	69
11111100010011	247
11111100010100	134
11111100010101	307
11111100010110	80
11111100010111	227
11111100011000	251
11111100011001	409
11111100011010	174
11111100011011	273
11111100011100	163
11111100011101	262
11111100011110	184
11111100011111	271
11111100100000	326
11111100100001	433
11111100100010	157
11111100100011	235
11111100100100	278
11111100100101	439
11111100100110	163
11111100100111	238
11111100101000	437
11111100101001	441
11111100101010	182
11111100101011	359
11111100101100	350
11111100101101	493
11111100101110	168
11111100101111	268
11111100110000	153
11111100110001	322
11111100110010	84
11111100110011	185
11111100110100	198
11111100110101	337
11111100110110	140
11111100110111	286
11111100111000	223
11111100111001	485
11111100111010	146
11111100111011	259
11111100111100	207
11111100111101	508
11111100111110	167
11111100111111	314
11111101000000	95
11111101000001	260
11111101000010	111
11111101000011	261
11111101000100	92
11111101000101	204
11111101000110	77
11111101000111	155
11111101001000	191
11111101001001	259
11111101001010	170
11111101001011	205
11111101001100	125
11111101001101	224
11111101001110	107
11111101001111	131
11111101010000	61
11111101010001	269
11111101010010	44
11111101010011	216
11111101010100	65
11111101010101	191
11111101010110	63
11111101010111	140
11111101011000	74
11111101011001	231
11111101011010	90
11111101011011	259
11111101011100	119
11111101011101	274
11111101011110	108
11111101011111	154
11111101100000	145
11111101100001	242
11111101100010	123
11111101100011	316
11111101100100	191
11111101100101	305
11111101100110	119
11111101100111	279
11111101101000	209
11111101101001	379
11111101101010	161
11111101101011	224
11111101101100	223
11111101101101	306
11111101101110	100
11111101101111	140
11111101110000	106
11111101110001	231
11111101110010	74
11111101110011	181
11111101110100	96
11111101110101	285
11111101110110	63
11111101110111	227
11111101111000	162
11111101111001	295
11111101111010	145
11111101111011	265
11111101111100	136
11111101111101	247
11111101111110	127
11111101111111	256
11111110000000	314
11111110000001	325
11111110000010	143
11111110000011	357
11111110000100	176
11111110000101	349
11111110000110	193
11111110000111	276
11111110001000	221
11111110001001	379
11111110001010	264
11111110001011	310
11111110001100	295
11111110001101	381
11111110001110	166
11111110001111	203
11111110010000	148
11111110010001	370
11111110010010	88
11111110010011	258
11111110010100	124
11111110010101	382
11111110010110	94
11111110010111	170
11111110011000	176
11111110011001	453
11111110011010	178
11111110011011	266
11111110011100	235
11111110011101	348
11111110011110	126
11111110011111	262
11111110100000	308
11111110100001	627
11111110100010	181
11111110100011	317
11111110100100	395
11111110100101	508
11111110100110	216
11111110100111	284
11111110101000	410
11111110101001	555
11111110101010	245
11111110101011	430
11111110101100	319
11111110101101	490
11111110101110	172
11111110101111	293
11111110110000	214
11111110110001	357
11111110110010	117
11111110110011	282
11111110110100	198
11111110110101	321
11111110110110	127
11111110110111	241
11111110111000	278
11111110111001	407
11111110111010	173
11111110111011	329
11111110111100	263
11111110111101	592
11111110111110	148
11111110111111	257
11111111000000	87
11111111000001	282
11111111000010	83
11111111000011	267
11111111000100	81
11111111000101	196
11111111000110	90
11111111000111	267
11111111001000	138
11111111001001	203
11111111001010	170
11111111001011	318
11111111001100	102
11111111001101	220
11111111001110	99
11111111001111	214
11111111010000	48
11111111010001	174
11111111010010	57
11111111010011	235
11111111010100	49
11111111010101	196
11111111010110	62
11111111010111	179
11111111011000	92
11111111011001	194
11111111011010	61
11111111011011	198
11111111011100	73
11111111011101	202
11111111011110	86
11111111011111	228
11111111100000	124
11111111100001	304
11111111100010	150
11111111100011	287
11111111100100	162
11111111100101	291
11111111100110	138
11111111100111	245
11111111101000	170
11111111101001	321
11111111101010	205
11111111101011	323
11111111101100	232
11111111101101	279
11111111101110	173
11111111101111	256
11111111110000	84
11111111110001	171
11111111110010	83
11111111110011	196
11111111110100	73
11111111110101	192
11111111110110	86
11111111110111	194
11111111111000	125
11111111111001	339
11111111111010	125
11111111111011	245
11111111111100	112
11111111111101	272
11111111111110	86
11111111111111	219
5	65
